-- MySQL dump 10.14  Distrib 5.5.60-MariaDB, for Linux (x86_64)
--
-- Host: db1.dev.harvestdp.anchor.net.au    Database: harvestdp_hive_template_20190304_dump
-- ------------------------------------------------------
-- Server version	5.7.23-log

/*!40101 SET @OLD_CHARACTER_SET_CLIENT=@@CHARACTER_SET_CLIENT */;
/*!40101 SET @OLD_CHARACTER_SET_RESULTS=@@CHARACTER_SET_RESULTS */;
/*!40101 SET @OLD_COLLATION_CONNECTION=@@COLLATION_CONNECTION */;
/*!40101 SET NAMES utf8 */;
/*!40103 SET @OLD_TIME_ZONE=@@TIME_ZONE */;
/*!40103 SET TIME_ZONE='+00:00' */;
/*!40014 SET @OLD_UNIQUE_CHECKS=@@UNIQUE_CHECKS, UNIQUE_CHECKS=0 */;
/*!40014 SET @OLD_FOREIGN_KEY_CHECKS=@@FOREIGN_KEY_CHECKS, FOREIGN_KEY_CHECKS=0 */;
/*!40101 SET @OLD_SQL_MODE=@@SQL_MODE, SQL_MODE='NO_AUTO_VALUE_ON_ZERO' */;
/*!40111 SET @OLD_SQL_NOTES=@@SQL_NOTES, SQL_NOTES=0 */;

--
-- Table structure for table `analytics_feedback`
--

DROP TABLE IF EXISTS `analytics_feedback`;
/*!40101 SET @saved_cs_client     = @@character_set_client */;
/*!40101 SET character_set_client = utf8 */;
CREATE TABLE `analytics_feedback` (
  `feedbackID` int(10) unsigned NOT NULL,
  `ftID` int(10) unsigned NOT NULL,
  `pID` int(10) unsigned NOT NULL,
  `uID` int(10) unsigned NOT NULL DEFAULT '0',
  `submitted` datetime NOT NULL,
  `visitorID` varchar(16) COLLATE utf8_unicode_ci DEFAULT NULL,
  `userAgent` longtext COLLATE utf8_unicode_ci,
  `device` varchar(20) COLLATE utf8_unicode_ci DEFAULT NULL,
  `ip_address` varchar(16) COLLATE utf8_unicode_ci DEFAULT NULL,
  `brand` varchar(20) COLLATE utf8_unicode_ci DEFAULT NULL,
  `model` varchar(20) COLLATE utf8_unicode_ci DEFAULT NULL,
  `os` varchar(20) COLLATE utf8_unicode_ci DEFAULT NULL,
  `os_version` varchar(20) COLLATE utf8_unicode_ci DEFAULT NULL,
  `browser` varchar(20) COLLATE utf8_unicode_ci DEFAULT NULL,
  `browser_version` varchar(20) COLLATE utf8_unicode_ci DEFAULT NULL,
  PRIMARY KEY (`feedbackID`),
  KEY `pID` (`pID`),
  KEY `ftID` (`ftID`),
  KEY `uID` (`uID`)
) ENGINE=InnoDB DEFAULT CHARSET=utf8 COLLATE=utf8_unicode_ci;
/*!40101 SET character_set_client = @saved_cs_client */;

--
-- Dumping data for table `analytics_feedback`
--

LOCK TABLES `analytics_feedback` WRITE;
/*!40000 ALTER TABLE `analytics_feedback` DISABLE KEYS */;
/*!40000 ALTER TABLE `analytics_feedback` ENABLE KEYS */;
UNLOCK TABLES;

--
-- Table structure for table `analytics_people`
--

DROP TABLE IF EXISTS `analytics_people`;
/*!40101 SET @saved_cs_client     = @@character_set_client */;
/*!40101 SET character_set_client = utf8 */;
CREATE TABLE `analytics_people` (
  `id` int(10) unsigned NOT NULL AUTO_INCREMENT,
  `project_id` int(11) NOT NULL,
  `member_id` int(11) NOT NULL,
  `report_date` date DEFAULT NULL,
  `follows` int(11) DEFAULT NULL,
  `contributions` int(11) DEFAULT NULL,
  PRIMARY KEY (`id`),
  UNIQUE KEY `member_id_2` (`project_id`,`member_id`,`report_date`),
  KEY `member_id` (`member_id`),
  KEY `project_id` (`project_id`)
) ENGINE=InnoDB DEFAULT CHARSET=utf8 COLLATE=utf8_unicode_ci;
/*!40101 SET character_set_client = @saved_cs_client */;

--
-- Dumping data for table `analytics_people`
--

LOCK TABLES `analytics_people` WRITE;
/*!40000 ALTER TABLE `analytics_people` DISABLE KEYS */;
/*!40000 ALTER TABLE `analytics_people` ENABLE KEYS */;
UNLOCK TABLES;

--
-- Table structure for table `arealayoutcolumns`
--

DROP TABLE IF EXISTS `arealayoutcolumns`;
/*!40101 SET @saved_cs_client     = @@character_set_client */;
/*!40101 SET character_set_client = utf8 */;
CREATE TABLE `arealayoutcolumns` (
  `arLayoutColumnID` int(10) unsigned NOT NULL AUTO_INCREMENT,
  `arLayoutID` int(10) unsigned NOT NULL DEFAULT '0',
  `arLayoutColumnIndex` int(10) unsigned NOT NULL DEFAULT '0',
  `arID` int(10) unsigned NOT NULL DEFAULT '0',
  `arLayoutColumnDisplayID` int(11) DEFAULT '0',
  PRIMARY KEY (`arLayoutColumnID`),
  KEY `arLayoutID` (`arLayoutID`,`arLayoutColumnIndex`),
  KEY `arID` (`arID`),
  KEY `arLayoutColumnDisplayID` (`arLayoutColumnDisplayID`)
) ENGINE=InnoDB DEFAULT CHARSET=utf8 COLLATE=utf8_unicode_ci;
/*!40101 SET character_set_client = @saved_cs_client */;

--
-- Dumping data for table `arealayoutcolumns`
--

LOCK TABLES `arealayoutcolumns` WRITE;
/*!40000 ALTER TABLE `arealayoutcolumns` DISABLE KEYS */;
/*!40000 ALTER TABLE `arealayoutcolumns` ENABLE KEYS */;
UNLOCK TABLES;

--
-- Table structure for table `arealayoutcustomcolumns`
--

DROP TABLE IF EXISTS `arealayoutcustomcolumns`;
/*!40101 SET @saved_cs_client     = @@character_set_client */;
/*!40101 SET character_set_client = utf8 */;
CREATE TABLE `arealayoutcustomcolumns` (
  `arLayoutColumnID` int(10) unsigned NOT NULL AUTO_INCREMENT,
  `arLayoutColumnWidth` varchar(64) COLLATE utf8_unicode_ci NOT NULL,
  PRIMARY KEY (`arLayoutColumnID`)
) ENGINE=InnoDB DEFAULT CHARSET=utf8 COLLATE=utf8_unicode_ci;
/*!40101 SET character_set_client = @saved_cs_client */;

--
-- Dumping data for table `arealayoutcustomcolumns`
--

LOCK TABLES `arealayoutcustomcolumns` WRITE;
/*!40000 ALTER TABLE `arealayoutcustomcolumns` DISABLE KEYS */;
/*!40000 ALTER TABLE `arealayoutcustomcolumns` ENABLE KEYS */;
UNLOCK TABLES;

--
-- Table structure for table `arealayoutpresets`
--

DROP TABLE IF EXISTS `arealayoutpresets`;
/*!40101 SET @saved_cs_client     = @@character_set_client */;
/*!40101 SET character_set_client = utf8 */;
CREATE TABLE `arealayoutpresets` (
  `arLayoutPresetID` int(10) unsigned NOT NULL AUTO_INCREMENT,
  `arLayoutID` int(10) unsigned NOT NULL DEFAULT '0',
  `arLayoutPresetName` varchar(255) COLLATE utf8_unicode_ci DEFAULT NULL,
  PRIMARY KEY (`arLayoutPresetID`),
  KEY `arLayoutID` (`arLayoutID`),
  KEY `arLayoutPresetName` (`arLayoutPresetName`)
) ENGINE=InnoDB DEFAULT CHARSET=utf8 COLLATE=utf8_unicode_ci;
/*!40101 SET character_set_client = @saved_cs_client */;

--
-- Dumping data for table `arealayoutpresets`
--

LOCK TABLES `arealayoutpresets` WRITE;
/*!40000 ALTER TABLE `arealayoutpresets` DISABLE KEYS */;
/*!40000 ALTER TABLE `arealayoutpresets` ENABLE KEYS */;
UNLOCK TABLES;

--
-- Table structure for table `arealayouts`
--

DROP TABLE IF EXISTS `arealayouts`;
/*!40101 SET @saved_cs_client     = @@character_set_client */;
/*!40101 SET character_set_client = utf8 */;
CREATE TABLE `arealayouts` (
  `arLayoutID` int(10) unsigned NOT NULL AUTO_INCREMENT,
  `arLayoutSpacing` int(10) unsigned NOT NULL DEFAULT '0',
  `arLayoutIsCustom` tinyint(1) NOT NULL DEFAULT '0',
  `arLayoutMaxColumns` int(10) unsigned NOT NULL DEFAULT '0',
  `arLayoutUsesThemeGridFramework` tinyint(1) NOT NULL DEFAULT '0',
  `arLayoutIsPreset` tinyint(1) NOT NULL DEFAULT '0',
  PRIMARY KEY (`arLayoutID`)
) ENGINE=InnoDB DEFAULT CHARSET=utf8 COLLATE=utf8_unicode_ci;
/*!40101 SET character_set_client = @saved_cs_client */;

--
-- Dumping data for table `arealayouts`
--

LOCK TABLES `arealayouts` WRITE;
/*!40000 ALTER TABLE `arealayouts` DISABLE KEYS */;
/*!40000 ALTER TABLE `arealayouts` ENABLE KEYS */;
UNLOCK TABLES;

--
-- Table structure for table `arealayoutsusingpresets`
--

DROP TABLE IF EXISTS `arealayoutsusingpresets`;
/*!40101 SET @saved_cs_client     = @@character_set_client */;
/*!40101 SET character_set_client = utf8 */;
CREATE TABLE `arealayoutsusingpresets` (
  `arLayoutID` int(10) unsigned NOT NULL,
  `preset` varchar(255) COLLATE utf8_unicode_ci NOT NULL DEFAULT '',
  PRIMARY KEY (`arLayoutID`)
) ENGINE=InnoDB DEFAULT CHARSET=utf8 COLLATE=utf8_unicode_ci;
/*!40101 SET character_set_client = @saved_cs_client */;

--
-- Dumping data for table `arealayoutsusingpresets`
--

LOCK TABLES `arealayoutsusingpresets` WRITE;
/*!40000 ALTER TABLE `arealayoutsusingpresets` DISABLE KEYS */;
/*!40000 ALTER TABLE `arealayoutsusingpresets` ENABLE KEYS */;
UNLOCK TABLES;

--
-- Table structure for table `arealayoutthemegridcolumns`
--

DROP TABLE IF EXISTS `arealayoutthemegridcolumns`;
/*!40101 SET @saved_cs_client     = @@character_set_client */;
/*!40101 SET character_set_client = utf8 */;
CREATE TABLE `arealayoutthemegridcolumns` (
  `arLayoutColumnID` int(10) unsigned NOT NULL AUTO_INCREMENT,
  `arLayoutColumnSpan` int(10) unsigned DEFAULT '0',
  `arLayoutColumnOffset` int(10) unsigned DEFAULT '0',
  PRIMARY KEY (`arLayoutColumnID`)
) ENGINE=InnoDB DEFAULT CHARSET=utf8 COLLATE=utf8_unicode_ci;
/*!40101 SET character_set_client = @saved_cs_client */;

--
-- Dumping data for table `arealayoutthemegridcolumns`
--

LOCK TABLES `arealayoutthemegridcolumns` WRITE;
/*!40000 ALTER TABLE `arealayoutthemegridcolumns` DISABLE KEYS */;
/*!40000 ALTER TABLE `arealayoutthemegridcolumns` ENABLE KEYS */;
UNLOCK TABLES;

--
-- Table structure for table `areapermissionassignments`
--

DROP TABLE IF EXISTS `areapermissionassignments`;
/*!40101 SET @saved_cs_client     = @@character_set_client */;
/*!40101 SET character_set_client = utf8 */;
CREATE TABLE `areapermissionassignments` (
  `cID` int(10) unsigned NOT NULL DEFAULT '0',
  `arHandle` varchar(255) COLLATE utf8_unicode_ci NOT NULL,
  `pkID` int(10) unsigned NOT NULL DEFAULT '0',
  `paID` int(10) unsigned NOT NULL DEFAULT '0',
  PRIMARY KEY (`cID`,`arHandle`,`pkID`,`paID`),
  KEY `paID` (`paID`),
  KEY `pkID` (`pkID`)
) ENGINE=InnoDB DEFAULT CHARSET=utf8 COLLATE=utf8_unicode_ci;
/*!40101 SET character_set_client = @saved_cs_client */;

--
-- Dumping data for table `areapermissionassignments`
--

LOCK TABLES `areapermissionassignments` WRITE;
/*!40000 ALTER TABLE `areapermissionassignments` DISABLE KEYS */;
INSERT INTO `areapermissionassignments` VALUES (164,'Main',27,9),(164,'Main',29,9),(220,'Main',27,9),(220,'Main',28,9),(220,'Main',29,9),(1,'Main',27,50),(131,'Main',27,50),(136,'Main',27,50),(210,'Main',27,50),(211,'Main',27,50),(212,'Main',27,50),(366,'Main',27,50),(374,'Main',27,50),(1,'Main',28,56),(1,'Main',29,56),(131,'Main',28,56),(131,'Main',29,56),(136,'Main',28,56),(136,'Main',29,56),(210,'Main',29,56),(211,'Main',29,56),(212,'Main',29,56),(366,'Main',28,56),(366,'Main',29,56),(374,'Main',28,56),(374,'Main',29,56),(1,'Main',22,92),(131,'Main',22,92),(136,'Main',22,92),(210,'Main',22,92),(210,'Main',28,92),(211,'Main',22,92),(211,'Main',28,92),(212,'Main',22,92),(212,'Main',28,92),(366,'Main',22,92),(374,'Main',22,92),(1,'Main',23,140),(1,'Main',24,140),(1,'Main',25,140),(1,'Main',26,140),(131,'Main',23,140),(131,'Main',24,140),(131,'Main',25,140),(131,'Main',26,140),(136,'Main',23,140),(136,'Main',24,140),(136,'Main',25,140),(136,'Main',26,140),(142,'Page Header',23,140),(142,'Page Header',24,140),(142,'Page Header',25,140),(142,'Page Header',26,140),(142,'Page Header',27,140),(142,'Page Header',28,140),(142,'Page Header',29,140),(163,'Page Header',23,140),(163,'Page Header',24,140),(163,'Page Header',25,140),(163,'Page Header',26,140),(163,'Page Header',27,140),(163,'Page Header',28,140),(163,'Page Header',29,140),(164,'Main',24,140),(164,'Page Header',23,140),(164,'Page Header',24,140),(164,'Page Header',25,140),(164,'Page Header',26,140),(164,'Page Header',27,140),(164,'Page Header',28,140),(164,'Page Header',29,140),(175,'Page Header',23,140),(175,'Page Header',24,140),(175,'Page Header',25,140),(175,'Page Header',26,140),(175,'Page Header',27,140),(175,'Page Header',28,140),(175,'Page Header',29,140),(210,'Main',24,140),(210,'Main',25,140),(210,'Main',26,140),(211,'Main',24,140),(211,'Main',25,140),(211,'Main',26,140),(212,'Main',24,140),(212,'Main',25,140),(212,'Main',26,140),(214,'Page Header',23,140),(214,'Page Header',24,140),(214,'Page Header',25,140),(214,'Page Header',26,140),(214,'Page Header',27,140),(214,'Page Header',28,140),(214,'Page Header',29,140),(215,'Page Header',23,140),(215,'Page Header',24,140),(215,'Page Header',25,140),(215,'Page Header',26,140),(215,'Page Header',27,140),(215,'Page Header',28,140),(215,'Page Header',29,140),(216,'Page Header',23,140),(216,'Page Header',24,140),(216,'Page Header',25,140),(216,'Page Header',26,140),(216,'Page Header',27,140),(216,'Page Header',28,140),(216,'Page Header',29,140),(217,'Main',24,140),(217,'Page Header',23,140),(217,'Page Header',24,140),(217,'Page Header',25,140),(217,'Page Header',26,140),(217,'Page Header',27,140),(217,'Page Header',28,140),(217,'Page Header',29,140),(218,'Page Header',23,140),(218,'Page Header',24,140),(218,'Page Header',25,140),(218,'Page Header',26,140),(218,'Page Header',27,140),(218,'Page Header',28,140),(218,'Page Header',29,140),(220,'Main',23,140),(220,'Main',24,140),(220,'Main',25,140),(220,'Main',26,140),(220,'Page Header',23,140),(220,'Page Header',24,140),(220,'Page Header',25,140),(220,'Page Header',26,140),(220,'Page Header',27,140),(220,'Page Header',28,140),(220,'Page Header',29,140),(238,'Page Header',23,140),(238,'Page Header',24,140),(238,'Page Header',25,140),(238,'Page Header',26,140),(238,'Page Header',27,140),(238,'Page Header',28,140),(238,'Page Header',29,140),(251,'Page Header',23,140),(251,'Page Header',24,140),(251,'Page Header',25,140),(251,'Page Header',26,140),(251,'Page Header',27,140),(251,'Page Header',28,140),(251,'Page Header',29,140),(252,'Main',24,140),(252,'Page Header',23,140),(252,'Page Header',24,140),(252,'Page Header',25,140),(252,'Page Header',26,140),(252,'Page Header',27,140),(252,'Page Header',28,140),(252,'Page Header',29,140),(312,'Page Header',23,140),(312,'Page Header',24,140),(312,'Page Header',25,140),(312,'Page Header',26,140),(312,'Page Header',27,140),(312,'Page Header',28,140),(312,'Page Header',29,140),(313,'Page Header',23,140),(313,'Page Header',24,140),(313,'Page Header',25,140),(313,'Page Header',26,140),(313,'Page Header',27,140),(313,'Page Header',28,140),(313,'Page Header',29,140),(366,'Main',23,140),(366,'Main',24,140),(366,'Main',25,140),(366,'Main',26,140),(374,'Main',23,140),(374,'Main',24,140),(374,'Main',25,140),(374,'Main',26,140),(220,'Main',21,199),(220,'Main',22,200),(175,'Page Header',22,610),(217,'Page Header',22,610),(252,'Page Header',22,610),(1,'Main',21,645),(131,'Main',21,645),(136,'Main',21,645),(210,'Main',21,645),(211,'Main',21,645),(212,'Main',21,645),(366,'Main',21,645),(374,'Main',21,645),(142,'Page Header',21,7096),(163,'Page Header',21,7096),(164,'Page Header',21,7096),(175,'Page Header',21,7096),(214,'Page Header',21,7096),(215,'Page Header',21,7096),(216,'Page Header',21,7096),(217,'Page Header',21,7096),(218,'Page Header',21,7096),(220,'Page Header',21,7096),(238,'Page Header',21,7096),(251,'Page Header',21,7096),(252,'Page Header',21,7096),(312,'Page Header',21,7096),(313,'Page Header',21,7096),(217,'Main',21,31176),(217,'Main',27,31176),(217,'Main',29,31176),(142,'Page Header',22,31177),(163,'Page Header',22,31177),(164,'Page Header',22,31177),(214,'Page Header',22,31177),(215,'Page Header',22,31177),(216,'Page Header',22,31177),(218,'Page Header',22,31177),(220,'Page Header',22,31177),(238,'Page Header',22,31177),(251,'Page Header',22,31177),(312,'Page Header',22,31177),(313,'Page Header',22,31177),(164,'Main',22,31285),(164,'Main',28,31287),(164,'Main',25,31288),(164,'Main',26,31289),(164,'Main',21,31290),(252,'Main',23,31292),(252,'Main',22,31293),(252,'Main',28,31294),(252,'Main',26,31295),(252,'Main',25,31296),(217,'Main',23,31297),(217,'Main',22,31298),(217,'Main',28,31299),(217,'Main',26,31300),(217,'Main',25,31301),(164,'Main',23,31395),(210,'Main',23,31398),(211,'Main',23,31398),(212,'Main',23,31398);
/*!40000 ALTER TABLE `areapermissionassignments` ENABLE KEYS */;
UNLOCK TABLES;

--
-- Table structure for table `areapermissionblocktypeaccesslist`
--

DROP TABLE IF EXISTS `areapermissionblocktypeaccesslist`;
/*!40101 SET @saved_cs_client     = @@character_set_client */;
/*!40101 SET character_set_client = utf8 */;
CREATE TABLE `areapermissionblocktypeaccesslist` (
  `paID` int(10) unsigned NOT NULL DEFAULT '0',
  `peID` int(10) unsigned NOT NULL DEFAULT '0',
  `permission` varchar(1) COLLATE utf8_unicode_ci NOT NULL DEFAULT '1',
  PRIMARY KEY (`paID`,`peID`),
  KEY `peID` (`peID`)
) ENGINE=InnoDB DEFAULT CHARSET=utf8 COLLATE=utf8_unicode_ci;
/*!40101 SET character_set_client = @saved_cs_client */;

--
-- Dumping data for table `areapermissionblocktypeaccesslist`
--

LOCK TABLES `areapermissionblocktypeaccesslist` WRITE;
/*!40000 ALTER TABLE `areapermissionblocktypeaccesslist` DISABLE KEYS */;
INSERT INTO `areapermissionblocktypeaccesslist` VALUES (610,1,'A'),(610,7,'C'),(610,8,'C'),(31178,1,'A'),(31178,8,'C'),(31214,1,'A'),(31214,8,'C'),(31228,1,'A'),(31228,7,'C'),(31228,8,'C'),(31286,1,'A'),(31286,8,'C'),(31292,1,'A'),(31292,8,'C'),(31297,1,'A'),(31297,8,'C'),(31364,1,'A'),(31364,8,'C'),(31389,1,'A'),(31389,8,'C'),(31394,1,'A'),(31394,8,'C'),(31395,1,'A'),(31395,7,'C'),(31395,8,'C'),(31396,1,'A'),(31396,7,'C'),(31396,8,'C'),(31397,1,'A'),(31397,7,'C'),(31397,8,'C'),(31398,1,'A'),(31398,8,'C'),(31399,1,'A'),(31399,8,'C'),(31400,1,'A'),(31400,8,'C'),(31404,1,'A'),(31404,8,'C'),(31405,1,'A'),(31405,8,'C'),(31407,1,'A'),(31407,8,'C'),(31408,1,'A'),(31408,8,'C'),(31409,1,'A'),(31409,8,'C');
/*!40000 ALTER TABLE `areapermissionblocktypeaccesslist` ENABLE KEYS */;
UNLOCK TABLES;

--
-- Table structure for table `areapermissionblocktypeaccesslistcustom`
--

DROP TABLE IF EXISTS `areapermissionblocktypeaccesslistcustom`;
/*!40101 SET @saved_cs_client     = @@character_set_client */;
/*!40101 SET character_set_client = utf8 */;
CREATE TABLE `areapermissionblocktypeaccesslistcustom` (
  `paID` int(10) unsigned NOT NULL DEFAULT '0',
  `peID` int(10) unsigned NOT NULL DEFAULT '0',
  `btID` int(10) unsigned NOT NULL DEFAULT '0',
  PRIMARY KEY (`paID`,`peID`,`btID`),
  KEY `peID` (`peID`),
  KEY `btID` (`btID`)
) ENGINE=InnoDB DEFAULT CHARSET=utf8 COLLATE=utf8_unicode_ci;
/*!40101 SET character_set_client = @saved_cs_client */;

--
-- Dumping data for table `areapermissionblocktypeaccesslistcustom`
--

LOCK TABLES `areapermissionblocktypeaccesslistcustom` WRITE;
/*!40000 ALTER TABLE `areapermissionblocktypeaccesslistcustom` DISABLE KEYS */;
INSERT INTO `areapermissionblocktypeaccesslistcustom` VALUES (31228,7,12),(31228,7,25),(31228,7,26),(31228,7,39),(31228,7,40),(31228,7,41),(31228,7,42),(31228,7,43),(31228,7,45),(31228,7,46),(31228,7,47),(31228,7,48),(31228,7,68),(31228,7,69),(31228,7,74),(31228,7,75),(31228,7,76),(31228,7,77),(31228,7,78),(31228,7,79),(31228,7,80),(31228,7,82),(31228,7,83),(31228,7,86),(31228,7,87),(31228,7,88),(31228,7,91),(31228,7,93),(31228,7,95),(31228,7,96),(31228,7,97),(31228,7,104),(31228,7,105),(31228,7,107),(31286,7,5),(31286,7,12),(31286,7,17),(31286,7,25),(31286,7,34),(31286,7,39),(31286,7,40),(31286,7,41),(31286,7,42),(31286,7,43),(31286,7,45),(31286,7,46),(31286,7,47),(31286,7,48),(31286,7,68),(31286,7,69),(31286,7,70),(31286,7,71),(31286,7,72),(31286,7,73),(31286,7,74),(31286,7,75),(31286,7,76),(31286,7,77),(31286,7,78),(31286,7,79),(31286,7,80),(31286,7,81),(31286,7,82),(31286,7,83),(31286,7,86),(31286,7,87),(31286,7,88),(31286,7,91),(31286,7,93),(31286,7,94),(31286,7,95),(31286,7,96),(31286,7,97),(31286,7,98),(31286,7,99),(31286,7,104),(31286,7,105),(31286,7,107),(31292,7,12),(31292,7,25),(31292,7,39),(31292,7,40),(31292,7,41),(31292,7,42),(31292,7,43),(31292,7,45),(31292,7,46),(31292,7,47),(31292,7,48),(31292,7,68),(31292,7,69),(31292,7,74),(31292,7,75),(31292,7,76),(31292,7,77),(31292,7,78),(31292,7,79),(31292,7,80),(31292,7,82),(31292,7,83),(31292,7,86),(31292,7,87),(31292,7,88),(31292,7,91),(31292,7,93),(31292,7,95),(31292,7,96),(31292,7,97),(31292,7,104),(31292,7,105),(31292,7,107),(31297,7,12),(31297,7,25),(31297,7,39),(31297,7,40),(31297,7,41),(31297,7,42),(31297,7,43),(31297,7,45),(31297,7,46),(31297,7,47),(31297,7,48),(31297,7,68),(31297,7,69),(31297,7,74),(31297,7,75),(31297,7,76),(31297,7,77),(31297,7,78),(31297,7,79),(31297,7,80),(31297,7,82),(31297,7,83),(31297,7,86),(31297,7,87),(31297,7,88),(31297,7,91),(31297,7,93),(31297,7,95),(31297,7,96),(31297,7,97),(31297,7,104),(31297,7,105),(31297,7,107),(31364,7,5),(31364,7,12),(31364,7,17),(31364,7,25),(31364,7,34),(31364,7,39),(31364,7,40),(31364,7,41),(31364,7,42),(31364,7,43),(31364,7,45),(31364,7,46),(31364,7,47),(31364,7,48),(31364,7,68),(31364,7,69),(31364,7,70),(31364,7,71),(31364,7,72),(31364,7,73),(31364,7,74),(31364,7,75),(31364,7,76),(31364,7,77),(31364,7,78),(31364,7,79),(31364,7,80),(31364,7,81),(31364,7,82),(31364,7,83),(31364,7,86),(31364,7,87),(31364,7,88),(31364,7,91),(31364,7,93),(31364,7,94),(31364,7,95),(31364,7,96),(31364,7,97),(31364,7,98),(31364,7,99),(31364,7,104),(31364,7,105),(31364,7,107),(31389,7,5),(31389,7,12),(31389,7,17),(31389,7,25),(31389,7,34),(31389,7,39),(31389,7,40),(31389,7,41),(31389,7,42),(31389,7,43),(31389,7,45),(31389,7,46),(31389,7,47),(31389,7,48),(31389,7,68),(31389,7,69),(31389,7,70),(31389,7,71),(31389,7,72),(31389,7,73),(31389,7,74),(31389,7,75),(31389,7,76),(31389,7,77),(31389,7,78),(31389,7,79),(31389,7,80),(31389,7,81),(31389,7,82),(31389,7,83),(31389,7,86),(31389,7,87),(31389,7,88),(31389,7,91),(31389,7,93),(31389,7,94),(31389,7,95),(31389,7,96),(31389,7,97),(31389,7,98),(31389,7,99),(31389,7,104),(31389,7,105),(31389,7,107),(31394,7,5),(31394,7,12),(31394,7,17),(31394,7,25),(31394,7,34),(31394,7,39),(31394,7,40),(31394,7,41),(31394,7,42),(31394,7,43),(31394,7,45),(31394,7,46),(31394,7,47),(31394,7,48),(31394,7,68),(31394,7,69),(31394,7,70),(31394,7,71),(31394,7,72),(31394,7,73),(31394,7,74),(31394,7,75),(31394,7,76),(31394,7,77),(31394,7,78),(31394,7,79),(31394,7,80),(31394,7,81),(31394,7,82),(31394,7,83),(31394,7,86),(31394,7,87),(31394,7,88),(31394,7,91),(31394,7,93),(31394,7,94),(31394,7,95),(31394,7,96),(31394,7,97),(31394,7,98),(31394,7,99),(31394,7,104),(31394,7,105),(31394,7,107),(31395,7,5),(31395,7,12),(31395,7,17),(31395,7,25),(31395,7,34),(31395,7,39),(31395,7,40),(31395,7,41),(31395,7,42),(31395,7,43),(31395,7,45),(31395,7,46),(31395,7,47),(31395,7,48),(31395,7,68),(31395,7,69),(31395,7,70),(31395,7,71),(31395,7,72),(31395,7,73),(31395,7,74),(31395,7,75),(31395,7,76),(31395,7,77),(31395,7,78),(31395,7,79),(31395,7,80),(31395,7,81),(31395,7,82),(31395,7,83),(31395,7,86),(31395,7,87),(31395,7,88),(31395,7,91),(31395,7,93),(31395,7,94),(31395,7,95),(31395,7,96),(31395,7,97),(31395,7,98),(31395,7,99),(31395,7,104),(31395,7,105),(31395,7,107),(31396,7,5),(31396,7,12),(31396,7,17),(31396,7,25),(31396,7,34),(31396,7,39),(31396,7,40),(31396,7,41),(31396,7,42),(31396,7,43),(31396,7,45),(31396,7,46),(31396,7,47),(31396,7,48),(31396,7,68),(31396,7,69),(31396,7,70),(31396,7,71),(31396,7,72),(31396,7,73),(31396,7,74),(31396,7,75),(31396,7,76),(31396,7,77),(31396,7,78),(31396,7,79),(31396,7,80),(31396,7,81),(31396,7,82),(31396,7,83),(31396,7,86),(31396,7,87),(31396,7,88),(31396,7,91),(31396,7,93),(31396,7,94),(31396,7,95),(31396,7,96),(31396,7,97),(31396,7,98),(31396,7,99),(31396,7,104),(31396,7,105),(31396,7,107),(31397,7,5),(31397,7,12),(31397,7,17),(31397,7,25),(31397,7,34),(31397,7,39),(31397,7,40),(31397,7,41),(31397,7,42),(31397,7,43),(31397,7,45),(31397,7,46),(31397,7,47),(31397,7,48),(31397,7,68),(31397,7,69),(31397,7,70),(31397,7,71),(31397,7,72),(31397,7,73),(31397,7,74),(31397,7,75),(31397,7,76),(31397,7,77),(31397,7,78),(31397,7,79),(31397,7,80),(31397,7,81),(31397,7,82),(31397,7,83),(31397,7,86),(31397,7,87),(31397,7,88),(31397,7,91),(31397,7,93),(31397,7,94),(31397,7,95),(31397,7,96),(31397,7,97),(31397,7,98),(31397,7,99),(31397,7,104),(31397,7,105),(31397,7,107),(31399,7,12),(31399,7,25),(31399,7,39),(31399,7,40),(31399,7,41),(31399,7,42),(31399,7,43),(31399,7,45),(31399,7,46),(31399,7,47),(31399,7,48),(31399,7,68),(31399,7,69),(31399,7,74),(31399,7,75),(31399,7,76),(31399,7,77),(31399,7,78),(31399,7,79),(31399,7,80),(31399,7,82),(31399,7,83),(31399,7,86),(31399,7,87),(31399,7,88),(31399,7,91),(31399,7,93),(31399,7,95),(31399,7,96),(31399,7,97),(31399,7,104),(31399,7,105),(31399,7,107),(31178,8,5),(31178,8,12),(31178,8,17),(31178,8,25),(31178,8,26),(31178,8,34),(31178,8,39),(31178,8,40),(31178,8,41),(31178,8,42),(31178,8,43),(31178,8,45),(31178,8,46),(31178,8,47),(31178,8,48),(31178,8,68),(31178,8,69),(31178,8,70),(31178,8,71),(31178,8,72),(31178,8,73),(31178,8,74),(31178,8,75),(31178,8,76),(31178,8,77),(31178,8,78),(31178,8,79),(31178,8,80),(31178,8,81),(31178,8,82),(31178,8,83),(31178,8,86),(31178,8,88),(31178,8,91),(31178,8,93),(31178,8,94),(31178,8,95),(31178,8,96),(31178,8,97),(31178,8,98),(31178,8,99),(31178,8,104),(31178,8,105),(31178,8,107),(31214,8,5),(31214,8,12),(31214,8,17),(31214,8,25),(31214,8,26),(31214,8,34),(31214,8,39),(31214,8,40),(31214,8,41),(31214,8,42),(31214,8,43),(31214,8,45),(31214,8,46),(31214,8,47),(31214,8,48),(31214,8,68),(31214,8,69),(31214,8,70),(31214,8,71),(31214,8,72),(31214,8,73),(31214,8,74),(31214,8,75),(31214,8,76),(31214,8,77),(31214,8,78),(31214,8,79),(31214,8,80),(31214,8,81),(31214,8,82),(31214,8,83),(31214,8,86),(31214,8,87),(31214,8,88),(31214,8,91),(31214,8,93),(31214,8,94),(31214,8,95),(31214,8,96),(31214,8,97),(31214,8,98),(31214,8,99),(31214,8,104),(31214,8,105),(31214,8,107),(31228,8,12),(31228,8,25),(31228,8,26),(31228,8,39),(31228,8,40),(31228,8,41),(31228,8,42),(31228,8,43),(31228,8,45),(31228,8,46),(31228,8,47),(31228,8,48),(31228,8,68),(31228,8,69),(31228,8,74),(31228,8,75),(31228,8,76),(31228,8,77),(31228,8,78),(31228,8,79),(31228,8,80),(31228,8,82),(31228,8,83),(31228,8,86),(31228,8,87),(31228,8,88),(31228,8,91),(31228,8,93),(31228,8,95),(31228,8,96),(31228,8,97),(31228,8,104),(31228,8,105),(31228,8,107),(31286,8,5),(31286,8,12),(31286,8,17),(31286,8,25),(31286,8,34),(31286,8,39),(31286,8,40),(31286,8,41),(31286,8,42),(31286,8,43),(31286,8,45),(31286,8,46),(31286,8,47),(31286,8,48),(31286,8,68),(31286,8,69),(31286,8,70),(31286,8,71),(31286,8,72),(31286,8,73),(31286,8,74),(31286,8,75),(31286,8,76),(31286,8,77),(31286,8,78),(31286,8,79),(31286,8,80),(31286,8,81),(31286,8,82),(31286,8,83),(31286,8,86),(31286,8,87),(31286,8,88),(31286,8,91),(31286,8,93),(31286,8,94),(31286,8,95),(31286,8,96),(31286,8,97),(31286,8,98),(31286,8,99),(31286,8,104),(31286,8,105),(31286,8,107),(31292,8,12),(31292,8,25),(31292,8,39),(31292,8,40),(31292,8,41),(31292,8,42),(31292,8,43),(31292,8,45),(31292,8,46),(31292,8,47),(31292,8,48),(31292,8,68),(31292,8,69),(31292,8,74),(31292,8,75),(31292,8,76),(31292,8,77),(31292,8,78),(31292,8,79),(31292,8,80),(31292,8,82),(31292,8,83),(31292,8,86),(31292,8,87),(31292,8,88),(31292,8,91),(31292,8,93),(31292,8,95),(31292,8,96),(31292,8,97),(31292,8,104),(31292,8,105),(31292,8,107),(31297,8,12),(31297,8,25),(31297,8,39),(31297,8,40),(31297,8,41),(31297,8,42),(31297,8,43),(31297,8,45),(31297,8,46),(31297,8,47),(31297,8,48),(31297,8,68),(31297,8,69),(31297,8,74),(31297,8,75),(31297,8,76),(31297,8,77),(31297,8,78),(31297,8,79),(31297,8,80),(31297,8,82),(31297,8,83),(31297,8,86),(31297,8,87),(31297,8,88),(31297,8,91),(31297,8,93),(31297,8,95),(31297,8,96),(31297,8,97),(31297,8,104),(31297,8,105),(31297,8,107),(31364,8,5),(31364,8,12),(31364,8,17),(31364,8,25),(31364,8,34),(31364,8,39),(31364,8,40),(31364,8,41),(31364,8,42),(31364,8,43),(31364,8,45),(31364,8,46),(31364,8,47),(31364,8,48),(31364,8,68),(31364,8,69),(31364,8,70),(31364,8,71),(31364,8,72),(31364,8,73),(31364,8,74),(31364,8,75),(31364,8,76),(31364,8,77),(31364,8,78),(31364,8,79),(31364,8,80),(31364,8,81),(31364,8,82),(31364,8,83),(31364,8,86),(31364,8,87),(31364,8,88),(31364,8,91),(31364,8,93),(31364,8,94),(31364,8,95),(31364,8,96),(31364,8,97),(31364,8,98),(31364,8,99),(31364,8,104),(31364,8,105),(31364,8,107),(31389,8,5),(31389,8,12),(31389,8,17),(31389,8,25),(31389,8,34),(31389,8,39),(31389,8,40),(31389,8,41),(31389,8,42),(31389,8,43),(31389,8,45),(31389,8,46),(31389,8,47),(31389,8,48),(31389,8,68),(31389,8,69),(31389,8,70),(31389,8,71),(31389,8,72),(31389,8,73),(31389,8,74),(31389,8,75),(31389,8,76),(31389,8,77),(31389,8,78),(31389,8,79),(31389,8,80),(31389,8,81),(31389,8,82),(31389,8,83),(31389,8,86),(31389,8,87),(31389,8,88),(31389,8,91),(31389,8,93),(31389,8,94),(31389,8,95),(31389,8,96),(31389,8,97),(31389,8,98),(31389,8,99),(31389,8,104),(31389,8,105),(31389,8,107),(31394,8,5),(31394,8,12),(31394,8,17),(31394,8,25),(31394,8,34),(31394,8,39),(31394,8,40),(31394,8,41),(31394,8,42),(31394,8,43),(31394,8,45),(31394,8,46),(31394,8,47),(31394,8,48),(31394,8,68),(31394,8,69),(31394,8,70),(31394,8,71),(31394,8,72),(31394,8,73),(31394,8,74),(31394,8,75),(31394,8,76),(31394,8,77),(31394,8,78),(31394,8,79),(31394,8,80),(31394,8,81),(31394,8,82),(31394,8,83),(31394,8,86),(31394,8,87),(31394,8,88),(31394,8,91),(31394,8,93),(31394,8,94),(31394,8,95),(31394,8,96),(31394,8,97),(31394,8,98),(31394,8,99),(31394,8,104),(31394,8,105),(31394,8,107),(31395,8,5),(31395,8,12),(31395,8,17),(31395,8,25),(31395,8,34),(31395,8,39),(31395,8,40),(31395,8,41),(31395,8,42),(31395,8,43),(31395,8,45),(31395,8,46),(31395,8,47),(31395,8,48),(31395,8,68),(31395,8,69),(31395,8,70),(31395,8,71),(31395,8,72),(31395,8,73),(31395,8,74),(31395,8,75),(31395,8,76),(31395,8,77),(31395,8,78),(31395,8,79),(31395,8,80),(31395,8,81),(31395,8,82),(31395,8,83),(31395,8,86),(31395,8,87),(31395,8,88),(31395,8,91),(31395,8,93),(31395,8,94),(31395,8,95),(31395,8,96),(31395,8,97),(31395,8,98),(31395,8,99),(31395,8,104),(31395,8,105),(31395,8,107),(31396,8,5),(31396,8,12),(31396,8,17),(31396,8,25),(31396,8,34),(31396,8,39),(31396,8,40),(31396,8,41),(31396,8,42),(31396,8,43),(31396,8,45),(31396,8,46),(31396,8,47),(31396,8,48),(31396,8,68),(31396,8,69),(31396,8,70),(31396,8,71),(31396,8,72),(31396,8,73),(31396,8,74),(31396,8,75),(31396,8,76),(31396,8,77),(31396,8,78),(31396,8,79),(31396,8,80),(31396,8,81),(31396,8,82),(31396,8,83),(31396,8,86),(31396,8,87),(31396,8,88),(31396,8,91),(31396,8,93),(31396,8,94),(31396,8,95),(31396,8,96),(31396,8,97),(31396,8,98),(31396,8,99),(31396,8,104),(31396,8,105),(31396,8,107),(31397,8,5),(31397,8,12),(31397,8,17),(31397,8,25),(31397,8,34),(31397,8,39),(31397,8,40),(31397,8,41),(31397,8,42),(31397,8,43),(31397,8,45),(31397,8,46),(31397,8,47),(31397,8,48),(31397,8,68),(31397,8,69),(31397,8,70),(31397,8,71),(31397,8,72),(31397,8,73),(31397,8,74),(31397,8,75),(31397,8,76),(31397,8,77),(31397,8,78),(31397,8,79),(31397,8,80),(31397,8,81),(31397,8,82),(31397,8,83),(31397,8,86),(31397,8,87),(31397,8,88),(31397,8,91),(31397,8,93),(31397,8,94),(31397,8,95),(31397,8,96),(31397,8,97),(31397,8,98),(31397,8,99),(31397,8,104),(31397,8,105),(31397,8,107),(31398,8,12),(31398,8,25),(31398,8,39),(31398,8,40),(31398,8,41),(31398,8,42),(31398,8,43),(31398,8,45),(31398,8,46),(31398,8,47),(31398,8,48),(31398,8,68),(31398,8,69),(31398,8,74),(31398,8,75),(31398,8,76),(31398,8,77),(31398,8,78),(31398,8,79),(31398,8,80),(31398,8,82),(31398,8,83),(31398,8,86),(31398,8,87),(31398,8,88),(31398,8,91),(31398,8,93),(31398,8,95),(31398,8,96),(31398,8,97),(31398,8,104),(31398,8,105),(31398,8,107),(31399,8,12),(31399,8,25),(31399,8,39),(31399,8,40),(31399,8,41),(31399,8,42),(31399,8,43),(31399,8,45),(31399,8,46),(31399,8,47),(31399,8,48),(31399,8,68),(31399,8,69),(31399,8,74),(31399,8,75),(31399,8,76),(31399,8,77),(31399,8,78),(31399,8,79),(31399,8,80),(31399,8,82),(31399,8,83),(31399,8,86),(31399,8,87),(31399,8,88),(31399,8,91),(31399,8,93),(31399,8,95),(31399,8,96),(31399,8,97),(31399,8,104),(31399,8,105),(31399,8,107),(31400,8,12),(31400,8,25),(31400,8,39),(31400,8,40),(31400,8,41),(31400,8,42),(31400,8,43),(31400,8,45),(31400,8,46),(31400,8,47),(31400,8,48),(31400,8,68),(31400,8,69),(31400,8,74),(31400,8,75),(31400,8,76),(31400,8,77),(31400,8,78),(31400,8,79),(31400,8,80),(31400,8,82),(31400,8,83),(31400,8,86),(31400,8,87),(31400,8,88),(31400,8,91),(31400,8,93),(31400,8,95),(31400,8,96),(31400,8,97),(31400,8,104),(31400,8,105),(31400,8,107),(31404,8,12),(31404,8,25),(31404,8,39),(31404,8,40),(31404,8,41),(31404,8,42),(31404,8,43),(31404,8,45),(31404,8,46),(31404,8,47),(31404,8,48),(31404,8,68),(31404,8,69),(31404,8,74),(31404,8,75),(31404,8,76),(31404,8,77),(31404,8,78),(31404,8,79),(31404,8,80),(31404,8,82),(31404,8,83),(31404,8,86),(31404,8,87),(31404,8,88),(31404,8,91),(31404,8,93),(31404,8,95),(31404,8,96),(31404,8,97),(31404,8,104),(31404,8,105),(31404,8,107),(31405,8,12),(31405,8,25),(31405,8,39),(31405,8,40),(31405,8,41),(31405,8,42),(31405,8,43),(31405,8,45),(31405,8,46),(31405,8,47),(31405,8,48),(31405,8,68),(31405,8,69),(31405,8,74),(31405,8,75),(31405,8,76),(31405,8,77),(31405,8,78),(31405,8,79),(31405,8,80),(31405,8,82),(31405,8,83),(31405,8,86),(31405,8,87),(31405,8,88),(31405,8,91),(31405,8,93),(31405,8,95),(31405,8,96),(31405,8,97),(31405,8,104),(31405,8,105),(31405,8,107),(31407,8,12),(31407,8,25),(31407,8,39),(31407,8,40),(31407,8,41),(31407,8,42),(31407,8,43),(31407,8,45),(31407,8,46),(31407,8,47),(31407,8,48),(31407,8,68),(31407,8,69),(31407,8,74),(31407,8,75),(31407,8,76),(31407,8,77),(31407,8,78),(31407,8,79),(31407,8,80),(31407,8,82),(31407,8,83),(31407,8,86),(31407,8,87),(31407,8,88),(31407,8,91),(31407,8,93),(31407,8,95),(31407,8,96),(31407,8,97),(31407,8,104),(31407,8,105),(31407,8,107),(31408,8,12),(31408,8,25),(31408,8,39),(31408,8,40),(31408,8,41),(31408,8,42),(31408,8,43),(31408,8,45),(31408,8,46),(31408,8,47),(31408,8,48),(31408,8,68),(31408,8,69),(31408,8,74),(31408,8,75),(31408,8,76),(31408,8,77),(31408,8,78),(31408,8,79),(31408,8,80),(31408,8,82),(31408,8,83),(31408,8,86),(31408,8,87),(31408,8,88),(31408,8,91),(31408,8,93),(31408,8,95),(31408,8,96),(31408,8,97),(31408,8,104),(31408,8,105),(31408,8,107),(31409,8,12),(31409,8,25),(31409,8,39),(31409,8,40),(31409,8,41),(31409,8,42),(31409,8,43),(31409,8,45),(31409,8,46),(31409,8,47),(31409,8,48),(31409,8,68),(31409,8,69),(31409,8,74),(31409,8,75),(31409,8,76),(31409,8,77),(31409,8,78),(31409,8,79),(31409,8,80),(31409,8,82),(31409,8,83),(31409,8,86),(31409,8,87),(31409,8,88),(31409,8,91),(31409,8,93),(31409,8,95),(31409,8,96),(31409,8,97),(31409,8,104),(31409,8,105),(31409,8,107);
/*!40000 ALTER TABLE `areapermissionblocktypeaccesslistcustom` ENABLE KEYS */;
UNLOCK TABLES;

--
-- Table structure for table `areas`
--

DROP TABLE IF EXISTS `areas`;
/*!40101 SET @saved_cs_client     = @@character_set_client */;
/*!40101 SET character_set_client = utf8 */;
CREATE TABLE `areas` (
  `arID` int(10) unsigned NOT NULL AUTO_INCREMENT,
  `cID` int(10) unsigned NOT NULL DEFAULT '0',
  `arHandle` varchar(255) COLLATE utf8_unicode_ci NOT NULL,
  `arOverrideCollectionPermissions` tinyint(1) NOT NULL DEFAULT '0',
  `arInheritPermissionsFromAreaOnCID` int(10) unsigned NOT NULL DEFAULT '0',
  `arIsGlobal` tinyint(1) NOT NULL DEFAULT '0',
  `arParentID` int(10) unsigned NOT NULL DEFAULT '0',
  PRIMARY KEY (`arID`),
  KEY `arIsGlobal` (`arIsGlobal`),
  KEY `cID` (`cID`),
  KEY `arHandle` (`arHandle`),
  KEY `arParentID` (`arParentID`)
) ENGINE=InnoDB AUTO_INCREMENT=1868 DEFAULT CHARSET=utf8 COLLATE=utf8_unicode_ci;
/*!40101 SET character_set_client = @saved_cs_client */;

--
-- Dumping data for table `areas`
--

LOCK TABLES `areas` WRITE;
/*!40000 ALTER TABLE `areas` DISABLE KEYS */;
INSERT INTO `areas` VALUES (1,209,'Main',0,0,0,0),(2,1,'Logo',0,0,1,0),(3,1,'Page Header',0,0,0,0),(4,1,'Main',1,0,0,0),(5,210,'Main',1,0,0,0),(6,1,'Action-Item-Left',0,0,1,0),(7,211,'Main',1,0,0,0),(8,1,'Action-Item-Middle',0,0,1,0),(9,212,'Main',1,0,0,0),(10,1,'Action-Item-Right',0,0,1,0),(11,213,'Main',0,0,0,0),(12,1,'Footer-Left',0,0,1,0),(13,139,'Main',0,0,0,0),(14,139,'Logo',0,0,1,0),(15,139,'Page Header',0,0,0,0),(16,139,'Action-Item-Left',0,0,1,0),(17,139,'Action-Item-Middle',0,0,1,0),(18,139,'Action-Item-Right',0,0,1,0),(19,139,'Footer-Left',0,0,1,0),(20,129,'Logo',0,0,1,0),(21,129,'Footer-Left',0,0,1,0),(22,215,'Main',0,0,0,0),(23,216,'Logo',0,0,1,0),(24,216,'Page Header',1,0,0,0),(25,216,'Main',0,0,0,0),(26,216,'Sidebar',0,0,0,0),(27,216,'Action-Item-Left',0,0,1,0),(28,216,'Action-Item-Middle',0,0,1,0),(29,216,'Action-Item-Right',0,0,1,0),(30,216,'Footer-Left',0,0,1,0),(31,205,'Main',0,1,0,0),(32,204,'Main',0,1,0,0),(33,200,'Main',0,1,0,0),(34,206,'Main',0,1,0,0),(68,140,'Logo',0,0,1,0),(69,140,'Page Header',0,0,0,0),(70,140,'Main',0,0,0,0),(71,140,'Action-Item-Left',0,0,1,0),(72,140,'Action-Item-Middle',0,0,1,0),(73,140,'Action-Item-Right',0,0,1,0),(74,215,'Logo',0,0,1,0),(75,215,'Page Header',1,0,0,0),(76,215,'Action-Item-Left',0,0,1,0),(77,215,'Action-Item-Middle',0,0,1,0),(78,215,'Action-Item-Right',0,0,1,0),(97,142,'Logo',0,0,1,0),(98,142,'Page Header',1,0,0,0),(99,142,'Main',0,0,0,0),(100,142,'Action-Item-Left',0,0,1,0),(101,142,'Action-Item-Middle',0,0,1,0),(102,142,'Action-Item-Right',0,0,1,0),(103,164,'Page Header',1,0,0,0),(104,164,'Sidebar',0,0,0,0),(105,163,'Logo',0,0,1,0),(106,163,'Page Header',1,0,0,0),(107,163,'Main',0,0,0,0),(108,163,'Action-Item-Left',0,0,1,0),(109,163,'Action-Item-Middle',0,0,1,0),(110,163,'Action-Item-Right',0,0,1,0),(111,164,'Logo',0,0,1,0),(112,164,'Main',1,0,0,0),(113,164,'Action-Item-Left',0,0,1,0),(114,164,'Action-Item-Middle',0,0,1,0),(115,164,'Action-Item-Right',0,0,1,0),(116,238,'Logo',0,0,1,0),(117,238,'Page Header',1,0,0,0),(118,238,'Main',0,0,0,0),(119,238,'Action-Item-Left',0,0,1,0),(120,238,'Action-Item-Middle',0,0,1,0),(121,238,'Action-Item-Right',0,0,1,0),(166,220,'Logo',0,0,1,0),(167,220,'Page Header',1,0,0,0),(168,220,'Main',1,0,0,0),(169,220,'Action-Item-Left',0,0,1,0),(170,220,'Action-Item-Middle',0,0,1,0),(171,220,'Action-Item-Right',0,0,1,0),(172,218,'Logo',0,0,1,0),(173,218,'Page Header',1,0,0,0),(174,218,'Main',0,0,0,0),(175,218,'Action-Item-Left',0,0,1,0),(176,218,'Action-Item-Middle',0,0,1,0),(177,218,'Action-Item-Right',0,0,1,0),(192,205,'Logo',0,0,1,0),(193,205,'Page Header',0,214,0,0),(194,205,'Action-Item-Left',0,0,1,0),(195,205,'Action-Item-Middle',0,0,1,0),(196,205,'Action-Item-Right',0,0,1,0),(199,251,'Logo',0,0,1,0),(200,251,'Page Header',1,0,0,0),(201,251,'Main',0,0,0,0),(202,251,'Sidebar',0,0,0,0),(203,251,'Action-Item-Left',0,0,1,0),(204,251,'Action-Item-Middle',0,0,1,0),(205,251,'Action-Item-Right',0,0,1,0),(206,214,'Logo',0,0,1,0),(207,214,'Page Header',1,0,0,0),(208,214,'Main',0,0,0,0),(209,214,'Action-Item-Left',0,0,1,0),(210,214,'Action-Item-Middle',0,0,1,0),(211,214,'Action-Item-Right',0,0,1,0),(212,175,'Logo',0,0,1,0),(213,175,'Page Header',1,0,0,0),(214,175,'Main',0,0,0,0),(215,175,'Action-Item-Left',0,0,1,0),(216,175,'Action-Item-Middle',0,0,1,0),(217,175,'Action-Item-Right',0,0,1,0),(218,252,'Logo',0,0,1,0),(219,252,'Page Header',1,0,0,0),(220,252,'Main',1,0,0,0),(221,252,'Action-Item-Left',0,0,1,0),(222,252,'Action-Item-Middle',0,0,1,0),(223,252,'Action-Item-Right',0,0,1,0),(224,217,'Logo',0,0,1,0),(225,217,'Page Header',1,0,0,0),(226,217,'Main',1,0,0,0),(227,217,'Action-Item-Left',0,0,1,0),(228,217,'Action-Item-Middle',0,0,1,0),(229,217,'Action-Item-Right',0,0,1,0),(666,130,'Logo',0,0,1,0),(667,130,'Footer-Left',0,0,1,0),(1817,204,'Logo',0,0,1,0),(1818,204,'Page Header',0,214,0,0),(1819,204,'Action-Item-Left',0,0,1,0),(1820,204,'Action-Item-Middle',0,0,1,0),(1821,204,'Action-Item-Right',0,0,1,0),(1836,200,'Page Header',0,214,0,0),(1837,200,'Action-Item-Left',0,0,1,0),(1838,200,'Action-Item-Middle',0,0,1,0),(1839,200,'Action-Item-Right',0,0,1,0),(1840,206,'Page Header',0,214,0,0),(1841,206,'Action-Item-Left',0,0,1,0),(1842,206,'Action-Item-Middle',0,0,1,0),(1843,206,'Action-Item-Right',0,0,1,0),(1859,314,'Page Header',0,214,0,0),(1860,314,'Main',0,0,0,0),(1861,314,'Action-Item-Left',0,0,1,0),(1862,314,'Action-Item-Middle',0,0,1,0),(1863,314,'Action-Item-Right',0,0,1,0),(1864,136,'Main',1,0,0,0),(1865,366,'Main',1,0,0,0),(1866,131,'Main',1,0,0,0),(1867,374,'Main',1,0,0,0);
/*!40000 ALTER TABLE `areas` ENABLE KEYS */;
UNLOCK TABLES;

--
-- Table structure for table `ataddress`
--

DROP TABLE IF EXISTS `ataddress`;
/*!40101 SET @saved_cs_client     = @@character_set_client */;
/*!40101 SET character_set_client = utf8 */;
CREATE TABLE `ataddress` (
  `avID` int(10) unsigned NOT NULL DEFAULT '0',
  `address1` varchar(255) COLLATE utf8_unicode_ci DEFAULT NULL,
  `address2` varchar(255) COLLATE utf8_unicode_ci DEFAULT NULL,
  `city` varchar(255) COLLATE utf8_unicode_ci DEFAULT NULL,
  `state_province` varchar(255) COLLATE utf8_unicode_ci DEFAULT NULL,
  `country` varchar(4) COLLATE utf8_unicode_ci DEFAULT NULL,
  `postal_code` varchar(32) COLLATE utf8_unicode_ci DEFAULT NULL,
  PRIMARY KEY (`avID`)
) ENGINE=InnoDB DEFAULT CHARSET=utf8 COLLATE=utf8_unicode_ci;
/*!40101 SET character_set_client = @saved_cs_client */;

--
-- Dumping data for table `ataddress`
--

LOCK TABLES `ataddress` WRITE;
/*!40000 ALTER TABLE `ataddress` DISABLE KEYS */;
/*!40000 ALTER TABLE `ataddress` ENABLE KEYS */;
UNLOCK TABLES;

--
-- Table structure for table `ataddresscustomcountries`
--

DROP TABLE IF EXISTS `ataddresscustomcountries`;
/*!40101 SET @saved_cs_client     = @@character_set_client */;
/*!40101 SET character_set_client = utf8 */;
CREATE TABLE `ataddresscustomcountries` (
  `atAddressCustomCountryID` int(10) unsigned NOT NULL AUTO_INCREMENT,
  `akID` int(10) unsigned NOT NULL DEFAULT '0',
  `country` varchar(5) COLLATE utf8_unicode_ci NOT NULL,
  PRIMARY KEY (`atAddressCustomCountryID`),
  KEY `akID` (`akID`)
) ENGINE=InnoDB DEFAULT CHARSET=utf8 COLLATE=utf8_unicode_ci;
/*!40101 SET character_set_client = @saved_cs_client */;

--
-- Dumping data for table `ataddresscustomcountries`
--

LOCK TABLES `ataddresscustomcountries` WRITE;
/*!40000 ALTER TABLE `ataddresscustomcountries` DISABLE KEYS */;
/*!40000 ALTER TABLE `ataddresscustomcountries` ENABLE KEYS */;
UNLOCK TABLES;

--
-- Table structure for table `ataddresssettings`
--

DROP TABLE IF EXISTS `ataddresssettings`;
/*!40101 SET @saved_cs_client     = @@character_set_client */;
/*!40101 SET character_set_client = utf8 */;
CREATE TABLE `ataddresssettings` (
  `akID` int(10) unsigned NOT NULL DEFAULT '0',
  `akHasCustomCountries` tinyint(1) NOT NULL DEFAULT '0',
  `akDefaultCountry` varchar(12) COLLATE utf8_unicode_ci DEFAULT NULL,
  PRIMARY KEY (`akID`)
) ENGINE=InnoDB DEFAULT CHARSET=utf8 COLLATE=utf8_unicode_ci;
/*!40101 SET character_set_client = @saved_cs_client */;

--
-- Dumping data for table `ataddresssettings`
--

LOCK TABLES `ataddresssettings` WRITE;
/*!40000 ALTER TABLE `ataddresssettings` DISABLE KEYS */;
/*!40000 ALTER TABLE `ataddresssettings` ENABLE KEYS */;
UNLOCK TABLES;

--
-- Table structure for table `atboolean`
--

DROP TABLE IF EXISTS `atboolean`;
/*!40101 SET @saved_cs_client     = @@character_set_client */;
/*!40101 SET character_set_client = utf8 */;
CREATE TABLE `atboolean` (
  `avID` int(10) unsigned NOT NULL,
  `value` tinyint(1) NOT NULL DEFAULT '0',
  PRIMARY KEY (`avID`)
) ENGINE=InnoDB DEFAULT CHARSET=utf8 COLLATE=utf8_unicode_ci;
/*!40101 SET character_set_client = @saved_cs_client */;

--
-- Dumping data for table `atboolean`
--

LOCK TABLES `atboolean` WRITE;
/*!40000 ALTER TABLE `atboolean` DISABLE KEYS */;
INSERT INTO `atboolean` VALUES (9,1),(16,1),(18,1),(28,1),(29,1),(30,1),(31,1),(32,1),(33,1),(34,1),(35,1),(42,1),(43,1),(47,1),(51,1),(98,1),(105,1),(106,1),(107,1),(116,1),(117,1),(118,1),(127,1),(128,1),(129,1),(166,1),(168,1),(170,1),(172,1),(173,1),(246,1),(311,1),(347,0),(352,0),(353,1),(354,1),(355,1),(356,1),(357,1),(365,0),(366,1),(376,1),(378,0),(379,1),(380,1),(381,1),(382,1),(383,1),(384,1),(385,1),(386,0),(387,0),(413,0),(417,0),(418,0),(419,0),(420,0),(421,0),(422,0),(435,0),(436,0),(437,0),(438,0),(439,0),(440,0),(690,1),(726,1),(727,1),(778,0),(779,0),(780,0),(781,0),(794,0),(795,0),(822,1),(823,1),(824,1),(825,1),(856,1),(857,1),(858,1),(859,0),(867,1),(868,1),(869,1),(870,1),(871,1),(872,1),(873,1),(874,1),(875,1),(876,1),(877,1),(878,1),(879,1),(880,1),(881,1),(882,1),(883,1),(884,1),(885,1),(886,1),(887,1),(888,1),(889,1),(890,1),(891,1),(896,0),(897,1),(898,1),(899,1),(900,1),(901,1),(902,1),(903,1),(904,1),(905,1),(906,1),(907,1),(908,1),(909,0),(911,1),(913,1),(914,1),(916,1),(918,1),(920,1),(922,1),(924,1),(925,1),(926,1);
/*!40000 ALTER TABLE `atboolean` ENABLE KEYS */;
UNLOCK TABLES;

--
-- Table structure for table `atbooleansettings`
--

DROP TABLE IF EXISTS `atbooleansettings`;
/*!40101 SET @saved_cs_client     = @@character_set_client */;
/*!40101 SET character_set_client = utf8 */;
CREATE TABLE `atbooleansettings` (
  `akID` int(10) unsigned NOT NULL,
  `akCheckedByDefault` tinyint(1) NOT NULL DEFAULT '0',
  PRIMARY KEY (`akID`)
) ENGINE=InnoDB DEFAULT CHARSET=utf8 COLLATE=utf8_unicode_ci;
/*!40101 SET character_set_client = @saved_cs_client */;

--
-- Dumping data for table `atbooleansettings`
--

LOCK TABLES `atbooleansettings` WRITE;
/*!40000 ALTER TABLE `atbooleansettings` DISABLE KEYS */;
INSERT INTO `atbooleansettings` VALUES (5,0),(6,0),(9,0),(10,0),(11,0),(30,0),(38,0),(41,0),(42,0),(43,0),(48,0),(50,0),(59,0);
/*!40000 ALTER TABLE `atbooleansettings` ENABLE KEYS */;
UNLOCK TABLES;

--
-- Table structure for table `atdatetime`
--

DROP TABLE IF EXISTS `atdatetime`;
/*!40101 SET @saved_cs_client     = @@character_set_client */;
/*!40101 SET character_set_client = utf8 */;
CREATE TABLE `atdatetime` (
  `avID` int(10) unsigned NOT NULL,
  `value` datetime DEFAULT '0000-00-00 00:00:00',
  PRIMARY KEY (`avID`)
) ENGINE=InnoDB DEFAULT CHARSET=utf8 COLLATE=utf8_unicode_ci;
/*!40101 SET character_set_client = @saved_cs_client */;

--
-- Dumping data for table `atdatetime`
--

LOCK TABLES `atdatetime` WRITE;
/*!40000 ALTER TABLE `atdatetime` DISABLE KEYS */;
/*!40000 ALTER TABLE `atdatetime` ENABLE KEYS */;
UNLOCK TABLES;

--
-- Table structure for table `atdatetimesettings`
--

DROP TABLE IF EXISTS `atdatetimesettings`;
/*!40101 SET @saved_cs_client     = @@character_set_client */;
/*!40101 SET character_set_client = utf8 */;
CREATE TABLE `atdatetimesettings` (
  `akID` int(10) unsigned NOT NULL,
  `akDateDisplayMode` varchar(255) COLLATE utf8_unicode_ci DEFAULT NULL,
  PRIMARY KEY (`akID`)
) ENGINE=InnoDB DEFAULT CHARSET=utf8 COLLATE=utf8_unicode_ci;
/*!40101 SET character_set_client = @saved_cs_client */;

--
-- Dumping data for table `atdatetimesettings`
--

LOCK TABLES `atdatetimesettings` WRITE;
/*!40000 ALTER TABLE `atdatetimesettings` DISABLE KEYS */;
INSERT INTO `atdatetimesettings` VALUES (57,'date_time'),(58,'date_time');
/*!40000 ALTER TABLE `atdatetimesettings` ENABLE KEYS */;
UNLOCK TABLES;

--
-- Table structure for table `atdefault`
--

DROP TABLE IF EXISTS `atdefault`;
/*!40101 SET @saved_cs_client     = @@character_set_client */;
/*!40101 SET character_set_client = utf8 */;
CREATE TABLE `atdefault` (
  `avID` int(10) unsigned NOT NULL,
  `value` longtext COLLATE utf8_unicode_ci,
  PRIMARY KEY (`avID`)
) ENGINE=InnoDB DEFAULT CHARSET=utf8 COLLATE=utf8_unicode_ci;
/*!40101 SET character_set_client = @saved_cs_client */;

--
-- Dumping data for table `atdefault`
--

LOCK TABLES `atdefault` WRITE;
/*!40000 ALTER TABLE `atdefault` DISABLE KEYS */;
INSERT INTO `atdefault` VALUES (1,'fa fa-th-large'),(2,'pages, add page, delete page, copy, move, alias'),(3,'pages, add page, delete page, copy, move, alias'),(4,'pages, add page, delete page, copy, move, alias, bulk'),(5,'find page, search page, search, find, pages, sitemap'),(6,'add file, delete file, copy, move, alias, resize, crop, rename, images, title, attribute'),(7,'file, file attributes, title, attribute, description, rename'),(8,'files, category, categories'),(10,'new file set'),(11,'users, groups, people, find, delete user, remove user, change password, password'),(12,'find, search, people, delete user, remove user, change password, password'),(13,'user, group, people, permissions, expire, badges'),(14,'user attributes, user data, gather data, registration data'),(15,'new user, create'),(17,'new user group, new group, group, create'),(19,'group set'),(20,'community, points, karma'),(21,'action, community actions'),(22,'forms, log, error, email, mysql, exception, survey'),(23,'forms, questions, response, data'),(24,'questions, quiz, response'),(25,'forms, log, error, email, mysql, exception, survey, history'),(26,'new theme, theme, active theme, change theme, template, css'),(27,'page types'),(36,'page attributes, custom'),(37,'single, page, custom, application'),(38,'atom, rss, feed, syndication'),(39,'icon-bullhorn'),(40,'add workflow, remove workflow'),(41,'stacks, reusable content, scrapbook, copy, paste, paste block, copy block, site name, logo'),(44,'edit stacks, view stacks, all stacks'),(45,'block, refresh, custom'),(46,'add-on, addon, add on, package, app, ecommerce, discussions, forums, themes, templates, blocks'),(48,'add-on, addon, ecommerce, install, discussions, forums, themes, templates, blocks'),(49,'update, upgrade'),(50,'concrete5.org, my account, marketplace'),(52,'buy theme, new theme, marketplace, template'),(53,'buy addon, buy add on, buy add-on, purchase addon, purchase add on, purchase add-on, find addon, new addon, marketplace'),(54,'dashboard, configuration'),(55,'website name, title'),(56,'accessibility, easy mode'),(57,'sharing, facebook, twitter'),(58,'logo, favicon, iphone, icon, bookmark'),(59,'tinymce, content block, fonts, editor, content, overlay'),(60,'translate, translation, internationalization, multilingual'),(61,'timezone, profile, locale'),(62,'multilingual, localization, internationalization, i18n'),(63,'vanity, pretty url, seo, pageview, view'),(64,'bulk, seo, change keywords, engine, optimization, search'),(65,'traffic, statistics, google analytics, quant, pageviews, hits'),(66,'pretty, slug'),(67,'configure search, site search, search option'),(68,'file options, file manager, upload, modify'),(69,'security, files, media, extension, manager, upload'),(70,'images, picture, responsive, retina'),(71,'security, alternate storage, hide files'),(72,'cache option, change cache, override, turn on cache, turn off cache, no cache, page cache, caching'),(73,'cache option, turn off cache, no cache, page cache, caching'),(74,'index search, reindex search, build sitemap, sitemap.xml, clear old versions, page versions, remove old'),(75,'queries, database, mysql'),(76,'editors, hide site, offline, private, public, access'),(77,'security, actions, administrator, admin, package, marketplace, search'),(78,'security, lock ip, lock out, block ip, address, restrict, access'),(79,'security, registration'),(80,'antispam, block spam, security'),(81,'lock site, under construction, hide, hidden'),(82,'profile, login, redirect, specific, dashboard, administrators'),(83,'member profile, member page, community, forums, social, avatar'),(84,'signup, new user, community, public registration, public, registration'),(85,'auth, authentication, types, oauth, facebook, login, registration'),(86,'smtp, mail settings'),(87,'email server, mail settings, mail configuration, external, internal'),(88,'test smtp, test mail'),(89,'email server, mail settings, mail configuration, private message, message system, import, email, message'),(90,'conversations'),(91,'conversations'),(92,'conversations ratings, ratings, community, community points'),(93,'conversations bad words, banned words, banned, bad words, bad, words, list'),(94,'attribute configuration'),(95,'attributes, sets'),(96,'attributes, types'),(97,'topics, tags, taxonomy'),(99,'overrides, system info, debug, support, help'),(100,'errors, exceptions, develop, support, help'),(101,'email, logging, logs, smtp, pop, errors, mysql, log'),(102,'network, proxy server'),(103,'export, backup, database, sql, mysql, encryption, restore'),(104,'upgrade, new version, update'),(108,'fa fa-edit'),(109,'fa fa-trash-o'),(110,'fa fa-th'),(111,'fa fa-briefcase'),(119,'conversation, discussion, forum, guestbook'),(120,'analytics, pageview, visit, engagement'),(121,'conversation, discussion, forum, guestbook'),(122,'analytics, pageview, visit, engagement'),(123,'conversation, discussion, forum, guestbook'),(124,'analytics, pageview, visit, engagement'),(125,'conversation, discussion, forum, guestbook'),(126,'analytics, pageview, visit, engagement'),(130,'questions, quiz, response'),(131,'forms, questions, response, data'),(167,'add file, delete file, copy, move, alias, resize, crop, rename, images, title, attribute'),(169,'find, search, people, delete user, remove user, change password, password'),(171,'pages, add page, delete page, copy, move, alias'),(174,'add workflow, remove workflow'),(175,'hive-alert-2'),(176,'hive-bubble-attention-6'),(177,'hive-plane-paper-1'),(178,'hive-file-table'),(179,'forms, log, error, email, mysql, exception, survey'),(180,'hive-business-chart-2'),(181,'hive-clip-1'),(182,'users, groups, people, find, delete user, remove user, change password, password'),(183,'hive-contacts-2'),(184,'pages, add page, delete page, copy, move, alias'),(185,'hive-hierarchy-3'),(186,'hive-palette'),(187,'hive-chat-4'),(188,'hive-windows-selection'),(189,'add-on, addon, add on, package, app, ecommerce, discussions, forums, themes, templates, blocks'),(190,'hive-window-add'),(191,'dashboard, configuration'),(192,'hive-wrench'),(251,'database, entities, doctrine, orm'),(288,'forms, log, error, email, mysql, exception, survey'),(289,'hive-business-chart-2'),(343,''),(344,''),(345,''),(346,''),(348,''),(349,''),(350,''),(351,''),(373,''),(374,''),(375,''),(377,''),(830,''),(831,''),(832,''),(833,''),(834,''),(835,''),(838,''),(839,''),(840,''),(841,''),(842,''),(843,''),(860,''),(861,''),(862,''),(863,''),(866,'hive-wrench'),(892,''),(893,''),(894,''),(895,''),(910,'hive-plane-paper-1'),(912,'hive-window-add'),(915,'hive-file-table'),(917,'hive-file-table'),(919,'hive-file-table'),(921,'hive-file-table'),(923,'hive-file-table');
/*!40000 ALTER TABLE `atdefault` ENABLE KEYS */;
UNLOCK TABLES;

--
-- Table structure for table `atfile`
--

DROP TABLE IF EXISTS `atfile`;
/*!40101 SET @saved_cs_client     = @@character_set_client */;
/*!40101 SET character_set_client = utf8 */;
CREATE TABLE `atfile` (
  `avID` int(10) unsigned NOT NULL,
  `fID` int(10) unsigned NOT NULL,
  PRIMARY KEY (`avID`),
  KEY `fID` (`fID`)
) ENGINE=InnoDB DEFAULT CHARSET=utf8 COLLATE=utf8_unicode_ci;
/*!40101 SET character_set_client = @saved_cs_client */;

--
-- Dumping data for table `atfile`
--

LOCK TABLES `atfile` WRITE;
/*!40000 ALTER TABLE `atfile` DISABLE KEYS */;
/*!40000 ALTER TABLE `atfile` ENABLE KEYS */;
UNLOCK TABLES;

--
-- Table structure for table `atgoogleplaces`
--

DROP TABLE IF EXISTS `atgoogleplaces`;
/*!40101 SET @saved_cs_client     = @@character_set_client */;
/*!40101 SET character_set_client = utf8 */;
CREATE TABLE `atgoogleplaces` (
  `avID` int(10) unsigned NOT NULL,
  `address` text COLLATE utf8_unicode_ci,
  `lat` varchar(50) COLLATE utf8_unicode_ci DEFAULT NULL,
  `lng` varchar(50) COLLATE utf8_unicode_ci DEFAULT NULL,
  PRIMARY KEY (`avID`)
) ENGINE=InnoDB DEFAULT CHARSET=utf8 COLLATE=utf8_unicode_ci;
/*!40101 SET character_set_client = @saved_cs_client */;

--
-- Dumping data for table `atgoogleplaces`
--

LOCK TABLES `atgoogleplaces` WRITE;
/*!40000 ALTER TABLE `atgoogleplaces` DISABLE KEYS */;
/*!40000 ALTER TABLE `atgoogleplaces` ENABLE KEYS */;
UNLOCK TABLES;

--
-- Table structure for table `atgoogleplacessettings`
--

DROP TABLE IF EXISTS `atgoogleplacessettings`;
/*!40101 SET @saved_cs_client     = @@character_set_client */;
/*!40101 SET character_set_client = utf8 */;
CREATE TABLE `atgoogleplacessettings` (
  `akID` int(10) unsigned NOT NULL,
  `address` varchar(100) COLLATE utf8_unicode_ci DEFAULT NULL,
  `lat` varchar(50) COLLATE utf8_unicode_ci DEFAULT NULL,
  `lng` varchar(50) COLLATE utf8_unicode_ci DEFAULT NULL,
  `zoom` tinyint(1) DEFAULT NULL,
  `west` varchar(50) COLLATE utf8_unicode_ci DEFAULT NULL,
  `east` varchar(50) COLLATE utf8_unicode_ci DEFAULT NULL,
  `north` varchar(50) COLLATE utf8_unicode_ci DEFAULT NULL,
  `south` varchar(50) COLLATE utf8_unicode_ci DEFAULT NULL,
  `country_code` varchar(5) COLLATE utf8_unicode_ci DEFAULT NULL,
  PRIMARY KEY (`akID`)
) ENGINE=InnoDB DEFAULT CHARSET=utf8 COLLATE=utf8_unicode_ci;
/*!40101 SET character_set_client = @saved_cs_client */;

--
-- Dumping data for table `atgoogleplacessettings`
--

LOCK TABLES `atgoogleplacessettings` WRITE;
/*!40000 ALTER TABLE `atgoogleplacessettings` DISABLE KEYS */;
INSERT INTO `atgoogleplacessettings` VALUES (54,NULL,NULL,NULL,NULL,NULL,NULL,NULL,NULL,NULL);
/*!40000 ALTER TABLE `atgoogleplacessettings` ENABLE KEYS */;
UNLOCK TABLES;

--
-- Table structure for table `atnumber`
--

DROP TABLE IF EXISTS `atnumber`;
/*!40101 SET @saved_cs_client     = @@character_set_client */;
/*!40101 SET character_set_client = utf8 */;
CREATE TABLE `atnumber` (
  `avID` int(10) unsigned NOT NULL,
  `value` decimal(14,4) DEFAULT '0.0000',
  PRIMARY KEY (`avID`)
) ENGINE=InnoDB DEFAULT CHARSET=utf8 COLLATE=utf8_unicode_ci;
/*!40101 SET character_set_client = @saved_cs_client */;

--
-- Dumping data for table `atnumber`
--

LOCK TABLES `atnumber` WRITE;
/*!40000 ALTER TABLE `atnumber` DISABLE KEYS */;
INSERT INTO `atnumber` VALUES (515,49.0000),(516,49.0000),(782,750.0000),(783,1334.0000),(784,3000.0000),(785,1688.0000),(786,4008.0000),(787,2719.0000),(802,890.0000),(803,593.0000),(804,2000.0000),(805,1335.0000),(806,4224.0000),(807,2440.0000),(864,1293.0000),(865,228.0000);
/*!40000 ALTER TABLE `atnumber` ENABLE KEYS */;
UNLOCK TABLES;

--
-- Table structure for table `atprojectlocationsettings`
--

DROP TABLE IF EXISTS `atprojectlocationsettings`;
/*!40101 SET @saved_cs_client     = @@character_set_client */;
/*!40101 SET character_set_client = utf8 */;
CREATE TABLE `atprojectlocationsettings` (
  `akID` int(10) unsigned NOT NULL,
  `sitewideBoundary` geometry DEFAULT NULL COMMENT '(DC2Type:geometry)',
  `enableRegions` tinyint(1) NOT NULL DEFAULT '1',
  `enableGeography` tinyint(1) NOT NULL DEFAULT '1',
  `areaTerminology` varchar(255) COLLATE utf8_unicode_ci NOT NULL DEFAULT 'area',
  `areaTerminologyPlural` varchar(255) COLLATE utf8_unicode_ci NOT NULL DEFAULT 'areas',
  `sitewideTerminology` varchar(255) COLLATE utf8_unicode_ci NOT NULL DEFAULT 'sitewide',
  PRIMARY KEY (`akID`)
) ENGINE=InnoDB DEFAULT CHARSET=utf8 COLLATE=utf8_unicode_ci;
/*!40101 SET character_set_client = @saved_cs_client */;

--
-- Dumping data for table `atprojectlocationsettings`
--

LOCK TABLES `atprojectlocationsettings` WRITE;
/*!40000 ALTER TABLE `atprojectlocationsettings` DISABLE KEYS */;
/*!40000 ALTER TABLE `atprojectlocationsettings` ENABLE KEYS */;
UNLOCK TABLES;

--
-- Table structure for table `atprojectlocationsettingsregions`
--

DROP TABLE IF EXISTS `atprojectlocationsettingsregions`;
/*!40101 SET @saved_cs_client     = @@character_set_client */;
/*!40101 SET character_set_client = utf8 */;
CREATE TABLE `atprojectlocationsettingsregions` (
  `regionID` int(10) unsigned NOT NULL AUTO_INCREMENT,
  `akID` int(10) unsigned NOT NULL,
  `name` varchar(50) COLLATE utf8_unicode_ci NOT NULL,
  `boundary` geometry NOT NULL COMMENT '(DC2Type:geometry)',
  PRIMARY KEY (`regionID`,`akID`)
) ENGINE=InnoDB DEFAULT CHARSET=utf8 COLLATE=utf8_unicode_ci;
/*!40101 SET character_set_client = @saved_cs_client */;

--
-- Dumping data for table `atprojectlocationsettingsregions`
--

LOCK TABLES `atprojectlocationsettingsregions` WRITE;
/*!40000 ALTER TABLE `atprojectlocationsettingsregions` DISABLE KEYS */;
/*!40000 ALTER TABLE `atprojectlocationsettingsregions` ENABLE KEYS */;
UNLOCK TABLES;

--
-- Table structure for table `atprojectlocationvalues`
--

DROP TABLE IF EXISTS `atprojectlocationvalues`;
/*!40101 SET @saved_cs_client     = @@character_set_client */;
/*!40101 SET character_set_client = utf8 */;
CREATE TABLE `atprojectlocationvalues` (
  `avID` int(10) unsigned NOT NULL,
  `isSitewide` tinyint(1) NOT NULL DEFAULT '1',
  PRIMARY KEY (`avID`)
) ENGINE=InnoDB DEFAULT CHARSET=utf8 COLLATE=utf8_unicode_ci;
/*!40101 SET character_set_client = @saved_cs_client */;

--
-- Dumping data for table `atprojectlocationvalues`
--

LOCK TABLES `atprojectlocationvalues` WRITE;
/*!40000 ALTER TABLE `atprojectlocationvalues` DISABLE KEYS */;
/*!40000 ALTER TABLE `atprojectlocationvalues` ENABLE KEYS */;
UNLOCK TABLES;

--
-- Table structure for table `atprojectlocationvaluesgeographies`
--

DROP TABLE IF EXISTS `atprojectlocationvaluesgeographies`;
/*!40101 SET @saved_cs_client     = @@character_set_client */;
/*!40101 SET character_set_client = utf8 */;
CREATE TABLE `atprojectlocationvaluesgeographies` (
  `geometryID` int(10) unsigned NOT NULL AUTO_INCREMENT,
  `avID` int(10) unsigned NOT NULL,
  `geometry` geometry NOT NULL COMMENT '(DC2Type:geometry)',
  PRIMARY KEY (`geometryID`,`avID`)
) ENGINE=InnoDB DEFAULT CHARSET=utf8 COLLATE=utf8_unicode_ci;
/*!40101 SET character_set_client = @saved_cs_client */;

--
-- Dumping data for table `atprojectlocationvaluesgeographies`
--

LOCK TABLES `atprojectlocationvaluesgeographies` WRITE;
/*!40000 ALTER TABLE `atprojectlocationvaluesgeographies` DISABLE KEYS */;
/*!40000 ALTER TABLE `atprojectlocationvaluesgeographies` ENABLE KEYS */;
UNLOCK TABLES;

--
-- Table structure for table `atprojectlocationvaluesregions`
--

DROP TABLE IF EXISTS `atprojectlocationvaluesregions`;
/*!40101 SET @saved_cs_client     = @@character_set_client */;
/*!40101 SET character_set_client = utf8 */;
CREATE TABLE `atprojectlocationvaluesregions` (
  `avID` int(10) unsigned NOT NULL,
  `regionID` int(10) unsigned NOT NULL,
  PRIMARY KEY (`avID`,`regionID`)
) ENGINE=InnoDB DEFAULT CHARSET=utf8 COLLATE=utf8_unicode_ci;
/*!40101 SET character_set_client = @saved_cs_client */;

--
-- Dumping data for table `atprojectlocationvaluesregions`
--

LOCK TABLES `atprojectlocationvaluesregions` WRITE;
/*!40000 ALTER TABLE `atprojectlocationvaluesregions` DISABLE KEYS */;
/*!40000 ALTER TABLE `atprojectlocationvaluesregions` ENABLE KEYS */;
UNLOCK TABLES;

--
-- Table structure for table `atprojectusers`
--

DROP TABLE IF EXISTS `atprojectusers`;
/*!40101 SET @saved_cs_client     = @@character_set_client */;
/*!40101 SET character_set_client = utf8 */;
CREATE TABLE `atprojectusers` (
  `avID` int(10) unsigned NOT NULL,
  `uID` int(10) unsigned NOT NULL,
  `roleID` int(10) unsigned DEFAULT NULL,
  PRIMARY KEY (`avID`,`uID`)
) ENGINE=InnoDB DEFAULT CHARSET=utf8 COLLATE=utf8_unicode_ci;
/*!40101 SET character_set_client = @saved_cs_client */;

--
-- Dumping data for table `atprojectusers`
--

LOCK TABLES `atprojectusers` WRITE;
/*!40000 ALTER TABLE `atprojectusers` DISABLE KEYS */;
/*!40000 ALTER TABLE `atprojectusers` ENABLE KEYS */;
UNLOCK TABLES;

--
-- Table structure for table `atprojectusersroles`
--

DROP TABLE IF EXISTS `atprojectusersroles`;
/*!40101 SET @saved_cs_client     = @@character_set_client */;
/*!40101 SET character_set_client = utf8 */;
CREATE TABLE `atprojectusersroles` (
  `roleID` int(10) unsigned NOT NULL AUTO_INCREMENT,
  `roleName` varchar(100) COLLATE utf8_unicode_ci NOT NULL,
  PRIMARY KEY (`roleID`)
) ENGINE=InnoDB AUTO_INCREMENT=7 DEFAULT CHARSET=utf8 COLLATE=utf8_unicode_ci;
/*!40101 SET character_set_client = @saved_cs_client */;

--
-- Dumping data for table `atprojectusersroles`
--

LOCK TABLES `atprojectusersroles` WRITE;
/*!40000 ALTER TABLE `atprojectusersroles` DISABLE KEYS */;
INSERT INTO `atprojectusersroles` VALUES (1,'Project Lead'),(2,'Project Author'),(3,'Facilitator'),(4,'Private User'),(5,'Team Lead'),(6,'Preview User');
/*!40000 ALTER TABLE `atprojectusersroles` ENABLE KEYS */;
UNLOCK TABLES;

--
-- Table structure for table `atprojectusersrolesgroups`
--

DROP TABLE IF EXISTS `atprojectusersrolesgroups`;
/*!40101 SET @saved_cs_client     = @@character_set_client */;
/*!40101 SET character_set_client = utf8 */;
CREATE TABLE `atprojectusersrolesgroups` (
  `roleID` int(10) unsigned NOT NULL,
  `gID` int(10) unsigned NOT NULL,
  PRIMARY KEY (`roleID`,`gID`)
) ENGINE=InnoDB DEFAULT CHARSET=utf8 COLLATE=utf8_unicode_ci;
/*!40101 SET character_set_client = @saved_cs_client */;

--
-- Dumping data for table `atprojectusersrolesgroups`
--

LOCK TABLES `atprojectusersrolesgroups` WRITE;
/*!40000 ALTER TABLE `atprojectusersrolesgroups` DISABLE KEYS */;
INSERT INTO `atprojectusersrolesgroups` VALUES (1,9),(2,9),(5,3),(6,9);
/*!40000 ALTER TABLE `atprojectusersrolesgroups` ENABLE KEYS */;
UNLOCK TABLES;

--
-- Table structure for table `atprojectusersrolespermissions`
--

DROP TABLE IF EXISTS `atprojectusersrolespermissions`;
/*!40101 SET @saved_cs_client     = @@character_set_client */;
/*!40101 SET character_set_client = utf8 */;
CREATE TABLE `atprojectusersrolespermissions` (
  `roleID` int(10) unsigned NOT NULL,
  `pkHandle` varchar(255) COLLATE utf8_unicode_ci NOT NULL,
  PRIMARY KEY (`roleID`,`pkHandle`)
) ENGINE=InnoDB DEFAULT CHARSET=utf8 COLLATE=utf8_unicode_ci;
/*!40101 SET character_set_client = @saved_cs_client */;

--
-- Dumping data for table `atprojectusersrolespermissions`
--

LOCK TABLES `atprojectusersrolespermissions` WRITE;
/*!40000 ALTER TABLE `atprojectusersrolespermissions` DISABLE KEYS */;
INSERT INTO `atprojectusersrolespermissions` VALUES (1,'add_file'),(1,'add_subpage'),(1,'approve_basic_workflow_action'),(1,'approve_draft'),(1,'approve_feedback'),(1,'approve_page_versions'),(1,'copy_file_set_files'),(1,'delete_file_set_files'),(1,'delete_page'),(1,'edit_file_set_file_contents'),(1,'edit_file_set_file_properties'),(1,'edit_page_contents'),(1,'edit_page_properties'),(1,'edit_page_template'),(1,'moderate_referred_feedback'),(1,'notify_on_basic_workflow_approve'),(1,'notify_on_basic_workflow_deny'),(1,'notify_on_basic_workflow_entry'),(1,'reject_feedback'),(1,'search_file_set'),(1,'view_file_set_file'),(1,'view_moderation_log'),(1,'view_page'),(1,'view_page_in_sitemap'),(1,'view_page_versions'),(1,'view_personal_details'),(1,'view_project_report'),(2,'add_file'),(2,'add_subpage'),(2,'approve_feedback'),(2,'approve_page_versions'),(2,'copy_file_set_files'),(2,'delete_file_set_files'),(2,'delete_page'),(2,'edit_file_set_file_contents'),(2,'edit_file_set_file_properties'),(2,'edit_page_contents'),(2,'edit_page_properties'),(2,'edit_page_template'),(2,'moderate_referred_feedback'),(2,'reject_feedback'),(2,'search_file_set'),(2,'view_file_set_file'),(2,'view_moderation_log'),(2,'view_page'),(2,'view_page_in_sitemap'),(2,'view_page_versions'),(2,'view_personal_details'),(2,'view_project_report'),(3,'view_page'),(4,'view_page'),(5,'add_file'),(5,'add_subpage'),(5,'approve_basic_workflow_action'),(5,'approve_draft'),(5,'approve_feedback'),(5,'approve_page_versions'),(5,'copy_file_set_files'),(5,'delete_file_set_files'),(5,'delete_page'),(5,'edit_file_set_file_contents'),(5,'edit_file_set_file_properties'),(5,'edit_page_contents'),(5,'edit_page_properties'),(5,'edit_page_template'),(5,'moderate_referred_feedback'),(5,'notify_on_basic_workflow_entry'),(5,'reject_feedback'),(5,'search_file_set'),(5,'view_file_set_file'),(5,'view_moderation_log'),(5,'view_page'),(5,'view_page_in_sitemap'),(5,'view_page_versions'),(5,'view_personal_details'),(5,'view_project_report'),(6,'view_page'),(6,'view_page_versions');
/*!40000 ALTER TABLE `atprojectusersrolespermissions` ENABLE KEYS */;
UNLOCK TABLES;

--
-- Table structure for table `atprojectusersrolesprojectattributes`
--

DROP TABLE IF EXISTS `atprojectusersrolesprojectattributes`;
/*!40101 SET @saved_cs_client     = @@character_set_client */;
/*!40101 SET character_set_client = utf8 */;
CREATE TABLE `atprojectusersrolesprojectattributes` (
  `roleID` int(10) unsigned NOT NULL,
  `akID` int(10) unsigned NOT NULL,
  PRIMARY KEY (`roleID`,`akID`)
) ENGINE=InnoDB DEFAULT CHARSET=utf8 COLLATE=utf8_unicode_ci;
/*!40101 SET character_set_client = @saved_cs_client */;

--
-- Dumping data for table `atprojectusersrolesprojectattributes`
--

LOCK TABLES `atprojectusersrolesprojectattributes` WRITE;
/*!40000 ALTER TABLE `atprojectusersrolesprojectattributes` DISABLE KEYS */;
INSERT INTO `atprojectusersrolesprojectattributes` VALUES (1,20),(1,21),(1,32),(1,33),(1,34),(1,46),(1,47),(1,48),(2,20),(2,21),(2,32),(2,33),(2,46),(2,47),(2,48),(5,20),(5,21),(5,32),(5,33),(5,34),(5,44),(5,45),(5,46),(5,47),(5,48);
/*!40000 ALTER TABLE `atprojectusersrolesprojectattributes` ENABLE KEYS */;
UNLOCK TABLES;

--
-- Table structure for table `atselectedtopics`
--

DROP TABLE IF EXISTS `atselectedtopics`;
/*!40101 SET @saved_cs_client     = @@character_set_client */;
/*!40101 SET character_set_client = utf8 */;
CREATE TABLE `atselectedtopics` (
  `avID` int(10) unsigned NOT NULL,
  `TopicNodeID` int(11) NOT NULL,
  PRIMARY KEY (`avID`,`TopicNodeID`),
  KEY `TopicNodeID` (`TopicNodeID`)
) ENGINE=InnoDB DEFAULT CHARSET=utf8 COLLATE=utf8_unicode_ci;
/*!40101 SET character_set_client = @saved_cs_client */;

--
-- Dumping data for table `atselectedtopics`
--

LOCK TABLES `atselectedtopics` WRITE;
/*!40000 ALTER TABLE `atselectedtopics` DISABLE KEYS */;
/*!40000 ALTER TABLE `atselectedtopics` ENABLE KEYS */;
UNLOCK TABLES;

--
-- Table structure for table `atselectoptions`
--

DROP TABLE IF EXISTS `atselectoptions`;
/*!40101 SET @saved_cs_client     = @@character_set_client */;
/*!40101 SET character_set_client = utf8 */;
CREATE TABLE `atselectoptions` (
  `ID` int(10) unsigned NOT NULL AUTO_INCREMENT,
  `akID` int(10) unsigned DEFAULT NULL,
  `value` varchar(255) COLLATE utf8_unicode_ci DEFAULT NULL,
  `displayOrder` int(10) unsigned DEFAULT NULL,
  `isEndUserAdded` tinyint(1) NOT NULL DEFAULT '0',
  `isHidden` tinyint(1) NOT NULL DEFAULT '0',
  PRIMARY KEY (`ID`),
  KEY `akID` (`akID`,`displayOrder`),
  KEY `value` (`value`)
) ENGINE=InnoDB AUTO_INCREMENT=68 DEFAULT CHARSET=utf8 COLLATE=utf8_unicode_ci;
/*!40101 SET character_set_client = @saved_cs_client */;

--
-- Dumping data for table `atselectoptions`
--

LOCK TABLES `atselectoptions` WRITE;
/*!40000 ALTER TABLE `atselectoptions` DISABLE KEYS */;
INSERT INTO `atselectoptions` VALUES (1,18,'Arts & Culture',0,0,0),(2,18,'Parks & Recreation',1,0,0),(3,18,'Community Health & Wellbeing',2,0,0),(4,18,'Strategic Planning',3,0,0),(5,18,'Urban Design',4,0,0),(6,18,'Access & Movement',5,0,0),(7,20,'Open',0,0,0),(8,20,'Active',1,0,0),(9,20,'Closed',2,0,0),(10,21,'Public',0,0,0),(11,21,'Private',1,0,0),(12,26,'Male',0,0,0),(13,26,'Female',1,0,0),(14,26,'Other identity',2,0,0),(15,27,'Under 9',0,0,0),(16,27,'10-14',1,0,0),(17,27,'15-19',2,0,0),(18,27,'20-24',3,0,0),(19,27,'25-29',4,0,0),(20,27,'30-34',5,0,0),(21,27,'35-39',6,0,0),(22,27,'40-44',7,0,0),(23,33,'Arts & Culture',0,0,0),(24,33,'Parks & Recreation',1,0,0),(25,33,'Community Health & Wellbeing',2,0,0),(26,33,'Strategic Planning',3,0,0),(27,33,'Urban Design',4,0,0),(28,33,'Access & Movement',5,0,0),(29,32,'Location 1',0,0,0),(30,32,'Location 2',1,0,0),(31,32,'Location 3',2,0,0),(32,27,'45-49',8,0,0),(33,27,'50-54',9,0,0),(34,27,'55-59',10,0,0),(35,27,'60-64',11,0,0),(36,27,'65-69',12,0,0),(37,27,'70-74',13,0,0),(38,27,'75-79',14,0,0),(39,27,'80-84',15,0,0),(40,27,'85 and over',16,0,0),(41,40,'Location 1',0,0,0),(42,40,'Location 2',1,0,0),(43,40,'Location 3',2,0,0),(44,39,'Access & Movement',0,0,0),(45,39,'Arts & Culture',1,0,0),(46,39,'Community Health & Wellbeing',2,0,0),(47,39,'Parks & Recreation',3,0,0),(48,39,'Strategic Planning',4,0,0),(49,39,'Urban Design',5,0,0),(50,61,'Workshop',0,0,0),(51,61,'Focus Group',1,0,0),(52,61,'Town Hall',2,0,0),(53,61,'Open House',3,0,0),(54,61,'Citizen Jury',4,0,0),(55,61,'Drop-In Session',5,0,0),(56,61,'Pop-up',6,0,0),(57,61,'Lecture',7,0,0),(58,61,'Seminar',8,0,0),(59,61,'Forum',9,0,0),(60,61,'Training',10,0,0),(61,61,'Roundtable',11,0,0),(62,61,'Panel Discussion',12,0,0),(63,61,'Community Event',13,0,0),(64,61,'Stakeholder Event',14,0,0),(65,61,'Information Session',15,0,0),(66,61,'Pecha Kucha',16,0,0),(67,61,'Festival',17,0,0);
/*!40000 ALTER TABLE `atselectoptions` ENABLE KEYS */;
UNLOCK TABLES;

--
-- Table structure for table `atselectoptionsselected`
--

DROP TABLE IF EXISTS `atselectoptionsselected`;
/*!40101 SET @saved_cs_client     = @@character_set_client */;
/*!40101 SET character_set_client = utf8 */;
CREATE TABLE `atselectoptionsselected` (
  `avID` int(10) unsigned NOT NULL,
  `atSelectOptionID` int(10) unsigned NOT NULL,
  PRIMARY KEY (`avID`,`atSelectOptionID`),
  KEY `atSelectOptionID` (`atSelectOptionID`)
) ENGINE=InnoDB DEFAULT CHARSET=utf8 COLLATE=utf8_unicode_ci;
/*!40101 SET character_set_client = @saved_cs_client */;

--
-- Dumping data for table `atselectoptionsselected`
--

LOCK TABLES `atselectoptionsselected` WRITE;
/*!40000 ALTER TABLE `atselectoptionsselected` DISABLE KEYS */;
INSERT INTO `atselectoptionsselected` VALUES (499,1),(505,1),(511,1),(518,2),(499,3),(505,3),(511,3),(518,3),(195,7),(199,7),(204,7),(252,7),(255,7),(258,7),(282,7),(285,7),(290,7),(299,7),(302,7),(305,7),(308,7),(333,7),(337,7),(361,7),(390,7),(395,7),(399,7),(402,7),(405,7),(409,7),(414,7),(423,7),(427,7),(431,7),(441,7),(447,7),(451,7),(461,7),(466,7),(498,7),(504,7),(510,7),(517,7),(525,7),(532,7),(539,7),(544,7),(550,7),(556,7),(562,7),(568,7),(574,7),(580,7),(587,7),(593,7),(598,7),(606,7),(612,7),(617,7),(625,7),(631,7),(637,7),(643,7),(651,7),(659,7),(665,7),(680,7),(685,7),(692,7),(697,7),(702,7),(714,7),(719,7),(730,7),(736,7),(742,7),(748,7),(754,7),(760,7),(766,7),(788,7),(796,7),(844,7),(850,7),(210,8),(216,8),(222,8),(240,8),(243,8),(279,8),(293,8),(444,8),(455,8),(458,8),(471,8),(671,8),(772,8),(810,8),(816,8),(198,10),(207,10),(213,10),(219,10),(225,10),(364,10),(394,10),(408,10),(412,10),(426,10),(430,10),(434,10),(450,10),(454,10),(561,10),(567,10),(573,10),(648,10),(670,10),(693,10),(734,10),(740,10),(746,10),(752,10),(758,10),(770,10),(776,10),(792,10),(800,10),(814,10),(820,10),(848,10),(854,10),(336,11),(393,11),(503,11),(509,11),(522,11),(530,11),(537,11),(549,11),(555,11),(579,11),(585,11),(592,11),(603,11),(611,11),(622,11),(630,11),(636,11),(642,11),(656,11),(664,11),(723,11),(764,11);
/*!40000 ALTER TABLE `atselectoptionsselected` ENABLE KEYS */;
UNLOCK TABLES;

--
-- Table structure for table `atselectsettings`
--

DROP TABLE IF EXISTS `atselectsettings`;
/*!40101 SET @saved_cs_client     = @@character_set_client */;
/*!40101 SET character_set_client = utf8 */;
CREATE TABLE `atselectsettings` (
  `akID` int(10) unsigned NOT NULL,
  `akSelectAllowMultipleValues` tinyint(1) NOT NULL DEFAULT '0',
  `akSelectOptionDisplayOrder` varchar(255) COLLATE utf8_unicode_ci NOT NULL DEFAULT 'display_asc',
  `akSelectAllowOtherValues` tinyint(1) NOT NULL DEFAULT '0',
  `akSelectDefaultOption` varchar(255) COLLATE utf8_unicode_ci DEFAULT NULL,
  PRIMARY KEY (`akID`)
) ENGINE=InnoDB DEFAULT CHARSET=utf8 COLLATE=utf8_unicode_ci;
/*!40101 SET character_set_client = @saved_cs_client */;

--
-- Dumping data for table `atselectsettings`
--

LOCK TABLES `atselectsettings` WRITE;
/*!40000 ALTER TABLE `atselectsettings` DISABLE KEYS */;
INSERT INTO `atselectsettings` VALUES (8,1,'display_asc',1,NULL),(20,0,'display_asc',0,'Select Project Status'),(21,0,'display_asc',0,'Select Project Type'),(26,0,'display_asc',0,NULL),(27,0,'display_asc',0,NULL),(32,1,'alpha_asc',0,NULL),(33,1,'alpha_asc',0,NULL),(39,1,'alpha_asc',0,NULL),(40,1,'alpha_asc',0,NULL),(44,0,'alpha_asc',0,NULL),(45,1,'alpha_asc',0,NULL),(61,0,'alpha_asc',0,NULL);
/*!40000 ALTER TABLE `atselectsettings` ENABLE KEYS */;
UNLOCK TABLES;

--
-- Table structure for table `atsociallinks`
--

DROP TABLE IF EXISTS `atsociallinks`;
/*!40101 SET @saved_cs_client     = @@character_set_client */;
/*!40101 SET character_set_client = utf8 */;
CREATE TABLE `atsociallinks` (
  `avsID` int(10) unsigned NOT NULL AUTO_INCREMENT,
  `avID` int(10) unsigned NOT NULL DEFAULT '0',
  `service` varchar(255) COLLATE utf8_unicode_ci DEFAULT NULL,
  `serviceInfo` varchar(255) COLLATE utf8_unicode_ci DEFAULT NULL,
  PRIMARY KEY (`avsID`),
  KEY `avID` (`avID`,`avsID`)
) ENGINE=InnoDB DEFAULT CHARSET=utf8 COLLATE=utf8_unicode_ci;
/*!40101 SET character_set_client = @saved_cs_client */;

--
-- Dumping data for table `atsociallinks`
--

LOCK TABLES `atsociallinks` WRITE;
/*!40000 ALTER TABLE `atsociallinks` DISABLE KEYS */;
/*!40000 ALTER TABLE `atsociallinks` ENABLE KEYS */;
UNLOCK TABLES;

--
-- Table structure for table `attextareasettings`
--

DROP TABLE IF EXISTS `attextareasettings`;
/*!40101 SET @saved_cs_client     = @@character_set_client */;
/*!40101 SET character_set_client = utf8 */;
CREATE TABLE `attextareasettings` (
  `akID` int(10) unsigned NOT NULL DEFAULT '0',
  `akTextareaDisplayMode` varchar(255) COLLATE utf8_unicode_ci DEFAULT NULL,
  `akTextareaDisplayModeCustomOptions` text COLLATE utf8_unicode_ci,
  `akTextareaEnableCounter` tinyint(1) NOT NULL DEFAULT '0',
  `akTextareaCharLimit` int(10) unsigned NOT NULL DEFAULT '0',
  PRIMARY KEY (`akID`)
) ENGINE=InnoDB DEFAULT CHARSET=utf8 COLLATE=utf8_unicode_ci;
/*!40101 SET character_set_client = @saved_cs_client */;

--
-- Dumping data for table `attextareasettings`
--

LOCK TABLES `attextareasettings` WRITE;
/*!40000 ALTER TABLE `attextareasettings` DISABLE KEYS */;
INSERT INTO `attextareasettings` VALUES (2,'','',0,0),(3,'','',0,0),(4,'','',0,0),(7,'','',0,0),(46,'text','',0,0),(60,'text','',0,0);
/*!40000 ALTER TABLE `attextareasettings` ENABLE KEYS */;
UNLOCK TABLES;

--
-- Table structure for table `attopicsettings`
--

DROP TABLE IF EXISTS `attopicsettings`;
/*!40101 SET @saved_cs_client     = @@character_set_client */;
/*!40101 SET character_set_client = utf8 */;
CREATE TABLE `attopicsettings` (
  `akID` int(10) unsigned NOT NULL DEFAULT '0',
  `akTopicParentNodeID` int(11) DEFAULT NULL,
  `akTopicTreeID` int(11) DEFAULT NULL,
  PRIMARY KEY (`akID`),
  KEY `akTopicTreeID` (`akTopicTreeID`)
) ENGINE=InnoDB DEFAULT CHARSET=utf8 COLLATE=utf8_unicode_ci;
/*!40101 SET character_set_client = @saved_cs_client */;

--
-- Dumping data for table `attopicsettings`
--

LOCK TABLES `attopicsettings` WRITE;
/*!40000 ALTER TABLE `attopicsettings` DISABLE KEYS */;
/*!40000 ALTER TABLE `attopicsettings` ENABLE KEYS */;
UNLOCK TABLES;

--
-- Table structure for table `attributekeycategories`
--

DROP TABLE IF EXISTS `attributekeycategories`;
/*!40101 SET @saved_cs_client     = @@character_set_client */;
/*!40101 SET character_set_client = utf8 */;
CREATE TABLE `attributekeycategories` (
  `akCategoryID` int(10) unsigned NOT NULL AUTO_INCREMENT,
  `akCategoryHandle` varchar(255) COLLATE utf8_unicode_ci NOT NULL,
  `akCategoryAllowSets` smallint(6) NOT NULL DEFAULT '0',
  `pkgID` int(10) unsigned DEFAULT NULL,
  PRIMARY KEY (`akCategoryID`),
  KEY `akCategoryHandle` (`akCategoryHandle`),
  KEY `pkgID` (`pkgID`,`akCategoryID`)
) ENGINE=InnoDB AUTO_INCREMENT=4 DEFAULT CHARSET=utf8 COLLATE=utf8_unicode_ci;
/*!40101 SET character_set_client = @saved_cs_client */;

--
-- Dumping data for table `attributekeycategories`
--

LOCK TABLES `attributekeycategories` WRITE;
/*!40000 ALTER TABLE `attributekeycategories` DISABLE KEYS */;
INSERT INTO `attributekeycategories` VALUES (1,'collection',1,NULL),(2,'user',1,NULL),(3,'file',1,NULL);
/*!40000 ALTER TABLE `attributekeycategories` ENABLE KEYS */;
UNLOCK TABLES;

--
-- Table structure for table `attributekeys`
--

DROP TABLE IF EXISTS `attributekeys`;
/*!40101 SET @saved_cs_client     = @@character_set_client */;
/*!40101 SET character_set_client = utf8 */;
CREATE TABLE `attributekeys` (
  `akID` int(10) unsigned NOT NULL AUTO_INCREMENT,
  `akHandle` varchar(255) COLLATE utf8_unicode_ci NOT NULL,
  `akName` varchar(255) COLLATE utf8_unicode_ci NOT NULL,
  `akIsSearchable` tinyint(1) NOT NULL DEFAULT '0',
  `akIsSearchableIndexed` tinyint(1) NOT NULL DEFAULT '0',
  `akIsAutoCreated` tinyint(1) NOT NULL DEFAULT '0',
  `akIsInternal` tinyint(1) NOT NULL DEFAULT '0',
  `akIsColumnHeader` tinyint(1) NOT NULL DEFAULT '0',
  `akIsEditable` tinyint(1) NOT NULL DEFAULT '0',
  `atID` int(10) unsigned DEFAULT NULL,
  `akCategoryID` int(10) unsigned DEFAULT NULL,
  `pkgID` int(10) unsigned DEFAULT NULL,
  PRIMARY KEY (`akID`),
  UNIQUE KEY `akHandle` (`akHandle`,`akCategoryID`),
  KEY `akCategoryID` (`akCategoryID`),
  KEY `atID` (`atID`),
  KEY `pkgID` (`pkgID`)
) ENGINE=InnoDB AUTO_INCREMENT=62 DEFAULT CHARSET=utf8 COLLATE=utf8_unicode_ci;
/*!40101 SET character_set_client = @saved_cs_client */;

--
-- Dumping data for table `attributekeys`
--

LOCK TABLES `attributekeys` WRITE;
/*!40000 ALTER TABLE `attributekeys` DISABLE KEYS */;
INSERT INTO `attributekeys` VALUES (1,'meta_title','Meta Title',1,1,1,0,0,1,1,1,0),(2,'meta_description','Meta Description',1,1,1,0,0,1,2,1,0),(3,'meta_keywords','Meta Keywords',1,1,1,0,0,1,2,1,0),(4,'icon_dashboard','Dashboard Icon',0,0,1,0,0,1,2,1,0),(5,'exclude_nav','Exclude From Nav',1,1,1,0,0,1,3,1,0),(6,'exclude_page_list','Exclude From Page List',1,1,1,0,0,1,3,1,0),(7,'header_extra_content','Header Extra Content',1,1,1,0,0,1,2,1,0),(8,'tags','Tags',1,1,1,0,0,1,8,1,0),(9,'is_featured','Is Featured',1,0,1,0,0,1,3,1,0),(10,'exclude_search_index','Exclude From Search Index',1,1,1,0,0,1,3,1,0),(11,'exclude_sitemapxml','Exclude From sitemap.xml',1,1,1,0,0,1,3,1,0),(14,'width','Width',1,1,1,0,0,1,6,3,0),(15,'height','Height',1,1,1,0,0,1,6,3,0),(16,'account_profile_links','Personal Links',0,0,0,0,0,1,11,2,0),(17,'duration','Duration',1,1,1,0,0,1,6,3,0),(20,'project_status','Project Status',0,0,0,0,0,1,8,1,0),(21,'project_type','Project Type',0,0,0,0,0,1,8,1,0),(25,'postcode','Postcode',1,0,0,0,0,1,1,2,0),(26,'gender','Gender',1,0,0,0,0,1,8,2,0),(27,'age_group','Age Group',1,0,0,0,0,1,8,2,0),(29,'year_of_birth','Year of Birth',1,0,0,0,0,1,17,2,0),(30,'include_footer','Include in Footer',1,1,0,0,0,1,3,1,0),(32,'project_location','Project Locations',1,1,0,0,0,1,8,1,0),(33,'project_category','Project Categories',1,1,0,0,0,1,8,1,0),(34,'project_users','Project Users',0,0,0,0,0,1,16,1,6),(35,'first_name','First Name',1,0,0,0,0,1,1,2,0),(36,'last_name','Last Name',1,0,0,0,0,1,1,2,0),(37,'project_wfID','Project wfID',0,0,1,1,0,1,1,1,6),(38,'privacy_statement','I agree to the privacy statement',0,0,0,0,0,1,3,2,0),(39,'member_interests','Interests',1,0,0,0,0,1,8,2,0),(40,'member_locations','Locations',1,0,0,0,0,1,8,2,0),(41,'interest_notifications','I would like to stay informed of any future projects in my area of interests',1,0,0,0,0,1,3,2,0),(42,'newsletter','I would like to receive monthly newsletter',1,0,0,0,0,1,3,2,0),(43,'first_publish','Publishing for the first time',0,0,0,1,0,1,3,1,6),(44,'project_team','Project Team',1,1,0,0,0,1,8,1,11),(45,'project_groups','Project Groups',1,1,0,0,0,1,8,1,11),(46,'news_summary','News Summary',0,0,0,0,0,1,2,1,0),(47,'news_image','News Image',0,0,0,0,0,1,5,1,0),(48,'send_notification','Send email notification',1,0,0,0,0,1,3,1,0),(49,'project_image','Project Image',0,0,0,0,0,1,5,1,11),(50,'project_follow','Enable project follow',0,0,0,0,0,1,3,1,6),(51,'project_location_spatial','Project Area Map',0,0,0,0,0,1,18,1,6),(52,'event_image','Events Image',0,0,0,0,0,1,5,1,9),(53,'event_venue','Events Venue',0,1,0,0,0,1,1,1,9),(54,'event_address','Events Address',0,1,0,0,0,1,19,1,9),(55,'event_rsvp_link','Event RSVP Link',0,0,0,0,0,1,1,1,9),(56,'event_rsvp_text','Event RSVP Text',0,0,0,0,0,1,1,1,9),(57,'event_start_date','Event Start Date & Time',0,1,0,0,0,1,4,1,9),(58,'event_end_date','Event End Date & Time',0,1,0,0,0,1,4,1,9),(59,'send_event_notification','Send email notification',1,0,0,0,0,1,3,1,9),(60,'email_content','Email content',1,0,0,0,0,1,2,1,9),(61,'event_type','Event Type',1,0,0,0,0,1,8,1,9);
/*!40000 ALTER TABLE `attributekeys` ENABLE KEYS */;
UNLOCK TABLES;

--
-- Table structure for table `attributesetkeys`
--

DROP TABLE IF EXISTS `attributesetkeys`;
/*!40101 SET @saved_cs_client     = @@character_set_client */;
/*!40101 SET character_set_client = utf8 */;
CREATE TABLE `attributesetkeys` (
  `akID` int(10) unsigned NOT NULL DEFAULT '0',
  `asID` int(10) unsigned NOT NULL DEFAULT '0',
  `displayOrder` int(10) unsigned NOT NULL DEFAULT '0',
  PRIMARY KEY (`akID`,`asID`),
  KEY `asID` (`asID`,`displayOrder`)
) ENGINE=InnoDB DEFAULT CHARSET=utf8 COLLATE=utf8_unicode_ci;
/*!40101 SET character_set_client = @saved_cs_client */;

--
-- Dumping data for table `attributesetkeys`
--

LOCK TABLES `attributesetkeys` WRITE;
/*!40000 ALTER TABLE `attributesetkeys` DISABLE KEYS */;
INSERT INTO `attributesetkeys` VALUES (1,1,1),(2,1,2),(3,1,3),(7,1,4),(11,1,5),(9,2,1),(5,2,2),(6,2,3),(10,2,4),(8,2,5),(30,2,6),(20,3,0),(18,3,1),(21,3,1),(33,3,2),(32,3,3),(34,3,4),(37,3,5),(43,3,6),(44,3,7),(45,3,8),(49,3,9),(50,3,10),(51,3,11),(46,4,1),(47,4,2),(48,4,3),(52,5,1),(53,5,2),(54,5,3),(55,5,4),(56,5,5),(57,5,6),(58,5,7),(59,5,8),(60,5,9),(61,5,10);
/*!40000 ALTER TABLE `attributesetkeys` ENABLE KEYS */;
UNLOCK TABLES;

--
-- Table structure for table `attributesets`
--

DROP TABLE IF EXISTS `attributesets`;
/*!40101 SET @saved_cs_client     = @@character_set_client */;
/*!40101 SET character_set_client = utf8 */;
CREATE TABLE `attributesets` (
  `asID` int(10) unsigned NOT NULL AUTO_INCREMENT,
  `asName` varchar(255) COLLATE utf8_unicode_ci DEFAULT NULL,
  `asHandle` varchar(255) COLLATE utf8_unicode_ci NOT NULL,
  `akCategoryID` int(10) unsigned NOT NULL DEFAULT '0',
  `pkgID` int(10) unsigned NOT NULL DEFAULT '0',
  `asIsLocked` tinyint(1) NOT NULL DEFAULT '1',
  `asDisplayOrder` int(10) unsigned NOT NULL DEFAULT '0',
  PRIMARY KEY (`asID`),
  UNIQUE KEY `asHandle` (`asHandle`),
  KEY `akCategoryID` (`akCategoryID`,`asDisplayOrder`),
  KEY `pkgID` (`pkgID`,`asID`)
) ENGINE=InnoDB AUTO_INCREMENT=6 DEFAULT CHARSET=utf8 COLLATE=utf8_unicode_ci;
/*!40101 SET character_set_client = @saved_cs_client */;

--
-- Dumping data for table `attributesets`
--

LOCK TABLES `attributesets` WRITE;
/*!40000 ALTER TABLE `attributesets` DISABLE KEYS */;
INSERT INTO `attributesets` VALUES (1,'SEO','seo',1,0,0,0),(2,'Navigation and Indexing','navigation',1,0,0,1),(3,'Project','project',1,0,1,2),(4,'News','news',1,0,1,3),(5,'Events Page','events',1,9,1,4);
/*!40000 ALTER TABLE `attributesets` ENABLE KEYS */;
UNLOCK TABLES;

--
-- Table structure for table `attributetypecategories`
--

DROP TABLE IF EXISTS `attributetypecategories`;
/*!40101 SET @saved_cs_client     = @@character_set_client */;
/*!40101 SET character_set_client = utf8 */;
CREATE TABLE `attributetypecategories` (
  `atID` int(10) unsigned NOT NULL DEFAULT '0',
  `akCategoryID` int(10) unsigned NOT NULL DEFAULT '0',
  PRIMARY KEY (`atID`,`akCategoryID`),
  KEY `akCategoryID` (`akCategoryID`)
) ENGINE=InnoDB DEFAULT CHARSET=utf8 COLLATE=utf8_unicode_ci;
/*!40101 SET character_set_client = @saved_cs_client */;

--
-- Dumping data for table `attributetypecategories`
--

LOCK TABLES `attributetypecategories` WRITE;
/*!40000 ALTER TABLE `attributetypecategories` DISABLE KEYS */;
INSERT INTO `attributetypecategories` VALUES (1,1),(2,1),(3,1),(4,1),(5,1),(6,1),(7,1),(8,1),(10,1),(17,1),(18,1),(19,1),(1,2),(2,2),(3,2),(4,2),(6,2),(8,2),(9,2),(10,2),(11,2),(17,2),(19,2),(1,3),(2,3),(3,3),(4,3),(6,3),(7,3),(8,3),(10,3),(17,3);
/*!40000 ALTER TABLE `attributetypecategories` ENABLE KEYS */;
UNLOCK TABLES;

--
-- Table structure for table `attributetypes`
--

DROP TABLE IF EXISTS `attributetypes`;
/*!40101 SET @saved_cs_client     = @@character_set_client */;
/*!40101 SET character_set_client = utf8 */;
CREATE TABLE `attributetypes` (
  `atID` int(10) unsigned NOT NULL AUTO_INCREMENT,
  `atHandle` varchar(255) COLLATE utf8_unicode_ci NOT NULL,
  `atName` varchar(255) COLLATE utf8_unicode_ci NOT NULL,
  `pkgID` int(10) unsigned DEFAULT NULL,
  PRIMARY KEY (`atID`),
  UNIQUE KEY `atHandle` (`atHandle`),
  KEY `pkgID` (`pkgID`,`atID`)
) ENGINE=InnoDB AUTO_INCREMENT=20 DEFAULT CHARSET=utf8 COLLATE=utf8_unicode_ci;
/*!40101 SET character_set_client = @saved_cs_client */;

--
-- Dumping data for table `attributetypes`
--

LOCK TABLES `attributetypes` WRITE;
/*!40000 ALTER TABLE `attributetypes` DISABLE KEYS */;
INSERT INTO `attributetypes` VALUES (1,'text','Text',0),(2,'textarea','Text Area',0),(3,'boolean','Checkbox',0),(4,'date_time','Date/Time',0),(5,'image_file','Image/File',0),(6,'number','Number',0),(7,'rating','Rating',0),(8,'select','Select',0),(9,'address','Address',0),(10,'topics','Topics',0),(11,'social_links','Social Links',0),(15,'users','Users',6),(16,'project_users','Project Users',6),(17,'year','Year',11),(18,'project_location_spatial','Project Area Map',6),(19,'google_places','Google Places',11);
/*!40000 ALTER TABLE `attributetypes` ENABLE KEYS */;
UNLOCK TABLES;

--
-- Table structure for table `attributevalues`
--

DROP TABLE IF EXISTS `attributevalues`;
/*!40101 SET @saved_cs_client     = @@character_set_client */;
/*!40101 SET character_set_client = utf8 */;
CREATE TABLE `attributevalues` (
  `avID` int(10) unsigned NOT NULL AUTO_INCREMENT,
  `akID` int(10) unsigned DEFAULT NULL,
  `avDateAdded` datetime NOT NULL DEFAULT '0000-00-00 00:00:00',
  `uID` int(10) unsigned DEFAULT NULL,
  `atID` int(10) unsigned DEFAULT NULL,
  PRIMARY KEY (`avID`),
  KEY `akID` (`akID`),
  KEY `uID` (`uID`),
  KEY `atID` (`atID`)
) ENGINE=InnoDB AUTO_INCREMENT=927 DEFAULT CHARSET=utf8 COLLATE=utf8_unicode_ci;
/*!40101 SET character_set_client = @saved_cs_client */;

--
-- Dumping data for table `attributevalues`
--

LOCK TABLES `attributevalues` WRITE;
/*!40000 ALTER TABLE `attributevalues` DISABLE KEYS */;
INSERT INTO `attributevalues` VALUES (1,4,'2015-03-13 05:12:26',1,2),(2,3,'2015-03-13 05:12:26',1,2),(3,3,'2015-03-13 05:12:26',1,2),(4,3,'2015-03-13 05:12:26',1,2),(5,3,'2015-03-13 05:12:26',1,2),(6,3,'2015-03-13 05:12:26',1,2),(7,3,'2015-03-13 05:12:26',1,2),(8,3,'2015-03-13 05:12:27',1,2),(9,5,'2015-03-13 05:12:27',1,3),(10,3,'2015-03-13 05:12:27',1,2),(11,3,'2015-03-13 05:12:27',1,2),(12,3,'2015-03-13 05:12:27',1,2),(13,3,'2015-03-13 05:12:27',1,2),(14,3,'2015-03-13 05:12:27',1,2),(15,3,'2015-03-13 05:12:27',1,2),(16,5,'2015-03-13 05:12:27',1,3),(17,3,'2015-03-13 05:12:27',1,2),(18,5,'2015-03-13 05:12:27',1,3),(19,3,'2015-03-13 05:12:27',1,2),(20,3,'2015-03-13 05:12:27',1,2),(21,3,'2015-03-13 05:12:27',1,2),(22,3,'2015-03-13 05:12:27',1,2),(23,3,'2015-03-13 05:12:27',1,2),(24,3,'2015-03-13 05:12:27',1,2),(25,3,'2015-03-13 05:12:27',1,2),(26,3,'2015-03-13 05:12:27',1,2),(27,3,'2015-03-13 05:12:27',1,2),(28,5,'2015-03-13 05:12:27',1,3),(29,5,'2015-03-13 05:12:27',1,3),(30,5,'2015-03-13 05:12:28',1,3),(31,5,'2015-03-13 05:12:28',1,3),(32,5,'2015-03-13 05:12:28',1,3),(33,5,'2015-03-13 05:12:28',1,3),(34,5,'2015-03-13 05:12:28',1,3),(35,5,'2015-03-13 05:12:28',1,3),(36,3,'2015-03-13 05:12:28',1,2),(37,3,'2015-03-13 05:12:28',1,2),(38,3,'2015-03-13 05:12:28',1,2),(39,4,'2015-03-13 05:12:28',1,2),(40,3,'2015-03-13 05:12:28',1,2),(41,3,'2015-03-13 05:12:28',1,2),(42,5,'2015-03-13 05:12:28',1,3),(43,10,'2015-03-13 05:12:28',1,3),(44,3,'2015-03-13 05:12:28',1,2),(45,3,'2015-03-13 05:12:28',1,2),(46,3,'2015-03-13 05:12:28',1,2),(47,5,'2015-03-13 05:12:28',1,3),(48,3,'2015-03-13 05:12:28',1,2),(49,3,'2015-03-13 05:12:28',1,2),(50,3,'2015-03-13 05:12:28',1,2),(51,5,'2015-03-13 05:12:28',1,3),(52,3,'2015-03-13 05:12:29',1,2),(53,3,'2015-03-13 05:12:29',1,2),(54,3,'2015-03-13 05:12:29',1,2),(55,3,'2015-03-13 05:12:29',1,2),(56,3,'2015-03-13 05:12:29',1,2),(57,3,'2015-03-13 05:12:29',1,2),(58,3,'2015-03-13 05:12:29',1,2),(59,3,'2015-03-13 05:12:29',1,2),(60,3,'2015-03-13 05:12:29',1,2),(61,3,'2015-03-13 05:12:29',1,2),(62,3,'2015-03-13 05:12:29',1,2),(63,3,'2015-03-13 05:12:29',1,2),(64,3,'2015-03-13 05:12:29',1,2),(65,3,'2015-03-13 05:12:29',1,2),(66,3,'2015-03-13 05:12:29',1,2),(67,3,'2015-03-13 05:12:29',1,2),(68,3,'2015-03-13 05:12:29',1,2),(69,3,'2015-03-13 05:12:29',1,2),(70,3,'2015-03-13 05:12:29',1,2),(71,3,'2015-03-13 05:12:29',1,2),(72,3,'2015-03-13 05:12:29',1,2),(73,3,'2015-03-13 05:12:29',1,2),(74,3,'2015-03-13 05:12:30',1,2),(75,3,'2015-03-13 05:12:30',1,2),(76,3,'2015-03-13 05:12:30',1,2),(77,3,'2015-03-13 05:12:30',1,2),(78,3,'2015-03-13 05:12:30',1,2),(79,3,'2015-03-13 05:12:30',1,2),(80,3,'2015-03-13 05:12:30',1,2),(81,3,'2015-03-13 05:12:30',1,2),(82,3,'2015-03-13 05:12:30',1,2),(83,3,'2015-03-13 05:12:30',1,2),(84,3,'2015-03-13 05:12:30',1,2),(85,3,'2015-03-13 05:12:30',1,2),(86,3,'2015-03-13 05:12:30',1,2),(87,3,'2015-03-13 05:12:30',1,2),(88,3,'2015-03-13 05:12:30',1,2),(89,3,'2015-03-13 05:12:30',1,2),(90,3,'2015-03-13 05:12:30',1,2),(91,3,'2015-03-13 05:12:30',1,2),(92,3,'2015-03-13 05:12:30',1,2),(93,3,'2015-03-13 05:12:30',1,2),(94,3,'2015-03-13 05:12:30',1,2),(95,3,'2015-03-13 05:12:30',1,2),(96,3,'2015-03-13 05:12:30',1,2),(97,3,'2015-03-13 05:12:31',1,2),(98,10,'2015-03-13 05:12:31',1,3),(99,3,'2015-03-13 05:12:31',1,2),(100,3,'2015-03-13 05:12:31',1,2),(101,3,'2015-03-13 05:12:31',1,2),(102,3,'2015-03-13 05:12:31',1,2),(103,3,'2015-03-13 05:12:31',1,2),(104,3,'2015-03-13 05:12:31',1,2),(106,5,'2015-03-13 05:12:31',1,3),(107,10,'2015-03-13 05:12:32',1,3),(108,4,'2015-03-13 05:12:34',1,2),(109,4,'2015-03-13 05:12:34',1,2),(110,4,'2015-03-13 05:12:34',1,2),(111,4,'2015-03-13 05:12:34',1,2),(125,3,'2015-03-16 12:49:26',1,2),(126,3,'2015-03-16 12:49:26',1,2),(127,5,'2015-03-16 13:12:00',1,3),(128,5,'2015-03-16 13:12:00',1,3),(129,5,'2015-03-16 13:12:45',1,3),(130,3,'2015-03-16 13:14:24',1,2),(131,3,'2015-03-16 13:15:10',1,2),(166,5,'2015-05-06 12:23:57',1,3),(167,3,'2015-05-06 12:24:30',1,2),(168,5,'2015-05-06 12:24:30',1,3),(169,3,'2015-05-06 12:24:52',1,2),(170,5,'2015-05-06 12:24:52',1,3),(171,3,'2015-05-06 12:25:13',1,2),(172,5,'2015-05-06 12:25:13',1,3),(173,5,'2015-05-06 12:25:33',1,3),(174,3,'2015-05-06 12:28:29',1,2),(175,4,'2015-05-06 12:28:29',1,2),(176,4,'2015-05-06 12:29:02',1,2),(177,4,'2015-05-06 12:29:14',1,2),(178,4,'2015-05-06 12:29:31',1,2),(179,3,'2015-05-06 12:29:46',1,2),(180,4,'2015-05-06 12:29:46',1,2),(181,4,'2015-05-06 12:29:56',1,2),(182,3,'2015-05-06 12:30:06',1,2),(183,4,'2015-05-06 12:30:06',1,2),(184,3,'2015-05-06 12:30:19',1,2),(185,4,'2015-05-06 12:30:19',1,2),(186,4,'2015-05-06 12:30:32',1,2),(187,4,'2015-05-06 12:30:44',1,2),(188,4,'2015-05-06 12:30:55',1,2),(189,3,'2015-05-06 12:31:14',1,2),(190,4,'2015-05-06 12:31:14',1,2),(191,3,'2015-05-06 12:31:27',1,2),(192,4,'2015-05-06 12:31:27',1,2),(246,5,'2015-05-12 14:30:07',7,3),(251,3,'2015-05-18 10:40:24',1,2),(288,3,'2015-05-28 21:47:42',1,2),(289,4,'2015-05-28 21:47:42',1,2),(357,5,'2015-11-23 12:18:38',1,3),(365,5,'2016-02-18 14:24:21',1,3),(366,5,'2016-02-18 14:34:28',1,3),(373,1,'2016-02-18 18:34:14',1,1),(374,2,'2016-02-18 18:34:14',1,2),(375,3,'2016-02-18 18:34:14',1,2),(376,5,'2016-02-18 18:34:14',1,3),(377,7,'2016-02-18 18:34:14',1,2),(378,11,'2016-02-18 18:34:14',1,3),(379,30,'2016-02-18 18:34:14',1,3),(380,5,'2016-02-18 18:34:29',1,3),(381,30,'2016-02-18 18:34:29',1,3),(382,5,'2016-02-18 18:34:45',1,3),(383,30,'2016-02-18 18:34:45',1,3),(384,5,'2016-02-18 18:34:58',1,3),(385,30,'2016-02-18 18:34:58',1,3),(422,30,'2016-02-19 11:58:37',1,3),(440,5,'2016-02-19 14:25:44',1,3),(515,14,'2016-04-29 00:06:57',1,6),(516,15,'2016-04-29 00:06:57',1,6),(726,5,'2016-05-11 15:21:42',1,3),(727,5,'2016-05-11 15:21:59',1,3),(782,14,'2016-05-23 12:01:44',17,6),(783,15,'2016-05-23 12:01:44',17,6),(784,14,'2016-05-23 14:25:38',1,6),(785,15,'2016-05-23 14:25:38',1,6),(786,14,'2016-05-23 14:25:55',1,6),(787,15,'2016-05-23 14:25:55',1,6),(802,14,'2016-05-24 13:31:50',17,6),(803,15,'2016-05-24 13:31:50',17,6),(804,14,'2016-05-24 13:32:02',17,6),(805,15,'2016-05-24 13:32:02',17,6),(806,14,'2016-05-24 13:32:16',17,6),(807,15,'2016-05-24 13:32:16',17,6),(822,5,'2016-07-26 10:24:32',1,3),(823,5,'2016-07-26 10:24:32',1,3),(824,5,'2016-09-28 20:01:56',1,3),(825,5,'2016-09-28 20:01:56',1,3),(830,25,'2016-10-03 10:55:45',1,1),(831,29,'2016-10-03 10:55:45',1,1),(832,25,'2016-10-03 10:57:16',1,1),(833,29,'2016-10-03 10:57:16',1,1),(834,25,'2016-10-03 10:59:27',32,1),(835,29,'2016-10-03 10:59:27',32,1),(838,25,'2016-10-03 11:01:39',1,1),(839,29,'2016-10-03 11:01:39',1,1),(840,25,'2016-10-03 11:02:52',1,1),(841,29,'2016-10-03 11:02:52',1,1),(842,25,'2016-10-03 11:04:13',1,1),(843,29,'2016-10-03 11:04:13',1,1),(844,20,'2016-10-26 10:31:51',1,8),(845,18,'2016-10-26 10:31:51',1,8),(846,32,'2016-10-26 10:31:51',1,10),(847,33,'2016-10-26 10:31:51',1,10),(848,21,'2016-10-26 10:31:51',1,8),(849,34,'2016-10-26 10:31:51',1,16),(850,20,'2016-10-26 10:45:07',1,8),(851,18,'2016-10-26 10:45:07',1,8),(852,32,'2016-10-26 10:45:08',1,10),(853,33,'2016-10-26 10:45:08',1,10),(854,21,'2016-10-26 10:45:08',1,8),(855,34,'2016-10-26 10:45:08',1,16),(856,5,'2016-10-27 13:17:04',1,3),(857,30,'2016-10-27 13:17:04',1,3),(858,5,'2016-11-04 02:51:42',1,3),(859,30,'2016-11-04 02:51:42',1,3),(860,25,'2016-11-04 06:03:51',1,1),(861,29,'2016-11-04 06:03:51',1,1),(862,25,'2016-11-04 06:06:34',1,1),(863,29,'2016-11-04 06:06:34',1,1),(864,14,'2016-12-08 14:38:46',1,6),(865,15,'2016-12-08 14:38:46',1,6),(866,4,'2016-12-19 16:31:31',0,2),(867,5,'2017-12-13 12:14:55',1,3),(868,5,'2017-12-13 12:14:55',1,3),(869,5,'2017-12-13 12:14:57',1,3),(870,5,'2017-12-13 12:14:57',1,3),(871,5,'2017-12-13 12:14:57',1,3),(872,5,'2017-12-13 12:14:57',1,3),(873,5,'2017-12-13 12:14:57',1,3),(874,5,'2017-12-13 12:15:01',1,3),(875,5,'2017-12-13 12:15:01',1,3),(876,5,'2017-12-13 12:15:02',1,3),(877,5,'2017-12-13 12:15:02',1,3),(878,5,'2017-12-13 12:15:09',1,3),(879,5,'2017-12-13 12:15:10',1,3),(880,5,'2017-12-13 12:15:10',1,3),(881,5,'2017-12-13 12:15:10',1,3),(882,5,'2017-12-13 12:15:10',1,3),(883,5,'2017-12-13 12:15:11',1,3),(884,5,'2017-12-13 12:15:11',1,3),(885,5,'2017-12-13 12:15:11',1,3),(886,5,'2017-12-13 12:15:11',1,3),(887,5,'2017-12-13 12:15:11',1,3),(888,5,'2018-02-22 14:37:09',1,3),(889,5,'2018-02-22 14:37:09',1,3),(890,5,'2018-03-08 15:56:23',1,3),(891,5,'2018-03-08 15:56:23',1,3),(892,1,'2018-03-28 12:57:34',1,1),(893,2,'2018-03-28 12:57:34',1,2),(894,3,'2018-03-28 12:57:34',1,2),(895,7,'2018-03-28 12:57:34',1,2),(896,11,'2018-03-28 12:57:34',1,3),(897,5,'2018-04-26 13:57:37',1,3),(898,5,'2018-04-26 13:57:37',1,3),(899,5,'2018-04-26 13:57:37',1,3),(900,5,'2018-04-26 13:57:37',1,3),(901,5,'2018-07-05 11:36:44',1,3),(902,5,'2018-07-05 11:36:44',1,3),(903,5,'2018-10-04 09:59:03',1,3),(904,5,'2018-10-04 09:59:03',1,3),(905,5,'2018-10-04 09:59:03',1,3),(906,5,'2018-10-04 09:59:03',1,3),(907,5,'2018-12-06 10:51:09',1,3),(908,5,'2019-02-07 14:23:50',1,3),(909,5,'2019-03-01 11:18:29',1,3),(910,4,'2019-03-01 11:18:29',1,2),(911,5,'2019-03-01 11:18:29',1,3),(912,4,'2019-03-01 11:18:29',1,2),(913,5,'2019-03-01 11:18:30',1,3),(914,5,'2019-03-01 11:18:30',1,3),(915,4,'2019-03-01 11:18:30',1,2),(916,5,'2019-03-01 11:18:30',1,3),(917,4,'2019-03-01 11:18:30',1,2),(918,5,'2019-03-01 11:18:31',1,3),(919,4,'2019-03-01 11:18:31',1,2),(920,5,'2019-03-01 11:18:31',1,3),(921,4,'2019-03-01 11:18:32',1,2),(922,5,'2019-03-01 11:18:32',1,3),(923,4,'2019-03-01 11:18:32',1,2),(924,5,'2019-03-01 11:18:32',1,3),(925,5,'2019-03-01 11:18:32',1,3),(926,5,'2019-03-01 11:18:58',1,3);
/*!40000 ALTER TABLE `attributevalues` ENABLE KEYS */;
UNLOCK TABLES;

--
-- Table structure for table `atusers`
--

DROP TABLE IF EXISTS `atusers`;
/*!40101 SET @saved_cs_client     = @@character_set_client */;
/*!40101 SET character_set_client = utf8 */;
CREATE TABLE `atusers` (
  `avID` int(10) unsigned NOT NULL,
  `value` longtext COLLATE utf8_unicode_ci,
  PRIMARY KEY (`avID`)
) ENGINE=InnoDB DEFAULT CHARSET=utf8 COLLATE=utf8_unicode_ci;
/*!40101 SET character_set_client = @saved_cs_client */;

--
-- Dumping data for table `atusers`
--

LOCK TABLES `atusers` WRITE;
/*!40000 ALTER TABLE `atusers` DISABLE KEYS */;
/*!40000 ALTER TABLE `atusers` ENABLE KEYS */;
UNLOCK TABLES;

--
-- Table structure for table `atyear`
--

DROP TABLE IF EXISTS `atyear`;
/*!40101 SET @saved_cs_client     = @@character_set_client */;
/*!40101 SET character_set_client = utf8 */;
CREATE TABLE `atyear` (
  `avID` int(10) unsigned NOT NULL,
  `value` smallint(5) unsigned DEFAULT NULL,
  PRIMARY KEY (`avID`)
) ENGINE=InnoDB DEFAULT CHARSET=utf8 COLLATE=utf8_unicode_ci;
/*!40101 SET character_set_client = @saved_cs_client */;

--
-- Dumping data for table `atyear`
--

LOCK TABLES `atyear` WRITE;
/*!40000 ALTER TABLE `atyear` DISABLE KEYS */;
/*!40000 ALTER TABLE `atyear` ENABLE KEYS */;
UNLOCK TABLES;

--
-- Table structure for table `atyearsettings`
--

DROP TABLE IF EXISTS `atyearsettings`;
/*!40101 SET @saved_cs_client     = @@character_set_client */;
/*!40101 SET character_set_client = utf8 */;
CREATE TABLE `atyearsettings` (
  `akID` int(10) unsigned NOT NULL,
  `akYearMin` smallint(5) unsigned DEFAULT NULL,
  `akYearMax` smallint(5) unsigned DEFAULT NULL,
  PRIMARY KEY (`akID`)
) ENGINE=InnoDB DEFAULT CHARSET=utf8 COLLATE=utf8_unicode_ci;
/*!40101 SET character_set_client = @saved_cs_client */;

--
-- Dumping data for table `atyearsettings`
--

LOCK TABLES `atyearsettings` WRITE;
/*!40000 ALTER TABLE `atyearsettings` DISABLE KEYS */;
/*!40000 ALTER TABLE `atyearsettings` ENABLE KEYS */;
UNLOCK TABLES;

--
-- Table structure for table `authenticationtypes`
--

DROP TABLE IF EXISTS `authenticationtypes`;
/*!40101 SET @saved_cs_client     = @@character_set_client */;
/*!40101 SET character_set_client = utf8 */;
CREATE TABLE `authenticationtypes` (
  `authTypeID` int(10) unsigned NOT NULL AUTO_INCREMENT,
  `authTypeHandle` varchar(255) COLLATE utf8_unicode_ci NOT NULL,
  `authTypeName` varchar(255) COLLATE utf8_unicode_ci NOT NULL,
  `authTypeIsEnabled` tinyint(1) NOT NULL,
  `authTypeDisplayOrder` int(10) unsigned DEFAULT NULL,
  `pkgID` int(10) unsigned DEFAULT NULL,
  PRIMARY KEY (`authTypeID`),
  UNIQUE KEY `authTypeHandle` (`authTypeHandle`),
  KEY `pkgID` (`pkgID`)
) ENGINE=InnoDB AUTO_INCREMENT=6 DEFAULT CHARSET=utf8 COLLATE=utf8_unicode_ci;
/*!40101 SET character_set_client = @saved_cs_client */;

--
-- Dumping data for table `authenticationtypes`
--

LOCK TABLES `authenticationtypes` WRITE;
/*!40000 ALTER TABLE `authenticationtypes` DISABLE KEYS */;
INSERT INTO `authenticationtypes` VALUES (1,'concrete','Standard',1,0,0),(2,'community','concrete5.org',0,0,0),(3,'facebook','Facebook',0,0,0),(4,'twitter','Twitter',0,0,0),(5,'google','Google',0,0,0);
/*!40000 ALTER TABLE `authenticationtypes` ENABLE KEYS */;
UNLOCK TABLES;

--
-- Table structure for table `authtypeconcretecookiemap`
--

DROP TABLE IF EXISTS `authtypeconcretecookiemap`;
/*!40101 SET @saved_cs_client     = @@character_set_client */;
/*!40101 SET character_set_client = utf8 */;
CREATE TABLE `authtypeconcretecookiemap` (
  `ID` int(10) unsigned NOT NULL AUTO_INCREMENT,
  `token` varchar(32) COLLATE utf8_unicode_ci DEFAULT NULL,
  `uID` int(11) DEFAULT NULL,
  `validThrough` int(11) DEFAULT NULL,
  PRIMARY KEY (`ID`),
  UNIQUE KEY `token` (`token`),
  KEY `uID` (`uID`)
) ENGINE=InnoDB AUTO_INCREMENT=13 DEFAULT CHARSET=utf8 COLLATE=utf8_unicode_ci;
/*!40101 SET character_set_client = @saved_cs_client */;

--
-- Dumping data for table `authtypeconcretecookiemap`
--

LOCK TABLES `authtypeconcretecookiemap` WRITE;
/*!40000 ALTER TABLE `authtypeconcretecookiemap` DISABLE KEYS */;
INSERT INTO `authtypeconcretecookiemap` VALUES (1,'f7cf7c8b584ca6096ea8e90f0b10a14f',1,1521758937),(2,'aaca61ca7fd9717aba6b958a552f0a8e',1,1521758937),(3,'86b617a5a1c530fa9d65198283b0fa76',1,1521758937),(4,'aab095ace95c1966b76c8b7801b47e9b',1,1521758937),(5,'c86edc24da9b921f6a52132693271f1c',1,1521758937),(6,'9677db9daabe4391fc5e872cb17304f9',1,1521758937),(7,'537257144a9adb805e66214facdb5983',1,1521758937),(8,'4fe4cffe7316835d0fa0c105a59c0b7b',1,1521758937),(9,'3a437ebeeafa664e9eee5d0395a70952',1,1521758937),(10,'d0b9f008c25643853b91ebeb6a857ac3',1,1521758937),(11,'fa8db718b85de4c796dba2f897d98d8e',1,1521758937),(12,'55fb81b615744175150bb52f770b46d6',1,1548993184);
/*!40000 ALTER TABLE `authtypeconcretecookiemap` ENABLE KEYS */;
UNLOCK TABLES;

--
-- Table structure for table `bannedwords`
--

DROP TABLE IF EXISTS `bannedwords`;
/*!40101 SET @saved_cs_client     = @@character_set_client */;
/*!40101 SET character_set_client = utf8 */;
CREATE TABLE `bannedwords` (
  `bwID` int(10) unsigned NOT NULL AUTO_INCREMENT,
  `bannedWord` longtext COLLATE utf8_unicode_ci NOT NULL,
  PRIMARY KEY (`bwID`)
) ENGINE=InnoDB AUTO_INCREMENT=77 DEFAULT CHARSET=utf8 COLLATE=utf8_unicode_ci;
/*!40101 SET character_set_client = @saved_cs_client */;

--
-- Dumping data for table `bannedwords`
--

LOCK TABLES `bannedwords` WRITE;
/*!40000 ALTER TABLE `bannedwords` DISABLE KEYS */;
INSERT INTO `bannedwords` VALUES (1,'fuck'),(2,'shit'),(3,'bitch'),(4,'ass'),(5,'anal'),(6,'anus'),(7,'arse'),(8,'ballsack'),(9,'balls'),(10,'bastard'),(11,'biatch'),(12,'bloody'),(13,'blowjob'),(14,'blow job'),(15,'bollock'),(16,'bollok'),(17,'boner'),(18,'boob'),(19,'bugger'),(20,'bum'),(21,'butt'),(22,'buttplug'),(23,'clitoris'),(24,'cock'),(25,'coon'),(26,'crap'),(27,'cunt'),(28,'damn'),(29,'dick'),(30,'dildo'),(31,'dyke'),(32,'fag'),(33,'feck'),(34,'fellate'),(35,'fellatio'),(36,'felching'),(37,'f u c k'),(38,'fudgepacker'),(39,'fudge packer'),(40,'flange'),(41,'goddamn'),(42,'god damn'),(43,'hell'),(44,'homo'),(45,'jerk'),(46,'jizz'),(47,'knobend'),(48,'knob end'),(49,'labia'),(50,'lmao'),(51,'lmfao'),(52,'muff'),(53,'nigger'),(54,'nigga'),(55,'omg'),(56,'penis'),(57,'piss'),(58,'poop'),(59,'prick'),(60,'pube'),(61,'pussy'),(62,'queer'),(63,'scrotum'),(64,'sex'),(65,'sh1t'),(66,'slut'),(67,'smegma'),(68,'spunk'),(69,'tit'),(70,'tosser'),(71,'turd'),(72,'twat'),(73,'vagina'),(74,'wank'),(75,'whore'),(76,'wtf');
/*!40000 ALTER TABLE `bannedwords` ENABLE KEYS */;
UNLOCK TABLES;

--
-- Table structure for table `basicworkflowpermissionassignments`
--

DROP TABLE IF EXISTS `basicworkflowpermissionassignments`;
/*!40101 SET @saved_cs_client     = @@character_set_client */;
/*!40101 SET character_set_client = utf8 */;
CREATE TABLE `basicworkflowpermissionassignments` (
  `wfID` int(10) unsigned NOT NULL DEFAULT '0',
  `pkID` int(10) unsigned NOT NULL DEFAULT '0',
  `paID` int(10) unsigned NOT NULL DEFAULT '0',
  PRIMARY KEY (`wfID`,`pkID`,`paID`),
  KEY `pkID` (`pkID`),
  KEY `paID` (`paID`)
) ENGINE=InnoDB DEFAULT CHARSET=utf8 COLLATE=utf8_unicode_ci;
/*!40101 SET character_set_client = @saved_cs_client */;

--
-- Dumping data for table `basicworkflowpermissionassignments`
--

LOCK TABLES `basicworkflowpermissionassignments` WRITE;
/*!40000 ALTER TABLE `basicworkflowpermissionassignments` DISABLE KEYS */;
INSERT INTO `basicworkflowpermissionassignments` VALUES (1,55,31307),(1,57,161),(1,58,161);
/*!40000 ALTER TABLE `basicworkflowpermissionassignments` ENABLE KEYS */;
UNLOCK TABLES;

--
-- Table structure for table `basicworkflowprogressdata`
--

DROP TABLE IF EXISTS `basicworkflowprogressdata`;
/*!40101 SET @saved_cs_client     = @@character_set_client */;
/*!40101 SET character_set_client = utf8 */;
CREATE TABLE `basicworkflowprogressdata` (
  `wpID` int(10) unsigned NOT NULL DEFAULT '0',
  `uIDStarted` int(10) unsigned NOT NULL DEFAULT '0',
  `uIDCompleted` int(10) unsigned NOT NULL DEFAULT '0',
  `wpDateCompleted` datetime DEFAULT NULL,
  PRIMARY KEY (`wpID`),
  KEY `uIDStarted` (`uIDStarted`),
  KEY `uIDCompleted` (`uIDCompleted`)
) ENGINE=InnoDB DEFAULT CHARSET=utf8 COLLATE=utf8_unicode_ci;
/*!40101 SET character_set_client = @saved_cs_client */;

--
-- Dumping data for table `basicworkflowprogressdata`
--

LOCK TABLES `basicworkflowprogressdata` WRITE;
/*!40000 ALTER TABLE `basicworkflowprogressdata` DISABLE KEYS */;
/*!40000 ALTER TABLE `basicworkflowprogressdata` ENABLE KEYS */;
UNLOCK TABLES;

--
-- Table structure for table `blockfeatureassignments`
--

DROP TABLE IF EXISTS `blockfeatureassignments`;
/*!40101 SET @saved_cs_client     = @@character_set_client */;
/*!40101 SET character_set_client = utf8 */;
CREATE TABLE `blockfeatureassignments` (
  `cID` int(10) unsigned NOT NULL DEFAULT '0',
  `cvID` int(10) unsigned NOT NULL DEFAULT '0',
  `bID` int(10) unsigned NOT NULL DEFAULT '0',
  `faID` int(10) unsigned NOT NULL DEFAULT '0',
  PRIMARY KEY (`cID`,`cvID`,`bID`,`faID`),
  KEY `faID` (`faID`,`cID`,`cvID`),
  KEY `bID` (`bID`)
) ENGINE=InnoDB DEFAULT CHARSET=utf8 COLLATE=utf8_unicode_ci;
/*!40101 SET character_set_client = @saved_cs_client */;

--
-- Dumping data for table `blockfeatureassignments`
--

LOCK TABLES `blockfeatureassignments` WRITE;
/*!40000 ALTER TABLE `blockfeatureassignments` DISABLE KEYS */;
/*!40000 ALTER TABLE `blockfeatureassignments` ENABLE KEYS */;
UNLOCK TABLES;

--
-- Table structure for table `blockpermissionassignments`
--

DROP TABLE IF EXISTS `blockpermissionassignments`;
/*!40101 SET @saved_cs_client     = @@character_set_client */;
/*!40101 SET character_set_client = utf8 */;
CREATE TABLE `blockpermissionassignments` (
  `cID` int(10) unsigned NOT NULL DEFAULT '0',
  `cvID` int(10) unsigned NOT NULL DEFAULT '0',
  `bID` int(10) unsigned NOT NULL DEFAULT '0',
  `pkID` int(10) unsigned NOT NULL DEFAULT '0',
  `paID` int(10) unsigned NOT NULL DEFAULT '0',
  PRIMARY KEY (`cID`,`cvID`,`bID`,`pkID`,`paID`),
  KEY `bID` (`bID`),
  KEY `pkID` (`pkID`),
  KEY `paID` (`paID`)
) ENGINE=InnoDB DEFAULT CHARSET=utf8 COLLATE=utf8_unicode_ci;
/*!40101 SET character_set_client = @saved_cs_client */;

--
-- Dumping data for table `blockpermissionassignments`
--

LOCK TABLES `blockpermissionassignments` WRITE;
/*!40000 ALTER TABLE `blockpermissionassignments` DISABLE KEYS */;
INSERT INTO `blockpermissionassignments` VALUES (220,1,46,30,7096),(220,1,46,31,31177),(220,1,46,32,140),(220,1,46,33,140),(220,1,46,34,140),(220,1,46,35,140),(220,1,46,36,140),(220,1,46,37,140),(220,1,46,38,140),(215,1,186,30,7096),(215,1,186,31,31177),(215,1,186,32,140),(215,1,186,33,140),(215,1,186,34,140),(215,1,186,35,140),(215,1,186,36,140),(215,1,186,37,140),(215,1,186,38,140),(216,1,187,30,7096),(216,1,187,31,31177),(216,1,187,32,140),(216,1,187,33,140),(216,1,187,34,140),(216,1,187,35,140),(216,1,187,36,140),(216,1,187,37,140),(216,1,187,38,140),(218,1,188,30,7096),(218,1,188,31,31177),(218,1,188,32,140),(218,1,188,33,140),(218,1,188,34,140),(218,1,188,35,140),(218,1,188,36,140),(218,1,188,37,140),(218,1,188,38,140);
/*!40000 ALTER TABLE `blockpermissionassignments` ENABLE KEYS */;
UNLOCK TABLES;

--
-- Table structure for table `blockrelations`
--

DROP TABLE IF EXISTS `blockrelations`;
/*!40101 SET @saved_cs_client     = @@character_set_client */;
/*!40101 SET character_set_client = utf8 */;
CREATE TABLE `blockrelations` (
  `brID` int(10) unsigned NOT NULL AUTO_INCREMENT,
  `bID` int(10) unsigned NOT NULL DEFAULT '0',
  `originalBID` int(10) unsigned NOT NULL DEFAULT '0',
  `relationType` varchar(50) COLLATE utf8_unicode_ci NOT NULL,
  PRIMARY KEY (`brID`),
  KEY `bID` (`bID`),
  KEY `originalBID` (`originalBID`)
) ENGINE=InnoDB AUTO_INCREMENT=28 DEFAULT CHARSET=utf8 COLLATE=utf8_unicode_ci;
/*!40101 SET character_set_client = @saved_cs_client */;

--
-- Dumping data for table `blockrelations`
--

LOCK TABLES `blockrelations` WRITE;
/*!40000 ALTER TABLE `blockrelations` DISABLE KEYS */;
INSERT INTO `blockrelations` VALUES (1,6,2,'DUPLICATE'),(4,98,97,'DUPLICATE'),(11,120,117,'DUPLICATE'),(14,174,173,'DUPLICATE'),(15,175,174,'DUPLICATE'),(16,176,175,'DUPLICATE'),(17,177,176,'DUPLICATE'),(18,178,177,'DUPLICATE'),(19,179,178,'DUPLICATE'),(20,180,179,'DUPLICATE'),(21,181,180,'DUPLICATE'),(22,182,181,'DUPLICATE'),(23,183,182,'DUPLICATE'),(24,184,183,'DUPLICATE');
/*!40000 ALTER TABLE `blockrelations` ENABLE KEYS */;
UNLOCK TABLES;

--
-- Table structure for table `blocks`
--

DROP TABLE IF EXISTS `blocks`;
/*!40101 SET @saved_cs_client     = @@character_set_client */;
/*!40101 SET character_set_client = utf8 */;
CREATE TABLE `blocks` (
  `bID` int(10) unsigned NOT NULL AUTO_INCREMENT,
  `bName` varchar(60) COLLATE utf8_unicode_ci DEFAULT NULL,
  `bDateAdded` datetime NOT NULL DEFAULT '0000-00-00 00:00:00',
  `bDateModified` datetime NOT NULL DEFAULT '0000-00-00 00:00:00',
  `bFilename` varchar(255) COLLATE utf8_unicode_ci DEFAULT NULL,
  `bIsActive` varchar(1) COLLATE utf8_unicode_ci NOT NULL DEFAULT '1',
  `btID` int(10) unsigned NOT NULL DEFAULT '0',
  `uID` int(10) unsigned DEFAULT NULL,
  `btCachedBlockRecord` longtext COLLATE utf8_unicode_ci,
  PRIMARY KEY (`bID`),
  KEY `btID` (`btID`),
  KEY `uID` (`uID`)
) ENGINE=InnoDB AUTO_INCREMENT=194 DEFAULT CHARSET=utf8 COLLATE=utf8_unicode_ci;
/*!40101 SET character_set_client = @saved_cs_client */;

--
-- Dumping data for table `blocks`
--

LOCK TABLES `blocks` WRITE;
/*!40000 ALTER TABLE `blocks` DISABLE KEYS */;
INSERT INTO `blocks` VALUES (20,'','2016-02-19 15:06:16','2016-02-19 15:06:16',NULL,'0',66,1,NULL),(21,'','2016-02-19 15:10:26','2016-02-19 15:10:26',NULL,'0',66,1,NULL),(22,'','2016-02-19 15:11:08','2016-02-19 15:11:08',NULL,'0',66,1,NULL),(41,'','2016-04-13 15:11:20','2016-04-13 15:11:20',NULL,'0',44,1,NULL),(42,'','2016-04-13 15:30:56','2016-04-13 15:30:56',NULL,'0',44,1,NULL),(43,'','2016-04-13 15:33:07','2016-04-13 15:33:07',NULL,'0',44,1,NULL),(45,'','2016-04-13 15:42:53','2016-04-13 15:42:53',NULL,'0',44,1,NULL),(46,'','2016-04-13 15:45:44','2016-04-13 15:45:44',NULL,'0',44,1,NULL),(164,'','2016-09-29 10:23:13','2016-09-29 10:23:29',NULL,'0',12,1,'TzozMjoiQ29uY3JldGVcQ29yZVxMZWdhY3lcQmxvY2tSZWNvcmQiOjM6e3M6MzoiYklEIjtzOjM6IjE2NCI7czo5OiIAKgBfdGFibGUiO3M6MTQ6ImJ0Q29udGVudExvY2FsIjtzOjc6ImNvbnRlbnQiO3M6NjM2NzoiPGgxPjxzdHJvbmc+PC9zdHJvbmc+UHJpdmFjeSBQb2xpY3kgPC9oMT48cD5UaGlzIFByaXZhY3kgUG9saWN5IGRlc2NyaWJlcyBob3cgSGFydmVzdCBEaWdpdGFsIFBsYW5uaW5nIFB0eSBMdGQgKDEyIDE0OCA5NTggOTI3KSAoSGFydmVzdCkgY29sbGVjdHMgYW5kIHVzZXMgeW91ciBwZXJzb25hbCBpbmZvcm1hdGlvbiBjb2xsZWN0ZWQgdGhyb3VnaCBpdHMgcGxhdGZvcm0gY2FsbGVkIFRoZSBIaVZFLjxicj48L3A+PHA+SGFydmVzdCByZXNwZWN0cyB0aGUgcmlnaHRzIGFuZCBwcml2YWN5IG9mIGFsbCBpbmRpdmlkdWFscyBhbmQgaXMgY29tbWl0dGVkIHRvIGNvbXBseWluZyB3aXRoIHRoZSBQcml2YWN5IEFjdCAxOTg4IGFuZCB0aGUgQXVzdHJhbGlhbiBQcml2YWN5IFByaW5jaXBsZXMgYW5kIHByb3RlY3RpbmcgdGhlIHBlcnNvbmFsIGluZm9ybWF0aW9uIEhhcnZlc3QgaG9sZHMuPC9wPjxwPjxzdHJvbmc+V2h5IGRvZXMgSGFydmVzdCBjb2xsZWN0IHBlcnNvbmFsIGluZm9ybWF0aW9uPyAgSG93IGRvZXMgSGFydmVzdCB1c2UgaXQ/PC9zdHJvbmc+PC9wPjxwPkhhcnZlc3QgZ2VuZXJhbGx5IGNvbGxlY3RzIHlvdXIgcGVyc29uYWwgaW5mb3JtYXRpb24gYXMgcGFydCBvZiBwcm92aWRpbmcgaXRzIG9ubGluZSBjb21tdW5pdHkgZW5nYWdlbWVudCBzZXJ2aWNlcywgaW5mb3JtaW5nIHlvdSBhYm91dCB0aGVzZSBzZXJ2aWNlcywgY29tcGx5aW5nIHdpdGggaXRzIGNvbnRyYWN0dWFsIGFuZCBvdGhlciBsZWdhbCBvYmxpZ2F0aW9ucywgcmVzcG9uZGluZyB0byB5b3VyIGVucXVpcmllcyBhbmQgYWRtaW5pc3RlcmluZyBpdHMgY29tbXVuaXR5IGVuZ2FnZW1lbnQgdGVjaG5vbG9neS48L3A+PHA+SGFydmVzdCBuZWVkcyB5b3VyIHBlcnNvbmFsIGluZm9ybWF0aW9uIHRvIGNhcnJ5IG91dCB0aGVzZSBhaW1zLiAgSGFydmVzdCBtYXkgdXNlIHlvdXIgcGVyc29uYWwgaW5mb3JtYXRpb24gZm9yIHRob3NlIHB1cnBvc2VzLCBhbnkgb3RoZXIgcHVycG9zZSBsaXN0ZWQgb24gYSBjb2xsZWN0aW9uIHN0YXRlbWVudCBhdCB0aGUgcG9pbnQgb2YgY29sbGVjdGlvbiBvciBpbiBhbnkgb3RoZXIgd2F5IG1hZGUgY2xlYXIgYXQgdGhlIHRpbWUgb2YgY29sbGVjdGluZyB0aGUgcGVyc29uYWwgaW5mb3JtYXRpb24uPC9wPjxwPjxzdHJvbmc+SG93IGRvZXMgSGFydmVzdCBjb2xsZWN0IHBlcnNvbmFsIGluZm9ybWF0aW9uPzwvc3Ryb25nPjwvcD48cD5IYXJ2ZXN0IG1heSBjb2xsZWN0IHlvdXIgaW5mb3JtYXRpb24gdmlhIGl0cyB3ZWJzaXRlcy48L3A+PHA+PHN0cm9uZz5XaGF0IHBlcnNvbmFsIGluZm9ybWF0aW9uIGRvZXMgSGFydmVzdCBjb2xsZWN0PyA8L3N0cm9uZz48L3A+PHA+SGFydmVzdCBjb2xsZWN0cyB0aGUgdHlwZXMgb2YgcGVyc29uYWwgaW5mb3JtYXRpb24gcmVxdWlyZWQgdG8gYXNzaXN0IHdpdGggcHJvdmlkaW5nIEhhcnZlc3TigJlzIHNlcnZpY2VzLiA8L3A+PHA+V2UgbWF5IGNvbGxlY3QgaW5mb3JtYXRpb24gZnJvbSB5b3Ugd2hlbiB5b3Ugc2lnbi11cCBmb3IgdGhlIHBsYXRmb3Jtc2l0ZSwgbGVhdmUgZmVlZGJhY2sgb3Igb3RoZXJ3aXNlIGlucHV0IGRhdGEuIFJlcXVpcmVkIGluZm9ybWF0aW9uIG1heSBpbmNsdWRlIHBlcnNvbmFsIGluZm9ybWF0aW9uIHN1Y2ggYXMgeW91ciBuYW1lLCBwaG9uZSBudW1iZXIsIGVtYWlsIGFuZCBzdWJ1cmIuIDwvcD48cD5CeSBwcm92aWRpbmcgYW4gZW1haWwgYWRkcmVzcyB5b3UgaGVscCB1cyBwcm90ZWN0IHRoZSBpbnRlZ3JpdHkgb2YgdGhlIGRpc2N1c3Npb24gZnJvbSBpbmRpdmlkdWFscyBhbmQgZ3JvdXBzIHdobyBtYXkgYXR0ZW1wdCB0byB1bmR1bHkgaW5mbHVlbmNlIHRoZSBvdXRjb21lcyBvZiB0aGUgY29uc3VsdGF0aW9uIHByb2Nlc3MuIEZvciBleGFtcGxlLCB3ZSBjaGVjayB0aGUgZGF0YWJhc2UgdG8gZW5zdXJlIGVhY2ggdXNlciBoYXMgYSBzaW5nbGUgZW1haWwgYWNjb3VudCBvbiB0aGUgc2l0ZS4gV2UgYWxzbyBmcmVxdWVudGx5IHJldmlldyB0aGUgc2l0ZSBmb3IgdHJvbGxzIGFuZCBzcGFtbWVycy48L3A+PHA+PHN0cm9uZz5Ib3cgZG9lcyBIYXJ2ZXN0IHVzZSB5b3VyIHBlcnNvbmFsIGluZm9ybWF0aW9uPyAgVG8gd2hvbSB3aWxsIGl0IGJlIGRpc2Nsb3NlZD88L3N0cm9uZz48L3A+PHA+SGFydmVzdCBtYXkgdXNlIHlvdXIgcGVyc29uYWwgaW5mb3JtYXRpb24gZm9yIHRoZSBwcmltYXJ5IHB1cnBvc2UgZm9yIHdoaWNoIGl0IHdhcyBjb2xsZWN0ZWQsIGkuZS4gdGhlIHB1cnBvc2Ugc3BlY2lmaWVkIGluIGEgcHJpdmFjeSBjb2xsZWN0aW9uIHN0YXRlbWVudCBvciB0aGUgcHVycG9zZSB0aGF0IGNvdWxkIGJlIHJlYXNvbmFibHkgZXhwZWN0ZWQgYXQgdGhlIHRpbWUgdGhlIGluZm9ybWF0aW9uIHdhcyBjb2xsZWN0ZWQuIEhhcnZlc3QgbWF5IGFsc28gdXNlIHlvdXIgcGVyc29uYWwgaW5mb3JtYXRpb24gZm9yIGEgc2Vjb25kYXJ5IHJlbGF0ZWQgcHVycG9zZS48L3A+PHA+Qnkgc3VibWl0dGluZyB5b3VyIHBlcnNvbmFsIGluZm9ybWF0aW9uLCB5b3UgY29uc2VudCB0byBIYXJ2ZXN0IHVzaW5nIGl0IHRvOjwvcD48cCBzdHlsZT0ibWFyZ2luLWxlZnQ6IDIwcHg7Ij4oYSkJY29tcGxldGUgYW4gYWN0aXZpdHkgdGhhdCB5b3UgaGF2ZSBjaG9zZW4gdG8gdW5kZXJ0YWtlOzwvcD48cCBzdHlsZT0ibWFyZ2luLWxlZnQ6IDIwcHg7Ij4oYikJYWRtaW5pc3RlciBIYXJ2ZXN04oCZcyByZWxhdGlvbnNoaXAgd2l0aCB5b3U7PC9wPjxwIHN0eWxlPSJtYXJnaW4tbGVmdDogMjBweDsiPihjKQltb25pdG9yIG9ubGluZSBhY3Rpdml0eSBvbiB0aGUgSGFydmVzdCB3ZWJzaXRlKHMpIGFuZC9vciBhcHBsaWNhdGlvbihzKTs8L3A+PHAgc3R5bGU9Im1hcmdpbi1sZWZ0OiAyMHB4OyI+KGQpCWltcHJvdmUgYW5kIGFkZCB0byBIYXJ2ZXN04oCZcyBzZXJ2aWNlcyAoaW5jbHVkaW5nIG9ubGluZSk7IG9yPC9wPjxwIHN0eWxlPSJtYXJnaW4tbGVmdDogMjBweDsiPihlKQl3aGVyZSByZXF1aXJlZCBvciBhdXRob3Jpc2VkIGJ5IGxhdy48L3A+PHA+SGFydmVzdCBtYXkgZGlzY2xvc2UgcGVyc29uYWwgaW5mb3JtYXRpb24gdG8gb3RoZXIgZW50aXRpZXMgd2l0aCB3aG9tIGl0IGNvbnRyYWN0cy4gIDwvcD48cD48c3Ryb25nPkNhbiB5b3UgcmVtYWluIGFub255bW91cyBvciB3aXRoaG9sZCBwZXJzb25hbCBpbmZvcm1hdGlvbj88L3N0cm9uZz48L3A+PHA+WWVzLiAgV2hlcmUgcHJhY3RpY2FsLCB5b3UgbWF5IGNob29zZSBub3QgdG8gaWRlbnRpZnkgeW91cnNlbGYsIGRlYWwgd2l0aCB1cyBvbiBhbiBhbm9ueW1vdXMgYmFzaXMgb3IgdXNlIGEgcHNldWRvbnltLiAgPC9wPjxwPjxzdHJvbmc+V2lsbCB5b3UgcmVjZWl2ZSBkaXJlY3QgbWFya2V0aW5nPzwvc3Ryb25nPjwvcD48cD5JZiB5b3UgcHJvdmlkZSB1cyB3aXRoIHlvdXIgcGVyc29uYWwgaW5mb3JtYXRpb24geW91IHdpbGwgbm90IHJlY2VpdmUgZGlyZWN0IG1hcmtldGluZyBjb21tdW5pY2F0aW9ucyBmcm9tIEhhcnZlc3QgdW5sZXNzIG90aGVyd2lzZSBzdGF0ZWQuPC9wPjxwPjxzdHJvbmc+V2lsbCB5b3VyIGluZm9ybWF0aW9uIGJlIGRpc2Nsb3NlZCBvdmVyc2Vhcz88L3N0cm9uZz48L3A+PHA+SGFydmVzdCB3aWxsIG5vdCBkaXNjbG9zZSB5b3VyIHBlcnNvbmFsIGluZm9ybWF0aW9uIHRvIGFueSBwZXJzb24gb3IgZW50aXR5IG91dHNpZGUgQXVzdHJhbGlhLjwvcD48cD48c3Ryb25nPkhvdyBjYW4geW91IGFjY2VzcyBhbmQgY29ycmVjdCB5b3VyIHBlcnNvbmFsIGluZm9ybWF0aW9uPyA8L3N0cm9uZz48L3A+PHA+WW91IGdlbmVyYWxseSBoYXZlIHRoZSByaWdodCB0byBhY2Nlc3MgeW91ciBwZXJzb25hbCBpbmZvcm1hdGlvbiBmcmVlIG9mIGNoYXJnZSwgc3ViamVjdCB0byBzb21lIGxpbWl0YXRpb25zIGNvbnRhaW5lZCBpbiB0aGUgUHJpdmFjeSBBY3QgMTk4OC4gPC9wPjxwPlRoZSBBUFBzIHNldCBvdXQgc29tZSBjaXJjdW1zdGFuY2VzIGluIHdoaWNoIEhhcnZlc3QgaXMgbm90IHJlcXVpcmVkIHRvIHByb3ZpZGUgeW91IHdpdGggc3VjaCBhY2Nlc3MuIElmIHlvdSBhc2sgZm9yIHlvdXIgcGVyc29uYWwgaW5mb3JtYXRpb24gYW5kIGFueSBvZiB0aGVzZSBjaXJjdW1zdGFuY2VzIGV4aXN0LCB5b3UgbWF5IGJlIGdpdmVuIGFjY2VzcyB0byB0aGUgcGVyc29uYWwgaW5mb3JtYXRpb24gaW4gYSB3YXkgdGhhdCBpcyBwZXJtaXR0ZWQgdW5kZXIgdGhlIFByaXZhY3kgQWN0IDE5ODguIDwvcD48cD5UbyBwcm90ZWN0IHBlcnNvbmFsIGluZm9ybWF0aW9uIGhlbGQgYnkgSGFydmVzdCwgeW91IG1heSBuZWVkIHRvIGNvbmZpcm0geW91ciBpZGVudGl0eSBiZWZvcmUgYWNjZXNzIHRvIHlvdXIgcGVyc29uYWwgaW5mb3JtYXRpb24gaXMgZ3JhbnRlZC4gIEl0IG1heSB0YWtlIGEgbGl0dGxlIHRpbWUgdG8gcHJvY2VzcyB5b3VyIGFwcGxpY2F0aW9uIGZvciBhY2Nlc3MgYW5kIHJldHJpZXZlIGluZm9ybWF0aW9uIGZyb20gc3RvcmFnZSAoaWYgYXBwbGljYWJsZSkuIDwvcD48cD5IYXJ2ZXN0IGVuY291cmFnZXMgeW91IHRvIHByb3ZpZGUgdXBkYXRlcyBzbyB0aGF0IEhhcnZlc3QgaGFzIGFjY3VyYXRlLCBjdXJyZW50IGFuZCBjb21wbGV0ZSBpbmZvcm1hdGlvbi4gIFlvdSBtYXkgY29ycmVjdCBhbnkgZXJyb3JzIG9yIHJlcXVlc3QgdGhhdCBIYXJ2ZXN0IGRlbGV0ZXMgYWxsIG9yIHNvbWUgb2YgeW91ciBwZXJzb25hbCBpbmZvcm1hdGlvbi4gWW91IG1heSBhbHNvIG9wdCBvdXQgb2YgYW55IGZ1cnRoZXIgY29udGFjdCBmcm9tIHVzLjwvcD48cD48c3Ryb25nPkRvZXMgSGFydmVzdCB1c2Ug4oCcY29va2llc+KAnT88L3N0cm9uZz48L3A+PHA+WWVzLiAgV2hlbiB5b3UgdXNlIEhhcnZlc3TigJlzIHdlYnNpdGUocyksIEhhcnZlc3Qgb3IgaXRzIElUIHNlcnZpY2UgcHJvdmlkZXJzIG1heSBvYnRhaW4gaW5mb3JtYXRpb24gdXNpbmcgdGVjaG5vbG9naWVzIHN1Y2ggYXMgY29va2llcywgdGFncywgd2ViIGJlYWNvbnMsIGFuZCBuYXZpZ2F0aW9uYWwgZGF0YSBjb2xsZWN0aW9uIChsb2cgZmlsZXMsIHNlcnZlciBsb2dzLCBhbmQgY2xpY2tzdHJlYW0gZGF0YSkuIEZvciBleGFtcGxlLCBIYXJ2ZXN0IG9yIGl0cyBJVCBzZXJ2aWNlIHByb3ZpZGVycyBtYXkgY29sbGVjdCBpbmZvcm1hdGlvbiBsaWtlIHRoZSBkYXRlLCB0aW1lIGFuZCBkdXJhdGlvbiBvZiB2aXNpdHMgYW5kIHdoaWNoIHdlYnBhZ2VzIGFyZSBhY2Nlc3NlZC4gPC9wPjxwPlRoaXMgaW5mb3JtYXRpb24gaXMgZ2VuZXJhbGx5IG5vdCBsaW5rZWQgdG8geW91ciBpZGVudGl0eSwgZXhjZXB0IHdoZXJlIGl0IGlzIGFjY2Vzc2VkIHZpYSBsaW5rcyBpbiBIYXJ2ZXN0IGUtbWVzc2FnZSBvciB3aGVyZSB5b3UgaGF2ZSBpZGVudGlmaWVkIHlvdXJzZWxmLiAgPC9wPjxwPjxzdHJvbmc+SG93IGNhbiB5b3UgY29tcGxhaW4gYWJvdXQgcHJpdmFjeSBicmVhY2hlcz88L3N0cm9uZz48L3A+PHA+SWYgeW91IGhhdmUgYSBjb21wbGFpbnQgaW4gcmVsYXRpb24gdG8gdGhlIGNvbGxlY3Rpb24sIHVzZSBvciBhbmQgZGlzY2xvc3VyZSBvZiB5b3VyIHBlcnNvbmFsIGluZm9ybWF0aW9uLCBwbGVhc2UgY29udGFjdCB0aGUgSGFydmVzdCBQcml2YWN5IE9mZmljZXIgdmlhIHRoZSBkZXRhaWxzIHByb3ZpZGVkIGJlbG93LiBUaGUgSGFydmVzdCBQcml2YWN5IE9mZmljZXIgd2lsbCByZXZpZXcgYWxsIGNvbXBsYWludHMgcmVjZWl2ZWQgYW5kIHJlc3BvbmQgdG8gZWFjaCBjb21wbGFpbmFudCB1cG9uIGR1ZSBjb25zaWRlcmF0aW9uICh3aGljaCBtYXkgcmVxdWlyZSBmdXJ0aGVyIGluZm9ybWF0aW9uIHRvIGJlIHByb3ZpZGVkKS48L3A+PHA+SWYgYSBwcml2YWN5IGJyZWFjaCBvY2N1cnMsIEhhcnZlc3Qgd2lsbCBub3RpZnkgeW91IHdoZXJlIHBvc3NpYmxlIG9mIHRoZSBicmVhY2ggYW5kIHNlZWsgeW91ciBkaXJlY3Rpb24gYWJvdXQgaG93IHlvdSB3b3VsZCBsaWtlIHRvIHJlc3BvbmQgdG8gdGhlIGluY2lkZW50LiA8L3A+PHA+PHN0cm9uZz5XaWxsIHRoaXMgUHJpdmFjeSBQb2xpY3kgY2hhbmdlPzwvc3Ryb25nPjwvcD48cD5IYXJ2ZXN0IG1heSBhbWVuZCB0aGlzIFByaXZhY3kgUG9saWN5IGZyb20gdGltZSB0byB0aW1lLiBBbWVuZG1lbnRzIHdpbGwgYmUgZWZmZWN0aXZlIGltbWVkaWF0ZWx5IHVwb24gbm90aWZpY2F0aW9uIG9uIHRoaXMgd2Vic2l0ZS4gPC9wPjxwPjxzdHJvbmc+V2hvIGNhbiB5b3UgY29udGFjdCBhYm91dCB5b3VyIHBlcnNvbmFsIGluZm9ybWF0aW9uPzwvc3Ryb25nPjwvcD48cD5UbyBjb250YWN0IEhhcnZlc3QgYWJvdXQgeW91ciBwZXJzb25hbCBpbmZvcm1hdGlvbiwgY29uY2VybnMgb3IgY29tcGxhaW50cywgZW1haWwgdGhlIFByaXZhY3kgT2ZmaWNlciBhdCBpbmZvQEhhcnZlc3RkcC5jb20uPC9wPiI7fQ=='),(165,'','2016-09-29 10:25:58','2016-09-29 10:25:58',NULL,'0',12,1,'TzozMjoiQ29uY3JldGVcQ29yZVxMZWdhY3lcQmxvY2tSZWNvcmQiOjM6e3M6MzoiYklEIjtzOjM6IjE2NSI7czo5OiIAKgBfdGFibGUiO3M6MTQ6ImJ0Q29udGVudExvY2FsIjtzOjc6ImNvbnRlbnQiO3M6NjU5MjoiPGgxPlRlcm1zIG9mIFVzZTwvaDE+PHA+VGhlIGZvbGxvd2luZyBUZXJtcyBhbmQgQ29uZGl0aW9ucyBnb3Zlcm4gdGhlIHVzZSBvZiAmbHQ7c2l0ZSBuYW1lJmd0OyAo4oCcdGhlIHNpdGXigJ0pLiBUaGUgcGxhdGZvcm0gaXMgb3duZWQgYW5kIG9wZXJhdGVkIGJ5IHVzLCBIYXJ2ZXN0IERpZ2l0YWwgUGxhbm5pbmcgUHR5IEx0ZCAoSGFydmVzdCksIG9uIGJlaGFsZiBvZiAmbHQ7Y2xpZW50Jmd0Oy4gIDwvcD48cD5CeSBhY2Nlc3NpbmcgYW5kIHVzaW5nIHRoaXMgc2l0ZSwgeW91IGFyZSBjaG9vc2luZyB0byBhY2NlcHQgYW5kIGNvbXBseSB3aXRoIHRoZSBUZXJtcyBwcmVzZW50ZWQgdGhyb3VnaG91dCB0aGlzIGFncmVlbWVudCBhcyB3ZWxsIGFzIHRoZSBQcml2YWN5IFBvbGljeSBhbmQgTW9kZXJhdGlvbiBQb2xpY3kuIFRoZXNlIFRlcm1zIGFwcGx5IHRvIGFsbCB2aXNpdG9ycyBhbmQgdXNlcnMgb2YgdGhpcyBzaXRlLiBMaW5rZWQgc2l0ZXMsIGFmZmlsaWF0ZWQgc2VydmljZXMgb3IgdGhpcmQgcGFydHkgY29udGVudCBvciBzb2Z0d2FyZSBoYXZlIHRoZWlyIG93biBUZXJtcyB0aGF0IHlvdSBtdXN0IGNvbXBseSB3aXRoLiBJZiB5b3UgZGlzYWdyZWUgd2l0aCBhbnkgb2YgdGhlIFRlcm1zIHByZXNlbnRlZCBpbiB0aGlzIGFncmVlbWVudCwgeW91IG1heSBkaXNjb250aW51ZSB1c2luZyB0aGUgc2l0ZSBpbW1lZGlhdGVseS4gPC9wPjxwPklmIHlvdSBhcmUgdW5kZXIgMTggeWVhcnMgb2xkLCBwbGVhc2UgZW5zdXJlIHRoYXQgeW91ciBwYXJlbnQgb3IgZ3VhcmRpYW4gdW5kZXJzdGFuZHMgYW5kIGFjY2VwdHMgdGhlc2UgVGVybXMgYW5kIENvbmRpdGlvbnMgKGluY2x1ZGluZyB0aGUgUHJpdmFjeSBQb2xpY3kgYW5kIE1vZGVyYXRpb24gUG9saWN5KS4gPC9wPjxwPjxzdHJvbmc+V2hhdCBhcmUgdGhlIGNvbmRpdGlvbnMgd2l0aCBhIHVzZXLigJlzIGFjY291bnQ/IDwvc3Ryb25nPjwvcD48cD5XaGlsZSB1c2luZyB0aGUgc2l0ZSwgeW91IG11c3Qgbm90IHZpb2xhdGUgYW55IGFwcGxpY2FibGUgbGF3cyBhbmQgcmVndWxhdGlvbnMuIEl0IGlzIG91ciBkdXR5IHRvIHByb3RlY3QgdGhlIGNvbmZpZGVudGlhbGl0eSBvZiBjb250ZW50IHlvdSBwcm92aWRlIG9uIG91ciBzaXRlIGluIGFjY29yZGFuY2Ugd2l0aCBvdXIgUHJpdmFjeSBQb2xpY3kuIFdoZW4geW91IGNyZWF0ZSBhbiBhY2NvdW50IHdpdGggdXMsIHlvdSBtdXN0IGFsd2F5cyBwcm92aWRlIHVzIHdpdGggYWNjdXJhdGUgaW5mb3JtYXRpb24uIEZhaWx1cmUgdG8gcHJvdmlkZSBhY2N1cmF0ZSBpbmZvcm1hdGlvbiB2aW9sYXRlcyB0aGUgVGVybXMsIHdoaWNoIG1heSByZXN1bHQgaW4gaW1tZWRpYXRlIHRlcm1pbmF0aW9uIG9mIHlvdXIgYWNjb3VudCBvbiBvdXIgc2VydmljZS4gWW91IGFyZSByZXNwb25zaWJsZSBmb3IgcHJvdGVjdGluZyB5b3VyIG93biBwYXNzd29yZCB5b3UgdXNlIGZvciB0aGlzIHNpdGUgYW5kIGZvciBhbnkgYWN0aXZpdGllcyBkb25lIHVuZGVyIHRoYXQgcGFzc3dvcmQuIFVuYXV0aG9yaXNlZCB1c2Ugb2YgeW91ciBwYXNzd29yZCBvciBhY2NvdW50IG11c3QgYmUgaW1tZWRpYXRlbHkgcmVwb3J0ZWQgdG8gSGFydmVzdC4gSW4gc29tZSBjYXNlcywgd2Ugb3Igb3VyIGFnZW50cyBtYXkgcmVxdWlyZSBhY2Nlc3MgdG8geW91ciB1c2VyIGFjY291bnRzIHRvIHJlc3BvbmQgdG8gdGVjaG5pY2FsIGlzc3Vlcy4gPC9wPjxwPldlIGFyZSBub3QgcmVzcG9uc2libGUgZm9yIHRoZSBjb250ZW50IG9uIHRoZSBzaXRlIHRoYXQgaGFzIGJlZW4gcHJvdmlkZWQgYnkgdGhlIHVzZXJzIG9mIHRoZSBzaXRlLiBBbnkgY29udGVudCBwb3N0ZWQgYnkgeW91IGlzIHN1YmplY3QgdG8gdGhlIHJ1bGVzIG9mIG91ciBNb2RlcmF0aW9uIFBvbGljeS4gWW91ciBjb250cmlidXRpb24gdG8gdGhlIHNpdGUgbWF5IGJlIGVkaXRlZCwgcmVtb3ZlZCBvciBub3QgcHVibGlzaGVkIGlmIHdlIGNvbnNpZGVyIGl0IGluYXBwcm9wcmlhdGUgKHJlZmVyIHRvIE1vZGVyYXRpb24gUG9saWN5KS4gQ29udHJpYnV0b3JzIHNob3VsZCBhbHNvIGJlIGF3YXJlIHRoYXQgdGhlaXIgcG9zdHMgbWF5IHJlbWFpbiBvbmxpbmUgaW5kZWZpbml0ZWx5LiBXaGVyZSBwcmFjdGljYWwsIHlvdSBtYXkgY2hvb3NlIG5vdCB0byBpZGVudGlmeSB5b3Vyc2VsZiwgZGVhbCB3aXRoIHVzIG9uIGFuIGFub255bW91cyBiYXNpcyBvciB1c2UgYSBwc2V1ZG9ueW0uIDwvcD48cD48c3Ryb25nPldoYXQgZG9lcyBIYXJ2ZXN0IHJlcXVpcmUgZnJvbSB0aGVpciB1c2Vycz88L3N0cm9uZz48L3A+PHA+WW91IG11c3QgdW5kZXJzdGFuZCBhbmQgYWdyZWUgdGhhdCwgd2l0aG91dCBsaW1pdGF0aW9uOjwvcD48YmxvY2txdW90ZSBzdHlsZT0ibWFyZ2luOiAwIDAgMCA0MHB4OyBib3JkZXI6IG5vbmU7IHBhZGRpbmc6IDBweDsiPjxsaT5hbGwgaW5mb3JtYXRpb24sIGRhdGEsIGltYWdlcyBhbmQgb3RoZXIgbWF0ZXJpYWxzIGFyZSB0aGUgc29sZSByZXNwb25zaWJpbGl0eSBvZiB0aGUgcGVyc29uIGZyb20gd2hvbSB0aGUgY29udGVudCBvcmlnaW5hdGVkOzwvbGk+PGxpPiB5b3UgYXJlIHByb2hpYml0ZWQgZnJvbSBhZHZlcnRpc2luZyBvciBvZmZlcmluZyB0byBzZWxsIG9yIGJ1eSBhbnkgZ29vZHMgYW5kIHNlcnZpY2VzIDwvbGk+PGxpPiB5b3UgY2Fubm90IHRyYW5zbWl0IENvbnRlbnQgdGhhdCBjb250YWlucyBzb2Z0d2FyZSB2aXJ1c2VzIG9yIHByb2dyYW1zIGRlc2lnbmVkIHRvIGNoYW5nZSBvciBkZXN0cm95IHRoZSBmdW5jdGlvbmFsaXR5IG9mIGFueSBjb21wdXRlciBzb2Z0d2FyZSBvciBoYXJkd2FyZTsgb3IgPC9saT48bGk+IHlvdSBjYW5ub3QgY29sbGVjdCBvciBzdG9yZSBwZXJzb25hbCBkYXRhIGFib3V0IG90aGVyIHVzZXJzIG9mIHRoZSBzaXRlIDwvbGk+PGxpPiB5b3UgY2Fubm90IGltcGVyc29uYXRlIGFueSBwZXJzb24gb3IgZW50aXR5LCBpbmNsdWRpbmcgd2l0aG91dCBsaW1pdGF0aW9uIHRvIGEgSGFydmVzdCByZXByZXNlbnRhdGl2ZTwvbGk+PGxpPiB5b3UgY2Fubm90IGludGVycnVwdCBvciBpbnRlcmZlcmUgd2l0aCB0aGUgc2l0ZSBvciBzZXJ2ZXJzIG9yIG5ldHdvcmtzIGNvbm5lY3RlZCB0byB0aGUgc2l0ZTwvbGk+PGxpPiB5b3UgY2Fubm90IGF0dGVtcHQgdG8gZ2FpbiB1bmF1dGhvcmlzZWQgYWNjZXNzIHRvIHRoZSBzaXRlIG9yIG90aGVyIHVzZSBhY2NvdW50cyA8L2xpPjwvYmxvY2txdW90ZT48cD48c3Ryb25nPkNhbiB5b3VyIGFjY291bnQgYmUgc3VzcGVuZGVkIG9yIHRlcm1pbmF0ZWQ/PC9zdHJvbmc+PC9wPjxwPldlIG1heSB0ZXJtaW5hdGUgb3Igc3VzcGVuZCBhY2Nlc3MgdG8geW91ciBzaXRlIGFuZC9vciBhY2NvdW50IGltbWVkaWF0ZWx5LCB3aXRob3V0IHByaW9yIG5vdGljZSwgaW5jbHVkaW5nIHdpdGhvdXQgbGltaXRhdGlvbiBpZiB5b3UgYnJlYWNoIHRoZSBUZXJtcy4gV2UgbWF5IGltbWVkaWF0ZWx5IGRlYWN0aXZhdGUgb3IgZGVsZXRlIHlvdXIgYWNjb3VudCBhbmQgYWxsIHRoZSByZWxhdGVkIGZpbGVzIGFuZCBpbmZvcm1hdGlvbiBpbiB5b3VyIGFjY291bnQuIEFmdGVyIHlvdXIgYWNjb3VudCBoYXMgYmVlbiB0ZXJtaW5hdGVkLCB0aGUgY29udGVudCB5b3UgaGF2ZSBwb3N0ZWQgbWF5IGFsc28gcmVtYWluIGluZGVmaW5pdGVseSBvbiB0aGUgc2l0ZS4gPC9wPjxwPklmIHlvdSB3YW50IHRvIHRlcm1pbmF0ZSB5b3VyIG93biBhY2NvdW50LCBwbGVhc2Ugc2VuZCBhbiBlbWFpbCB0byBpbmZvQGhhcnZlc3RkaWdpdGFscGxhbm5pbmcuY29tLiA8L3A+PHA+PHN0cm9uZz5Hb3Zlcm5pbmcgTGF3IDwvc3Ryb25nPjwvcD48cD5UaGVzZSBUZXJtcyBzaGFsbCBiZSBnb3Zlcm5lZCBpbiBhY2NvcmRhbmNlIHdpdGggdGhlIGxhd3Mgb2YgVmljdG9yaWEsIEF1c3RyYWxpYSwgd2l0aG91dCByZWdhcmRzIHRvIGl0cyBjb25mbGljdCBvZiBsYXcgcHJvdmlzaW9ucy4gPC9wPjxwPjxzdHJvbmc+SW5kZW1uaWZpY2F0aW9uPC9zdHJvbmc+PC9wPjxwPkhhcnZlc3QsIGl0cyBzdWJzaWRpYXJpZXMsIGFmZmlsaWF0ZXMsIG9mZmljZXJzLCBhZ2VudHMsIGxpY2Vuc29ycyBhbmQgb3RoZXIgcGFydG5lcnMgYXJlIG5vdCByZXNwb25zaWJsZSBmb3IgYW55IGxvc3MsIGxpYWJpbGl0eSwgY2xhaW0sIG9yIGRlbWFuZCwgaW5jbHVkaW5nIGxlZ2FsIGZlZXMsIG1hZGUgYnkgYW55IHRoaXJkIHBhcnR5IGR1ZSB0byBvciBhcmlzaW5nIGZyb20gYSBicmVhY2ggb2YgdGhpcyBhZ3JlZW1lbnQgYW5kL29yIGFueSBicmVhY2ggb2YgeW91ciByZXByZXNlbnRhdGlvbnMgYW5kIHdhcnJhbnRpZXMgc2V0IGZvcnRoIGFib3ZlLiA8L3A+PHA+PHN0cm9uZz5XaGF0IGNvbnRlbnQgZG9lcyBIYXJ2ZXN0IG93bj8gPC9zdHJvbmc+PC9wPjxwPllvdXIgU2F5IHdlYnNpdGUgY29udGFpbnMgdGhlIGNvcHlyaWdodGVkIG1hdGVyaWFsLCB0cmFkZW1hcmtzLCBwYXRlbnRzLCB0cmFkZSBzZWNyZXRzIGFuZCBvdGhlciBwcm9wcmlldGFyeSBpbmZvcm1hdGlvbiAo4oCcSW50ZWxsZWN0dWFsIFByb3BlcnR54oCdKSBvZiBIYXJ2ZXN0IGFuZCBpdHMgc3VwcGxpZXJzIGFuZCBsaWNlbnNvcnMuIEhhcnZlc3Qgb3ducyBhbmQgcmV0YWluIGFsbCBwcm9wcmlldGFyeSByaWdodHMgaW4gdGhlIGludGVsbGVjdHVhbCBwcm9wZXJ0eS4gQWxsIGludGVsbGVjdHVhbCBwcm9wZXJ0eSBpbiB0aGUgY29udGVudCBvZiB0aGlzIHNpdGUgaW5jbHVkaW5nIHdpdGhvdXQgbGltaXRhdGlvbiB0byB0ZXh0LCBzb2Z0d2FyZSwgc291cmNlIGNvZGUsIHBhZ2VzLCBkb2N1bWVudHMgYW5kIG9ubGluZSBncmFwaGljcywgcGhvdG9ncmFwaHMsIHNvdW5kcywgYXVkaW8sIHZpZGVvIGFuZCBvdGhlciBpbnRlcmFjdGl2ZSBmZWF0dXJlcyBhcmUgb3duZWQgYnkgb3IgbGljZW5zZWQgdG8gdXMuIDwvcD48cD5Bbnkgb3JpZ2luYWwgY29udGVudCB0aGF0IHlvdSBzdWJtaXQgb3IgcG9zdCBvbiBvdXIgc2l0ZSBtYXkgYmUgbWFkZSBhdmFpbGFibGUgdG8gdGhlIHB1YmxpYyBhbmQgYWxsb3dzIHVzZXJzIHRvIHNoYXJlIHlvdXIgY29udGVudCAod2l0aCB0aGUgZW5kIHVzZXIgYWNrbm93bGVkZ2luZyB5b3VyIGNvbnRyaWJ1dGlvbikgdW5kZXIgdGhlIENyZWF0aXZlIENvbW1vbnMgQXR0cmlidXRpb24tU2hhcmVBbGlrZSA0LjAgQXVzdHJhbGlhbiBMaWNlbnNlLiA8L3A+PHA+RXhjZXB0IGZvciBJbnRlbGxlY3R1YWwgUHJvcGVydHkgd2hpY2ggaXMgaW4gdGhlIHB1YmxpYyBkb21haW4gb3IgZm9yIHdoaWNoIHlvdSBoYXZlIGJlZW4gZ2l2ZW4gd3JpdHRlbiBwZXJtaXNzaW9uLCB5b3UgbWF5IG5vdCBjb3B5LCBhbHRlciwgdHJhbnNtaXQsIHNlbGwsIGRpc3RyaWJ1dGUgYW55IG9mIHRoZSBJbnRlbGxlY3R1YWwgUHJvcGVydHkuPC9wPjxwPldlIGFyZSBub3QgcmVzcG9uc2libGUgZm9yIHlvdXIgY29tbXVuaWNhdGlvbnMgb3IgZGVhbGluZ3MsIGluY2x1ZGluZyBwYXltZW50IGFuZCBkZWxpdmVyeSBvZiBnb29kcyBvciBzZXJ2aWNlcywgd2l0aCBhIHRoaXJkIHBhcnR5IGZvdW5kIHZpYSBvdXIgd2Vic2l0ZS4gQW55IGxvc3Mgb3IgZGFtYWdlIGluY3VycmVkIGZyb20gdGhvc2UgY29tbXVuaWNhdGlvbnMgb3IgZGVhbGluZ3MgYXJlIHNvbGVseSBiZXR3ZWVuIHRoZSB1c2VyIGFuZCB0aGUgdGhpcmQgcGFydHkuIDwvcD48cD48c3Ryb25nPkRpc2NsYWltZXIgYW5kIFdhcnJhbnRpZXM8L3N0cm9uZz48L3A+PHA+VXNlcnMgbXVzdCBhZ3JlZSB0aGF0IHlvdSB1c2Ugb2YgdGhlIHNpdGUgaXMgYXQgeW91ciBvd24gcmlzay4gV2UgbWFrZSBubyB3YXJyYW50eSB0aGF0IHRoZSBzaXRlIHdpbGwgbWVldCB5b3VyIHJlcXVpcmVtZW50cyBvciBiZSB1bmludGVycnVwdGVkIG9yIGVycm9yLWZyZWUuIEFueSBtYXRlcmlhbCB0aGF0IHRoZSB1c2VyIGRvd25sb2FkcyB0aHJvdWdoIHRoZSBzaXRlIGlzIGRvbmUgYXQgdGhlaXIgb3duIHJpc2sgYW5kIGFyZSByZXNwb25zaWJsZSBmb3IgYW55IGRhbWFnZXMgdG8gdGhlaXIgY29tcHV0ZXIgc3lzdGVtIG9yIGxvc3Mgb2YgZGF0YS4gPC9wPjxwPjxzdHJvbmc+V2hhdCBoYXBwZW5zIGlmIHRoZXNlIFRlcm1zIGNoYW5nZT8gPC9zdHJvbmc+PC9wPjxwPldlIHJlc2VydmUgdGhlIHJpZ2h0LCBhdCBvdXIgc29sZSBkaXNjcmV0aW9uLCB0byBtb2RpZnkgb3IgcmVwbGFjZSB0aGVzZSBUZXJtcyBhdCBhbnkgdGltZSB3aXRob3V0IG5vdGljZS4gVGhlIG1vc3QgcmVjZW50IHZlcnNpb24gb2YgdGhlIFRlcm1zIGNhbiBiZSBzZWVuIG9uIHRoaXMgcGFnZS4gQnkgY29udGludWluZyB0byBhY2Nlc3Mgb3IgdXNlIG91ciBzaXRlIGFmdGVyIHRob3NlIHJldmlzaW9ucyBiZWNvbWUgZWZmZWN0aXZlLCB5b3UgYWdyZWUgYW5kIHdpbGwgY29tcGx5IHRvIHRoZSByZXZpc2VkIHRlcm1zLiBJZiB5b3UgZG8gbm90IGFncmVlIHRvIHRoZSByZXZpc2VkIHRlcm1zLCBwbGVhc2UgZGlzY29udGludWUgdXNpbmcgb3VyIHNpdGUuIDwvcD48cD48c3Ryb25nPkNvbnRhY3QgVXM8L3N0cm9uZz48L3A+PHA+SWYgeW91IGhhdmUgYW55IHF1ZXN0aW9ucyBhYm91dCB0aGVzZSBUZXJtcywgcGxlYXNlIGNvbnRhY3QgdXMgYXQgaW5mb0BoYXJ2ZXN0ZHAuY29tPC9wPiI7fQ=='),(185,'','2016-11-04 02:52:12','2016-11-04 02:52:12',NULL,'0',32,1,NULL),(186,'','2016-11-04 02:55:49','2016-11-04 02:55:49',NULL,'0',44,1,NULL),(187,'','2016-11-04 02:56:05','2016-11-04 02:56:05',NULL,'0',44,1,NULL),(188,'','2016-11-04 02:57:09','2016-11-04 02:57:09',NULL,'0',44,1,NULL),(191,'','2017-03-28 16:33:38','2017-03-28 16:33:39',NULL,'1',12,1,NULL),(192,'','2017-03-28 16:34:20','2017-03-28 16:34:20',NULL,'1',12,1,NULL);
/*!40000 ALTER TABLE `blocks` ENABLE KEYS */;
UNLOCK TABLES;

--
-- Table structure for table `blocktypepermissionblocktypeaccesslist`
--

DROP TABLE IF EXISTS `blocktypepermissionblocktypeaccesslist`;
/*!40101 SET @saved_cs_client     = @@character_set_client */;
/*!40101 SET character_set_client = utf8 */;
CREATE TABLE `blocktypepermissionblocktypeaccesslist` (
  `paID` int(10) unsigned NOT NULL DEFAULT '0',
  `peID` int(10) unsigned NOT NULL DEFAULT '0',
  `permission` varchar(1) COLLATE utf8_unicode_ci NOT NULL DEFAULT '1',
  PRIMARY KEY (`paID`,`peID`),
  KEY `peID` (`peID`)
) ENGINE=InnoDB DEFAULT CHARSET=utf8 COLLATE=utf8_unicode_ci;
/*!40101 SET character_set_client = @saved_cs_client */;

--
-- Dumping data for table `blocktypepermissionblocktypeaccesslist`
--

LOCK TABLES `blocktypepermissionblocktypeaccesslist` WRITE;
/*!40000 ALTER TABLE `blocktypepermissionblocktypeaccesslist` DISABLE KEYS */;
INSERT INTO `blocktypepermissionblocktypeaccesslist` VALUES (88,1,'A'),(88,7,'A'),(88,8,'A'),(112,1,'A'),(112,7,'A'),(112,8,'C'),(113,1,'A'),(113,7,'A'),(113,8,'C'),(114,1,'A'),(114,7,'A'),(114,8,'C'),(116,1,'A'),(116,7,'A'),(116,8,'C'),(121,1,'A'),(121,7,'A'),(121,8,'C'),(123,1,'A'),(123,7,'C'),(123,8,'C'),(129,1,'A'),(129,7,'C'),(129,8,'C'),(133,1,'A'),(133,7,'C'),(133,8,'C'),(141,1,'A'),(141,7,'C'),(141,8,'C'),(143,1,'A'),(143,7,'C'),(143,8,'C'),(603,1,'A'),(603,7,'C'),(603,8,'C'),(606,1,'A'),(606,7,'C'),(606,8,'C'),(607,1,'A'),(607,7,'C'),(607,8,'C'),(608,1,'A'),(608,7,'C'),(608,8,'C'),(610,1,'A'),(610,7,'C'),(610,8,'C'),(7073,1,'A'),(7073,7,'C'),(7073,8,'C'),(31164,1,'A'),(31164,7,'C'),(31164,8,'C'),(31178,1,'A'),(31178,8,'C'),(31201,1,'A'),(31201,8,'C'),(31214,1,'A'),(31214,8,'C'),(31357,1,'A'),(31357,7,'C'),(31357,8,'C'),(31362,1,'A'),(31362,7,'C'),(31362,8,'C'),(31363,1,'A'),(31363,7,'C'),(31363,8,'C'),(31386,1,'A'),(31386,7,'C'),(31386,8,'C'),(31387,1,'A'),(31387,7,'C'),(31387,8,'C'),(31388,1,'A'),(31388,7,'C'),(31388,8,'C');
/*!40000 ALTER TABLE `blocktypepermissionblocktypeaccesslist` ENABLE KEYS */;
UNLOCK TABLES;

--
-- Table structure for table `blocktypepermissionblocktypeaccesslistcustom`
--

DROP TABLE IF EXISTS `blocktypepermissionblocktypeaccesslistcustom`;
/*!40101 SET @saved_cs_client     = @@character_set_client */;
/*!40101 SET character_set_client = utf8 */;
CREATE TABLE `blocktypepermissionblocktypeaccesslistcustom` (
  `paID` int(10) unsigned NOT NULL DEFAULT '0',
  `peID` int(10) unsigned NOT NULL DEFAULT '0',
  `btID` int(10) unsigned NOT NULL DEFAULT '0',
  PRIMARY KEY (`paID`,`peID`,`btID`),
  KEY `peID` (`peID`),
  KEY `btID` (`btID`)
) ENGINE=InnoDB DEFAULT CHARSET=utf8 COLLATE=utf8_unicode_ci;
/*!40101 SET character_set_client = @saved_cs_client */;

--
-- Dumping data for table `blocktypepermissionblocktypeaccesslistcustom`
--

LOCK TABLES `blocktypepermissionblocktypeaccesslistcustom` WRITE;
/*!40000 ALTER TABLE `blocktypepermissionblocktypeaccesslistcustom` DISABLE KEYS */;
INSERT INTO `blocktypepermissionblocktypeaccesslistcustom` VALUES (123,7,5),(123,7,12),(123,7,17),(123,7,21),(123,7,23),(123,7,25),(123,7,34),(123,7,39),(123,7,40),(123,7,41),(123,7,42),(123,7,43),(123,7,45),(123,7,46),(123,7,47),(123,7,48),(123,7,68),(123,7,69),(123,7,70),(123,7,71),(123,7,72),(123,7,73),(123,7,74),(123,7,75),(123,7,76),(123,7,77),(123,7,78),(123,7,79),(123,7,80),(123,7,81),(123,7,88),(123,7,91),(123,7,93),(123,7,94),(123,7,95),(123,7,96),(123,7,97),(123,7,98),(123,7,99),(123,7,104),(123,7,105),(123,7,107),(129,7,5),(129,7,12),(129,7,17),(129,7,39),(129,7,40),(129,7,41),(129,7,42),(129,7,43),(129,7,45),(129,7,46),(129,7,47),(129,7,48),(129,7,70),(129,7,71),(129,7,72),(129,7,73),(129,7,74),(129,7,75),(129,7,76),(129,7,77),(129,7,78),(129,7,79),(129,7,80),(129,7,81),(129,7,88),(129,7,91),(129,7,93),(129,7,94),(129,7,95),(129,7,96),(129,7,97),(129,7,98),(129,7,99),(129,7,104),(129,7,105),(129,7,107),(133,7,5),(133,7,12),(133,7,17),(133,7,39),(133,7,40),(133,7,41),(133,7,42),(133,7,43),(133,7,45),(133,7,46),(133,7,47),(133,7,48),(133,7,70),(133,7,71),(133,7,72),(133,7,73),(133,7,74),(133,7,75),(133,7,76),(133,7,77),(133,7,78),(133,7,79),(133,7,80),(133,7,81),(133,7,88),(133,7,91),(133,7,93),(133,7,94),(133,7,95),(133,7,96),(133,7,97),(133,7,98),(133,7,99),(133,7,104),(133,7,105),(133,7,107),(141,7,5),(141,7,12),(141,7,17),(141,7,23),(141,7,25),(141,7,34),(141,7,39),(141,7,40),(141,7,41),(141,7,42),(141,7,43),(141,7,45),(141,7,46),(141,7,47),(141,7,48),(141,7,70),(141,7,71),(141,7,72),(141,7,73),(141,7,74),(141,7,75),(141,7,76),(141,7,77),(141,7,78),(141,7,79),(141,7,80),(141,7,81),(141,7,88),(141,7,91),(141,7,93),(141,7,94),(141,7,95),(141,7,96),(141,7,97),(141,7,98),(141,7,99),(141,7,104),(141,7,105),(141,7,107),(143,7,5),(143,7,12),(143,7,17),(143,7,23),(143,7,25),(143,7,34),(143,7,39),(143,7,40),(143,7,41),(143,7,42),(143,7,43),(143,7,45),(143,7,46),(143,7,47),(143,7,48),(143,7,70),(143,7,71),(143,7,72),(143,7,73),(143,7,74),(143,7,75),(143,7,76),(143,7,77),(143,7,78),(143,7,79),(143,7,80),(143,7,81),(143,7,88),(143,7,91),(143,7,93),(143,7,94),(143,7,95),(143,7,96),(143,7,97),(143,7,98),(143,7,99),(143,7,104),(143,7,105),(143,7,107),(603,7,5),(603,7,12),(603,7,17),(603,7,23),(603,7,25),(603,7,34),(603,7,39),(603,7,40),(603,7,41),(603,7,42),(603,7,43),(603,7,45),(603,7,46),(603,7,47),(603,7,48),(603,7,70),(603,7,71),(603,7,72),(603,7,73),(603,7,74),(603,7,75),(603,7,76),(603,7,77),(603,7,78),(603,7,79),(603,7,80),(603,7,81),(603,7,88),(603,7,91),(603,7,93),(603,7,94),(603,7,95),(603,7,96),(603,7,97),(603,7,98),(603,7,99),(603,7,104),(603,7,105),(603,7,107),(606,7,5),(606,7,12),(606,7,17),(606,7,25),(606,7,28),(606,7,33),(606,7,34),(606,7,39),(606,7,40),(606,7,41),(606,7,42),(606,7,43),(606,7,45),(606,7,46),(606,7,47),(606,7,48),(606,7,68),(606,7,69),(606,7,70),(606,7,71),(606,7,72),(606,7,73),(606,7,74),(606,7,75),(606,7,76),(606,7,77),(606,7,78),(606,7,79),(606,7,80),(606,7,81),(606,7,82),(606,7,83),(606,7,86),(606,7,88),(606,7,91),(606,7,93),(606,7,94),(606,7,95),(606,7,96),(606,7,97),(606,7,98),(606,7,99),(606,7,104),(606,7,105),(606,7,107),(607,7,5),(607,7,12),(607,7,17),(607,7,25),(607,7,28),(607,7,33),(607,7,34),(607,7,39),(607,7,40),(607,7,41),(607,7,42),(607,7,43),(607,7,45),(607,7,46),(607,7,47),(607,7,48),(607,7,68),(607,7,69),(607,7,70),(607,7,71),(607,7,72),(607,7,73),(607,7,74),(607,7,75),(607,7,76),(607,7,77),(607,7,78),(607,7,79),(607,7,80),(607,7,81),(607,7,82),(607,7,83),(607,7,86),(607,7,88),(607,7,91),(607,7,93),(607,7,94),(607,7,95),(607,7,96),(607,7,97),(607,7,98),(607,7,99),(607,7,104),(607,7,105),(607,7,107),(608,7,5),(608,7,12),(608,7,17),(608,7,25),(608,7,33),(608,7,34),(608,7,39),(608,7,40),(608,7,41),(608,7,42),(608,7,43),(608,7,45),(608,7,46),(608,7,47),(608,7,48),(608,7,68),(608,7,69),(608,7,70),(608,7,71),(608,7,72),(608,7,73),(608,7,74),(608,7,75),(608,7,76),(608,7,77),(608,7,78),(608,7,79),(608,7,80),(608,7,81),(608,7,82),(608,7,83),(608,7,86),(608,7,88),(608,7,91),(608,7,93),(608,7,94),(608,7,95),(608,7,96),(608,7,97),(608,7,98),(608,7,99),(608,7,104),(608,7,105),(608,7,107),(610,7,5),(610,7,12),(610,7,17),(610,7,25),(610,7,34),(610,7,39),(610,7,40),(610,7,41),(610,7,42),(610,7,43),(610,7,45),(610,7,46),(610,7,47),(610,7,48),(610,7,68),(610,7,69),(610,7,70),(610,7,71),(610,7,72),(610,7,73),(610,7,74),(610,7,75),(610,7,76),(610,7,77),(610,7,78),(610,7,79),(610,7,80),(610,7,81),(610,7,82),(610,7,83),(610,7,86),(610,7,88),(610,7,91),(610,7,93),(610,7,94),(610,7,95),(610,7,96),(610,7,97),(610,7,98),(610,7,99),(610,7,104),(610,7,105),(610,7,107),(7073,7,5),(7073,7,12),(7073,7,17),(7073,7,25),(7073,7,34),(7073,7,39),(7073,7,40),(7073,7,41),(7073,7,42),(7073,7,43),(7073,7,45),(7073,7,46),(7073,7,47),(7073,7,48),(7073,7,68),(7073,7,69),(7073,7,70),(7073,7,71),(7073,7,72),(7073,7,73),(7073,7,74),(7073,7,75),(7073,7,76),(7073,7,77),(7073,7,78),(7073,7,79),(7073,7,80),(7073,7,81),(7073,7,82),(7073,7,83),(7073,7,86),(7073,7,88),(7073,7,91),(7073,7,93),(7073,7,94),(7073,7,95),(7073,7,96),(7073,7,97),(7073,7,98),(7073,7,99),(7073,7,104),(7073,7,105),(7073,7,107),(31164,7,5),(31164,7,12),(31164,7,17),(31164,7,25),(31164,7,34),(31164,7,39),(31164,7,40),(31164,7,41),(31164,7,42),(31164,7,43),(31164,7,45),(31164,7,46),(31164,7,47),(31164,7,48),(31164,7,68),(31164,7,69),(31164,7,70),(31164,7,71),(31164,7,72),(31164,7,73),(31164,7,74),(31164,7,75),(31164,7,76),(31164,7,77),(31164,7,78),(31164,7,79),(31164,7,80),(31164,7,81),(31164,7,82),(31164,7,83),(31164,7,86),(31164,7,88),(31164,7,91),(31164,7,93),(31164,7,94),(31164,7,95),(31164,7,96),(31164,7,97),(31164,7,98),(31164,7,99),(31164,7,104),(31164,7,105),(31164,7,107),(31357,7,5),(31357,7,12),(31357,7,17),(31357,7,25),(31357,7,34),(31357,7,39),(31357,7,40),(31357,7,41),(31357,7,42),(31357,7,43),(31357,7,45),(31357,7,46),(31357,7,47),(31357,7,48),(31357,7,68),(31357,7,69),(31357,7,70),(31357,7,71),(31357,7,72),(31357,7,73),(31357,7,74),(31357,7,75),(31357,7,76),(31357,7,77),(31357,7,78),(31357,7,79),(31357,7,80),(31357,7,81),(31357,7,82),(31357,7,83),(31357,7,86),(31357,7,87),(31357,7,88),(31357,7,91),(31357,7,93),(31357,7,94),(31357,7,95),(31357,7,96),(31357,7,97),(31357,7,98),(31357,7,99),(31357,7,104),(31357,7,105),(31357,7,107),(31362,7,5),(31362,7,12),(31362,7,17),(31362,7,25),(31362,7,34),(31362,7,39),(31362,7,40),(31362,7,41),(31362,7,42),(31362,7,43),(31362,7,45),(31362,7,46),(31362,7,47),(31362,7,48),(31362,7,68),(31362,7,69),(31362,7,70),(31362,7,71),(31362,7,72),(31362,7,73),(31362,7,74),(31362,7,75),(31362,7,76),(31362,7,77),(31362,7,78),(31362,7,79),(31362,7,80),(31362,7,81),(31362,7,82),(31362,7,83),(31362,7,86),(31362,7,87),(31362,7,88),(31362,7,91),(31362,7,93),(31362,7,94),(31362,7,95),(31362,7,96),(31362,7,97),(31362,7,98),(31362,7,99),(31362,7,104),(31362,7,105),(31362,7,107),(31363,7,5),(31363,7,12),(31363,7,17),(31363,7,25),(31363,7,34),(31363,7,39),(31363,7,40),(31363,7,41),(31363,7,42),(31363,7,43),(31363,7,45),(31363,7,46),(31363,7,47),(31363,7,48),(31363,7,68),(31363,7,69),(31363,7,70),(31363,7,71),(31363,7,72),(31363,7,73),(31363,7,74),(31363,7,75),(31363,7,76),(31363,7,77),(31363,7,78),(31363,7,79),(31363,7,80),(31363,7,81),(31363,7,82),(31363,7,83),(31363,7,86),(31363,7,87),(31363,7,88),(31363,7,91),(31363,7,93),(31363,7,94),(31363,7,95),(31363,7,96),(31363,7,97),(31363,7,98),(31363,7,99),(31363,7,104),(31363,7,105),(31363,7,107),(31386,7,5),(31386,7,12),(31386,7,17),(31386,7,25),(31386,7,34),(31386,7,39),(31386,7,40),(31386,7,41),(31386,7,42),(31386,7,43),(31386,7,45),(31386,7,46),(31386,7,47),(31386,7,48),(31386,7,68),(31386,7,69),(31386,7,70),(31386,7,71),(31386,7,72),(31386,7,73),(31386,7,74),(31386,7,75),(31386,7,76),(31386,7,77),(31386,7,78),(31386,7,79),(31386,7,80),(31386,7,81),(31386,7,82),(31386,7,83),(31386,7,86),(31386,7,87),(31386,7,88),(31386,7,91),(31386,7,93),(31386,7,94),(31386,7,95),(31386,7,96),(31386,7,97),(31386,7,98),(31386,7,99),(31386,7,104),(31386,7,105),(31386,7,107),(31387,7,5),(31387,7,12),(31387,7,17),(31387,7,25),(31387,7,34),(31387,7,39),(31387,7,40),(31387,7,41),(31387,7,42),(31387,7,43),(31387,7,45),(31387,7,46),(31387,7,47),(31387,7,48),(31387,7,68),(31387,7,69),(31387,7,70),(31387,7,71),(31387,7,72),(31387,7,73),(31387,7,74),(31387,7,75),(31387,7,76),(31387,7,77),(31387,7,78),(31387,7,79),(31387,7,80),(31387,7,81),(31387,7,82),(31387,7,83),(31387,7,86),(31387,7,87),(31387,7,88),(31387,7,91),(31387,7,93),(31387,7,94),(31387,7,95),(31387,7,96),(31387,7,97),(31387,7,98),(31387,7,99),(31387,7,104),(31387,7,105),(31387,7,107),(31388,7,5),(31388,7,12),(31388,7,17),(31388,7,25),(31388,7,34),(31388,7,39),(31388,7,40),(31388,7,41),(31388,7,42),(31388,7,43),(31388,7,45),(31388,7,46),(31388,7,47),(31388,7,48),(31388,7,68),(31388,7,69),(31388,7,70),(31388,7,71),(31388,7,72),(31388,7,73),(31388,7,74),(31388,7,75),(31388,7,76),(31388,7,77),(31388,7,78),(31388,7,79),(31388,7,80),(31388,7,81),(31388,7,82),(31388,7,83),(31388,7,86),(31388,7,87),(31388,7,88),(31388,7,91),(31388,7,93),(31388,7,94),(31388,7,95),(31388,7,96),(31388,7,97),(31388,7,98),(31388,7,99),(31388,7,104),(31388,7,105),(31388,7,107),(112,8,5),(112,8,12),(112,8,17),(112,8,25),(112,8,27),(112,8,33),(112,8,34),(112,8,39),(112,8,40),(112,8,41),(112,8,42),(112,8,43),(112,8,45),(112,8,46),(112,8,48),(112,8,68),(112,8,69),(112,8,70),(112,8,71),(112,8,72),(112,8,73),(112,8,74),(112,8,75),(112,8,76),(112,8,77),(112,8,78),(112,8,79),(112,8,80),(112,8,81),(112,8,88),(112,8,91),(112,8,93),(112,8,94),(112,8,95),(112,8,96),(112,8,97),(112,8,98),(112,8,99),(112,8,104),(112,8,105),(112,8,107),(113,8,5),(113,8,12),(113,8,17),(113,8,25),(113,8,34),(113,8,39),(113,8,40),(113,8,41),(113,8,42),(113,8,43),(113,8,45),(113,8,46),(113,8,48),(113,8,68),(113,8,69),(113,8,70),(113,8,71),(113,8,72),(113,8,73),(113,8,74),(113,8,75),(113,8,76),(113,8,77),(113,8,78),(113,8,79),(113,8,80),(113,8,81),(113,8,88),(113,8,91),(113,8,93),(113,8,94),(113,8,95),(113,8,96),(113,8,97),(113,8,98),(113,8,99),(113,8,104),(113,8,105),(113,8,107),(114,8,5),(114,8,12),(114,8,17),(114,8,25),(114,8,34),(114,8,39),(114,8,40),(114,8,41),(114,8,42),(114,8,43),(114,8,45),(114,8,46),(114,8,48),(114,8,68),(114,8,69),(114,8,70),(114,8,71),(114,8,72),(114,8,73),(114,8,74),(114,8,75),(114,8,76),(114,8,77),(114,8,78),(114,8,79),(114,8,80),(114,8,81),(114,8,88),(114,8,91),(114,8,93),(114,8,94),(114,8,95),(114,8,96),(114,8,97),(114,8,98),(114,8,99),(114,8,104),(114,8,105),(114,8,107),(116,8,5),(116,8,12),(116,8,17),(116,8,25),(116,8,34),(116,8,39),(116,8,40),(116,8,41),(116,8,42),(116,8,43),(116,8,45),(116,8,46),(116,8,48),(116,8,68),(116,8,69),(116,8,70),(116,8,71),(116,8,72),(116,8,73),(116,8,74),(116,8,75),(116,8,76),(116,8,77),(116,8,78),(116,8,79),(116,8,80),(116,8,81),(116,8,88),(116,8,91),(116,8,93),(116,8,94),(116,8,95),(116,8,96),(116,8,97),(116,8,98),(116,8,99),(116,8,104),(116,8,105),(116,8,107),(121,8,5),(121,8,12),(121,8,17),(121,8,25),(121,8,34),(121,8,39),(121,8,40),(121,8,41),(121,8,42),(121,8,43),(121,8,45),(121,8,46),(121,8,48),(121,8,68),(121,8,69),(121,8,70),(121,8,71),(121,8,72),(121,8,73),(121,8,74),(121,8,75),(121,8,76),(121,8,77),(121,8,78),(121,8,79),(121,8,80),(121,8,81),(121,8,88),(121,8,91),(121,8,93),(121,8,94),(121,8,95),(121,8,96),(121,8,97),(121,8,98),(121,8,99),(121,8,104),(121,8,105),(121,8,107),(123,8,5),(123,8,12),(123,8,17),(123,8,25),(123,8,34),(123,8,39),(123,8,40),(123,8,41),(123,8,42),(123,8,43),(123,8,45),(123,8,46),(123,8,48),(123,8,68),(123,8,69),(123,8,70),(123,8,71),(123,8,72),(123,8,73),(123,8,74),(123,8,75),(123,8,76),(123,8,77),(123,8,78),(123,8,79),(123,8,80),(123,8,81),(123,8,88),(123,8,91),(123,8,93),(123,8,94),(123,8,95),(123,8,96),(123,8,97),(123,8,98),(123,8,99),(123,8,104),(123,8,105),(123,8,107),(129,8,5),(129,8,12),(129,8,17),(129,8,25),(129,8,34),(129,8,39),(129,8,40),(129,8,41),(129,8,42),(129,8,43),(129,8,45),(129,8,46),(129,8,48),(129,8,68),(129,8,69),(129,8,70),(129,8,71),(129,8,72),(129,8,73),(129,8,74),(129,8,75),(129,8,76),(129,8,77),(129,8,78),(129,8,79),(129,8,80),(129,8,81),(129,8,88),(129,8,91),(129,8,93),(129,8,94),(129,8,95),(129,8,96),(129,8,97),(129,8,98),(129,8,99),(129,8,104),(129,8,105),(129,8,107),(133,8,5),(133,8,12),(133,8,17),(133,8,25),(133,8,34),(133,8,39),(133,8,40),(133,8,41),(133,8,42),(133,8,43),(133,8,45),(133,8,46),(133,8,48),(133,8,68),(133,8,69),(133,8,70),(133,8,71),(133,8,72),(133,8,73),(133,8,74),(133,8,75),(133,8,76),(133,8,77),(133,8,78),(133,8,79),(133,8,80),(133,8,81),(133,8,88),(133,8,91),(133,8,93),(133,8,94),(133,8,95),(133,8,96),(133,8,97),(133,8,98),(133,8,99),(133,8,104),(133,8,105),(133,8,107),(141,8,5),(141,8,12),(141,8,17),(141,8,23),(141,8,25),(141,8,34),(141,8,39),(141,8,40),(141,8,41),(141,8,42),(141,8,43),(141,8,45),(141,8,46),(141,8,47),(141,8,48),(141,8,70),(141,8,71),(141,8,72),(141,8,73),(141,8,74),(141,8,75),(141,8,76),(141,8,77),(141,8,78),(141,8,79),(141,8,80),(141,8,81),(141,8,88),(141,8,91),(141,8,93),(141,8,94),(141,8,95),(141,8,96),(141,8,97),(141,8,98),(141,8,99),(141,8,104),(141,8,105),(141,8,107),(143,8,5),(143,8,12),(143,8,17),(143,8,23),(143,8,25),(143,8,34),(143,8,39),(143,8,40),(143,8,41),(143,8,42),(143,8,43),(143,8,45),(143,8,46),(143,8,47),(143,8,48),(143,8,70),(143,8,71),(143,8,72),(143,8,73),(143,8,74),(143,8,75),(143,8,76),(143,8,77),(143,8,78),(143,8,79),(143,8,80),(143,8,81),(143,8,88),(143,8,91),(143,8,93),(143,8,94),(143,8,95),(143,8,96),(143,8,97),(143,8,98),(143,8,99),(143,8,104),(143,8,105),(143,8,107),(603,8,5),(603,8,12),(603,8,17),(603,8,23),(603,8,25),(603,8,34),(603,8,39),(603,8,40),(603,8,41),(603,8,42),(603,8,43),(603,8,45),(603,8,46),(603,8,47),(603,8,48),(603,8,70),(603,8,71),(603,8,72),(603,8,73),(603,8,74),(603,8,75),(603,8,76),(603,8,77),(603,8,78),(603,8,79),(603,8,80),(603,8,81),(603,8,88),(603,8,91),(603,8,93),(603,8,94),(603,8,95),(603,8,96),(603,8,97),(603,8,98),(603,8,99),(603,8,104),(603,8,105),(603,8,107),(606,8,5),(606,8,12),(606,8,17),(606,8,23),(606,8,25),(606,8,28),(606,8,33),(606,8,34),(606,8,39),(606,8,40),(606,8,41),(606,8,42),(606,8,43),(606,8,45),(606,8,46),(606,8,47),(606,8,48),(606,8,68),(606,8,69),(606,8,70),(606,8,71),(606,8,72),(606,8,73),(606,8,74),(606,8,75),(606,8,76),(606,8,77),(606,8,78),(606,8,79),(606,8,80),(606,8,81),(606,8,82),(606,8,83),(606,8,86),(606,8,88),(606,8,91),(606,8,93),(606,8,94),(606,8,95),(606,8,96),(606,8,97),(606,8,98),(606,8,99),(606,8,104),(606,8,105),(606,8,107),(607,8,5),(607,8,12),(607,8,17),(607,8,23),(607,8,25),(607,8,28),(607,8,33),(607,8,34),(607,8,39),(607,8,40),(607,8,41),(607,8,42),(607,8,43),(607,8,45),(607,8,46),(607,8,47),(607,8,48),(607,8,68),(607,8,69),(607,8,70),(607,8,71),(607,8,72),(607,8,73),(607,8,74),(607,8,75),(607,8,76),(607,8,77),(607,8,78),(607,8,79),(607,8,80),(607,8,81),(607,8,82),(607,8,83),(607,8,86),(607,8,88),(607,8,91),(607,8,93),(607,8,94),(607,8,95),(607,8,96),(607,8,97),(607,8,98),(607,8,99),(607,8,104),(607,8,105),(607,8,107),(608,8,5),(608,8,12),(608,8,17),(608,8,23),(608,8,25),(608,8,33),(608,8,34),(608,8,39),(608,8,40),(608,8,41),(608,8,42),(608,8,43),(608,8,45),(608,8,46),(608,8,47),(608,8,48),(608,8,68),(608,8,69),(608,8,70),(608,8,71),(608,8,72),(608,8,73),(608,8,74),(608,8,75),(608,8,76),(608,8,77),(608,8,78),(608,8,79),(608,8,80),(608,8,81),(608,8,82),(608,8,83),(608,8,86),(608,8,88),(608,8,91),(608,8,93),(608,8,94),(608,8,95),(608,8,96),(608,8,97),(608,8,98),(608,8,99),(608,8,104),(608,8,105),(608,8,107),(610,8,5),(610,8,12),(610,8,17),(610,8,25),(610,8,34),(610,8,39),(610,8,40),(610,8,41),(610,8,42),(610,8,43),(610,8,45),(610,8,46),(610,8,47),(610,8,48),(610,8,68),(610,8,69),(610,8,70),(610,8,71),(610,8,72),(610,8,73),(610,8,74),(610,8,75),(610,8,76),(610,8,77),(610,8,78),(610,8,79),(610,8,80),(610,8,81),(610,8,82),(610,8,83),(610,8,86),(610,8,88),(610,8,91),(610,8,93),(610,8,94),(610,8,95),(610,8,96),(610,8,97),(610,8,98),(610,8,99),(610,8,104),(610,8,105),(610,8,107),(7073,8,5),(7073,8,12),(7073,8,17),(7073,8,25),(7073,8,34),(7073,8,39),(7073,8,40),(7073,8,41),(7073,8,42),(7073,8,43),(7073,8,45),(7073,8,46),(7073,8,47),(7073,8,48),(7073,8,68),(7073,8,69),(7073,8,70),(7073,8,71),(7073,8,72),(7073,8,73),(7073,8,74),(7073,8,75),(7073,8,76),(7073,8,77),(7073,8,78),(7073,8,79),(7073,8,80),(7073,8,81),(7073,8,82),(7073,8,83),(7073,8,86),(7073,8,88),(7073,8,91),(7073,8,93),(7073,8,94),(7073,8,95),(7073,8,96),(7073,8,97),(7073,8,98),(7073,8,99),(7073,8,104),(7073,8,105),(7073,8,107),(31164,8,5),(31164,8,12),(31164,8,17),(31164,8,25),(31164,8,34),(31164,8,39),(31164,8,40),(31164,8,41),(31164,8,42),(31164,8,43),(31164,8,45),(31164,8,46),(31164,8,47),(31164,8,48),(31164,8,68),(31164,8,69),(31164,8,70),(31164,8,71),(31164,8,72),(31164,8,73),(31164,8,74),(31164,8,75),(31164,8,76),(31164,8,77),(31164,8,78),(31164,8,79),(31164,8,80),(31164,8,81),(31164,8,82),(31164,8,83),(31164,8,86),(31164,8,88),(31164,8,91),(31164,8,93),(31164,8,94),(31164,8,95),(31164,8,96),(31164,8,97),(31164,8,98),(31164,8,99),(31164,8,104),(31164,8,105),(31164,8,107),(31178,8,5),(31178,8,12),(31178,8,17),(31178,8,25),(31178,8,26),(31178,8,34),(31178,8,39),(31178,8,40),(31178,8,41),(31178,8,42),(31178,8,43),(31178,8,45),(31178,8,46),(31178,8,47),(31178,8,48),(31178,8,68),(31178,8,69),(31178,8,70),(31178,8,71),(31178,8,72),(31178,8,73),(31178,8,74),(31178,8,75),(31178,8,76),(31178,8,77),(31178,8,78),(31178,8,79),(31178,8,80),(31178,8,81),(31178,8,82),(31178,8,83),(31178,8,86),(31178,8,88),(31178,8,91),(31178,8,93),(31178,8,94),(31178,8,95),(31178,8,96),(31178,8,97),(31178,8,98),(31178,8,99),(31178,8,104),(31178,8,105),(31178,8,107),(31201,8,5),(31201,8,12),(31201,8,17),(31201,8,25),(31201,8,26),(31201,8,34),(31201,8,39),(31201,8,40),(31201,8,41),(31201,8,42),(31201,8,43),(31201,8,45),(31201,8,46),(31201,8,47),(31201,8,48),(31201,8,68),(31201,8,69),(31201,8,70),(31201,8,71),(31201,8,72),(31201,8,73),(31201,8,74),(31201,8,75),(31201,8,76),(31201,8,77),(31201,8,78),(31201,8,79),(31201,8,80),(31201,8,81),(31201,8,82),(31201,8,83),(31201,8,86),(31201,8,88),(31201,8,91),(31201,8,93),(31201,8,94),(31201,8,95),(31201,8,96),(31201,8,97),(31201,8,98),(31201,8,99),(31201,8,104),(31201,8,105),(31201,8,107),(31214,8,5),(31214,8,12),(31214,8,17),(31214,8,25),(31214,8,26),(31214,8,34),(31214,8,39),(31214,8,40),(31214,8,41),(31214,8,42),(31214,8,43),(31214,8,45),(31214,8,46),(31214,8,47),(31214,8,48),(31214,8,68),(31214,8,69),(31214,8,70),(31214,8,71),(31214,8,72),(31214,8,73),(31214,8,74),(31214,8,75),(31214,8,76),(31214,8,77),(31214,8,78),(31214,8,79),(31214,8,80),(31214,8,81),(31214,8,82),(31214,8,83),(31214,8,86),(31214,8,87),(31214,8,88),(31214,8,91),(31214,8,93),(31214,8,94),(31214,8,95),(31214,8,96),(31214,8,97),(31214,8,98),(31214,8,99),(31214,8,104),(31214,8,105),(31214,8,107),(31357,8,5),(31357,8,12),(31357,8,17),(31357,8,25),(31357,8,34),(31357,8,39),(31357,8,40),(31357,8,41),(31357,8,42),(31357,8,43),(31357,8,45),(31357,8,46),(31357,8,47),(31357,8,48),(31357,8,68),(31357,8,69),(31357,8,70),(31357,8,71),(31357,8,72),(31357,8,73),(31357,8,74),(31357,8,75),(31357,8,76),(31357,8,77),(31357,8,78),(31357,8,79),(31357,8,80),(31357,8,81),(31357,8,82),(31357,8,83),(31357,8,86),(31357,8,87),(31357,8,88),(31357,8,91),(31357,8,93),(31357,8,94),(31357,8,95),(31357,8,96),(31357,8,97),(31357,8,98),(31357,8,99),(31357,8,104),(31357,8,105),(31357,8,107),(31362,8,5),(31362,8,12),(31362,8,17),(31362,8,25),(31362,8,34),(31362,8,39),(31362,8,40),(31362,8,41),(31362,8,42),(31362,8,43),(31362,8,45),(31362,8,46),(31362,8,47),(31362,8,48),(31362,8,68),(31362,8,69),(31362,8,70),(31362,8,71),(31362,8,72),(31362,8,73),(31362,8,74),(31362,8,75),(31362,8,76),(31362,8,77),(31362,8,78),(31362,8,79),(31362,8,80),(31362,8,81),(31362,8,82),(31362,8,83),(31362,8,86),(31362,8,87),(31362,8,88),(31362,8,91),(31362,8,93),(31362,8,94),(31362,8,95),(31362,8,96),(31362,8,97),(31362,8,98),(31362,8,99),(31362,8,104),(31362,8,105),(31362,8,107),(31363,8,5),(31363,8,12),(31363,8,17),(31363,8,25),(31363,8,34),(31363,8,39),(31363,8,40),(31363,8,41),(31363,8,42),(31363,8,43),(31363,8,45),(31363,8,46),(31363,8,47),(31363,8,48),(31363,8,68),(31363,8,69),(31363,8,70),(31363,8,71),(31363,8,72),(31363,8,73),(31363,8,74),(31363,8,75),(31363,8,76),(31363,8,77),(31363,8,78),(31363,8,79),(31363,8,80),(31363,8,81),(31363,8,82),(31363,8,83),(31363,8,86),(31363,8,87),(31363,8,88),(31363,8,91),(31363,8,93),(31363,8,94),(31363,8,95),(31363,8,96),(31363,8,97),(31363,8,98),(31363,8,99),(31363,8,104),(31363,8,105),(31363,8,107),(31386,8,5),(31386,8,12),(31386,8,17),(31386,8,25),(31386,8,34),(31386,8,39),(31386,8,40),(31386,8,41),(31386,8,42),(31386,8,43),(31386,8,45),(31386,8,46),(31386,8,47),(31386,8,48),(31386,8,68),(31386,8,69),(31386,8,70),(31386,8,71),(31386,8,72),(31386,8,73),(31386,8,74),(31386,8,75),(31386,8,76),(31386,8,77),(31386,8,78),(31386,8,79),(31386,8,80),(31386,8,81),(31386,8,82),(31386,8,83),(31386,8,86),(31386,8,87),(31386,8,88),(31386,8,91),(31386,8,93),(31386,8,94),(31386,8,95),(31386,8,96),(31386,8,97),(31386,8,98),(31386,8,99),(31386,8,104),(31386,8,105),(31386,8,107),(31387,8,5),(31387,8,12),(31387,8,17),(31387,8,25),(31387,8,34),(31387,8,39),(31387,8,40),(31387,8,41),(31387,8,42),(31387,8,43),(31387,8,45),(31387,8,46),(31387,8,47),(31387,8,48),(31387,8,68),(31387,8,69),(31387,8,70),(31387,8,71),(31387,8,72),(31387,8,73),(31387,8,74),(31387,8,75),(31387,8,76),(31387,8,77),(31387,8,78),(31387,8,79),(31387,8,80),(31387,8,81),(31387,8,82),(31387,8,83),(31387,8,86),(31387,8,87),(31387,8,88),(31387,8,91),(31387,8,93),(31387,8,94),(31387,8,95),(31387,8,96),(31387,8,97),(31387,8,98),(31387,8,99),(31387,8,104),(31387,8,105),(31387,8,107),(31388,8,5),(31388,8,12),(31388,8,17),(31388,8,25),(31388,8,34),(31388,8,39),(31388,8,40),(31388,8,41),(31388,8,42),(31388,8,43),(31388,8,45),(31388,8,46),(31388,8,47),(31388,8,48),(31388,8,68),(31388,8,69),(31388,8,70),(31388,8,71),(31388,8,72),(31388,8,73),(31388,8,74),(31388,8,75),(31388,8,76),(31388,8,77),(31388,8,78),(31388,8,79),(31388,8,80),(31388,8,81),(31388,8,82),(31388,8,83),(31388,8,86),(31388,8,87),(31388,8,88),(31388,8,91),(31388,8,93),(31388,8,94),(31388,8,95),(31388,8,96),(31388,8,97),(31388,8,98),(31388,8,99),(31388,8,104),(31388,8,105),(31388,8,107);
/*!40000 ALTER TABLE `blocktypepermissionblocktypeaccesslistcustom` ENABLE KEYS */;
UNLOCK TABLES;

--
-- Table structure for table `blocktypes`
--

DROP TABLE IF EXISTS `blocktypes`;
/*!40101 SET @saved_cs_client     = @@character_set_client */;
/*!40101 SET character_set_client = utf8 */;
CREATE TABLE `blocktypes` (
  `btID` int(10) unsigned NOT NULL AUTO_INCREMENT,
  `btHandle` varchar(128) COLLATE utf8_unicode_ci NOT NULL,
  `btName` varchar(128) COLLATE utf8_unicode_ci NOT NULL,
  `btDescription` text COLLATE utf8_unicode_ci,
  `btCopyWhenPropagate` tinyint(1) NOT NULL DEFAULT '0',
  `btIncludeAll` tinyint(1) NOT NULL DEFAULT '0',
  `btIsInternal` tinyint(1) NOT NULL DEFAULT '0',
  `btSupportsInlineAdd` tinyint(1) NOT NULL DEFAULT '0',
  `btSupportsInlineEdit` tinyint(1) NOT NULL DEFAULT '0',
  `btIgnorePageThemeGridFrameworkContainer` tinyint(1) NOT NULL DEFAULT '0',
  `btDisplayOrder` int(10) unsigned NOT NULL DEFAULT '0',
  `btInterfaceWidth` int(10) unsigned NOT NULL DEFAULT '400',
  `btInterfaceHeight` int(10) unsigned NOT NULL DEFAULT '400',
  `pkgID` int(10) unsigned NOT NULL DEFAULT '0',
  PRIMARY KEY (`btID`),
  UNIQUE KEY `btHandle` (`btHandle`),
  KEY `btDisplayOrder` (`btDisplayOrder`,`btName`,`btID`),
  KEY `pkgID` (`pkgID`)
) ENGINE=InnoDB AUTO_INCREMENT=108 DEFAULT CHARSET=utf8 COLLATE=utf8_unicode_ci;
/*!40101 SET character_set_client = @saved_cs_client */;

--
-- Dumping data for table `blocktypes`
--

LOCK TABLES `blocktypes` WRITE;
/*!40000 ALTER TABLE `blocktypes` DISABLE KEYS */;
INSERT INTO `blocktypes` VALUES (1,'core_area_layout','Area Layout','Proxy block for area layouts.',0,0,1,1,1,0,0,400,400,0),(2,'core_page_type_composer_control_output','Composer Control','Proxy block for blocks that need to be output through composer.',0,0,1,0,0,0,0,400,400,0),(3,'core_scrapbook_display','Scrapbook Display','Proxy block for blocks pasted through the scrapbook.',0,0,1,0,0,0,0,400,400,0),(4,'core_stack_display','Stack Display','Proxy block for stacks added through the UI.',0,0,1,0,0,0,0,400,400,0),(5,'core_conversation','Conversation','Displays conversations on a page.',1,0,0,0,0,0,53,500,600,0),(6,'dashboard_featured_addon','Dashboard Featured Add-On','Features an add-on from concrete5.org.',0,0,1,0,0,0,0,300,100,0),(7,'dashboard_featured_theme','Dashboard Featured Theme','Features a theme from concrete5.org.',0,0,1,0,0,0,0,300,100,0),(8,'dashboard_newsflow_latest','Dashboard Newsflow Latest','Grabs the latest newsflow data from concrete5.org.',0,0,1,0,0,0,0,400,400,0),(9,'dashboard_app_status','Dashboard App Status','Displays update and welcome back information on your dashboard.',0,0,1,0,0,0,0,400,400,0),(10,'dashboard_site_activity','Dashboard Site Activity','Displays a summary of website activity.',0,0,1,0,0,0,0,400,400,0),(11,'autonav','Auto-Nav','Creates navigation trees and sitemaps.',0,0,0,0,0,0,52,800,350,0),(12,'content','Text','HTML/WYSIWYG Editor Content.',0,0,0,1,1,0,51,600,465,0),(15,'file','File','Link to files stored in the asset library.',0,0,0,0,0,0,54,300,320,0),(17,'form','Form','Build simple forms and surveys.',1,0,0,0,0,0,60,500,600,0),(21,'social_links','Social Links','Allows users to add social icons to their website',0,0,0,0,0,0,59,400,400,0),(23,'share_this_page','Share This Page','Allows users to share this page with social networks.',0,0,0,0,0,0,58,400,400,0),(25,'html','HTML','For adding HTML by hand.',0,0,0,0,0,0,57,600,500,0),(26,'horizontal_rule','Horizontal Rule','Adds a thin hairline horizontal divider to the page.',0,0,0,0,0,1,56,400,400,0),(28,'faq','FAQ','Frequently Asked Questions Block',0,0,0,0,0,0,55,600,465,0),(30,'page_list','Page List','List pages based on type, area.',0,0,0,0,0,0,50,800,350,0),(32,'search','Search','Add a search box to your site.',0,0,0,0,0,0,45,400,420,0),(34,'survey','Quick Poll','Provide a simple quick poll, along with results in a bar chart format.',1,0,0,0,0,0,44,500,600,0),(39,'the_hive_block_quote','Block Quote','Add Blockquote to Your Site',0,0,0,0,0,0,43,400,400,1),(40,'the_hive_heading','Heading','A simple heading block for The Hive',0,0,0,0,0,0,42,400,400,1),(41,'the_hive_divider','Divider','A simple divider (ruler) block',0,0,0,0,0,0,41,400,400,1),(42,'the_hive_image','Image','A simple image block',0,0,0,0,0,0,40,400,400,1),(43,'the_hive_flexi_content','Flexi Content','A simple flexible block',0,0,0,0,0,0,39,400,400,1),(44,'the_hive_image_banner','Image Banner','A simple image banner block',0,0,0,0,0,0,38,400,400,1),(45,'the_hive_web_map','Web Map','Add a web map to your site',0,0,0,0,0,0,46,600,500,2),(46,'the_hive_image_gallery','Gallery','Add media gallery to Your Site',0,0,0,0,0,0,47,500,500,2),(47,'the_hive_image_slider','Image Slider','Add image slider to Your Site',0,0,0,0,0,0,49,600,600,2),(48,'the_hive_video','Video','Add a video to Your Site',0,0,0,0,0,0,48,400,400,2),(66,'project_page_type_template_output','Launch Project Control','Proxy block for blocks that need to be output through Launch Project wizard.',1,0,0,0,0,0,34,400,400,6),(67,'the_hive_projects_list','Projects List','Add a view of projects to your page',0,0,0,0,0,0,35,400,400,6),(68,'jl_magic_tabs','Tabs Start','Organise content into tabs.',0,0,0,0,0,0,36,400,400,7),(69,'jl_magic_tabs_end','Tabs End','End a set of magic tabs.',0,0,0,0,0,0,37,400,200,7),(70,'the_hive_social_map','Social Map','Add a social map to your site',1,0,0,0,0,0,31,600,600,8),(71,'the_hive_vision','Visioner Input','Add a visioner input block to your site',1,0,0,0,0,0,32,500,600,8),(72,'the_hive_vision_view','Visioner Results','Add a visioner results to your site',0,0,0,0,0,0,33,500,600,8),(73,'the_hive_forum','Forum','Allows you to create a Forum',1,0,0,0,0,0,30,500,600,8),(74,'the_hive_document_library','Document Library','Add a Document Library to Your Site',0,0,0,0,0,0,17,800,600,9),(75,'the_hive_faq','FAQ','Add FAQs to Your Site',0,0,0,0,0,0,18,800,600,9),(76,'the_hive_key_dates','Key Dates','Add key dates to Your Site',0,0,0,0,0,0,19,600,600,9),(77,'the_hive_links','Links','Add links to Your Site',0,0,0,0,0,0,20,800,600,9),(78,'the_hive_timeline','Timeline','Add a timeline to Your Site',0,0,0,0,0,0,21,600,600,9),(79,'the_hive_subscribe','Subscription Form','Add a subscription form block to your site',0,0,0,0,0,0,22,400,400,9),(80,'the_hive_contact_us','Contact Us','A simple Contact Us block',0,0,0,0,0,0,23,400,400,9),(81,'the_hive_news_feed','News Feed','Add a news feed to your page',0,0,0,0,0,0,29,500,600,9),(82,'the_hive_button','Button','Add buttons to your site',0,0,0,0,0,0,24,500,600,1),(83,'the_hive_visual_diff','Swipe','Highlight the differences between two images.',0,0,0,0,0,0,25,400,400,2),(84,'the_hive_projects_filter','Projects Filter','Add a project filter form',0,0,0,0,0,0,26,400,400,6),(86,'the_hive_feature_grid','Feature Grid','Display a list of features in grid.',0,0,0,0,0,0,27,500,600,9),(87,'the_hive_accordion','Accordion','Add accordion content to Your Site',0,0,0,0,0,0,28,800,600,9),(88,'the_hive_sub_nav','Sub Nav','Shows direct sub-pages of the current project.',0,0,0,0,0,0,15,400,400,10),(89,'the_hive_projects_highlighted_list','Highlighted Projects List','Add a view of highlighted projects to your page',0,0,0,0,0,0,16,650,400,6),(90,'the_hive_project_follow','Project Follow Button','Allow users to follow project updates.',0,0,0,0,0,0,3,400,400,6),(91,'the_hive_vr','VR View','Enables to display a 360 degree image (e.g. panorama)',0,0,0,0,0,0,4,500,600,2),(92,'the_hive_main_nav','Main Nav','Display all direct child pages of the Home page',0,0,0,0,0,0,5,400,400,10),(93,'the_hive_insta_feed','InstaFeed','A block to retrieve an Instagram Feed',0,0,0,0,0,0,6,400,400,2),(94,'the_hive_qa','Question and Answer','The Question and Answer helps facilitate an open and transparent discussion with Users including Users from management and leadership positions within an organisation.',1,0,0,0,0,0,7,500,600,8),(95,'the_hive_bio','Faces','Add Faces to your page',0,0,0,0,0,0,14,500,600,9),(96,'the_hive_call_to_action','Call to Action','A call to action block',0,0,0,0,0,0,8,500,500,9),(97,'the_hive_logo_splash','Logo Splash','Add Logo Splash to your page',0,0,0,0,0,0,9,500,650,9),(98,'the_hive_budgeting','Fund It','Participatory budgeting is a democratic process in which community members directly decide how to spend part of a public budget.',1,0,0,0,0,0,10,500,600,12),(99,'the_hive_stories','Gather','Allows to gather rich media content from the community for voting and discussion.',1,0,0,0,0,0,11,500,600,8),(100,'the_hive_video_banner','Video Banner','A video banner block',0,0,0,0,0,0,12,500,500,2),(102,'the_hive_projects_list_with_intro_card','Projects List with Intro Card','Add a view of projects to your page',0,0,0,0,0,0,13,400,400,6),(103,'the_hive_project_map','Project Map','Project Map',0,0,0,0,0,0,1,500,600,6),(104,'the_hive_hotspot','Hotspot','Create image block with annotations',0,0,0,0,0,0,2,400,400,2),(105,'the_hive_events_feed','Events Feed','Add an events feed to your page',0,0,0,0,0,0,0,500,600,9),(106,'the_hive_participation_feed','Participation Feed','Provides a feed of the Gather tool',0,0,0,0,0,0,0,500,500,9),(107,'the_hive_facts','Facts','Add Facts to Your Site',1,0,0,0,0,0,0,550,550,9);
/*!40000 ALTER TABLE `blocktypes` ENABLE KEYS */;
UNLOCK TABLES;

--
-- Table structure for table `blocktypesetblocktypes`
--

DROP TABLE IF EXISTS `blocktypesetblocktypes`;
/*!40101 SET @saved_cs_client     = @@character_set_client */;
/*!40101 SET character_set_client = utf8 */;
CREATE TABLE `blocktypesetblocktypes` (
  `btID` int(10) unsigned NOT NULL DEFAULT '0',
  `btsID` int(10) unsigned NOT NULL DEFAULT '0',
  `displayOrder` int(10) unsigned NOT NULL DEFAULT '0',
  PRIMARY KEY (`btID`,`btsID`),
  KEY `btsID` (`btsID`,`displayOrder`)
) ENGINE=InnoDB DEFAULT CHARSET=utf8 COLLATE=utf8_unicode_ci;
/*!40101 SET character_set_client = @saved_cs_client */;

--
-- Dumping data for table `blocktypesetblocktypes`
--

LOCK TABLES `blocktypesetblocktypes` WRITE;
/*!40000 ALTER TABLE `blocktypesetblocktypes` DISABLE KEYS */;
INSERT INTO `blocktypesetblocktypes` VALUES (12,1,0),(25,1,1),(27,1,2),(15,1,3),(26,1,4),(19,1,5),(39,1,6),(40,1,7),(41,1,8),(42,1,9),(43,1,10),(44,1,11),(68,1,12),(67,1,13),(69,1,13),(82,1,14),(11,2,0),(18,2,1),(28,2,2),(30,2,3),(29,2,4),(13,2,5),(36,2,6),(20,2,7),(31,2,8),(35,2,9),(61,2,10),(63,2,11),(65,2,12),(84,2,13),(88,2,14),(89,2,15),(92,2,16),(103,2,17),(32,3,1),(14,3,2),(22,4,3),(16,5,0),(33,5,1),(37,5,2),(38,5,3),(24,5,4),(45,5,5),(46,5,6),(47,5,7),(48,5,8),(83,5,9),(91,5,10),(93,5,11),(100,5,12),(101,5,13),(104,5,14),(17,12,0),(34,12,1),(49,12,2),(50,12,3),(51,12,4),(52,12,5),(5,12,6),(70,12,7),(71,12,8),(72,12,9),(73,12,10),(90,12,11),(94,12,12),(98,12,13),(99,12,14),(53,13,0),(54,13,1),(55,13,2),(57,13,3),(23,13,4),(56,13,4),(58,13,5),(59,13,6),(21,13,7),(74,13,8),(75,13,9),(76,13,10),(77,13,11),(78,13,12),(79,13,13),(80,13,14),(81,13,15),(86,13,16),(87,13,17),(95,13,18),(96,13,19),(97,13,20),(105,13,21),(106,13,22),(107,13,23);
/*!40000 ALTER TABLE `blocktypesetblocktypes` ENABLE KEYS */;
UNLOCK TABLES;

--
-- Table structure for table `blocktypesets`
--

DROP TABLE IF EXISTS `blocktypesets`;
/*!40101 SET @saved_cs_client     = @@character_set_client */;
/*!40101 SET character_set_client = utf8 */;
CREATE TABLE `blocktypesets` (
  `btsID` int(10) unsigned NOT NULL AUTO_INCREMENT,
  `btsName` varchar(255) COLLATE utf8_unicode_ci DEFAULT NULL,
  `btsHandle` varchar(255) COLLATE utf8_unicode_ci NOT NULL,
  `pkgID` int(10) unsigned NOT NULL DEFAULT '0',
  `btsDisplayOrder` int(10) unsigned NOT NULL DEFAULT '0',
  PRIMARY KEY (`btsID`),
  UNIQUE KEY `btsHandle` (`btsHandle`),
  KEY `btsDisplayOrder` (`btsDisplayOrder`),
  KEY `pkgID` (`pkgID`)
) ENGINE=InnoDB AUTO_INCREMENT=14 DEFAULT CHARSET=utf8 COLLATE=utf8_unicode_ci;
/*!40101 SET character_set_client = @saved_cs_client */;

--
-- Dumping data for table `blocktypesets`
--

LOCK TABLES `blocktypesets` WRITE;
/*!40000 ALTER TABLE `blocktypesets` DISABLE KEYS */;
INSERT INTO `blocktypesets` VALUES (1,'Basic','basic',0,0),(2,'Navigation','navigation',0,0),(3,'Forms','form',0,0),(4,'Social Networking','social',0,0),(5,'Multimedia','multimedia',0,0),(12,'Feedback','feedback',6,0),(13,'Project Support','project_support',6,0);
/*!40000 ALTER TABLE `blocktypesets` ENABLE KEYS */;
UNLOCK TABLES;

--
-- Table structure for table `btcontentfile`
--

DROP TABLE IF EXISTS `btcontentfile`;
/*!40101 SET @saved_cs_client     = @@character_set_client */;
/*!40101 SET character_set_client = utf8 */;
CREATE TABLE `btcontentfile` (
  `bID` int(10) unsigned NOT NULL,
  `fID` int(10) unsigned DEFAULT NULL,
  `fileLinkText` varchar(255) COLLATE utf8_unicode_ci DEFAULT NULL,
  `filePassword` varchar(255) COLLATE utf8_unicode_ci DEFAULT NULL,
  `forceDownload` tinyint(1) NOT NULL DEFAULT '0',
  PRIMARY KEY (`bID`),
  KEY `fID` (`fID`)
) ENGINE=InnoDB DEFAULT CHARSET=utf8 COLLATE=utf8_unicode_ci;
/*!40101 SET character_set_client = @saved_cs_client */;

--
-- Dumping data for table `btcontentfile`
--

LOCK TABLES `btcontentfile` WRITE;
/*!40000 ALTER TABLE `btcontentfile` DISABLE KEYS */;
/*!40000 ALTER TABLE `btcontentfile` ENABLE KEYS */;
UNLOCK TABLES;

--
-- Table structure for table `btcontentimage`
--

DROP TABLE IF EXISTS `btcontentimage`;
/*!40101 SET @saved_cs_client     = @@character_set_client */;
/*!40101 SET character_set_client = utf8 */;
CREATE TABLE `btcontentimage` (
  `bID` int(10) unsigned NOT NULL,
  `fID` int(10) unsigned DEFAULT '0',
  `fOnstateID` int(10) unsigned DEFAULT '0',
  `maxWidth` int(10) unsigned DEFAULT '0',
  `maxHeight` int(10) unsigned DEFAULT '0',
  `externalLink` varchar(255) COLLATE utf8_unicode_ci DEFAULT NULL,
  `internalLinkCID` int(10) unsigned DEFAULT '0',
  `altText` varchar(255) COLLATE utf8_unicode_ci DEFAULT NULL,
  `title` varchar(255) COLLATE utf8_unicode_ci DEFAULT NULL,
  PRIMARY KEY (`bID`),
  KEY `fID` (`fID`)
) ENGINE=InnoDB DEFAULT CHARSET=utf8 COLLATE=utf8_unicode_ci;
/*!40101 SET character_set_client = @saved_cs_client */;

--
-- Dumping data for table `btcontentimage`
--

LOCK TABLES `btcontentimage` WRITE;
/*!40000 ALTER TABLE `btcontentimage` DISABLE KEYS */;
/*!40000 ALTER TABLE `btcontentimage` ENABLE KEYS */;
UNLOCK TABLES;

--
-- Table structure for table `btcontentlocal`
--

DROP TABLE IF EXISTS `btcontentlocal`;
/*!40101 SET @saved_cs_client     = @@character_set_client */;
/*!40101 SET character_set_client = utf8 */;
CREATE TABLE `btcontentlocal` (
  `bID` int(10) unsigned NOT NULL,
  `content` longtext COLLATE utf8_unicode_ci,
  PRIMARY KEY (`bID`)
) ENGINE=InnoDB DEFAULT CHARSET=utf8 COLLATE=utf8_unicode_ci;
/*!40101 SET character_set_client = @saved_cs_client */;

--
-- Dumping data for table `btcontentlocal`
--

LOCK TABLES `btcontentlocal` WRITE;
/*!40000 ALTER TABLE `btcontentlocal` DISABLE KEYS */;
INSERT INTO `btcontentlocal` VALUES (164,'<h1><strong></strong>Privacy Policy </h1><p>This Privacy Policy describes how Harvest Digital Planning Pty Ltd (12 148 958 927) (Harvest) collects and uses your personal information collected through its platform called The HiVE.<br></p><p>Harvest respects the rights and privacy of all individuals and is committed to complying with the Privacy Act 1988 and the Australian Privacy Principles and protecting the personal information Harvest holds.</p><p><strong>Why does Harvest collect personal information?  How does Harvest use it?</strong></p><p>Harvest generally collects your personal information as part of providing its online community engagement services, informing you about these services, complying with its contractual and other legal obligations, responding to your enquiries and administering its community engagement technology.</p><p>Harvest needs your personal information to carry out these aims.  Harvest may use your personal information for those purposes, any other purpose listed on a collection statement at the point of collection or in any other way made clear at the time of collecting the personal information.</p><p><strong>How does Harvest collect personal information?</strong></p><p>Harvest may collect your information via its websites.</p><p><strong>What personal information does Harvest collect? </strong></p><p>Harvest collects the types of personal information required to assist with providing Harvest’s services. </p><p>We may collect information from you when you sign-up for the platformsite, leave feedback or otherwise input data. Required information may include personal information such as your name, phone number, email and suburb. </p><p>By providing an email address you help us protect the integrity of the discussion from individuals and groups who may attempt to unduly influence the outcomes of the consultation process. For example, we check the database to ensure each user has a single email account on the site. We also frequently review the site for trolls and spammers.</p><p><strong>How does Harvest use your personal information?  To whom will it be disclosed?</strong></p><p>Harvest may use your personal information for the primary purpose for which it was collected, i.e. the purpose specified in a privacy collection statement or the purpose that could be reasonably expected at the time the information was collected. Harvest may also use your personal information for a secondary related purpose.</p><p>By submitting your personal information, you consent to Harvest using it to:</p><p style=\"margin-left: 20px;\">(a)	complete an activity that you have chosen to undertake;</p><p style=\"margin-left: 20px;\">(b)	administer Harvest’s relationship with you;</p><p style=\"margin-left: 20px;\">(c)	monitor online activity on the Harvest website(s) and/or application(s);</p><p style=\"margin-left: 20px;\">(d)	improve and add to Harvest’s services (including online); or</p><p style=\"margin-left: 20px;\">(e)	where required or authorised by law.</p><p>Harvest may disclose personal information to other entities with whom it contracts.  </p><p><strong>Can you remain anonymous or withhold personal information?</strong></p><p>Yes.  Where practical, you may choose not to identify yourself, deal with us on an anonymous basis or use a pseudonym.  </p><p><strong>Will you receive direct marketing?</strong></p><p>If you provide us with your personal information you will not receive direct marketing communications from Harvest unless otherwise stated.</p><p><strong>Will your information be disclosed overseas?</strong></p><p>Harvest will not disclose your personal information to any person or entity outside Australia.</p><p><strong>How can you access and correct your personal information? </strong></p><p>You generally have the right to access your personal information free of charge, subject to some limitations contained in the Privacy Act 1988. </p><p>The APPs set out some circumstances in which Harvest is not required to provide you with such access. If you ask for your personal information and any of these circumstances exist, you may be given access to the personal information in a way that is permitted under the Privacy Act 1988. </p><p>To protect personal information held by Harvest, you may need to confirm your identity before access to your personal information is granted.  It may take a little time to process your application for access and retrieve information from storage (if applicable). </p><p>Harvest encourages you to provide updates so that Harvest has accurate, current and complete information.  You may correct any errors or request that Harvest deletes all or some of your personal information. You may also opt out of any further contact from us.</p><p><strong>Does Harvest use “cookies”?</strong></p><p>Yes.  When you use Harvest’s website(s), Harvest or its IT service providers may obtain information using technologies such as cookies, tags, web beacons, and navigational data collection (log files, server logs, and clickstream data). For example, Harvest or its IT service providers may collect information like the date, time and duration of visits and which webpages are accessed. </p><p>This information is generally not linked to your identity, except where it is accessed via links in Harvest e-message or where you have identified yourself.  </p><p><strong>How can you complain about privacy breaches?</strong></p><p>If you have a complaint in relation to the collection, use or and disclosure of your personal information, please contact the Harvest Privacy Officer via the details provided below. The Harvest Privacy Officer will review all complaints received and respond to each complainant upon due consideration (which may require further information to be provided).</p><p>If a privacy breach occurs, Harvest will notify you where possible of the breach and seek your direction about how you would like to respond to the incident. </p><p><strong>Will this Privacy Policy change?</strong></p><p>Harvest may amend this Privacy Policy from time to time. Amendments will be effective immediately upon notification on this website. </p><p><strong>Who can you contact about your personal information?</strong></p><p>To contact Harvest about your personal information, concerns or complaints, email the Privacy Officer at info@Harvestdp.com.</p>'),(165,'<h1>Terms of Use</h1><p>The following Terms and Conditions govern the use of &lt;site name&gt; (“the site”). The platform is owned and operated by us, Harvest Digital Planning Pty Ltd (Harvest), on behalf of &lt;client&gt;.  </p><p>By accessing and using this site, you are choosing to accept and comply with the Terms presented throughout this agreement as well as the Privacy Policy and Moderation Policy. These Terms apply to all visitors and users of this site. Linked sites, affiliated services or third party content or software have their own Terms that you must comply with. If you disagree with any of the Terms presented in this agreement, you may discontinue using the site immediately. </p><p>If you are under 18 years old, please ensure that your parent or guardian understands and accepts these Terms and Conditions (including the Privacy Policy and Moderation Policy). </p><p><strong>What are the conditions with a user’s account? </strong></p><p>While using the site, you must not violate any applicable laws and regulations. It is our duty to protect the confidentiality of content you provide on our site in accordance with our Privacy Policy. When you create an account with us, you must always provide us with accurate information. Failure to provide accurate information violates the Terms, which may result in immediate termination of your account on our service. You are responsible for protecting your own password you use for this site and for any activities done under that password. Unauthorised use of your password or account must be immediately reported to Harvest. In some cases, we or our agents may require access to your user accounts to respond to technical issues. </p><p>We are not responsible for the content on the site that has been provided by the users of the site. Any content posted by you is subject to the rules of our Moderation Policy. Your contribution to the site may be edited, removed or not published if we consider it inappropriate (refer to Moderation Policy). Contributors should also be aware that their posts may remain online indefinitely. Where practical, you may choose not to identify yourself, deal with us on an anonymous basis or use a pseudonym. </p><p><strong>What does Harvest require from their users?</strong></p><p>You must understand and agree that, without limitation:</p><blockquote style=\"margin: 0 0 0 40px; border: none; padding: 0px;\"><li>all information, data, images and other materials are the sole responsibility of the person from whom the content originated;</li><li> you are prohibited from advertising or offering to sell or buy any goods and services </li><li> you cannot transmit Content that contains software viruses or programs designed to change or destroy the functionality of any computer software or hardware; or </li><li> you cannot collect or store personal data about other users of the site </li><li> you cannot impersonate any person or entity, including without limitation to a Harvest representative</li><li> you cannot interrupt or interfere with the site or servers or networks connected to the site</li><li> you cannot attempt to gain unauthorised access to the site or other use accounts </li></blockquote><p><strong>Can your account be suspended or terminated?</strong></p><p>We may terminate or suspend access to your site and/or account immediately, without prior notice, including without limitation if you breach the Terms. We may immediately deactivate or delete your account and all the related files and information in your account. After your account has been terminated, the content you have posted may also remain indefinitely on the site. </p><p>If you want to terminate your own account, please send an email to info@harvestdigitalplanning.com. </p><p><strong>Governing Law </strong></p><p>These Terms shall be governed in accordance with the laws of Victoria, Australia, without regards to its conflict of law provisions. </p><p><strong>Indemnification</strong></p><p>Harvest, its subsidiaries, affiliates, officers, agents, licensors and other partners are not responsible for any loss, liability, claim, or demand, including legal fees, made by any third party due to or arising from a breach of this agreement and/or any breach of your representations and warranties set forth above. </p><p><strong>What content does Harvest own? </strong></p><p>Your Say website contains the copyrighted material, trademarks, patents, trade secrets and other proprietary information (“Intellectual Property”) of Harvest and its suppliers and licensors. Harvest owns and retain all proprietary rights in the intellectual property. All intellectual property in the content of this site including without limitation to text, software, source code, pages, documents and online graphics, photographs, sounds, audio, video and other interactive features are owned by or licensed to us. </p><p>Any original content that you submit or post on our site may be made available to the public and allows users to share your content (with the end user acknowledging your contribution) under the Creative Commons Attribution-ShareAlike 4.0 Australian License. </p><p>Except for Intellectual Property which is in the public domain or for which you have been given written permission, you may not copy, alter, transmit, sell, distribute any of the Intellectual Property.</p><p>We are not responsible for your communications or dealings, including payment and delivery of goods or services, with a third party found via our website. Any loss or damage incurred from those communications or dealings are solely between the user and the third party. </p><p><strong>Disclaimer and Warranties</strong></p><p>Users must agree that you use of the site is at your own risk. We make no warranty that the site will meet your requirements or be uninterrupted or error-free. Any material that the user downloads through the site is done at their own risk and are responsible for any damages to their computer system or loss of data. </p><p><strong>What happens if these Terms change? </strong></p><p>We reserve the right, at our sole discretion, to modify or replace these Terms at any time without notice. The most recent version of the Terms can be seen on this page. By continuing to access or use our site after those revisions become effective, you agree and will comply to the revised terms. If you do not agree to the revised terms, please discontinue using our site. </p><p><strong>Contact Us</strong></p><p>If you have any questions about these Terms, please contact us at info@harvestdp.com</p>'),(191,'<h1>Moderation Policy</h1><p><site name=\"\"> is moderated by us (Harvest Digital Planning) and our agents. We moderate the site in order to create a productive and safe environment where people can engage with the project or each other without feeling intimidated. </site></p><p>The site uses either a (a) post-moderation tool where all content submitted by users on our site is immediately published and then reviewed by our moderators to ensure it complies with Harvest’s Moderation Policy or (b) pre-moderation tool where all content must be approved by our moderators before appearing on the site.</p><p>In the first case, the user’s content is immediately posted on the site and then reviewed by the moderators. If the client or Harvest finds that the content violates the Moderation Policies, the user’s content will be rejected and the user may be notified via email. We reserve the right to edit or remove any content in our sole discretion that has been posted on our site.</p><p>In some cases, you may notice that your submitted content that was once posted no longer appears on the site. The content is only temporarily removed until the client or Harvest has reviewed it to ensure it complies with the Moderation Policy. If your content has been rejected, you may be notified via email from the client or Harvest. </p><p>With the pre-moderation tool, moderators must review and approve the user’s content before it is posted onto the site. This may mean the user’s content does not immediately appear on the site.  </p><p>You must also agree to the Terms of Use and to our Privacy Policy before using our site. </p><p>Think positively about your participation. This is an opportunity for you to input your ideas and contribute to the project. </p><p><strong>Participation Rules</strong></p><p>We have the right to edit or remove any content submitted by a user. This can include, but not be limited to:</p><ul><li>Personal attacks on other participants or staff</li><li>	Personal information about any of the participants or staff</li><li>	Offensive language including profanity </li><li>	Comments that are discriminatory of people’s gender, race, religion, culture, sexual preference, appearance or background</li><li>	Links to any advertising or illegal material</li><li>	Spamming of comments</li></ul><p><strong>Participation Guidelines</strong></p><ul><li>Contribute constructive discussions and comments while respecting the views of other people</li><li>	Only post content that suitable for anyone (including young children) to view</li><li>	Ensure you have received permission to post any images or intellectual property of third parties</li><li>	Do not spam either by posting irrelevant websites or by re-posting your comment</li><li>	Avoid rude and dismissive comments </li></ul><span></span><p><br></p>'),(192,'<h1>Accessibility </h1><p>Harvest Digital Planning is committed to creating meaningful web products that can be used by all users, regardless of their ability or circumstance.  We endeavor to make are web products as accessible as possible and follow the WCAG Guidelines to guide us on creating compliant outputs.  Our current target is Level AA compliance.</p><p><br></p>');
/*!40000 ALTER TABLE `btcontentlocal` ENABLE KEYS */;
UNLOCK TABLES;

--
-- Table structure for table `btcorearealayout`
--

DROP TABLE IF EXISTS `btcorearealayout`;
/*!40101 SET @saved_cs_client     = @@character_set_client */;
/*!40101 SET character_set_client = utf8 */;
CREATE TABLE `btcorearealayout` (
  `bID` int(10) unsigned NOT NULL DEFAULT '0',
  `arLayoutID` int(10) unsigned NOT NULL DEFAULT '0',
  PRIMARY KEY (`bID`),
  KEY `arLayoutID` (`arLayoutID`)
) ENGINE=InnoDB DEFAULT CHARSET=utf8 COLLATE=utf8_unicode_ci;
/*!40101 SET character_set_client = @saved_cs_client */;

--
-- Dumping data for table `btcorearealayout`
--

LOCK TABLES `btcorearealayout` WRITE;
/*!40000 ALTER TABLE `btcorearealayout` DISABLE KEYS */;
/*!40000 ALTER TABLE `btcorearealayout` ENABLE KEYS */;
UNLOCK TABLES;

--
-- Table structure for table `btcoreconversation`
--

DROP TABLE IF EXISTS `btcoreconversation`;
/*!40101 SET @saved_cs_client     = @@character_set_client */;
/*!40101 SET character_set_client = utf8 */;
CREATE TABLE `btcoreconversation` (
  `bID` int(10) unsigned NOT NULL,
  `cnvID` int(11) DEFAULT NULL,
  `enablePosting` int(11) DEFAULT '1',
  `paginate` tinyint(1) NOT NULL DEFAULT '1',
  `itemsPerPage` smallint(5) unsigned NOT NULL DEFAULT '50',
  `displayMode` varchar(255) COLLATE utf8_unicode_ci NOT NULL DEFAULT 'threaded',
  `orderBy` varchar(255) COLLATE utf8_unicode_ci NOT NULL DEFAULT 'date_desc',
  `enableOrdering` tinyint(1) NOT NULL DEFAULT '1',
  `enableCommentRating` tinyint(1) NOT NULL DEFAULT '1',
  `displayPostingForm` varchar(255) COLLATE utf8_unicode_ci NOT NULL DEFAULT 'top',
  `addMessageLabel` varchar(255) COLLATE utf8_unicode_ci NOT NULL DEFAULT '',
  `dateFormat` varchar(255) COLLATE utf8_unicode_ci DEFAULT 'default',
  `customDateFormat` varchar(255) COLLATE utf8_unicode_ci DEFAULT NULL,
  `callToAction` varchar(255) COLLATE utf8_unicode_ci DEFAULT '',
  `marginTop` smallint(6) DEFAULT '0',
  `marginBottom` smallint(6) DEFAULT '0',
  `marginLeft` smallint(6) DEFAULT '0',
  `marginRight` smallint(6) DEFAULT '0',
  `notifications` tinyint(1) DEFAULT '1',
  `overrideNotifications` tinyint(1) DEFAULT '0',
  `notifyOnSubmission` longtext COLLATE utf8_unicode_ci,
  `moderation` tinyint(1) DEFAULT '1',
  `overrideRegisteredOnly` tinyint(1) DEFAULT '0',
  `registeredOnly` tinyint(1) DEFAULT '0',
  `ftID` int(10) unsigned DEFAULT NULL,
  `displayActivityTitle` smallint(6) DEFAULT '0',
  `activityDescription` longtext COLLATE utf8_unicode_ci,
  `displayActivityDescription` smallint(6) DEFAULT '0',
  PRIMARY KEY (`bID`),
  KEY `cnvID` (`cnvID`)
) ENGINE=InnoDB DEFAULT CHARSET=utf8 COLLATE=utf8_unicode_ci;
/*!40101 SET character_set_client = @saved_cs_client */;

--
-- Dumping data for table `btcoreconversation`
--

LOCK TABLES `btcoreconversation` WRITE;
/*!40000 ALTER TABLE `btcoreconversation` DISABLE KEYS */;
/*!40000 ALTER TABLE `btcoreconversation` ENABLE KEYS */;
UNLOCK TABLES;

--
-- Table structure for table `btcorepagetypecomposercontroloutput`
--

DROP TABLE IF EXISTS `btcorepagetypecomposercontroloutput`;
/*!40101 SET @saved_cs_client     = @@character_set_client */;
/*!40101 SET character_set_client = utf8 */;
CREATE TABLE `btcorepagetypecomposercontroloutput` (
  `bID` int(10) unsigned NOT NULL,
  `ptComposerOutputControlID` int(10) unsigned NOT NULL DEFAULT '0',
  PRIMARY KEY (`bID`),
  KEY `ptComposerOutputControlID` (`ptComposerOutputControlID`)
) ENGINE=InnoDB DEFAULT CHARSET=utf8 COLLATE=utf8_unicode_ci;
/*!40101 SET character_set_client = @saved_cs_client */;

--
-- Dumping data for table `btcorepagetypecomposercontroloutput`
--

LOCK TABLES `btcorepagetypecomposercontroloutput` WRITE;
/*!40000 ALTER TABLE `btcorepagetypecomposercontroloutput` DISABLE KEYS */;
INSERT INTO `btcorepagetypecomposercontroloutput` VALUES (9,1);
/*!40000 ALTER TABLE `btcorepagetypecomposercontroloutput` ENABLE KEYS */;
UNLOCK TABLES;

--
-- Table structure for table `btcorescrapbookdisplay`
--

DROP TABLE IF EXISTS `btcorescrapbookdisplay`;
/*!40101 SET @saved_cs_client     = @@character_set_client */;
/*!40101 SET character_set_client = utf8 */;
CREATE TABLE `btcorescrapbookdisplay` (
  `bID` int(10) unsigned NOT NULL,
  `bOriginalID` int(10) unsigned NOT NULL,
  PRIMARY KEY (`bID`),
  KEY `bOriginalID` (`bOriginalID`)
) ENGINE=InnoDB DEFAULT CHARSET=utf8 COLLATE=utf8_unicode_ci;
/*!40101 SET character_set_client = @saved_cs_client */;

--
-- Dumping data for table `btcorescrapbookdisplay`
--

LOCK TABLES `btcorescrapbookdisplay` WRITE;
/*!40000 ALTER TABLE `btcorescrapbookdisplay` DISABLE KEYS */;
/*!40000 ALTER TABLE `btcorescrapbookdisplay` ENABLE KEYS */;
UNLOCK TABLES;

--
-- Table structure for table `btcorestackdisplay`
--

DROP TABLE IF EXISTS `btcorestackdisplay`;
/*!40101 SET @saved_cs_client     = @@character_set_client */;
/*!40101 SET character_set_client = utf8 */;
CREATE TABLE `btcorestackdisplay` (
  `bID` int(10) unsigned NOT NULL,
  `stID` int(10) unsigned NOT NULL,
  PRIMARY KEY (`bID`),
  KEY `stID` (`stID`)
) ENGINE=InnoDB DEFAULT CHARSET=utf8 COLLATE=utf8_unicode_ci;
/*!40101 SET character_set_client = @saved_cs_client */;

--
-- Dumping data for table `btcorestackdisplay`
--

LOCK TABLES `btcorestackdisplay` WRITE;
/*!40000 ALTER TABLE `btcorestackdisplay` DISABLE KEYS */;
/*!40000 ALTER TABLE `btcorestackdisplay` ENABLE KEYS */;
UNLOCK TABLES;

--
-- Table structure for table `btdashboardnewsflowlatest`
--

DROP TABLE IF EXISTS `btdashboardnewsflowlatest`;
/*!40101 SET @saved_cs_client     = @@character_set_client */;
/*!40101 SET character_set_client = utf8 */;
CREATE TABLE `btdashboardnewsflowlatest` (
  `bID` int(10) unsigned NOT NULL,
  `slot` varchar(1) COLLATE utf8_unicode_ci NOT NULL,
  PRIMARY KEY (`bID`)
) ENGINE=InnoDB DEFAULT CHARSET=utf8 COLLATE=utf8_unicode_ci;
/*!40101 SET character_set_client = @saved_cs_client */;

--
-- Dumping data for table `btdashboardnewsflowlatest`
--

LOCK TABLES `btdashboardnewsflowlatest` WRITE;
/*!40000 ALTER TABLE `btdashboardnewsflowlatest` DISABLE KEYS */;
INSERT INTO `btdashboardnewsflowlatest` VALUES (4,'A'),(5,'B'),(8,'C');
/*!40000 ALTER TABLE `btdashboardnewsflowlatest` ENABLE KEYS */;
UNLOCK TABLES;

--
-- Table structure for table `btdatenavigation`
--

DROP TABLE IF EXISTS `btdatenavigation`;
/*!40101 SET @saved_cs_client     = @@character_set_client */;
/*!40101 SET character_set_client = utf8 */;
CREATE TABLE `btdatenavigation` (
  `bID` int(10) unsigned NOT NULL,
  `title` varchar(255) COLLATE utf8_unicode_ci NOT NULL DEFAULT '',
  `filterByParent` tinyint(1) DEFAULT '0',
  `redirectToResults` tinyint(1) DEFAULT '0',
  `cParentID` int(10) unsigned NOT NULL DEFAULT '0',
  `cTargetID` int(10) unsigned NOT NULL DEFAULT '0',
  `ptID` smallint(5) unsigned DEFAULT NULL,
  PRIMARY KEY (`bID`)
) ENGINE=InnoDB DEFAULT CHARSET=utf8 COLLATE=utf8_unicode_ci;
/*!40101 SET character_set_client = @saved_cs_client */;

--
-- Dumping data for table `btdatenavigation`
--

LOCK TABLES `btdatenavigation` WRITE;
/*!40000 ALTER TABLE `btdatenavigation` DISABLE KEYS */;
/*!40000 ALTER TABLE `btdatenavigation` ENABLE KEYS */;
UNLOCK TABLES;

--
-- Table structure for table `btexternalform`
--

DROP TABLE IF EXISTS `btexternalform`;
/*!40101 SET @saved_cs_client     = @@character_set_client */;
/*!40101 SET character_set_client = utf8 */;
CREATE TABLE `btexternalform` (
  `bID` int(10) unsigned NOT NULL,
  `filename` varchar(128) COLLATE utf8_unicode_ci DEFAULT NULL,
  PRIMARY KEY (`bID`)
) ENGINE=InnoDB DEFAULT CHARSET=utf8 COLLATE=utf8_unicode_ci;
/*!40101 SET character_set_client = @saved_cs_client */;

--
-- Dumping data for table `btexternalform`
--

LOCK TABLES `btexternalform` WRITE;
/*!40000 ALTER TABLE `btexternalform` DISABLE KEYS */;
/*!40000 ALTER TABLE `btexternalform` ENABLE KEYS */;
UNLOCK TABLES;

--
-- Table structure for table `btfaq`
--

DROP TABLE IF EXISTS `btfaq`;
/*!40101 SET @saved_cs_client     = @@character_set_client */;
/*!40101 SET character_set_client = utf8 */;
CREATE TABLE `btfaq` (
  `bID` int(10) unsigned NOT NULL,
  `blockTitle` varchar(255) COLLATE utf8_unicode_ci DEFAULT NULL,
  PRIMARY KEY (`bID`)
) ENGINE=InnoDB DEFAULT CHARSET=utf8 COLLATE=utf8_unicode_ci;
/*!40101 SET character_set_client = @saved_cs_client */;

--
-- Dumping data for table `btfaq`
--

LOCK TABLES `btfaq` WRITE;
/*!40000 ALTER TABLE `btfaq` DISABLE KEYS */;
/*!40000 ALTER TABLE `btfaq` ENABLE KEYS */;
UNLOCK TABLES;

--
-- Table structure for table `btfaqentries`
--

DROP TABLE IF EXISTS `btfaqentries`;
/*!40101 SET @saved_cs_client     = @@character_set_client */;
/*!40101 SET character_set_client = utf8 */;
CREATE TABLE `btfaqentries` (
  `id` int(10) unsigned NOT NULL AUTO_INCREMENT,
  `bID` int(10) unsigned DEFAULT NULL,
  `linkTitle` varchar(255) COLLATE utf8_unicode_ci DEFAULT NULL,
  `title` varchar(255) COLLATE utf8_unicode_ci DEFAULT NULL,
  `sortOrder` int(11) DEFAULT NULL,
  `description` longtext COLLATE utf8_unicode_ci,
  PRIMARY KEY (`id`),
  KEY `bID` (`bID`,`sortOrder`)
) ENGINE=InnoDB DEFAULT CHARSET=utf8 COLLATE=utf8_unicode_ci;
/*!40101 SET character_set_client = @saved_cs_client */;

--
-- Dumping data for table `btfaqentries`
--

LOCK TABLES `btfaqentries` WRITE;
/*!40000 ALTER TABLE `btfaqentries` DISABLE KEYS */;
/*!40000 ALTER TABLE `btfaqentries` ENABLE KEYS */;
UNLOCK TABLES;

--
-- Table structure for table `btfeature`
--

DROP TABLE IF EXISTS `btfeature`;
/*!40101 SET @saved_cs_client     = @@character_set_client */;
/*!40101 SET character_set_client = utf8 */;
CREATE TABLE `btfeature` (
  `bID` int(10) unsigned NOT NULL,
  `icon` varchar(255) COLLATE utf8_unicode_ci DEFAULT NULL,
  `title` varchar(255) COLLATE utf8_unicode_ci DEFAULT NULL,
  `paragraph` text COLLATE utf8_unicode_ci,
  `externalLink` varchar(255) COLLATE utf8_unicode_ci DEFAULT NULL,
  `internalLinkCID` int(10) unsigned DEFAULT '0',
  PRIMARY KEY (`bID`)
) ENGINE=InnoDB DEFAULT CHARSET=utf8 COLLATE=utf8_unicode_ci;
/*!40101 SET character_set_client = @saved_cs_client */;

--
-- Dumping data for table `btfeature`
--

LOCK TABLES `btfeature` WRITE;
/*!40000 ALTER TABLE `btfeature` DISABLE KEYS */;
/*!40000 ALTER TABLE `btfeature` ENABLE KEYS */;
UNLOCK TABLES;

--
-- Table structure for table `btform`
--

DROP TABLE IF EXISTS `btform`;
/*!40101 SET @saved_cs_client     = @@character_set_client */;
/*!40101 SET character_set_client = utf8 */;
CREATE TABLE `btform` (
  `bID` int(10) unsigned NOT NULL,
  `questionSetId` int(10) unsigned DEFAULT '0',
  `surveyName` varchar(255) COLLATE utf8_unicode_ci DEFAULT NULL,
  `thankyouMsg` text COLLATE utf8_unicode_ci,
  `notifyMeOnSubmission` tinyint(1) NOT NULL DEFAULT '0',
  `recipientEmail` varchar(255) COLLATE utf8_unicode_ci DEFAULT NULL,
  `displayCaptcha` int(11) DEFAULT '1',
  `redirectCID` int(11) DEFAULT '0',
  `addFilesToSet` int(11) DEFAULT '0',
  `submitText` varchar(255) COLLATE utf8_unicode_ci DEFAULT 'Submit',
  `notifications` tinyint(1) DEFAULT '1',
  `overrideNotifications` tinyint(1) DEFAULT '0',
  `notifyOnSubmission` text COLLATE utf8_unicode_ci,
  `overrideRegisteredOnly` tinyint(1) DEFAULT '0',
  `registeredOnly` tinyint(1) DEFAULT '0',
  `active` int(11) DEFAULT '1',
  `displayFormName` smallint(6) DEFAULT '0',
  `onlyOneSubmissionAllowed` tinyint(1) DEFAULT '0',
  `moderation` tinyint(1) DEFAULT '0',
  `requireApproval` tinyint(1) DEFAULT '0',
  `moderationUsername` int(11) DEFAULT NULL,
  `moderationEmail` int(11) DEFAULT NULL,
  `moderationSubmission` int(11) DEFAULT NULL,
  `ftID` int(10) unsigned DEFAULT NULL,
  `displaySurveyDescription` smallint(6) DEFAULT '0',
  `surveyDescription` varchar(255) COLLATE utf8_unicode_ci DEFAULT '',
  PRIMARY KEY (`bID`),
  KEY `questionSetIdForeign` (`questionSetId`)
) ENGINE=InnoDB DEFAULT CHARSET=utf8 COLLATE=utf8_unicode_ci;
/*!40101 SET character_set_client = @saved_cs_client */;

--
-- Dumping data for table `btform`
--

LOCK TABLES `btform` WRITE;
/*!40000 ALTER TABLE `btform` DISABLE KEYS */;
/*!40000 ALTER TABLE `btform` ENABLE KEYS */;
UNLOCK TABLES;

--
-- Table structure for table `btformanswers`
--

DROP TABLE IF EXISTS `btformanswers`;
/*!40101 SET @saved_cs_client     = @@character_set_client */;
/*!40101 SET character_set_client = utf8 */;
CREATE TABLE `btformanswers` (
  `aID` int(10) unsigned NOT NULL AUTO_INCREMENT,
  `asID` int(10) unsigned DEFAULT '0',
  `msqID` int(10) unsigned DEFAULT '0',
  `answer` text COLLATE utf8_unicode_ci,
  `answerLong` text COLLATE utf8_unicode_ci,
  PRIMARY KEY (`aID`),
  KEY `asID` (`asID`),
  KEY `msqID` (`msqID`)
) ENGINE=InnoDB DEFAULT CHARSET=utf8 COLLATE=utf8_unicode_ci;
/*!40101 SET character_set_client = @saved_cs_client */;

--
-- Dumping data for table `btformanswers`
--

LOCK TABLES `btformanswers` WRITE;
/*!40000 ALTER TABLE `btformanswers` DISABLE KEYS */;
/*!40000 ALTER TABLE `btformanswers` ENABLE KEYS */;
UNLOCK TABLES;

--
-- Table structure for table `btformanswerset`
--

DROP TABLE IF EXISTS `btformanswerset`;
/*!40101 SET @saved_cs_client     = @@character_set_client */;
/*!40101 SET character_set_client = utf8 */;
CREATE TABLE `btformanswerset` (
  `asID` int(10) unsigned NOT NULL AUTO_INCREMENT,
  `questionSetId` int(10) unsigned DEFAULT '0',
  `created` timestamp NULL DEFAULT CURRENT_TIMESTAMP,
  `uID` int(10) unsigned DEFAULT '0',
  `ipAddress` tinyblob,
  `ftID` int(10) unsigned DEFAULT NULL,
  PRIMARY KEY (`asID`),
  KEY `questionSetId` (`questionSetId`),
  KEY `uID` (`uID`)
) ENGINE=InnoDB DEFAULT CHARSET=utf8 COLLATE=utf8_unicode_ci;
/*!40101 SET character_set_client = @saved_cs_client */;

--
-- Dumping data for table `btformanswerset`
--

LOCK TABLES `btformanswerset` WRITE;
/*!40000 ALTER TABLE `btformanswerset` DISABLE KEYS */;
/*!40000 ALTER TABLE `btformanswerset` ENABLE KEYS */;
UNLOCK TABLES;

--
-- Table structure for table `btformquestionoptions`
--

DROP TABLE IF EXISTS `btformquestionoptions`;
/*!40101 SET @saved_cs_client     = @@character_set_client */;
/*!40101 SET character_set_client = utf8 */;
CREATE TABLE `btformquestionoptions` (
  `ID` int(10) unsigned NOT NULL AUTO_INCREMENT,
  `qID` int(10) unsigned NOT NULL DEFAULT '0',
  `msqID` int(10) unsigned NOT NULL DEFAULT '0',
  `name` varchar(255) COLLATE utf8_unicode_ci DEFAULT NULL,
  `value` longtext COLLATE utf8_unicode_ci,
  PRIMARY KEY (`ID`),
  KEY `qID` (`qID`)
) ENGINE=InnoDB DEFAULT CHARSET=utf8 COLLATE=utf8_unicode_ci;
/*!40101 SET character_set_client = @saved_cs_client */;

--
-- Dumping data for table `btformquestionoptions`
--

LOCK TABLES `btformquestionoptions` WRITE;
/*!40000 ALTER TABLE `btformquestionoptions` DISABLE KEYS */;
/*!40000 ALTER TABLE `btformquestionoptions` ENABLE KEYS */;
UNLOCK TABLES;

--
-- Table structure for table `btformquestions`
--

DROP TABLE IF EXISTS `btformquestions`;
/*!40101 SET @saved_cs_client     = @@character_set_client */;
/*!40101 SET character_set_client = utf8 */;
CREATE TABLE `btformquestions` (
  `qID` int(10) unsigned NOT NULL AUTO_INCREMENT,
  `msqID` int(10) unsigned DEFAULT '0',
  `bID` int(10) unsigned DEFAULT '0',
  `questionSetId` int(10) unsigned DEFAULT '0',
  `question` varchar(255) COLLATE utf8_unicode_ci DEFAULT NULL,
  `inputType` varchar(255) COLLATE utf8_unicode_ci DEFAULT NULL,
  `options` text COLLATE utf8_unicode_ci,
  `position` int(10) unsigned DEFAULT '1000',
  `width` int(10) unsigned DEFAULT '50',
  `height` int(10) unsigned DEFAULT '3',
  `required` int(11) DEFAULT '0',
  `defaultDate` varchar(255) COLLATE utf8_unicode_ci DEFAULT '',
  `minSelect` int(10) unsigned DEFAULT NULL,
  `maxSelect` int(10) unsigned DEFAULT NULL,
  `description` mediumtext COLLATE utf8_unicode_ci,
  `charlimit` int(10) unsigned DEFAULT NULL,
  PRIMARY KEY (`qID`),
  KEY `questionSetId` (`questionSetId`),
  KEY `msqID` (`msqID`),
  KEY `bID` (`bID`,`questionSetId`)
) ENGINE=InnoDB DEFAULT CHARSET=utf8 COLLATE=utf8_unicode_ci;
/*!40101 SET character_set_client = @saved_cs_client */;

--
-- Dumping data for table `btformquestions`
--

LOCK TABLES `btformquestions` WRITE;
/*!40000 ALTER TABLE `btformquestions` DISABLE KEYS */;
/*!40000 ALTER TABLE `btformquestions` ENABLE KEYS */;
UNLOCK TABLES;

--
-- Table structure for table `btgooglemap`
--

DROP TABLE IF EXISTS `btgooglemap`;
/*!40101 SET @saved_cs_client     = @@character_set_client */;
/*!40101 SET character_set_client = utf8 */;
CREATE TABLE `btgooglemap` (
  `bID` int(10) unsigned NOT NULL,
  `title` varchar(255) COLLATE utf8_unicode_ci DEFAULT NULL,
  `location` varchar(255) COLLATE utf8_unicode_ci DEFAULT NULL,
  `latitude` double DEFAULT NULL,
  `longitude` double DEFAULT NULL,
  `zoom` smallint(6) DEFAULT NULL,
  `width` varchar(8) COLLATE utf8_unicode_ci DEFAULT '100%',
  `height` varchar(8) COLLATE utf8_unicode_ci DEFAULT '400px',
  `scrollwheel` tinyint(1) NOT NULL DEFAULT '1',
  PRIMARY KEY (`bID`)
) ENGINE=InnoDB DEFAULT CHARSET=utf8 COLLATE=utf8_unicode_ci;
/*!40101 SET character_set_client = @saved_cs_client */;

--
-- Dumping data for table `btgooglemap`
--

LOCK TABLES `btgooglemap` WRITE;
/*!40000 ALTER TABLE `btgooglemap` DISABLE KEYS */;
/*!40000 ALTER TABLE `btgooglemap` ENABLE KEYS */;
UNLOCK TABLES;

--
-- Table structure for table `btimageslider`
--

DROP TABLE IF EXISTS `btimageslider`;
/*!40101 SET @saved_cs_client     = @@character_set_client */;
/*!40101 SET character_set_client = utf8 */;
CREATE TABLE `btimageslider` (
  `bID` int(10) unsigned NOT NULL,
  `navigationType` int(10) unsigned DEFAULT '0',
  PRIMARY KEY (`bID`)
) ENGINE=InnoDB DEFAULT CHARSET=utf8 COLLATE=utf8_unicode_ci;
/*!40101 SET character_set_client = @saved_cs_client */;

--
-- Dumping data for table `btimageslider`
--

LOCK TABLES `btimageslider` WRITE;
/*!40000 ALTER TABLE `btimageslider` DISABLE KEYS */;
/*!40000 ALTER TABLE `btimageslider` ENABLE KEYS */;
UNLOCK TABLES;

--
-- Table structure for table `btimagesliderentries`
--

DROP TABLE IF EXISTS `btimagesliderentries`;
/*!40101 SET @saved_cs_client     = @@character_set_client */;
/*!40101 SET character_set_client = utf8 */;
CREATE TABLE `btimagesliderentries` (
  `id` int(10) unsigned NOT NULL AUTO_INCREMENT,
  `bID` int(10) unsigned DEFAULT NULL,
  `cID` int(10) unsigned DEFAULT '0',
  `fID` int(10) unsigned DEFAULT '0',
  `linkURL` varchar(255) COLLATE utf8_unicode_ci DEFAULT NULL,
  `internalLinkCID` int(10) unsigned DEFAULT '0',
  `title` longtext COLLATE utf8_unicode_ci,
  `description` longtext COLLATE utf8_unicode_ci,
  `sortOrder` int(11) DEFAULT NULL,
  PRIMARY KEY (`id`)
) ENGINE=InnoDB DEFAULT CHARSET=utf8 COLLATE=utf8_unicode_ci;
/*!40101 SET character_set_client = @saved_cs_client */;

--
-- Dumping data for table `btimagesliderentries`
--

LOCK TABLES `btimagesliderentries` WRITE;
/*!40000 ALTER TABLE `btimagesliderentries` DISABLE KEYS */;
/*!40000 ALTER TABLE `btimagesliderentries` ENABLE KEYS */;
UNLOCK TABLES;

--
-- Table structure for table `btjlmagictabs`
--

DROP TABLE IF EXISTS `btjlmagictabs`;
/*!40101 SET @saved_cs_client     = @@character_set_client */;
/*!40101 SET character_set_client = utf8 */;
CREATE TABLE `btjlmagictabs` (
  `bID` int(10) unsigned NOT NULL,
  `heading` varchar(100) COLLATE utf8_unicode_ci DEFAULT NULL,
  `icon` text COLLATE utf8_unicode_ci,
  `tip` varchar(255) COLLATE utf8_unicode_ci DEFAULT NULL,
  PRIMARY KEY (`bID`)
) ENGINE=InnoDB DEFAULT CHARSET=utf8 COLLATE=utf8_unicode_ci;
/*!40101 SET character_set_client = @saved_cs_client */;

--
-- Dumping data for table `btjlmagictabs`
--

LOCK TABLES `btjlmagictabs` WRITE;
/*!40000 ALTER TABLE `btjlmagictabs` DISABLE KEYS */;
/*!40000 ALTER TABLE `btjlmagictabs` ENABLE KEYS */;
UNLOCK TABLES;

--
-- Table structure for table `btjlmagictabsend`
--

DROP TABLE IF EXISTS `btjlmagictabsend`;
/*!40101 SET @saved_cs_client     = @@character_set_client */;
/*!40101 SET character_set_client = utf8 */;
CREATE TABLE `btjlmagictabsend` (
  `bID` int(10) unsigned NOT NULL,
  `dummy` tinyint(1) DEFAULT NULL,
  PRIMARY KEY (`bID`)
) ENGINE=InnoDB DEFAULT CHARSET=utf8 COLLATE=utf8_unicode_ci;
/*!40101 SET character_set_client = @saved_cs_client */;

--
-- Dumping data for table `btjlmagictabsend`
--

LOCK TABLES `btjlmagictabsend` WRITE;
/*!40000 ALTER TABLE `btjlmagictabsend` DISABLE KEYS */;
/*!40000 ALTER TABLE `btjlmagictabsend` ENABLE KEYS */;
UNLOCK TABLES;

--
-- Table structure for table `btnavigation`
--

DROP TABLE IF EXISTS `btnavigation`;
/*!40101 SET @saved_cs_client     = @@character_set_client */;
/*!40101 SET character_set_client = utf8 */;
CREATE TABLE `btnavigation` (
  `bID` int(10) unsigned NOT NULL,
  `orderBy` varchar(255) COLLATE utf8_unicode_ci DEFAULT 'alpha_asc',
  `displayPages` varchar(255) COLLATE utf8_unicode_ci DEFAULT 'top' COMMENT 'was enum(''top'',''current'',''above'',''below'',''custom'')',
  `displayPagesCID` int(10) unsigned NOT NULL DEFAULT '1',
  `displayPagesIncludeSelf` tinyint(1) NOT NULL DEFAULT '0',
  `displaySubPages` varchar(255) COLLATE utf8_unicode_ci DEFAULT 'none' COMMENT 'was enum(''none'',''all'',''relevant'',''relevant_breadcrumb'')',
  `displaySubPageLevels` varchar(255) COLLATE utf8_unicode_ci DEFAULT 'none' COMMENT 'was enum(''all'',''none'',''enough'',''enough_plus1'',''custom'')',
  `displaySubPageLevelsNum` smallint(5) unsigned NOT NULL DEFAULT '0',
  `displayUnavailablePages` tinyint(1) NOT NULL DEFAULT '0',
  `displaySystemPages` smallint(5) unsigned NOT NULL DEFAULT '0',
  PRIMARY KEY (`bID`)
) ENGINE=InnoDB DEFAULT CHARSET=utf8 COLLATE=utf8_unicode_ci;
/*!40101 SET character_set_client = @saved_cs_client */;

--
-- Dumping data for table `btnavigation`
--

LOCK TABLES `btnavigation` WRITE;
/*!40000 ALTER TABLE `btnavigation` DISABLE KEYS */;
/*!40000 ALTER TABLE `btnavigation` ENABLE KEYS */;
UNLOCK TABLES;

--
-- Table structure for table `btnextprevious`
--

DROP TABLE IF EXISTS `btnextprevious`;
/*!40101 SET @saved_cs_client     = @@character_set_client */;
/*!40101 SET character_set_client = utf8 */;
CREATE TABLE `btnextprevious` (
  `bID` int(10) unsigned NOT NULL,
  `nextLabel` varchar(128) COLLATE utf8_unicode_ci DEFAULT NULL,
  `previousLabel` varchar(128) COLLATE utf8_unicode_ci DEFAULT NULL,
  `parentLabel` varchar(128) COLLATE utf8_unicode_ci DEFAULT NULL,
  `loopSequence` int(11) DEFAULT '1',
  `excludeSystemPages` int(11) DEFAULT '1',
  `orderBy` varchar(20) COLLATE utf8_unicode_ci DEFAULT 'display_asc',
  PRIMARY KEY (`bID`)
) ENGINE=InnoDB DEFAULT CHARSET=utf8 COLLATE=utf8_unicode_ci;
/*!40101 SET character_set_client = @saved_cs_client */;

--
-- Dumping data for table `btnextprevious`
--

LOCK TABLES `btnextprevious` WRITE;
/*!40000 ALTER TABLE `btnextprevious` DISABLE KEYS */;
/*!40000 ALTER TABLE `btnextprevious` ENABLE KEYS */;
UNLOCK TABLES;

--
-- Table structure for table `btpageattributedisplay`
--

DROP TABLE IF EXISTS `btpageattributedisplay`;
/*!40101 SET @saved_cs_client     = @@character_set_client */;
/*!40101 SET character_set_client = utf8 */;
CREATE TABLE `btpageattributedisplay` (
  `bID` int(10) unsigned NOT NULL,
  `attributeHandle` varchar(255) COLLATE utf8_unicode_ci DEFAULT NULL,
  `attributeTitleText` varchar(255) COLLATE utf8_unicode_ci DEFAULT NULL,
  `displayTag` varchar(255) COLLATE utf8_unicode_ci DEFAULT NULL,
  `dateFormat` varchar(100) COLLATE utf8_unicode_ci DEFAULT 'div',
  `thumbnailHeight` int(10) unsigned DEFAULT NULL,
  `thumbnailWidth` int(10) unsigned DEFAULT NULL,
  PRIMARY KEY (`bID`)
) ENGINE=InnoDB DEFAULT CHARSET=utf8 COLLATE=utf8_unicode_ci;
/*!40101 SET character_set_client = @saved_cs_client */;

--
-- Dumping data for table `btpageattributedisplay`
--

LOCK TABLES `btpageattributedisplay` WRITE;
/*!40000 ALTER TABLE `btpageattributedisplay` DISABLE KEYS */;
/*!40000 ALTER TABLE `btpageattributedisplay` ENABLE KEYS */;
UNLOCK TABLES;

--
-- Table structure for table `btpagelist`
--

DROP TABLE IF EXISTS `btpagelist`;
/*!40101 SET @saved_cs_client     = @@character_set_client */;
/*!40101 SET character_set_client = utf8 */;
CREATE TABLE `btpagelist` (
  `bID` int(10) unsigned NOT NULL,
  `num` smallint(5) unsigned NOT NULL,
  `orderBy` varchar(32) COLLATE utf8_unicode_ci DEFAULT NULL COMMENT 'Was enum, display_asc'',''display_desc'',''chrono_asc'',''chrono_desc'',''alpha_asc'',''alpha_desc'',''score_asc'',''score_desc''',
  `cParentID` int(10) unsigned NOT NULL DEFAULT '1',
  `cThis` tinyint(1) NOT NULL DEFAULT '0',
  `useButtonForLink` tinyint(1) NOT NULL DEFAULT '0',
  `buttonLinkText` varchar(255) COLLATE utf8_unicode_ci DEFAULT NULL,
  `pageListTitle` varchar(255) COLLATE utf8_unicode_ci DEFAULT NULL,
  `relatedTopicAttributeKeyHandle` varchar(255) COLLATE utf8_unicode_ci DEFAULT NULL,
  `includeName` tinyint(1) NOT NULL DEFAULT '1',
  `includeDescription` tinyint(1) NOT NULL DEFAULT '1',
  `includeDate` tinyint(1) NOT NULL DEFAULT '0',
  `includeAllDescendents` tinyint(1) NOT NULL DEFAULT '0',
  `paginate` tinyint(1) NOT NULL DEFAULT '0',
  `displayAliases` tinyint(1) NOT NULL DEFAULT '1',
  `enableExternalFiltering` tinyint(1) NOT NULL DEFAULT '0',
  `filterByRelated` tinyint(1) NOT NULL DEFAULT '0',
  `ptID` smallint(5) unsigned DEFAULT NULL,
  `pfID` int(11) DEFAULT '0',
  `truncateSummaries` int(11) DEFAULT '0',
  `displayFeaturedOnly` tinyint(1) DEFAULT '0',
  `noResultsMessage` varchar(255) COLLATE utf8_unicode_ci DEFAULT NULL,
  `displayThumbnail` tinyint(1) DEFAULT '0',
  `truncateChars` int(11) DEFAULT '128',
  `filterByCustomTopic` tinyint(1) NOT NULL DEFAULT '0',
  `customTopicAttributeKeyHandle` varchar(255) COLLATE utf8_unicode_ci DEFAULT NULL,
  `customTopicTreeNodeID` int(10) unsigned NOT NULL DEFAULT '0',
  `filterDateOption` varchar(25) COLLATE utf8_unicode_ci DEFAULT 'all' COMMENT '(''all'',''today'',''past'',''future'',''between'')',
  `filterDateDays` int(10) unsigned NOT NULL DEFAULT '0',
  `filterDateStart` varchar(20) COLLATE utf8_unicode_ci DEFAULT NULL,
  `filterDateEnd` varchar(20) COLLATE utf8_unicode_ci DEFAULT NULL,
  `ignorePermissions` tinyint(1) NOT NULL DEFAULT '0',
  PRIMARY KEY (`bID`),
  KEY `ptID` (`ptID`)
) ENGINE=InnoDB DEFAULT CHARSET=utf8 COLLATE=utf8_unicode_ci;
/*!40101 SET character_set_client = @saved_cs_client */;

--
-- Dumping data for table `btpagelist`
--

LOCK TABLES `btpagelist` WRITE;
/*!40000 ALTER TABLE `btpagelist` DISABLE KEYS */;
/*!40000 ALTER TABLE `btpagelist` ENABLE KEYS */;
UNLOCK TABLES;

--
-- Table structure for table `btpagetitle`
--

DROP TABLE IF EXISTS `btpagetitle`;
/*!40101 SET @saved_cs_client     = @@character_set_client */;
/*!40101 SET character_set_client = utf8 */;
CREATE TABLE `btpagetitle` (
  `bID` int(10) unsigned NOT NULL,
  `useCustomTitle` int(10) unsigned DEFAULT '0',
  `titleText` varchar(255) COLLATE utf8_unicode_ci DEFAULT NULL,
  `formatting` varchar(3) COLLATE utf8_unicode_ci DEFAULT NULL,
  PRIMARY KEY (`bID`)
) ENGINE=InnoDB DEFAULT CHARSET=utf8 COLLATE=utf8_unicode_ci;
/*!40101 SET character_set_client = @saved_cs_client */;

--
-- Dumping data for table `btpagetitle`
--

LOCK TABLES `btpagetitle` WRITE;
/*!40000 ALTER TABLE `btpagetitle` DISABLE KEYS */;
/*!40000 ALTER TABLE `btpagetitle` ENABLE KEYS */;
UNLOCK TABLES;

--
-- Table structure for table `btprojectpagetypetemplateoutput`
--

DROP TABLE IF EXISTS `btprojectpagetypetemplateoutput`;
/*!40101 SET @saved_cs_client     = @@character_set_client */;
/*!40101 SET character_set_client = utf8 */;
CREATE TABLE `btprojectpagetypetemplateoutput` (
  `bID` int(10) unsigned NOT NULL,
  `btHandle` varchar(255) COLLATE utf8_unicode_ci NOT NULL DEFAULT '',
  PRIMARY KEY (`bID`),
  KEY `btHandle` (`btHandle`)
) ENGINE=InnoDB DEFAULT CHARSET=utf8 COLLATE=utf8_unicode_ci;
/*!40101 SET character_set_client = @saved_cs_client */;

--
-- Dumping data for table `btprojectpagetypetemplateoutput`
--

LOCK TABLES `btprojectpagetypetemplateoutput` WRITE;
/*!40000 ALTER TABLE `btprojectpagetypetemplateoutput` DISABLE KEYS */;
INSERT INTO `btprojectpagetypetemplateoutput` VALUES (10,'the_hive_image_banner'),(12,'the_hive_image_banner'),(20,'the_hive_image_banner'),(21,'the_hive_image_banner'),(22,'the_hive_image_banner'),(11,'the_hive_timeline'),(13,'the_hive_timeline');
/*!40000 ALTER TABLE `btprojectpagetypetemplateoutput` ENABLE KEYS */;
UNLOCK TABLES;

--
-- Table structure for table `btrssdisplay`
--

DROP TABLE IF EXISTS `btrssdisplay`;
/*!40101 SET @saved_cs_client     = @@character_set_client */;
/*!40101 SET character_set_client = utf8 */;
CREATE TABLE `btrssdisplay` (
  `bID` int(10) unsigned NOT NULL,
  `title` varchar(255) COLLATE utf8_unicode_ci DEFAULT NULL,
  `url` varchar(255) COLLATE utf8_unicode_ci DEFAULT NULL,
  `dateFormat` varchar(100) COLLATE utf8_unicode_ci DEFAULT NULL,
  `itemsToDisplay` int(10) unsigned DEFAULT '5',
  `showSummary` tinyint(1) NOT NULL DEFAULT '1',
  `launchInNewWindow` tinyint(1) NOT NULL DEFAULT '1',
  PRIMARY KEY (`bID`)
) ENGINE=InnoDB DEFAULT CHARSET=utf8 COLLATE=utf8_unicode_ci;
/*!40101 SET character_set_client = @saved_cs_client */;

--
-- Dumping data for table `btrssdisplay`
--

LOCK TABLES `btrssdisplay` WRITE;
/*!40000 ALTER TABLE `btrssdisplay` DISABLE KEYS */;
/*!40000 ALTER TABLE `btrssdisplay` ENABLE KEYS */;
UNLOCK TABLES;

--
-- Table structure for table `btsearch`
--

DROP TABLE IF EXISTS `btsearch`;
/*!40101 SET @saved_cs_client     = @@character_set_client */;
/*!40101 SET character_set_client = utf8 */;
CREATE TABLE `btsearch` (
  `bID` int(10) unsigned NOT NULL,
  `title` varchar(255) COLLATE utf8_unicode_ci DEFAULT NULL,
  `buttonText` varchar(128) COLLATE utf8_unicode_ci DEFAULT NULL,
  `baseSearchPath` varchar(255) COLLATE utf8_unicode_ci DEFAULT NULL,
  `postTo_cID` varchar(255) COLLATE utf8_unicode_ci DEFAULT NULL,
  `resultsURL` varchar(255) COLLATE utf8_unicode_ci DEFAULT NULL,
  PRIMARY KEY (`bID`)
) ENGINE=InnoDB DEFAULT CHARSET=utf8 COLLATE=utf8_unicode_ci;
/*!40101 SET character_set_client = @saved_cs_client */;

--
-- Dumping data for table `btsearch`
--

LOCK TABLES `btsearch` WRITE;
/*!40000 ALTER TABLE `btsearch` DISABLE KEYS */;
INSERT INTO `btsearch` VALUES (185,'','Search','','','');
/*!40000 ALTER TABLE `btsearch` ENABLE KEYS */;
UNLOCK TABLES;

--
-- Table structure for table `btsharethispage`
--

DROP TABLE IF EXISTS `btsharethispage`;
/*!40101 SET @saved_cs_client     = @@character_set_client */;
/*!40101 SET character_set_client = utf8 */;
CREATE TABLE `btsharethispage` (
  `btShareThisPageID` int(10) unsigned NOT NULL AUTO_INCREMENT,
  `bID` int(10) unsigned DEFAULT '0',
  `service` varchar(255) COLLATE utf8_unicode_ci DEFAULT NULL,
  `displayOrder` int(10) unsigned DEFAULT '0',
  PRIMARY KEY (`btShareThisPageID`)
) ENGINE=InnoDB DEFAULT CHARSET=utf8 COLLATE=utf8_unicode_ci;
/*!40101 SET character_set_client = @saved_cs_client */;

--
-- Dumping data for table `btsharethispage`
--

LOCK TABLES `btsharethispage` WRITE;
/*!40000 ALTER TABLE `btsharethispage` DISABLE KEYS */;
/*!40000 ALTER TABLE `btsharethispage` ENABLE KEYS */;
UNLOCK TABLES;

--
-- Table structure for table `btsociallinks`
--

DROP TABLE IF EXISTS `btsociallinks`;
/*!40101 SET @saved_cs_client     = @@character_set_client */;
/*!40101 SET character_set_client = utf8 */;
CREATE TABLE `btsociallinks` (
  `btSocialLinkID` int(10) unsigned NOT NULL AUTO_INCREMENT,
  `bID` int(10) unsigned DEFAULT '0',
  `slID` int(10) unsigned DEFAULT '0',
  `displayOrder` int(10) unsigned DEFAULT '0',
  PRIMARY KEY (`btSocialLinkID`),
  KEY `bID` (`bID`,`displayOrder`),
  KEY `slID` (`slID`)
) ENGINE=InnoDB DEFAULT CHARSET=utf8 COLLATE=utf8_unicode_ci;
/*!40101 SET character_set_client = @saved_cs_client */;

--
-- Dumping data for table `btsociallinks`
--

LOCK TABLES `btsociallinks` WRITE;
/*!40000 ALTER TABLE `btsociallinks` DISABLE KEYS */;
/*!40000 ALTER TABLE `btsociallinks` ENABLE KEYS */;
UNLOCK TABLES;

--
-- Table structure for table `btsurvey`
--

DROP TABLE IF EXISTS `btsurvey`;
/*!40101 SET @saved_cs_client     = @@character_set_client */;
/*!40101 SET character_set_client = utf8 */;
CREATE TABLE `btsurvey` (
  `bID` int(10) unsigned NOT NULL,
  `question` varchar(255) COLLATE utf8_unicode_ci DEFAULT '',
  `requiresRegistration` int(11) DEFAULT '0',
  `active` int(11) DEFAULT '1',
  `resultsStyle` varchar(20) COLLATE utf8_unicode_ci DEFAULT '',
  `dateCreated` timestamp NULL DEFAULT '0000-00-00 00:00:00',
  `overrideRegisteredOnly` tinyint(1) DEFAULT '0',
  `blockTitle` varchar(255) COLLATE utf8_unicode_ci DEFAULT 'Quick Poll',
  `ftID` int(10) unsigned DEFAULT NULL,
  `pollDescription` varchar(255) COLLATE utf8_unicode_ci DEFAULT '',
  `displayPollDescription` smallint(6) DEFAULT '0',
  PRIMARY KEY (`bID`)
) ENGINE=InnoDB DEFAULT CHARSET=utf8 COLLATE=utf8_unicode_ci;
/*!40101 SET character_set_client = @saved_cs_client */;

--
-- Dumping data for table `btsurvey`
--

LOCK TABLES `btsurvey` WRITE;
/*!40000 ALTER TABLE `btsurvey` DISABLE KEYS */;
/*!40000 ALTER TABLE `btsurvey` ENABLE KEYS */;
UNLOCK TABLES;

--
-- Table structure for table `btsurveyoptions`
--

DROP TABLE IF EXISTS `btsurveyoptions`;
/*!40101 SET @saved_cs_client     = @@character_set_client */;
/*!40101 SET character_set_client = utf8 */;
CREATE TABLE `btsurveyoptions` (
  `optionID` int(10) unsigned NOT NULL AUTO_INCREMENT,
  `bID` int(11) DEFAULT NULL,
  `optionName` varchar(255) COLLATE utf8_unicode_ci DEFAULT NULL,
  `displayOrder` int(11) DEFAULT '0',
  `ftID` int(10) unsigned DEFAULT NULL,
  PRIMARY KEY (`optionID`),
  KEY `bID` (`bID`,`displayOrder`),
  KEY `ftID` (`ftID`,`displayOrder`)
) ENGINE=InnoDB DEFAULT CHARSET=utf8 COLLATE=utf8_unicode_ci;
/*!40101 SET character_set_client = @saved_cs_client */;

--
-- Dumping data for table `btsurveyoptions`
--

LOCK TABLES `btsurveyoptions` WRITE;
/*!40000 ALTER TABLE `btsurveyoptions` DISABLE KEYS */;
/*!40000 ALTER TABLE `btsurveyoptions` ENABLE KEYS */;
UNLOCK TABLES;

--
-- Table structure for table `btsurveyresults`
--

DROP TABLE IF EXISTS `btsurveyresults`;
/*!40101 SET @saved_cs_client     = @@character_set_client */;
/*!40101 SET character_set_client = utf8 */;
CREATE TABLE `btsurveyresults` (
  `resultID` int(10) unsigned NOT NULL AUTO_INCREMENT,
  `optionID` int(10) unsigned DEFAULT '0',
  `uID` int(10) unsigned DEFAULT '0',
  `bID` int(11) DEFAULT NULL,
  `cID` int(11) DEFAULT NULL,
  `ipAddress` varchar(128) COLLATE utf8_unicode_ci DEFAULT NULL,
  `timestamp` timestamp NULL DEFAULT CURRENT_TIMESTAMP,
  `ftID` int(10) unsigned DEFAULT NULL,
  PRIMARY KEY (`resultID`),
  KEY `optionID` (`optionID`),
  KEY `cID` (`cID`,`optionID`,`bID`),
  KEY `bID` (`bID`,`cID`,`uID`),
  KEY `uID` (`uID`)
) ENGINE=InnoDB DEFAULT CHARSET=utf8 COLLATE=utf8_unicode_ci;
/*!40101 SET character_set_client = @saved_cs_client */;

--
-- Dumping data for table `btsurveyresults`
--

LOCK TABLES `btsurveyresults` WRITE;
/*!40000 ALTER TABLE `btsurveyresults` DISABLE KEYS */;
/*!40000 ALTER TABLE `btsurveyresults` ENABLE KEYS */;
UNLOCK TABLES;

--
-- Table structure for table `btswitchlanguage`
--

DROP TABLE IF EXISTS `btswitchlanguage`;
/*!40101 SET @saved_cs_client     = @@character_set_client */;
/*!40101 SET character_set_client = utf8 */;
CREATE TABLE `btswitchlanguage` (
  `bID` int(10) unsigned NOT NULL,
  `label` varchar(255) COLLATE utf8_unicode_ci DEFAULT '',
  PRIMARY KEY (`bID`)
) ENGINE=InnoDB DEFAULT CHARSET=utf8 COLLATE=utf8_unicode_ci;
/*!40101 SET character_set_client = @saved_cs_client */;

--
-- Dumping data for table `btswitchlanguage`
--

LOCK TABLES `btswitchlanguage` WRITE;
/*!40000 ALTER TABLE `btswitchlanguage` DISABLE KEYS */;
/*!40000 ALTER TABLE `btswitchlanguage` ENABLE KEYS */;
UNLOCK TABLES;

--
-- Table structure for table `bttags`
--

DROP TABLE IF EXISTS `bttags`;
/*!40101 SET @saved_cs_client     = @@character_set_client */;
/*!40101 SET character_set_client = utf8 */;
CREATE TABLE `bttags` (
  `bID` int(10) unsigned NOT NULL,
  `title` varchar(255) COLLATE utf8_unicode_ci DEFAULT NULL,
  `targetCID` int(11) DEFAULT NULL,
  `displayMode` varchar(20) COLLATE utf8_unicode_ci DEFAULT 'page',
  `cloudCount` int(11) DEFAULT '10',
  PRIMARY KEY (`bID`)
) ENGINE=InnoDB DEFAULT CHARSET=utf8 COLLATE=utf8_unicode_ci;
/*!40101 SET character_set_client = @saved_cs_client */;

--
-- Dumping data for table `bttags`
--

LOCK TABLES `bttags` WRITE;
/*!40000 ALTER TABLE `bttags` DISABLE KEYS */;
/*!40000 ALTER TABLE `bttags` ENABLE KEYS */;
UNLOCK TABLES;

--
-- Table structure for table `bttestimonial`
--

DROP TABLE IF EXISTS `bttestimonial`;
/*!40101 SET @saved_cs_client     = @@character_set_client */;
/*!40101 SET character_set_client = utf8 */;
CREATE TABLE `bttestimonial` (
  `bID` int(10) unsigned NOT NULL,
  `fID` int(10) unsigned DEFAULT '0',
  `name` varchar(255) COLLATE utf8_unicode_ci DEFAULT NULL,
  `position` varchar(255) COLLATE utf8_unicode_ci DEFAULT NULL,
  `company` varchar(255) COLLATE utf8_unicode_ci DEFAULT NULL,
  `companyURL` varchar(255) COLLATE utf8_unicode_ci DEFAULT NULL,
  `paragraph` text COLLATE utf8_unicode_ci,
  PRIMARY KEY (`bID`)
) ENGINE=InnoDB DEFAULT CHARSET=utf8 COLLATE=utf8_unicode_ci;
/*!40101 SET character_set_client = @saved_cs_client */;

--
-- Dumping data for table `bttestimonial`
--

LOCK TABLES `bttestimonial` WRITE;
/*!40000 ALTER TABLE `bttestimonial` DISABLE KEYS */;
/*!40000 ALTER TABLE `bttestimonial` ENABLE KEYS */;
UNLOCK TABLES;

--
-- Table structure for table `btthehiveaccordion`
--

DROP TABLE IF EXISTS `btthehiveaccordion`;
/*!40101 SET @saved_cs_client     = @@character_set_client */;
/*!40101 SET character_set_client = utf8 */;
CREATE TABLE `btthehiveaccordion` (
  `bID` int(10) unsigned NOT NULL,
  `blockTitle` varchar(255) COLLATE utf8_unicode_ci DEFAULT NULL,
  `blockDescription` longtext COLLATE utf8_unicode_ci,
  `marginTop` tinyint(1) NOT NULL DEFAULT '0',
  `marginBottom` tinyint(1) NOT NULL DEFAULT '0',
  `marginLeft` tinyint(1) NOT NULL DEFAULT '0',
  `marginRight` tinyint(1) NOT NULL DEFAULT '0',
  PRIMARY KEY (`bID`)
) ENGINE=InnoDB DEFAULT CHARSET=utf8 COLLATE=utf8_unicode_ci;
/*!40101 SET character_set_client = @saved_cs_client */;

--
-- Dumping data for table `btthehiveaccordion`
--

LOCK TABLES `btthehiveaccordion` WRITE;
/*!40000 ALTER TABLE `btthehiveaccordion` DISABLE KEYS */;
/*!40000 ALTER TABLE `btthehiveaccordion` ENABLE KEYS */;
UNLOCK TABLES;

--
-- Table structure for table `btthehiveaccordionitems`
--

DROP TABLE IF EXISTS `btthehiveaccordionitems`;
/*!40101 SET @saved_cs_client     = @@character_set_client */;
/*!40101 SET character_set_client = utf8 */;
CREATE TABLE `btthehiveaccordionitems` (
  `accordionID` int(10) unsigned NOT NULL AUTO_INCREMENT,
  `accordionBlockID` int(10) unsigned DEFAULT NULL,
  `accordionQuestion` varchar(255) COLLATE utf8_unicode_ci DEFAULT NULL,
  `accordionAnswer` longtext COLLATE utf8_unicode_ci,
  `accordionOrder` int(11) DEFAULT NULL,
  PRIMARY KEY (`accordionID`)
) ENGINE=InnoDB DEFAULT CHARSET=utf8 COLLATE=utf8_unicode_ci;
/*!40101 SET character_set_client = @saved_cs_client */;

--
-- Dumping data for table `btthehiveaccordionitems`
--

LOCK TABLES `btthehiveaccordionitems` WRITE;
/*!40000 ALTER TABLE `btthehiveaccordionitems` DISABLE KEYS */;
/*!40000 ALTER TABLE `btthehiveaccordionitems` ENABLE KEYS */;
UNLOCK TABLES;

--
-- Table structure for table `btthehivebio`
--

DROP TABLE IF EXISTS `btthehivebio`;
/*!40101 SET @saved_cs_client     = @@character_set_client */;
/*!40101 SET character_set_client = utf8 */;
CREATE TABLE `btthehivebio` (
  `bID` int(10) unsigned NOT NULL,
  `blockTitle` varchar(255) COLLATE utf8_unicode_ci DEFAULT NULL,
  `blockDescription` longtext COLLATE utf8_unicode_ci,
  `imageDisplay` int(11) DEFAULT NULL,
  `columns` int(11) DEFAULT NULL,
  `style` varchar(255) COLLATE utf8_unicode_ci DEFAULT NULL,
  `displayBorder` int(11) DEFAULT NULL,
  `cornerStyle` varchar(255) COLLATE utf8_unicode_ci DEFAULT NULL,
  PRIMARY KEY (`bID`)
) ENGINE=InnoDB DEFAULT CHARSET=utf8 COLLATE=utf8_unicode_ci;
/*!40101 SET character_set_client = @saved_cs_client */;

--
-- Dumping data for table `btthehivebio`
--

LOCK TABLES `btthehivebio` WRITE;
/*!40000 ALTER TABLE `btthehivebio` DISABLE KEYS */;
/*!40000 ALTER TABLE `btthehivebio` ENABLE KEYS */;
UNLOCK TABLES;

--
-- Table structure for table `btthehivebioitems`
--

DROP TABLE IF EXISTS `btthehivebioitems`;
/*!40101 SET @saved_cs_client     = @@character_set_client */;
/*!40101 SET character_set_client = utf8 */;
CREATE TABLE `btthehivebioitems` (
  `bItemID` int(10) unsigned NOT NULL AUTO_INCREMENT,
  `bioBlockID` int(10) unsigned DEFAULT NULL,
  `bioName` varchar(255) COLLATE utf8_unicode_ci DEFAULT NULL,
  `bioImageID` int(10) unsigned DEFAULT '0',
  `bioDescription` longtext COLLATE utf8_unicode_ci,
  `bioPosition` varchar(255) COLLATE utf8_unicode_ci DEFAULT NULL,
  `bioAlt` varchar(255) COLLATE utf8_unicode_ci DEFAULT NULL,
  `bioOrder` int(11) DEFAULT NULL,
  PRIMARY KEY (`bItemID`)
) ENGINE=InnoDB DEFAULT CHARSET=utf8 COLLATE=utf8_unicode_ci;
/*!40101 SET character_set_client = @saved_cs_client */;

--
-- Dumping data for table `btthehivebioitems`
--

LOCK TABLES `btthehivebioitems` WRITE;
/*!40000 ALTER TABLE `btthehivebioitems` DISABLE KEYS */;
/*!40000 ALTER TABLE `btthehivebioitems` ENABLE KEYS */;
UNLOCK TABLES;

--
-- Table structure for table `btthehiveblockquote`
--

DROP TABLE IF EXISTS `btthehiveblockquote`;
/*!40101 SET @saved_cs_client     = @@character_set_client */;
/*!40101 SET character_set_client = utf8 */;
CREATE TABLE `btthehiveblockquote` (
  `bID` int(10) unsigned NOT NULL,
  `quote` longtext COLLATE utf8_unicode_ci,
  `author` longtext COLLATE utf8_unicode_ci,
  `BlockQuoteSize` longtext COLLATE utf8_unicode_ci,
  `BlockQuoteAlignment` longtext COLLATE utf8_unicode_ci,
  `blockQuoteStyle` varchar(50) COLLATE utf8_unicode_ci DEFAULT 'border-top-bottom',
  PRIMARY KEY (`bID`)
) ENGINE=InnoDB DEFAULT CHARSET=utf8 COLLATE=utf8_unicode_ci;
/*!40101 SET character_set_client = @saved_cs_client */;

--
-- Dumping data for table `btthehiveblockquote`
--

LOCK TABLES `btthehiveblockquote` WRITE;
/*!40000 ALTER TABLE `btthehiveblockquote` DISABLE KEYS */;
/*!40000 ALTER TABLE `btthehiveblockquote` ENABLE KEYS */;
UNLOCK TABLES;

--
-- Table structure for table `btthehivebudgeting`
--

DROP TABLE IF EXISTS `btthehivebudgeting`;
/*!40101 SET @saved_cs_client     = @@character_set_client */;
/*!40101 SET character_set_client = utf8 */;
CREATE TABLE `btthehivebudgeting` (
  `bID` int(10) unsigned NOT NULL,
  `ftID` int(10) unsigned DEFAULT NULL,
  `budgetID` int(11) DEFAULT NULL,
  `userAttrSet` int(10) unsigned DEFAULT NULL,
  `blockTitle` varchar(255) COLLATE utf8_unicode_ci DEFAULT NULL,
  `displayActivityTitle` tinyint(1) DEFAULT '1',
  `blockDescription` longtext COLLATE utf8_unicode_ci,
  `displayActivityDescription` tinyint(1) DEFAULT '1',
  `cols` tinyint(1) DEFAULT '1',
  `budgetType` varchar(20) COLLATE utf8_unicode_ci DEFAULT 'Dollars',
  `budgetTotal` int(11) DEFAULT NULL,
  `budgetMinSpend` int(11) DEFAULT NULL,
  `budgetActive` tinyint(1) DEFAULT '1',
  `budgetMultiple` tinyint(1) DEFAULT '1',
  `overrideRegisteredOnly` tinyint(1) DEFAULT '0',
  `registeredOnly` tinyint(1) DEFAULT NULL,
  `dateCreated` datetime NOT NULL DEFAULT '0000-00-00 00:00:00',
  `dateEnd` date DEFAULT NULL,
  `notifications` tinyint(1) DEFAULT '1',
  `overrideNotifications` tinyint(1) DEFAULT '0',
  `notifyOnSubmission` longtext COLLATE utf8_unicode_ci,
  `confirmation` tinyint(1) DEFAULT '0',
  `notificationMessage` longtext COLLATE utf8_unicode_ci,
  `sendModeration` tinyint(1) DEFAULT '0',
  `overrideModerationEmailLists` tinyint(1) DEFAULT '0',
  `moderatorRecipients` longtext COLLATE utf8_unicode_ci,
  `prepostModeration` tinyint(1) DEFAULT NULL,
  `overrideModerationType` tinyint(1) DEFAULT '0',
  `displayVotes` tinyint(1) DEFAULT '0',
  `projectCTALanguage` varchar(255) COLLATE utf8_unicode_ci DEFAULT '',
  PRIMARY KEY (`bID`)
) ENGINE=InnoDB DEFAULT CHARSET=utf8 COLLATE=utf8_unicode_ci;
/*!40101 SET character_set_client = @saved_cs_client */;

--
-- Dumping data for table `btthehivebudgeting`
--

LOCK TABLES `btthehivebudgeting` WRITE;
/*!40000 ALTER TABLE `btthehivebudgeting` DISABLE KEYS */;
/*!40000 ALTER TABLE `btthehivebudgeting` ENABLE KEYS */;
UNLOCK TABLES;

--
-- Table structure for table `btthehivebudgetingprojects`
--

DROP TABLE IF EXISTS `btthehivebudgetingprojects`;
/*!40101 SET @saved_cs_client     = @@character_set_client */;
/*!40101 SET character_set_client = utf8 */;
CREATE TABLE `btthehivebudgetingprojects` (
  `prjID` int(10) unsigned NOT NULL AUTO_INCREMENT,
  `budgetingBlockID` int(10) unsigned NOT NULL,
  `ftID` int(10) unsigned DEFAULT NULL,
  `budgetID` int(10) unsigned DEFAULT NULL,
  `fID` int(10) unsigned DEFAULT '0',
  `prjName` varchar(255) COLLATE utf8_unicode_ci DEFAULT '',
  `prjSubtitle` longtext COLLATE utf8_unicode_ci,
  `prjDescription` longtext COLLATE utf8_unicode_ci,
  `prjCost` int(11) DEFAULT NULL,
  `prjOwner` varchar(255) COLLATE utf8_unicode_ci DEFAULT '',
  `prjCategory` longtext COLLATE utf8_unicode_ci,
  `prjOrder` int(11) DEFAULT NULL,
  `videoUrl` longtext COLLATE utf8_unicode_ci,
  PRIMARY KEY (`prjID`,`budgetingBlockID`),
  KEY `budgetingBlockIDFtID` (`budgetingBlockID`,`ftID`)
) ENGINE=InnoDB DEFAULT CHARSET=utf8 COLLATE=utf8_unicode_ci;
/*!40101 SET character_set_client = @saved_cs_client */;

--
-- Dumping data for table `btthehivebudgetingprojects`
--

LOCK TABLES `btthehivebudgetingprojects` WRITE;
/*!40000 ALTER TABLE `btthehivebudgetingprojects` DISABLE KEYS */;
/*!40000 ALTER TABLE `btthehivebudgetingprojects` ENABLE KEYS */;
UNLOCK TABLES;

--
-- Table structure for table `btthehivebudgetingresults`
--

DROP TABLE IF EXISTS `btthehivebudgetingresults`;
/*!40101 SET @saved_cs_client     = @@character_set_client */;
/*!40101 SET character_set_client = utf8 */;
CREATE TABLE `btthehivebudgetingresults` (
  `budgetResultID` int(10) unsigned NOT NULL AUTO_INCREMENT,
  `budgetResultSetID` int(10) unsigned DEFAULT NULL,
  `ftID` int(10) unsigned DEFAULT NULL,
  `budgetID` int(10) unsigned DEFAULT NULL,
  `prjID` varchar(255) COLLATE utf8_unicode_ci DEFAULT NULL,
  `userID` int(10) unsigned DEFAULT NULL,
  `submitted` datetime NOT NULL DEFAULT '0000-00-00 00:00:00',
  PRIMARY KEY (`budgetResultID`),
  KEY `budgetID` (`budgetID`)
) ENGINE=InnoDB DEFAULT CHARSET=utf8 COLLATE=utf8_unicode_ci;
/*!40101 SET character_set_client = @saved_cs_client */;

--
-- Dumping data for table `btthehivebudgetingresults`
--

LOCK TABLES `btthehivebudgetingresults` WRITE;
/*!40000 ALTER TABLE `btthehivebudgetingresults` DISABLE KEYS */;
/*!40000 ALTER TABLE `btthehivebudgetingresults` ENABLE KEYS */;
UNLOCK TABLES;

--
-- Table structure for table `btthehivebudgetingresultsnew`
--

DROP TABLE IF EXISTS `btthehivebudgetingresultsnew`;
/*!40101 SET @saved_cs_client     = @@character_set_client */;
/*!40101 SET character_set_client = utf8 */;
CREATE TABLE `btthehivebudgetingresultsnew` (
  `budgetResultSetID` int(10) unsigned NOT NULL AUTO_INCREMENT,
  `ftID` int(10) unsigned DEFAULT NULL,
  PRIMARY KEY (`budgetResultSetID`),
  KEY `ftID` (`ftID`)
) ENGINE=InnoDB DEFAULT CHARSET=utf8 COLLATE=utf8_unicode_ci;
/*!40101 SET character_set_client = @saved_cs_client */;

--
-- Dumping data for table `btthehivebudgetingresultsnew`
--

LOCK TABLES `btthehivebudgetingresultsnew` WRITE;
/*!40000 ALTER TABLE `btthehivebudgetingresultsnew` DISABLE KEYS */;
/*!40000 ALTER TABLE `btthehivebudgetingresultsnew` ENABLE KEYS */;
UNLOCK TABLES;

--
-- Table structure for table `btthehivebudgetingresultsprojects`
--

DROP TABLE IF EXISTS `btthehivebudgetingresultsprojects`;
/*!40101 SET @saved_cs_client     = @@character_set_client */;
/*!40101 SET character_set_client = utf8 */;
CREATE TABLE `btthehivebudgetingresultsprojects` (
  `budgetResultSetID` int(10) unsigned NOT NULL,
  `prjID` int(10) unsigned NOT NULL,
  PRIMARY KEY (`budgetResultSetID`,`prjID`)
) ENGINE=InnoDB DEFAULT CHARSET=utf8 COLLATE=utf8_unicode_ci;
/*!40101 SET character_set_client = @saved_cs_client */;

--
-- Dumping data for table `btthehivebudgetingresultsprojects`
--

LOCK TABLES `btthehivebudgetingresultsprojects` WRITE;
/*!40000 ALTER TABLE `btthehivebudgetingresultsprojects` DISABLE KEYS */;
/*!40000 ALTER TABLE `btthehivebudgetingresultsprojects` ENABLE KEYS */;
UNLOCK TABLES;

--
-- Table structure for table `btthehivebudgetingresultsuser`
--

DROP TABLE IF EXISTS `btthehivebudgetingresultsuser`;
/*!40101 SET @saved_cs_client     = @@character_set_client */;
/*!40101 SET character_set_client = utf8 */;
CREATE TABLE `btthehivebudgetingresultsuser` (
  `bruID` int(10) unsigned NOT NULL AUTO_INCREMENT,
  `budgetResultSetID` int(10) unsigned DEFAULT NULL,
  `akHandle` varchar(100) COLLATE utf8_unicode_ci DEFAULT NULL,
  `submission` varchar(500) COLLATE utf8_unicode_ci DEFAULT NULL,
  PRIMARY KEY (`bruID`)
) ENGINE=InnoDB DEFAULT CHARSET=utf8 COLLATE=utf8_unicode_ci;
/*!40101 SET character_set_client = @saved_cs_client */;

--
-- Dumping data for table `btthehivebudgetingresultsuser`
--

LOCK TABLES `btthehivebudgetingresultsuser` WRITE;
/*!40000 ALTER TABLE `btthehivebudgetingresultsuser` DISABLE KEYS */;
/*!40000 ALTER TABLE `btthehivebudgetingresultsuser` ENABLE KEYS */;
UNLOCK TABLES;

--
-- Table structure for table `btthehivebudgetinguserattr`
--

DROP TABLE IF EXISTS `btthehivebudgetinguserattr`;
/*!40101 SET @saved_cs_client     = @@character_set_client */;
/*!40101 SET character_set_client = utf8 */;
CREATE TABLE `btthehivebudgetinguserattr` (
  `userAttrID` int(10) unsigned NOT NULL AUTO_INCREMENT,
  `userAttrSet` int(10) unsigned DEFAULT NULL,
  `akHandle` varchar(100) COLLATE utf8_unicode_ci DEFAULT NULL,
  `required` int(10) unsigned DEFAULT '0',
  PRIMARY KEY (`userAttrID`)
) ENGINE=InnoDB DEFAULT CHARSET=utf8 COLLATE=utf8_unicode_ci;
/*!40101 SET character_set_client = @saved_cs_client */;

--
-- Dumping data for table `btthehivebudgetinguserattr`
--

LOCK TABLES `btthehivebudgetinguserattr` WRITE;
/*!40000 ALTER TABLE `btthehivebudgetinguserattr` DISABLE KEYS */;
/*!40000 ALTER TABLE `btthehivebudgetinguserattr` ENABLE KEYS */;
UNLOCK TABLES;

--
-- Table structure for table `btthehivebutton`
--

DROP TABLE IF EXISTS `btthehivebutton`;
/*!40101 SET @saved_cs_client     = @@character_set_client */;
/*!40101 SET character_set_client = utf8 */;
CREATE TABLE `btthehivebutton` (
  `bID` int(10) unsigned NOT NULL,
  `open_external` int(11) DEFAULT NULL,
  `text` varchar(225) COLLATE utf8_unicode_ci DEFAULT '',
  `link_url` longtext COLLATE utf8_unicode_ci,
  `style` varchar(225) COLLATE utf8_unicode_ci DEFAULT NULL,
  `shape` varchar(225) COLLATE utf8_unicode_ci DEFAULT NULL,
  `fullwidth` tinyint(1) DEFAULT NULL,
  `alignment` varchar(225) COLLATE utf8_unicode_ci DEFAULT NULL,
  PRIMARY KEY (`bID`)
) ENGINE=InnoDB DEFAULT CHARSET=utf8 COLLATE=utf8_unicode_ci;
/*!40101 SET character_set_client = @saved_cs_client */;

--
-- Dumping data for table `btthehivebutton`
--

LOCK TABLES `btthehivebutton` WRITE;
/*!40000 ALTER TABLE `btthehivebutton` DISABLE KEYS */;
/*!40000 ALTER TABLE `btthehivebutton` ENABLE KEYS */;
UNLOCK TABLES;

--
-- Table structure for table `btthehivecalltoaction`
--

DROP TABLE IF EXISTS `btthehivecalltoaction`;
/*!40101 SET @saved_cs_client     = @@character_set_client */;
/*!40101 SET character_set_client = utf8 */;
CREATE TABLE `btthehivecalltoaction` (
  `bID` int(10) unsigned NOT NULL,
  `title` varchar(255) COLLATE utf8_unicode_ci DEFAULT NULL,
  `description` text COLLATE utf8_unicode_ci,
  `textAlignment` varchar(10) COLLATE utf8_unicode_ci DEFAULT NULL,
  `fullWidth` tinyint(1) DEFAULT NULL,
  `height` varchar(20) COLLATE utf8_unicode_ci DEFAULT NULL,
  `blockStyle` varchar(20) COLLATE utf8_unicode_ci DEFAULT NULL,
  `image` int(10) unsigned DEFAULT NULL,
  `enableButtonOne` tinyint(1) DEFAULT NULL,
  `buttonOneName` varchar(200) COLLATE utf8_unicode_ci DEFAULT NULL,
  `buttonOneUrl` varchar(255) COLLATE utf8_unicode_ci DEFAULT NULL,
  `buttonOnePage` varchar(255) COLLATE utf8_unicode_ci DEFAULT NULL,
  `buttonOneFile` varchar(255) COLLATE utf8_unicode_ci DEFAULT NULL,
  `buttonOneExternal` tinyint(1) DEFAULT NULL,
  `buttonOneStyle` varchar(200) COLLATE utf8_unicode_ci DEFAULT NULL,
  `enableButtonTwo` tinyint(1) DEFAULT NULL,
  `buttonTwoName` varchar(200) COLLATE utf8_unicode_ci DEFAULT NULL,
  `buttonTwoUrl` varchar(255) COLLATE utf8_unicode_ci DEFAULT NULL,
  `buttonTwoPage` varchar(255) COLLATE utf8_unicode_ci DEFAULT NULL,
  `buttonTwoFile` varchar(255) COLLATE utf8_unicode_ci DEFAULT NULL,
  `buttonTwoExternal` tinyint(1) DEFAULT NULL,
  `buttonTwoStyle` varchar(200) COLLATE utf8_unicode_ci DEFAULT NULL,
  PRIMARY KEY (`bID`)
) ENGINE=InnoDB DEFAULT CHARSET=utf8 COLLATE=utf8_unicode_ci;
/*!40101 SET character_set_client = @saved_cs_client */;

--
-- Dumping data for table `btthehivecalltoaction`
--

LOCK TABLES `btthehivecalltoaction` WRITE;
/*!40000 ALTER TABLE `btthehivecalltoaction` DISABLE KEYS */;
/*!40000 ALTER TABLE `btthehivecalltoaction` ENABLE KEYS */;
UNLOCK TABLES;

--
-- Table structure for table `btthehivecontactus`
--

DROP TABLE IF EXISTS `btthehivecontactus`;
/*!40101 SET @saved_cs_client     = @@character_set_client */;
/*!40101 SET character_set_client = utf8 */;
CREATE TABLE `btthehivecontactus` (
  `bID` int(10) unsigned NOT NULL,
  `contactus_name` longtext COLLATE utf8_unicode_ci,
  `contactus_phone` longtext COLLATE utf8_unicode_ci,
  `contactus_email` longtext COLLATE utf8_unicode_ci,
  `contactus_inwriting` longtext COLLATE utf8_unicode_ci,
  `contactus_icons` longtext COLLATE utf8_unicode_ci,
  `contactus_alignment` longtext COLLATE utf8_unicode_ci,
  `contactus_labels` varchar(5) COLLATE utf8_unicode_ci DEFAULT NULL,
  `contactus_website` longtext COLLATE utf8_unicode_ci,
  `contactus_email_subject` longtext COLLATE utf8_unicode_ci,
  `contactus_description` longtext COLLATE utf8_unicode_ci,
  `blockTitle` varchar(255) COLLATE utf8_unicode_ci DEFAULT NULL,
  PRIMARY KEY (`bID`)
) ENGINE=InnoDB DEFAULT CHARSET=utf8 COLLATE=utf8_unicode_ci;
/*!40101 SET character_set_client = @saved_cs_client */;

--
-- Dumping data for table `btthehivecontactus`
--

LOCK TABLES `btthehivecontactus` WRITE;
/*!40000 ALTER TABLE `btthehivecontactus` DISABLE KEYS */;
/*!40000 ALTER TABLE `btthehivecontactus` ENABLE KEYS */;
UNLOCK TABLES;

--
-- Table structure for table `btthehivedivider`
--

DROP TABLE IF EXISTS `btthehivedivider`;
/*!40101 SET @saved_cs_client     = @@character_set_client */;
/*!40101 SET character_set_client = utf8 */;
CREATE TABLE `btthehivedivider` (
  `bID` int(10) unsigned NOT NULL,
  `DividerWidth` longtext COLLATE utf8_unicode_ci,
  `DividerThickness` longtext COLLATE utf8_unicode_ci,
  `DividerColour` longtext COLLATE utf8_unicode_ci,
  `SpaceAbove` longtext COLLATE utf8_unicode_ci,
  `SpaceBelow` longtext COLLATE utf8_unicode_ci,
  PRIMARY KEY (`bID`)
) ENGINE=InnoDB DEFAULT CHARSET=utf8 COLLATE=utf8_unicode_ci;
/*!40101 SET character_set_client = @saved_cs_client */;

--
-- Dumping data for table `btthehivedivider`
--

LOCK TABLES `btthehivedivider` WRITE;
/*!40000 ALTER TABLE `btthehivedivider` DISABLE KEYS */;
/*!40000 ALTER TABLE `btthehivedivider` ENABLE KEYS */;
UNLOCK TABLES;

--
-- Table structure for table `btthehivedocumentlibrary`
--

DROP TABLE IF EXISTS `btthehivedocumentlibrary`;
/*!40101 SET @saved_cs_client     = @@character_set_client */;
/*!40101 SET character_set_client = utf8 */;
CREATE TABLE `btthehivedocumentlibrary` (
  `bID` int(10) unsigned NOT NULL,
  `blockTitle` varchar(255) COLLATE utf8_unicode_ci DEFAULT NULL,
  `itemsDisplay` int(11) DEFAULT NULL,
  `showThumbnails` tinyint(1) DEFAULT '1',
  `blockDescription` longtext COLLATE utf8_unicode_ci,
  PRIMARY KEY (`bID`)
) ENGINE=InnoDB DEFAULT CHARSET=utf8 COLLATE=utf8_unicode_ci;
/*!40101 SET character_set_client = @saved_cs_client */;

--
-- Dumping data for table `btthehivedocumentlibrary`
--

LOCK TABLES `btthehivedocumentlibrary` WRITE;
/*!40000 ALTER TABLE `btthehivedocumentlibrary` DISABLE KEYS */;
/*!40000 ALTER TABLE `btthehivedocumentlibrary` ENABLE KEYS */;
UNLOCK TABLES;

--
-- Table structure for table `btthehivedocumentlibrarygroups`
--

DROP TABLE IF EXISTS `btthehivedocumentlibrarygroups`;
/*!40101 SET @saved_cs_client     = @@character_set_client */;
/*!40101 SET character_set_client = utf8 */;
CREATE TABLE `btthehivedocumentlibrarygroups` (
  `groupID` int(10) unsigned NOT NULL AUTO_INCREMENT,
  `docLibraryBlockID` int(10) unsigned DEFAULT NULL,
  `groupHeading` varchar(255) COLLATE utf8_unicode_ci DEFAULT NULL,
  `groupDescription` longtext COLLATE utf8_unicode_ci,
  `groupOrder` int(11) DEFAULT NULL,
  PRIMARY KEY (`groupID`),
  KEY `docLibraryBlockID` (`docLibraryBlockID`)
) ENGINE=InnoDB DEFAULT CHARSET=utf8 COLLATE=utf8_unicode_ci;
/*!40101 SET character_set_client = @saved_cs_client */;

--
-- Dumping data for table `btthehivedocumentlibrarygroups`
--

LOCK TABLES `btthehivedocumentlibrarygroups` WRITE;
/*!40000 ALTER TABLE `btthehivedocumentlibrarygroups` DISABLE KEYS */;
/*!40000 ALTER TABLE `btthehivedocumentlibrarygroups` ENABLE KEYS */;
UNLOCK TABLES;

--
-- Table structure for table `btthehivedocumentlibraryitems`
--

DROP TABLE IF EXISTS `btthehivedocumentlibraryitems`;
/*!40101 SET @saved_cs_client     = @@character_set_client */;
/*!40101 SET character_set_client = utf8 */;
CREATE TABLE `btthehivedocumentlibraryitems` (
  `docID` int(10) unsigned NOT NULL AUTO_INCREMENT,
  `docLibraryBlockID` int(10) unsigned DEFAULT NULL,
  `groupID` int(10) unsigned DEFAULT '0',
  `fID` int(10) unsigned DEFAULT '0',
  `docTitle` varchar(255) COLLATE utf8_unicode_ci DEFAULT NULL,
  `docDescription` longtext COLLATE utf8_unicode_ci,
  `docOrder` int(11) DEFAULT NULL,
  `newTab` tinyint(1) DEFAULT '0',
  PRIMARY KEY (`docID`),
  KEY `groupID_docLibraryBlockID` (`groupID`,`docLibraryBlockID`)
) ENGINE=InnoDB DEFAULT CHARSET=utf8 COLLATE=utf8_unicode_ci;
/*!40101 SET character_set_client = @saved_cs_client */;

--
-- Dumping data for table `btthehivedocumentlibraryitems`
--

LOCK TABLES `btthehivedocumentlibraryitems` WRITE;
/*!40000 ALTER TABLE `btthehivedocumentlibraryitems` DISABLE KEYS */;
/*!40000 ALTER TABLE `btthehivedocumentlibraryitems` ENABLE KEYS */;
UNLOCK TABLES;

--
-- Table structure for table `btthehiveeventsfeed`
--

DROP TABLE IF EXISTS `btthehiveeventsfeed`;
/*!40101 SET @saved_cs_client     = @@character_set_client */;
/*!40101 SET character_set_client = utf8 */;
CREATE TABLE `btthehiveeventsfeed` (
  `bID` int(10) unsigned NOT NULL,
  `title` longtext COLLATE utf8_unicode_ci,
  `description` longtext COLLATE utf8_unicode_ci,
  `showThumbnail` tinyint(1) DEFAULT NULL,
  `projectFilter` int(11) DEFAULT NULL,
  `projectGroupFilter` varchar(100) COLLATE utf8_unicode_ci DEFAULT NULL,
  `projectStatusFilter` varchar(100) COLLATE utf8_unicode_ci DEFAULT NULL,
  `projectTypeFilter` varchar(100) COLLATE utf8_unicode_ci DEFAULT NULL,
  `startDateFilter` datetime DEFAULT NULL,
  `endDateFilter` datetime DEFAULT NULL,
  `sorting` smallint(6) DEFAULT NULL,
  `displayType` varchar(8) COLLATE utf8_unicode_ci DEFAULT NULL,
  `itemsDisplay` smallint(6) DEFAULT NULL,
  PRIMARY KEY (`bID`)
) ENGINE=InnoDB DEFAULT CHARSET=utf8 COLLATE=utf8_unicode_ci;
/*!40101 SET character_set_client = @saved_cs_client */;

--
-- Dumping data for table `btthehiveeventsfeed`
--

LOCK TABLES `btthehiveeventsfeed` WRITE;
/*!40000 ALTER TABLE `btthehiveeventsfeed` DISABLE KEYS */;
/*!40000 ALTER TABLE `btthehiveeventsfeed` ENABLE KEYS */;
UNLOCK TABLES;

--
-- Table structure for table `btthehivefactitems`
--

DROP TABLE IF EXISTS `btthehivefactitems`;
/*!40101 SET @saved_cs_client     = @@character_set_client */;
/*!40101 SET character_set_client = utf8 */;
CREATE TABLE `btthehivefactitems` (
  `factId` int(10) unsigned NOT NULL AUTO_INCREMENT,
  `factsBlockID` int(10) unsigned DEFAULT NULL,
  `fact` varchar(255) COLLATE utf8_unicode_ci DEFAULT NULL,
  `source` varchar(512) COLLATE utf8_unicode_ci DEFAULT NULL,
  `color` varchar(10) COLLATE utf8_unicode_ci DEFAULT NULL,
  `order` tinyint(1) DEFAULT NULL,
  PRIMARY KEY (`factId`),
  KEY `factsBlockID` (`factsBlockID`)
) ENGINE=InnoDB DEFAULT CHARSET=utf8 COLLATE=utf8_unicode_ci;
/*!40101 SET character_set_client = @saved_cs_client */;

--
-- Dumping data for table `btthehivefactitems`
--

LOCK TABLES `btthehivefactitems` WRITE;
/*!40000 ALTER TABLE `btthehivefactitems` DISABLE KEYS */;
/*!40000 ALTER TABLE `btthehivefactitems` ENABLE KEYS */;
UNLOCK TABLES;

--
-- Table structure for table `btthehivefacts`
--

DROP TABLE IF EXISTS `btthehivefacts`;
/*!40101 SET @saved_cs_client     = @@character_set_client */;
/*!40101 SET character_set_client = utf8 */;
CREATE TABLE `btthehivefacts` (
  `bID` int(10) unsigned NOT NULL,
  `blockTitle` varchar(255) COLLATE utf8_unicode_ci DEFAULT NULL,
  `blockDescription` longtext COLLATE utf8_unicode_ci,
  `enableProgressiveLoading` int(11) DEFAULT '0',
  `factsCount` int(11) DEFAULT NULL,
  PRIMARY KEY (`bID`)
) ENGINE=InnoDB DEFAULT CHARSET=utf8 COLLATE=utf8_unicode_ci;
/*!40101 SET character_set_client = @saved_cs_client */;

--
-- Dumping data for table `btthehivefacts`
--

LOCK TABLES `btthehivefacts` WRITE;
/*!40000 ALTER TABLE `btthehivefacts` DISABLE KEYS */;
/*!40000 ALTER TABLE `btthehivefacts` ENABLE KEYS */;
UNLOCK TABLES;

--
-- Table structure for table `btthehivefaq`
--

DROP TABLE IF EXISTS `btthehivefaq`;
/*!40101 SET @saved_cs_client     = @@character_set_client */;
/*!40101 SET character_set_client = utf8 */;
CREATE TABLE `btthehivefaq` (
  `bID` int(10) unsigned NOT NULL,
  `blockTitle` varchar(255) COLLATE utf8_unicode_ci DEFAULT NULL,
  `blockDescription` longtext COLLATE utf8_unicode_ci,
  `itemsDisplay` int(11) DEFAULT NULL,
  PRIMARY KEY (`bID`)
) ENGINE=InnoDB DEFAULT CHARSET=utf8 COLLATE=utf8_unicode_ci;
/*!40101 SET character_set_client = @saved_cs_client */;

--
-- Dumping data for table `btthehivefaq`
--

LOCK TABLES `btthehivefaq` WRITE;
/*!40000 ALTER TABLE `btthehivefaq` DISABLE KEYS */;
/*!40000 ALTER TABLE `btthehivefaq` ENABLE KEYS */;
UNLOCK TABLES;

--
-- Table structure for table `btthehivefaqgroups`
--

DROP TABLE IF EXISTS `btthehivefaqgroups`;
/*!40101 SET @saved_cs_client     = @@character_set_client */;
/*!40101 SET character_set_client = utf8 */;
CREATE TABLE `btthehivefaqgroups` (
  `groupID` int(10) unsigned NOT NULL AUTO_INCREMENT,
  `faqBlockID` int(10) unsigned DEFAULT NULL,
  `groupHeading` varchar(255) COLLATE utf8_unicode_ci DEFAULT NULL,
  `groupDescription` longtext COLLATE utf8_unicode_ci,
  `groupOrder` int(11) DEFAULT NULL,
  PRIMARY KEY (`groupID`),
  KEY `faqBlockID` (`faqBlockID`)
) ENGINE=InnoDB DEFAULT CHARSET=utf8 COLLATE=utf8_unicode_ci;
/*!40101 SET character_set_client = @saved_cs_client */;

--
-- Dumping data for table `btthehivefaqgroups`
--

LOCK TABLES `btthehivefaqgroups` WRITE;
/*!40000 ALTER TABLE `btthehivefaqgroups` DISABLE KEYS */;
/*!40000 ALTER TABLE `btthehivefaqgroups` ENABLE KEYS */;
UNLOCK TABLES;

--
-- Table structure for table `btthehivefaqitems`
--

DROP TABLE IF EXISTS `btthehivefaqitems`;
/*!40101 SET @saved_cs_client     = @@character_set_client */;
/*!40101 SET character_set_client = utf8 */;
CREATE TABLE `btthehivefaqitems` (
  `faqID` int(10) unsigned NOT NULL AUTO_INCREMENT,
  `faqBlockID` int(10) unsigned DEFAULT NULL,
  `groupID` int(10) unsigned DEFAULT '0',
  `faqQuestion` varchar(255) COLLATE utf8_unicode_ci DEFAULT NULL,
  `faqAnswer` longtext COLLATE utf8_unicode_ci,
  `faqOrder` int(11) DEFAULT NULL,
  PRIMARY KEY (`faqID`),
  KEY `groupID_faqBlockID` (`groupID`,`faqBlockID`)
) ENGINE=InnoDB DEFAULT CHARSET=utf8 COLLATE=utf8_unicode_ci;
/*!40101 SET character_set_client = @saved_cs_client */;

--
-- Dumping data for table `btthehivefaqitems`
--

LOCK TABLES `btthehivefaqitems` WRITE;
/*!40000 ALTER TABLE `btthehivefaqitems` DISABLE KEYS */;
/*!40000 ALTER TABLE `btthehivefaqitems` ENABLE KEYS */;
UNLOCK TABLES;

--
-- Table structure for table `btthehivefeaturegrid`
--

DROP TABLE IF EXISTS `btthehivefeaturegrid`;
/*!40101 SET @saved_cs_client     = @@character_set_client */;
/*!40101 SET character_set_client = utf8 */;
CREATE TABLE `btthehivefeaturegrid` (
  `bID` int(10) unsigned NOT NULL,
  `blockTitle` varchar(255) COLLATE utf8_unicode_ci DEFAULT NULL,
  `blockDescription` longtext COLLATE utf8_unicode_ci,
  `marginTop` tinyint(1) NOT NULL DEFAULT '0',
  `marginBottom` tinyint(1) NOT NULL DEFAULT '0',
  `marginLeft` tinyint(1) NOT NULL DEFAULT '0',
  `marginRight` tinyint(1) NOT NULL DEFAULT '0',
  `columns` int(10) unsigned NOT NULL DEFAULT '3',
  PRIMARY KEY (`bID`)
) ENGINE=InnoDB DEFAULT CHARSET=utf8 COLLATE=utf8_unicode_ci;
/*!40101 SET character_set_client = @saved_cs_client */;

--
-- Dumping data for table `btthehivefeaturegrid`
--

LOCK TABLES `btthehivefeaturegrid` WRITE;
/*!40000 ALTER TABLE `btthehivefeaturegrid` DISABLE KEYS */;
/*!40000 ALTER TABLE `btthehivefeaturegrid` ENABLE KEYS */;
UNLOCK TABLES;

--
-- Table structure for table `btthehivefeaturegriditems`
--

DROP TABLE IF EXISTS `btthehivefeaturegriditems`;
/*!40101 SET @saved_cs_client     = @@character_set_client */;
/*!40101 SET character_set_client = utf8 */;
CREATE TABLE `btthehivefeaturegriditems` (
  `itemID` int(10) unsigned NOT NULL AUTO_INCREMENT,
  `featuregridBlockID` int(10) unsigned DEFAULT NULL,
  `itemFID` int(10) unsigned DEFAULT '0',
  `itemAltText` varchar(255) COLLATE utf8_unicode_ci DEFAULT NULL,
  `itemTitle` varchar(255) COLLATE utf8_unicode_ci DEFAULT NULL,
  `itemDescription` longtext COLLATE utf8_unicode_ci,
  `itemURL` longtext COLLATE utf8_unicode_ci,
  `itemActionText` varchar(255) COLLATE utf8_unicode_ci DEFAULT NULL,
  `itemOrder` int(11) DEFAULT NULL,
  PRIMARY KEY (`itemID`),
  KEY `featuregridBlockID` (`featuregridBlockID`)
) ENGINE=InnoDB DEFAULT CHARSET=utf8 COLLATE=utf8_unicode_ci;
/*!40101 SET character_set_client = @saved_cs_client */;

--
-- Dumping data for table `btthehivefeaturegriditems`
--

LOCK TABLES `btthehivefeaturegriditems` WRITE;
/*!40000 ALTER TABLE `btthehivefeaturegriditems` DISABLE KEYS */;
/*!40000 ALTER TABLE `btthehivefeaturegriditems` ENABLE KEYS */;
UNLOCK TABLES;

--
-- Table structure for table `btthehiveflexicontent`
--

DROP TABLE IF EXISTS `btthehiveflexicontent`;
/*!40101 SET @saved_cs_client     = @@character_set_client */;
/*!40101 SET character_set_client = utf8 */;
CREATE TABLE `btthehiveflexicontent` (
  `bID` int(10) unsigned NOT NULL,
  `title` longtext COLLATE utf8_unicode_ci,
  `content` longtext COLLATE utf8_unicode_ci,
  `marginTop` smallint(6) DEFAULT '0',
  `marginBottom` smallint(6) DEFAULT '0',
  `marginLeft` smallint(6) DEFAULT '0',
  `marginRight` smallint(6) DEFAULT '0',
  PRIMARY KEY (`bID`)
) ENGINE=InnoDB DEFAULT CHARSET=utf8 COLLATE=utf8_unicode_ci;
/*!40101 SET character_set_client = @saved_cs_client */;

--
-- Dumping data for table `btthehiveflexicontent`
--

LOCK TABLES `btthehiveflexicontent` WRITE;
/*!40000 ALTER TABLE `btthehiveflexicontent` DISABLE KEYS */;
/*!40000 ALTER TABLE `btthehiveflexicontent` ENABLE KEYS */;
UNLOCK TABLES;

--
-- Table structure for table `btthehiveforum`
--

DROP TABLE IF EXISTS `btthehiveforum`;
/*!40101 SET @saved_cs_client     = @@character_set_client */;
/*!40101 SET character_set_client = utf8 */;
CREATE TABLE `btthehiveforum` (
  `bID` int(10) unsigned NOT NULL,
  `forumActive` tinyint(1) DEFAULT '1',
  `forumQuestion` longtext COLLATE utf8_unicode_ci,
  `forumDescription` longtext COLLATE utf8_unicode_ci,
  `cID` int(10) unsigned DEFAULT NULL,
  `cnvID` int(11) DEFAULT NULL,
  `parentPageID` int(10) unsigned DEFAULT NULL,
  `dateCreated` datetime NOT NULL DEFAULT '0000-00-00 00:00:00',
  `overrideRegisteredOnly` tinyint(1) DEFAULT '0',
  `registeredOnly` tinyint(1) DEFAULT '0',
  `ftID` int(10) unsigned DEFAULT NULL,
  `cnvFtID` int(10) unsigned DEFAULT NULL,
  `displayActivityDescription` tinyint(1) DEFAULT '1',
  PRIMARY KEY (`bID`)
) ENGINE=InnoDB DEFAULT CHARSET=utf8 COLLATE=utf8_unicode_ci;
/*!40101 SET character_set_client = @saved_cs_client */;

--
-- Dumping data for table `btthehiveforum`
--

LOCK TABLES `btthehiveforum` WRITE;
/*!40000 ALTER TABLE `btthehiveforum` DISABLE KEYS */;
/*!40000 ALTER TABLE `btthehiveforum` ENABLE KEYS */;
UNLOCK TABLES;

--
-- Table structure for table `btthehiveforumstatistics`
--

DROP TABLE IF EXISTS `btthehiveforumstatistics`;
/*!40101 SET @saved_cs_client     = @@character_set_client */;
/*!40101 SET character_set_client = utf8 */;
CREATE TABLE `btthehiveforumstatistics` (
  `cID` int(10) unsigned NOT NULL,
  `pageviews` int(10) unsigned NOT NULL DEFAULT '0',
  PRIMARY KEY (`cID`)
) ENGINE=InnoDB DEFAULT CHARSET=utf8 COLLATE=utf8_unicode_ci;
/*!40101 SET character_set_client = @saved_cs_client */;

--
-- Dumping data for table `btthehiveforumstatistics`
--

LOCK TABLES `btthehiveforumstatistics` WRITE;
/*!40000 ALTER TABLE `btthehiveforumstatistics` DISABLE KEYS */;
/*!40000 ALTER TABLE `btthehiveforumstatistics` ENABLE KEYS */;
UNLOCK TABLES;

--
-- Table structure for table `btthehiveheading`
--

DROP TABLE IF EXISTS `btthehiveheading`;
/*!40101 SET @saved_cs_client     = @@character_set_client */;
/*!40101 SET character_set_client = utf8 */;
CREATE TABLE `btthehiveheading` (
  `bID` int(10) unsigned NOT NULL,
  `theHiveHeading` longtext COLLATE utf8_unicode_ci,
  `headingSize` longtext COLLATE utf8_unicode_ci,
  `headingAlignment` longtext COLLATE utf8_unicode_ci,
  PRIMARY KEY (`bID`)
) ENGINE=InnoDB DEFAULT CHARSET=utf8 COLLATE=utf8_unicode_ci;
/*!40101 SET character_set_client = @saved_cs_client */;

--
-- Dumping data for table `btthehiveheading`
--

LOCK TABLES `btthehiveheading` WRITE;
/*!40000 ALTER TABLE `btthehiveheading` DISABLE KEYS */;
/*!40000 ALTER TABLE `btthehiveheading` ENABLE KEYS */;
UNLOCK TABLES;

--
-- Table structure for table `btthehivehotspot`
--

DROP TABLE IF EXISTS `btthehivehotspot`;
/*!40101 SET @saved_cs_client     = @@character_set_client */;
/*!40101 SET character_set_client = utf8 */;
CREATE TABLE `btthehivehotspot` (
  `bID` int(10) unsigned NOT NULL,
  `blockTitle` varchar(255) COLLATE utf8_unicode_ci DEFAULT NULL,
  `blockDescription` longtext COLLATE utf8_unicode_ci,
  `bgFID` int(10) unsigned DEFAULT '0',
  `bgAlt` varchar(255) COLLATE utf8_unicode_ci DEFAULT NULL,
  `theme` varchar(20) COLLATE utf8_unicode_ci DEFAULT 'dark',
  `animated` tinyint(1) DEFAULT '1',
  `shared` tinyint(1) DEFAULT '0',
  `embedded` tinyint(1) DEFAULT '0',
  `embedToken` varchar(50) COLLATE utf8_unicode_ci NOT NULL,
  PRIMARY KEY (`bID`)
) ENGINE=InnoDB DEFAULT CHARSET=utf8 COLLATE=utf8_unicode_ci;
/*!40101 SET character_set_client = @saved_cs_client */;

--
-- Dumping data for table `btthehivehotspot`
--

LOCK TABLES `btthehivehotspot` WRITE;
/*!40000 ALTER TABLE `btthehivehotspot` DISABLE KEYS */;
/*!40000 ALTER TABLE `btthehivehotspot` ENABLE KEYS */;
UNLOCK TABLES;

--
-- Table structure for table `btthehivehotspotitemmedia`
--

DROP TABLE IF EXISTS `btthehivehotspotitemmedia`;
/*!40101 SET @saved_cs_client     = @@character_set_client */;
/*!40101 SET character_set_client = utf8 */;
CREATE TABLE `btthehivehotspotitemmedia` (
  `id` int(10) unsigned NOT NULL AUTO_INCREMENT,
  `hotspotID` int(10) unsigned NOT NULL,
  `fID` int(10) unsigned DEFAULT NULL,
  `videoUrl` longtext COLLATE utf8_unicode_ci,
  `thumbnail` longtext COLLATE utf8_unicode_ci,
  `altText` varchar(255) COLLATE utf8_unicode_ci DEFAULT NULL,
  `credit` varchar(255) COLLATE utf8_unicode_ci DEFAULT NULL,
  `displayOrder` int(10) unsigned DEFAULT NULL,
  PRIMARY KEY (`id`),
  KEY `HotspotItemID` (`hotspotID`),
  CONSTRAINT `FK_DE0956548DB881` FOREIGN KEY (`hotspotID`) REFERENCES `btthehivehotspotitems` (`id`) ON DELETE CASCADE ON UPDATE CASCADE
) ENGINE=InnoDB DEFAULT CHARSET=utf8 COLLATE=utf8_unicode_ci;
/*!40101 SET character_set_client = @saved_cs_client */;

--
-- Dumping data for table `btthehivehotspotitemmedia`
--

LOCK TABLES `btthehivehotspotitemmedia` WRITE;
/*!40000 ALTER TABLE `btthehivehotspotitemmedia` DISABLE KEYS */;
/*!40000 ALTER TABLE `btthehivehotspotitemmedia` ENABLE KEYS */;
UNLOCK TABLES;

--
-- Table structure for table `btthehivehotspotitems`
--

DROP TABLE IF EXISTS `btthehivehotspotitems`;
/*!40101 SET @saved_cs_client     = @@character_set_client */;
/*!40101 SET character_set_client = utf8 */;
CREATE TABLE `btthehivehotspotitems` (
  `id` int(10) unsigned NOT NULL AUTO_INCREMENT,
  `bID` int(10) unsigned NOT NULL,
  `title` varchar(255) COLLATE utf8_unicode_ci DEFAULT NULL,
  `description` longtext COLLATE utf8_unicode_ci,
  `ctaText` varchar(255) COLLATE utf8_unicode_ci DEFAULT NULL,
  `ctaLink` longtext COLLATE utf8_unicode_ci,
  `posX` double DEFAULT NULL,
  `posY` double DEFAULT NULL,
  `size` varchar(10) COLLATE utf8_unicode_ci DEFAULT NULL,
  `color` varchar(30) COLLATE utf8_unicode_ci DEFAULT NULL,
  `icon` varchar(255) COLLATE utf8_unicode_ci DEFAULT NULL,
  `iconColor` varchar(10) COLLATE utf8_unicode_ci DEFAULT NULL,
  PRIMARY KEY (`id`),
  KEY `HotspotBlockID` (`bID`)
) ENGINE=InnoDB DEFAULT CHARSET=utf8 COLLATE=utf8_unicode_ci;
/*!40101 SET character_set_client = @saved_cs_client */;

--
-- Dumping data for table `btthehivehotspotitems`
--

LOCK TABLES `btthehivehotspotitems` WRITE;
/*!40000 ALTER TABLE `btthehivehotspotitems` DISABLE KEYS */;
/*!40000 ALTER TABLE `btthehivehotspotitems` ENABLE KEYS */;
UNLOCK TABLES;

--
-- Table structure for table `btthehiveimage`
--

DROP TABLE IF EXISTS `btthehiveimage`;
/*!40101 SET @saved_cs_client     = @@character_set_client */;
/*!40101 SET character_set_client = utf8 */;
CREATE TABLE `btthehiveimage` (
  `bID` int(10) unsigned NOT NULL,
  `blockTitle` varchar(255) COLLATE utf8_unicode_ci DEFAULT '',
  `blockDescription` longtext COLLATE utf8_unicode_ci,
  `blockDescriptionPosition` varchar(10) COLLATE utf8_unicode_ci DEFAULT NULL,
  `fID` int(10) unsigned DEFAULT '0',
  `altText` varchar(255) COLLATE utf8_unicode_ci DEFAULT NULL,
  `enableLightbox` tinyint(1) DEFAULT '0',
  `ImageSize` longtext COLLATE utf8_unicode_ci,
  `ImageAlignment` longtext COLLATE utf8_unicode_ci,
  `ImageStyle` longtext COLLATE utf8_unicode_ci,
  PRIMARY KEY (`bID`)
) ENGINE=InnoDB DEFAULT CHARSET=utf8 COLLATE=utf8_unicode_ci;
/*!40101 SET character_set_client = @saved_cs_client */;

--
-- Dumping data for table `btthehiveimage`
--

LOCK TABLES `btthehiveimage` WRITE;
/*!40000 ALTER TABLE `btthehiveimage` DISABLE KEYS */;
/*!40000 ALTER TABLE `btthehiveimage` ENABLE KEYS */;
UNLOCK TABLES;

--
-- Table structure for table `btthehiveimagebanner`
--

DROP TABLE IF EXISTS `btthehiveimagebanner`;
/*!40101 SET @saved_cs_client     = @@character_set_client */;
/*!40101 SET character_set_client = utf8 */;
CREATE TABLE `btthehiveimagebanner` (
  `bID` int(10) unsigned NOT NULL,
  `fID` int(10) unsigned DEFAULT '0',
  `bannerTitle` longtext COLLATE utf8_unicode_ci,
  `bannerDescription` longtext COLLATE utf8_unicode_ci,
  `bannerHeight` longtext COLLATE utf8_unicode_ci,
  `bannerTemplate` varchar(20) COLLATE utf8_unicode_ci DEFAULT '',
  `bannerImgPosY` varchar(10) COLLATE utf8_unicode_ci DEFAULT '',
  `bannerImgPosX` varchar(10) COLLATE utf8_unicode_ci DEFAULT '',
  PRIMARY KEY (`bID`)
) ENGINE=InnoDB DEFAULT CHARSET=utf8 COLLATE=utf8_unicode_ci;
/*!40101 SET character_set_client = @saved_cs_client */;

--
-- Dumping data for table `btthehiveimagebanner`
--

LOCK TABLES `btthehiveimagebanner` WRITE;
/*!40000 ALTER TABLE `btthehiveimagebanner` DISABLE KEYS */;
INSERT INTO `btthehiveimagebanner` VALUES (41,0,'','','400','overlaycentre','',''),(42,0,'','','400','overlaycentre','',''),(43,0,'','','400','overlaycentre','',''),(45,0,'','','400','overlaycentre','',''),(46,0,'','','400','overlaycentre','',''),(186,0,'','','medium','standard','',''),(187,0,'','','medium','standard','',''),(188,0,'','','medium','standard','','');
/*!40000 ALTER TABLE `btthehiveimagebanner` ENABLE KEYS */;
UNLOCK TABLES;

--
-- Table structure for table `btthehiveimagegallery`
--

DROP TABLE IF EXISTS `btthehiveimagegallery`;
/*!40101 SET @saved_cs_client     = @@character_set_client */;
/*!40101 SET character_set_client = utf8 */;
CREATE TABLE `btthehiveimagegallery` (
  `bID` int(10) unsigned NOT NULL,
  `blockTitle` varchar(255) COLLATE utf8_unicode_ci DEFAULT NULL,
  `blockDescription` longtext COLLATE utf8_unicode_ci,
  `columns` tinyint(1) DEFAULT NULL,
  `imageRatio` varchar(10) COLLATE utf8_unicode_ci DEFAULT NULL,
  `enableLightbox` tinyint(1) DEFAULT NULL,
  `displayCaptions` tinyint(1) DEFAULT NULL,
  `thumbnailCaptions` varchar(10) COLLATE utf8_unicode_ci DEFAULT NULL,
  `enableCaptions` tinyint(1) DEFAULT NULL,
  `blockStyle` varchar(255) COLLATE utf8_unicode_ci DEFAULT NULL,
  PRIMARY KEY (`bID`)
) ENGINE=InnoDB DEFAULT CHARSET=utf8 COLLATE=utf8_unicode_ci;
/*!40101 SET character_set_client = @saved_cs_client */;

--
-- Dumping data for table `btthehiveimagegallery`
--

LOCK TABLES `btthehiveimagegallery` WRITE;
/*!40000 ALTER TABLE `btthehiveimagegallery` DISABLE KEYS */;
/*!40000 ALTER TABLE `btthehiveimagegallery` ENABLE KEYS */;
UNLOCK TABLES;

--
-- Table structure for table `btthehiveimagegalleryitems`
--

DROP TABLE IF EXISTS `btthehiveimagegalleryitems`;
/*!40101 SET @saved_cs_client     = @@character_set_client */;
/*!40101 SET character_set_client = utf8 */;
CREATE TABLE `btthehiveimagegalleryitems` (
  `imageID` int(10) unsigned NOT NULL AUTO_INCREMENT,
  `imageGalleryBlockID` int(10) unsigned DEFAULT NULL,
  `fID` int(10) unsigned DEFAULT '0',
  `imageDescription` longtext COLLATE utf8_unicode_ci,
  `imageOrder` int(11) DEFAULT NULL,
  `imageAltDescription` longtext COLLATE utf8_unicode_ci,
  `videoUrl` longtext COLLATE utf8_unicode_ci,
  PRIMARY KEY (`imageID`),
  KEY `imageGalleryBlockID` (`imageGalleryBlockID`)
) ENGINE=InnoDB DEFAULT CHARSET=utf8 COLLATE=utf8_unicode_ci;
/*!40101 SET character_set_client = @saved_cs_client */;

--
-- Dumping data for table `btthehiveimagegalleryitems`
--

LOCK TABLES `btthehiveimagegalleryitems` WRITE;
/*!40000 ALTER TABLE `btthehiveimagegalleryitems` DISABLE KEYS */;
/*!40000 ALTER TABLE `btthehiveimagegalleryitems` ENABLE KEYS */;
UNLOCK TABLES;

--
-- Table structure for table `btthehiveimageslider`
--

DROP TABLE IF EXISTS `btthehiveimageslider`;
/*!40101 SET @saved_cs_client     = @@character_set_client */;
/*!40101 SET character_set_client = utf8 */;
CREATE TABLE `btthehiveimageslider` (
  `bID` int(10) unsigned NOT NULL,
  `blockTitle` varchar(255) COLLATE utf8_unicode_ci DEFAULT NULL,
  `blockDescription` longtext COLLATE utf8_unicode_ci,
  `sliderSize` tinyint(1) DEFAULT NULL,
  `layout` varchar(10) COLLATE utf8_unicode_ci DEFAULT NULL,
  `textAlignment` varchar(10) COLLATE utf8_unicode_ci DEFAULT 'center',
  PRIMARY KEY (`bID`)
) ENGINE=InnoDB DEFAULT CHARSET=utf8 COLLATE=utf8_unicode_ci;
/*!40101 SET character_set_client = @saved_cs_client */;

--
-- Dumping data for table `btthehiveimageslider`
--

LOCK TABLES `btthehiveimageslider` WRITE;
/*!40000 ALTER TABLE `btthehiveimageslider` DISABLE KEYS */;
/*!40000 ALTER TABLE `btthehiveimageslider` ENABLE KEYS */;
UNLOCK TABLES;

--
-- Table structure for table `btthehiveimageslideritems`
--

DROP TABLE IF EXISTS `btthehiveimageslideritems`;
/*!40101 SET @saved_cs_client     = @@character_set_client */;
/*!40101 SET character_set_client = utf8 */;
CREATE TABLE `btthehiveimageslideritems` (
  `imageID` int(10) unsigned NOT NULL AUTO_INCREMENT,
  `imageSliderBlockID` int(10) unsigned DEFAULT NULL,
  `fID` int(10) unsigned DEFAULT '0',
  `imageTitle` longtext COLLATE utf8_unicode_ci,
  `imageDescription` longtext COLLATE utf8_unicode_ci,
  `imageOrder` int(11) DEFAULT NULL,
  `buttonText` varchar(255) COLLATE utf8_unicode_ci DEFAULT NULL,
  `buttonLink` longtext COLLATE utf8_unicode_ci,
  `imageAltText` longtext COLLATE utf8_unicode_ci,
  PRIMARY KEY (`imageID`),
  KEY `imageSliderBlockID` (`imageSliderBlockID`)
) ENGINE=InnoDB DEFAULT CHARSET=utf8 COLLATE=utf8_unicode_ci;
/*!40101 SET character_set_client = @saved_cs_client */;

--
-- Dumping data for table `btthehiveimageslideritems`
--

LOCK TABLES `btthehiveimageslideritems` WRITE;
/*!40000 ALTER TABLE `btthehiveimageslideritems` DISABLE KEYS */;
/*!40000 ALTER TABLE `btthehiveimageslideritems` ENABLE KEYS */;
UNLOCK TABLES;

--
-- Table structure for table `btthehiveinstafeed`
--

DROP TABLE IF EXISTS `btthehiveinstafeed`;
/*!40101 SET @saved_cs_client     = @@character_set_client */;
/*!40101 SET character_set_client = utf8 */;
CREATE TABLE `btthehiveinstafeed` (
  `bID` int(10) unsigned NOT NULL,
  `blockTitle` varchar(255) COLLATE utf8_unicode_ci DEFAULT NULL,
  `blockDescription` longtext COLLATE utf8_unicode_ci,
  `feedType` varchar(50) COLLATE utf8_unicode_ci DEFAULT NULL,
  `userAccount` varchar(50) COLLATE utf8_unicode_ci DEFAULT NULL,
  `tag` varchar(50) COLLATE utf8_unicode_ci DEFAULT NULL,
  `location` varchar(50) COLLATE utf8_unicode_ci DEFAULT NULL,
  `locationName` varchar(255) COLLATE utf8_unicode_ci DEFAULT NULL,
  `displayFeedType` tinyint(1) DEFAULT NULL,
  `alignment` varchar(50) COLLATE utf8_unicode_ci DEFAULT NULL,
  `spacing` varchar(50) COLLATE utf8_unicode_ci DEFAULT NULL,
  `displayInstagramIcon` tinyint(1) DEFAULT NULL,
  `columns` int(11) DEFAULT NULL,
  `postLimit` int(11) DEFAULT NULL,
  `sortBy` varchar(20) COLLATE utf8_unicode_ci DEFAULT NULL,
  PRIMARY KEY (`bID`)
) ENGINE=InnoDB DEFAULT CHARSET=utf8 COLLATE=utf8_unicode_ci;
/*!40101 SET character_set_client = @saved_cs_client */;

--
-- Dumping data for table `btthehiveinstafeed`
--

LOCK TABLES `btthehiveinstafeed` WRITE;
/*!40000 ALTER TABLE `btthehiveinstafeed` DISABLE KEYS */;
/*!40000 ALTER TABLE `btthehiveinstafeed` ENABLE KEYS */;
UNLOCK TABLES;

--
-- Table structure for table `btthehiveinstafeedusers`
--

DROP TABLE IF EXISTS `btthehiveinstafeedusers`;
/*!40101 SET @saved_cs_client     = @@character_set_client */;
/*!40101 SET character_set_client = utf8 */;
CREATE TABLE `btthehiveinstafeedusers` (
  `uID` varchar(50) COLLATE utf8_unicode_ci NOT NULL,
  `uUsername` varchar(100) COLLATE utf8_unicode_ci DEFAULT NULL,
  `uAccessToken` longtext COLLATE utf8_unicode_ci,
  PRIMARY KEY (`uID`)
) ENGINE=InnoDB DEFAULT CHARSET=utf8 COLLATE=utf8_unicode_ci;
/*!40101 SET character_set_client = @saved_cs_client */;

--
-- Dumping data for table `btthehiveinstafeedusers`
--

LOCK TABLES `btthehiveinstafeedusers` WRITE;
/*!40000 ALTER TABLE `btthehiveinstafeedusers` DISABLE KEYS */;
/*!40000 ALTER TABLE `btthehiveinstafeedusers` ENABLE KEYS */;
UNLOCK TABLES;

--
-- Table structure for table `btthehivekeydates`
--

DROP TABLE IF EXISTS `btthehivekeydates`;
/*!40101 SET @saved_cs_client     = @@character_set_client */;
/*!40101 SET character_set_client = utf8 */;
CREATE TABLE `btthehivekeydates` (
  `bID` int(10) unsigned NOT NULL,
  `blockTitle` varchar(255) COLLATE utf8_unicode_ci DEFAULT NULL,
  `blockDescription` longtext COLLATE utf8_unicode_ci,
  `itemsDisplay` int(11) DEFAULT NULL,
  PRIMARY KEY (`bID`)
) ENGINE=InnoDB DEFAULT CHARSET=utf8 COLLATE=utf8_unicode_ci;
/*!40101 SET character_set_client = @saved_cs_client */;

--
-- Dumping data for table `btthehivekeydates`
--

LOCK TABLES `btthehivekeydates` WRITE;
/*!40000 ALTER TABLE `btthehivekeydates` DISABLE KEYS */;
/*!40000 ALTER TABLE `btthehivekeydates` ENABLE KEYS */;
UNLOCK TABLES;

--
-- Table structure for table `btthehivekeydatesitems`
--

DROP TABLE IF EXISTS `btthehivekeydatesitems`;
/*!40101 SET @saved_cs_client     = @@character_set_client */;
/*!40101 SET character_set_client = utf8 */;
CREATE TABLE `btthehivekeydatesitems` (
  `dateID` int(10) unsigned NOT NULL AUTO_INCREMENT,
  `keyDatesBlockID` int(10) unsigned DEFAULT NULL,
  `dateItem1` date DEFAULT NULL,
  `dateItem1Time` varchar(8) COLLATE utf8_unicode_ci DEFAULT NULL,
  `dateItem1Format` varchar(25) COLLATE utf8_unicode_ci DEFAULT NULL,
  `dateItem2` date DEFAULT NULL,
  `dateItem2Time` varchar(8) COLLATE utf8_unicode_ci DEFAULT NULL,
  `dateItem2Format` varchar(25) COLLATE utf8_unicode_ci DEFAULT NULL,
  `dateTitle` longtext COLLATE utf8_unicode_ci,
  `dateDescription` longtext COLLATE utf8_unicode_ci,
  `dateOrder` int(11) DEFAULT NULL,
  PRIMARY KEY (`dateID`),
  KEY `keyDatesBlockID` (`keyDatesBlockID`)
) ENGINE=InnoDB DEFAULT CHARSET=utf8 COLLATE=utf8_unicode_ci;
/*!40101 SET character_set_client = @saved_cs_client */;

--
-- Dumping data for table `btthehivekeydatesitems`
--

LOCK TABLES `btthehivekeydatesitems` WRITE;
/*!40000 ALTER TABLE `btthehivekeydatesitems` DISABLE KEYS */;
/*!40000 ALTER TABLE `btthehivekeydatesitems` ENABLE KEYS */;
UNLOCK TABLES;

--
-- Table structure for table `btthehivelinks`
--

DROP TABLE IF EXISTS `btthehivelinks`;
/*!40101 SET @saved_cs_client     = @@character_set_client */;
/*!40101 SET character_set_client = utf8 */;
CREATE TABLE `btthehivelinks` (
  `bID` int(10) unsigned NOT NULL,
  `blockTitle` varchar(255) COLLATE utf8_unicode_ci DEFAULT NULL,
  `blockDescription` longtext COLLATE utf8_unicode_ci,
  `itemsDisplay` int(11) DEFAULT NULL,
  PRIMARY KEY (`bID`)
) ENGINE=InnoDB DEFAULT CHARSET=utf8 COLLATE=utf8_unicode_ci;
/*!40101 SET character_set_client = @saved_cs_client */;

--
-- Dumping data for table `btthehivelinks`
--

LOCK TABLES `btthehivelinks` WRITE;
/*!40000 ALTER TABLE `btthehivelinks` DISABLE KEYS */;
/*!40000 ALTER TABLE `btthehivelinks` ENABLE KEYS */;
UNLOCK TABLES;

--
-- Table structure for table `btthehivelinksgroups`
--

DROP TABLE IF EXISTS `btthehivelinksgroups`;
/*!40101 SET @saved_cs_client     = @@character_set_client */;
/*!40101 SET character_set_client = utf8 */;
CREATE TABLE `btthehivelinksgroups` (
  `groupID` int(10) unsigned NOT NULL AUTO_INCREMENT,
  `linksBlockID` int(10) unsigned DEFAULT NULL,
  `groupHeading` varchar(255) COLLATE utf8_unicode_ci DEFAULT NULL,
  `groupDescription` longtext COLLATE utf8_unicode_ci,
  `groupOrder` int(11) DEFAULT NULL,
  PRIMARY KEY (`groupID`),
  KEY `linksBlockID` (`linksBlockID`)
) ENGINE=InnoDB DEFAULT CHARSET=utf8 COLLATE=utf8_unicode_ci;
/*!40101 SET character_set_client = @saved_cs_client */;

--
-- Dumping data for table `btthehivelinksgroups`
--

LOCK TABLES `btthehivelinksgroups` WRITE;
/*!40000 ALTER TABLE `btthehivelinksgroups` DISABLE KEYS */;
/*!40000 ALTER TABLE `btthehivelinksgroups` ENABLE KEYS */;
UNLOCK TABLES;

--
-- Table structure for table `btthehivelinksitems`
--

DROP TABLE IF EXISTS `btthehivelinksitems`;
/*!40101 SET @saved_cs_client     = @@character_set_client */;
/*!40101 SET character_set_client = utf8 */;
CREATE TABLE `btthehivelinksitems` (
  `linkID` int(10) unsigned NOT NULL AUTO_INCREMENT,
  `linksBlockID` int(10) unsigned DEFAULT NULL,
  `groupID` int(10) unsigned DEFAULT '0',
  `linkTitle` varchar(255) COLLATE utf8_unicode_ci DEFAULT NULL,
  `linkURL` longtext COLLATE utf8_unicode_ci,
  `linkOrder` int(11) DEFAULT NULL,
  PRIMARY KEY (`linkID`),
  KEY `groupID_linksBlockID` (`groupID`,`linksBlockID`)
) ENGINE=InnoDB DEFAULT CHARSET=utf8 COLLATE=utf8_unicode_ci;
/*!40101 SET character_set_client = @saved_cs_client */;

--
-- Dumping data for table `btthehivelinksitems`
--

LOCK TABLES `btthehivelinksitems` WRITE;
/*!40000 ALTER TABLE `btthehivelinksitems` DISABLE KEYS */;
/*!40000 ALTER TABLE `btthehivelinksitems` ENABLE KEYS */;
UNLOCK TABLES;

--
-- Table structure for table `btthehivelogo`
--

DROP TABLE IF EXISTS `btthehivelogo`;
/*!40101 SET @saved_cs_client     = @@character_set_client */;
/*!40101 SET character_set_client = utf8 */;
CREATE TABLE `btthehivelogo` (
  `bID` int(10) unsigned NOT NULL,
  `fID` int(10) unsigned DEFAULT '0',
  `url` varchar(255) COLLATE utf8_unicode_ci DEFAULT NULL,
  `altText` varchar(255) COLLATE utf8_unicode_ci DEFAULT NULL,
  `marginTop` int(11) DEFAULT '0',
  `marginBottom` int(11) DEFAULT '0',
  PRIMARY KEY (`bID`)
) ENGINE=InnoDB DEFAULT CHARSET=utf8 COLLATE=utf8_unicode_ci;
/*!40101 SET character_set_client = @saved_cs_client */;

--
-- Dumping data for table `btthehivelogo`
--

LOCK TABLES `btthehivelogo` WRITE;
/*!40000 ALTER TABLE `btthehivelogo` DISABLE KEYS */;
/*!40000 ALTER TABLE `btthehivelogo` ENABLE KEYS */;
UNLOCK TABLES;

--
-- Table structure for table `btthehivelogosplash`
--

DROP TABLE IF EXISTS `btthehivelogosplash`;
/*!40101 SET @saved_cs_client     = @@character_set_client */;
/*!40101 SET character_set_client = utf8 */;
CREATE TABLE `btthehivelogosplash` (
  `bID` int(10) unsigned NOT NULL,
  `title` varchar(255) COLLATE utf8_unicode_ci DEFAULT NULL,
  `description` longtext COLLATE utf8_unicode_ci,
  `style` varchar(255) COLLATE utf8_unicode_ci DEFAULT NULL,
  `grayscale` int(11) DEFAULT NULL,
  `columns` int(11) DEFAULT NULL,
  `imageSize` varchar(255) COLLATE utf8_unicode_ci DEFAULT NULL,
  PRIMARY KEY (`bID`)
) ENGINE=InnoDB DEFAULT CHARSET=utf8 COLLATE=utf8_unicode_ci;
/*!40101 SET character_set_client = @saved_cs_client */;

--
-- Dumping data for table `btthehivelogosplash`
--

LOCK TABLES `btthehivelogosplash` WRITE;
/*!40000 ALTER TABLE `btthehivelogosplash` DISABLE KEYS */;
/*!40000 ALTER TABLE `btthehivelogosplash` ENABLE KEYS */;
UNLOCK TABLES;

--
-- Table structure for table `btthehivelogosplashitems`
--

DROP TABLE IF EXISTS `btthehivelogosplashitems`;
/*!40101 SET @saved_cs_client     = @@character_set_client */;
/*!40101 SET character_set_client = utf8 */;
CREATE TABLE `btthehivelogosplashitems` (
  `bItemID` int(10) unsigned NOT NULL AUTO_INCREMENT,
  `logoBlockID` int(10) unsigned DEFAULT NULL,
  `logoImageID` int(10) unsigned DEFAULT '0',
  `logoAlt` varchar(255) COLLATE utf8_unicode_ci DEFAULT NULL,
  `logoOrder` int(11) DEFAULT NULL,
  `logoLinkUrl` text COLLATE utf8_unicode_ci,
  PRIMARY KEY (`bItemID`)
) ENGINE=InnoDB DEFAULT CHARSET=utf8 COLLATE=utf8_unicode_ci;
/*!40101 SET character_set_client = @saved_cs_client */;

--
-- Dumping data for table `btthehivelogosplashitems`
--

LOCK TABLES `btthehivelogosplashitems` WRITE;
/*!40000 ALTER TABLE `btthehivelogosplashitems` DISABLE KEYS */;
/*!40000 ALTER TABLE `btthehivelogosplashitems` ENABLE KEYS */;
UNLOCK TABLES;

--
-- Table structure for table `btthehivemainnav`
--

DROP TABLE IF EXISTS `btthehivemainnav`;
/*!40101 SET @saved_cs_client     = @@character_set_client */;
/*!40101 SET character_set_client = utf8 */;
CREATE TABLE `btthehivemainnav` (
  `bID` int(10) unsigned NOT NULL,
  `includeHome` tinyint(1) DEFAULT '0',
  PRIMARY KEY (`bID`)
) ENGINE=InnoDB DEFAULT CHARSET=utf8 COLLATE=utf8_unicode_ci;
/*!40101 SET character_set_client = @saved_cs_client */;

--
-- Dumping data for table `btthehivemainnav`
--

LOCK TABLES `btthehivemainnav` WRITE;
/*!40000 ALTER TABLE `btthehivemainnav` DISABLE KEYS */;
/*!40000 ALTER TABLE `btthehivemainnav` ENABLE KEYS */;
UNLOCK TABLES;

--
-- Table structure for table `btthehivenewsfeed`
--

DROP TABLE IF EXISTS `btthehivenewsfeed`;
/*!40101 SET @saved_cs_client     = @@character_set_client */;
/*!40101 SET character_set_client = utf8 */;
CREATE TABLE `btthehivenewsfeed` (
  `bID` int(10) unsigned NOT NULL,
  `title` longtext COLLATE utf8_unicode_ci,
  `description` longtext COLLATE utf8_unicode_ci,
  `height` smallint(6) DEFAULT NULL,
  `showThumbnail` tinyint(1) DEFAULT NULL,
  `displayAll` tinyint(1) DEFAULT '0',
  `itemsDisplay` smallint(6) DEFAULT NULL,
  `displayMode` varchar(30) COLLATE utf8_unicode_ci DEFAULT NULL,
  PRIMARY KEY (`bID`)
) ENGINE=InnoDB DEFAULT CHARSET=utf8 COLLATE=utf8_unicode_ci;
/*!40101 SET character_set_client = @saved_cs_client */;

--
-- Dumping data for table `btthehivenewsfeed`
--

LOCK TABLES `btthehivenewsfeed` WRITE;
/*!40000 ALTER TABLE `btthehivenewsfeed` DISABLE KEYS */;
/*!40000 ALTER TABLE `btthehivenewsfeed` ENABLE KEYS */;
UNLOCK TABLES;

--
-- Table structure for table `btthehiveparticipationfeed`
--

DROP TABLE IF EXISTS `btthehiveparticipationfeed`;
/*!40101 SET @saved_cs_client     = @@character_set_client */;
/*!40101 SET character_set_client = utf8 */;
CREATE TABLE `btthehiveparticipationfeed` (
  `bID` int(10) unsigned NOT NULL,
  `blockTitle` varchar(255) COLLATE utf8_unicode_ci DEFAULT '',
  `blockDescription` longtext COLLATE utf8_unicode_ci,
  `feedbackToolType` longtext COLLATE utf8_unicode_ci NOT NULL,
  `feedbackToolID` int(11) NOT NULL,
  `displayContributionTotal` tinyint(1) DEFAULT '1',
  `toolLink` longtext COLLATE utf8_unicode_ci,
  `toolLinkCID` int(11) DEFAULT '0',
  `toolLinkText` longtext COLLATE utf8_unicode_ci,
  `displayToolLink` tinyint(1) DEFAULT '0',
  `feedLimit` int(11) NOT NULL,
  `feedOrder` longtext COLLATE utf8_unicode_ci NOT NULL,
  PRIMARY KEY (`bID`)
) ENGINE=InnoDB DEFAULT CHARSET=utf8 COLLATE=utf8_unicode_ci;
/*!40101 SET character_set_client = @saved_cs_client */;

--
-- Dumping data for table `btthehiveparticipationfeed`
--

LOCK TABLES `btthehiveparticipationfeed` WRITE;
/*!40000 ALTER TABLE `btthehiveparticipationfeed` DISABLE KEYS */;
/*!40000 ALTER TABLE `btthehiveparticipationfeed` ENABLE KEYS */;
UNLOCK TABLES;

--
-- Table structure for table `btthehiveprojectmap`
--

DROP TABLE IF EXISTS `btthehiveprojectmap`;
/*!40101 SET @saved_cs_client     = @@character_set_client */;
/*!40101 SET character_set_client = utf8 */;
CREATE TABLE `btthehiveprojectmap` (
  `bID` int(10) unsigned NOT NULL,
  `blockTitle` varchar(255) COLLATE utf8_unicode_ci DEFAULT NULL,
  `blockDescription` longtext COLLATE utf8_unicode_ci,
  `baseMaps` longtext COLLATE utf8_unicode_ci,
  `defaultBasemap` longtext COLLATE utf8_unicode_ci,
  `overrideMapExtent` tinyint(1) DEFAULT '1',
  `mapLocation` longtext COLLATE utf8_unicode_ci,
  `mapLat` varchar(255) COLLATE utf8_unicode_ci DEFAULT '',
  `mapLon` varchar(255) COLLATE utf8_unicode_ci DEFAULT '',
  `mapZoomLevel` int(11) DEFAULT NULL,
  `projectFeedOrder` varchar(255) COLLATE utf8_unicode_ci DEFAULT NULL,
  `projectSpatialFilter` varchar(255) COLLATE utf8_unicode_ci DEFAULT NULL,
  `projectStatusFilter` varchar(255) COLLATE utf8_unicode_ci DEFAULT NULL,
  `projectTypeFilter` varchar(255) COLLATE utf8_unicode_ci DEFAULT NULL,
  `enableProjectImage` tinyint(1) DEFAULT '1',
  `displayUpdatedDate` tinyint(1) DEFAULT '1',
  `enableCategoryFilter` tinyint(1) DEFAULT '0',
  `enableSearch` tinyint(1) DEFAULT '1',
  PRIMARY KEY (`bID`)
) ENGINE=InnoDB DEFAULT CHARSET=utf8 COLLATE=utf8_unicode_ci;
/*!40101 SET character_set_client = @saved_cs_client */;

--
-- Dumping data for table `btthehiveprojectmap`
--

LOCK TABLES `btthehiveprojectmap` WRITE;
/*!40000 ALTER TABLE `btthehiveprojectmap` DISABLE KEYS */;
/*!40000 ALTER TABLE `btthehiveprojectmap` ENABLE KEYS */;
UNLOCK TABLES;

--
-- Table structure for table `btthehiveprojectsfilter`
--

DROP TABLE IF EXISTS `btthehiveprojectsfilter`;
/*!40101 SET @saved_cs_client     = @@character_set_client */;
/*!40101 SET character_set_client = utf8 */;
CREATE TABLE `btthehiveprojectsfilter` (
  `bID` int(10) unsigned NOT NULL,
  `title` tinyint(1) DEFAULT NULL,
  PRIMARY KEY (`bID`)
) ENGINE=InnoDB DEFAULT CHARSET=utf8 COLLATE=utf8_unicode_ci;
/*!40101 SET character_set_client = @saved_cs_client */;

--
-- Dumping data for table `btthehiveprojectsfilter`
--

LOCK TABLES `btthehiveprojectsfilter` WRITE;
/*!40000 ALTER TABLE `btthehiveprojectsfilter` DISABLE KEYS */;
/*!40000 ALTER TABLE `btthehiveprojectsfilter` ENABLE KEYS */;
UNLOCK TABLES;

--
-- Table structure for table `btthehiveprojectshighlightedlist`
--

DROP TABLE IF EXISTS `btthehiveprojectshighlightedlist`;
/*!40101 SET @saved_cs_client     = @@character_set_client */;
/*!40101 SET character_set_client = utf8 */;
CREATE TABLE `btthehiveprojectshighlightedlist` (
  `bID` int(10) unsigned NOT NULL,
  `title` longtext COLLATE utf8_unicode_ci,
  `description` longtext COLLATE utf8_unicode_ci,
  `cols` tinyint(1) DEFAULT '1',
  `rows` tinyint(1) DEFAULT '1',
  `displayAll` tinyint(1) DEFAULT '0',
  `displayStatusLabel` tinyint(1) DEFAULT '0',
  `displayPrjCat` tinyint(1) DEFAULT '0',
  PRIMARY KEY (`bID`)
) ENGINE=InnoDB DEFAULT CHARSET=utf8 COLLATE=utf8_unicode_ci;
/*!40101 SET character_set_client = @saved_cs_client */;

--
-- Dumping data for table `btthehiveprojectshighlightedlist`
--

LOCK TABLES `btthehiveprojectshighlightedlist` WRITE;
/*!40000 ALTER TABLE `btthehiveprojectshighlightedlist` DISABLE KEYS */;
/*!40000 ALTER TABLE `btthehiveprojectshighlightedlist` ENABLE KEYS */;
UNLOCK TABLES;

--
-- Table structure for table `btthehiveprojectshighlightedlistprojects`
--

DROP TABLE IF EXISTS `btthehiveprojectshighlightedlistprojects`;
/*!40101 SET @saved_cs_client     = @@character_set_client */;
/*!40101 SET character_set_client = utf8 */;
CREATE TABLE `btthehiveprojectshighlightedlistprojects` (
  `position` int(10) unsigned NOT NULL,
  `bID` int(10) unsigned NOT NULL,
  `cID` int(10) unsigned NOT NULL,
  PRIMARY KEY (`bID`,`cID`,`position`),
  UNIQUE KEY `position_unique` (`bID`,`position`)
) ENGINE=InnoDB DEFAULT CHARSET=utf8 COLLATE=utf8_unicode_ci;
/*!40101 SET character_set_client = @saved_cs_client */;

--
-- Dumping data for table `btthehiveprojectshighlightedlistprojects`
--

LOCK TABLES `btthehiveprojectshighlightedlistprojects` WRITE;
/*!40000 ALTER TABLE `btthehiveprojectshighlightedlistprojects` DISABLE KEYS */;
/*!40000 ALTER TABLE `btthehiveprojectshighlightedlistprojects` ENABLE KEYS */;
UNLOCK TABLES;

--
-- Table structure for table `btthehiveprojectslist`
--

DROP TABLE IF EXISTS `btthehiveprojectslist`;
/*!40101 SET @saved_cs_client     = @@character_set_client */;
/*!40101 SET character_set_client = utf8 */;
CREATE TABLE `btthehiveprojectslist` (
  `bID` int(10) unsigned NOT NULL,
  `title` longtext COLLATE utf8_unicode_ci,
  `description` longtext COLLATE utf8_unicode_ci,
  `projectStatus` longtext COLLATE utf8_unicode_ci,
  `cols` tinyint(1) DEFAULT '1',
  `rows` tinyint(1) DEFAULT '1',
  `displayAll` tinyint(1) DEFAULT '0',
  `displayStatusLabel` tinyint(1) DEFAULT '0',
  `displayPrjCat` tinyint(1) DEFAULT '0',
  `projectType` longtext COLLATE utf8_unicode_ci,
  `sortBy` varchar(255) COLLATE utf8_unicode_ci DEFAULT 'sitemap',
  PRIMARY KEY (`bID`)
) ENGINE=InnoDB DEFAULT CHARSET=utf8 COLLATE=utf8_unicode_ci;
/*!40101 SET character_set_client = @saved_cs_client */;

--
-- Dumping data for table `btthehiveprojectslist`
--

LOCK TABLES `btthehiveprojectslist` WRITE;
/*!40000 ALTER TABLE `btthehiveprojectslist` DISABLE KEYS */;
/*!40000 ALTER TABLE `btthehiveprojectslist` ENABLE KEYS */;
UNLOCK TABLES;

--
-- Table structure for table `btthehiveprojectslistwithintrocard`
--

DROP TABLE IF EXISTS `btthehiveprojectslistwithintrocard`;
/*!40101 SET @saved_cs_client     = @@character_set_client */;
/*!40101 SET character_set_client = utf8 */;
CREATE TABLE `btthehiveprojectslistwithintrocard` (
  `bID` int(10) unsigned NOT NULL,
  `title` longtext COLLATE utf8_unicode_ci,
  `description` longtext COLLATE utf8_unicode_ci,
  `projectStatus` longtext COLLATE utf8_unicode_ci,
  `projectType` longtext COLLATE utf8_unicode_ci,
  `cols` tinyint(1) DEFAULT '1',
  `rows` tinyint(1) DEFAULT '1',
  `displayAll` tinyint(1) DEFAULT '0',
  `displayStatusLabel` tinyint(1) DEFAULT '0',
  `displayPrjCat` tinyint(1) DEFAULT '0',
  `sortBy` varchar(255) COLLATE utf8_unicode_ci DEFAULT 'sitemap',
  PRIMARY KEY (`bID`)
) ENGINE=InnoDB DEFAULT CHARSET=utf8 COLLATE=utf8_unicode_ci;
/*!40101 SET character_set_client = @saved_cs_client */;

--
-- Dumping data for table `btthehiveprojectslistwithintrocard`
--

LOCK TABLES `btthehiveprojectslistwithintrocard` WRITE;
/*!40000 ALTER TABLE `btthehiveprojectslistwithintrocard` DISABLE KEYS */;
/*!40000 ALTER TABLE `btthehiveprojectslistwithintrocard` ENABLE KEYS */;
UNLOCK TABLES;

--
-- Table structure for table `btthehiveqa`
--

DROP TABLE IF EXISTS `btthehiveqa`;
/*!40101 SET @saved_cs_client     = @@character_set_client */;
/*!40101 SET character_set_client = utf8 */;
CREATE TABLE `btthehiveqa` (
  `bID` int(10) unsigned NOT NULL,
  `ftID` int(10) unsigned DEFAULT NULL,
  `displayActivityTitle` smallint(5) unsigned DEFAULT '1',
  `activityDescription` longtext COLLATE utf8_unicode_ci,
  `displayActivityDescription` smallint(5) unsigned DEFAULT '1',
  `enableVoting` tinyint(1) DEFAULT '0',
  `downVote` tinyint(1) DEFAULT '0',
  `displayRespondentBios` tinyint(1) DEFAULT '0',
  `displayCategoryFilter` tinyint(1) DEFAULT '0',
  PRIMARY KEY (`bID`)
) ENGINE=InnoDB DEFAULT CHARSET=utf8 COLLATE=utf8_unicode_ci;
/*!40101 SET character_set_client = @saved_cs_client */;

--
-- Dumping data for table `btthehiveqa`
--

LOCK TABLES `btthehiveqa` WRITE;
/*!40000 ALTER TABLE `btthehiveqa` DISABLE KEYS */;
/*!40000 ALTER TABLE `btthehiveqa` ENABLE KEYS */;
UNLOCK TABLES;

--
-- Table structure for table `btthehiveqaanswers`
--

DROP TABLE IF EXISTS `btthehiveqaanswers`;
/*!40101 SET @saved_cs_client     = @@character_set_client */;
/*!40101 SET character_set_client = utf8 */;
CREATE TABLE `btthehiveqaanswers` (
  `answerID` int(10) unsigned NOT NULL AUTO_INCREMENT,
  `questionID` int(10) unsigned NOT NULL,
  `respondentID` int(10) unsigned NOT NULL,
  `response` longtext COLLATE utf8_unicode_ci NOT NULL,
  `submitted` datetime NOT NULL,
  `firstPublished` datetime DEFAULT NULL,
  `published` datetime DEFAULT NULL,
  `isActive` tinyint(1) NOT NULL DEFAULT '0',
  PRIMARY KEY (`answerID`),
  KEY `IDX_35CFFCE70294E728A76F6D8` (`questionID`,`isActive`)
) ENGINE=InnoDB DEFAULT CHARSET=utf8 COLLATE=utf8_unicode_ci;
/*!40101 SET character_set_client = @saved_cs_client */;

--
-- Dumping data for table `btthehiveqaanswers`
--

LOCK TABLES `btthehiveqaanswers` WRITE;
/*!40000 ALTER TABLE `btthehiveqaanswers` DISABLE KEYS */;
/*!40000 ALTER TABLE `btthehiveqaanswers` ENABLE KEYS */;
UNLOCK TABLES;

--
-- Table structure for table `btthehiveqacategories`
--

DROP TABLE IF EXISTS `btthehiveqacategories`;
/*!40101 SET @saved_cs_client     = @@character_set_client */;
/*!40101 SET character_set_client = utf8 */;
CREATE TABLE `btthehiveqacategories` (
  `categoryID` int(10) unsigned NOT NULL AUTO_INCREMENT,
  `bID` int(10) unsigned DEFAULT NULL,
  `ftID` int(10) unsigned DEFAULT NULL,
  `category` varchar(255) COLLATE utf8_unicode_ci NOT NULL,
  PRIMARY KEY (`categoryID`),
  KEY `IDX_4FC5C372E418B7993CFBC68A` (`bID`,`ftID`)
) ENGINE=InnoDB DEFAULT CHARSET=utf8 COLLATE=utf8_unicode_ci;
/*!40101 SET character_set_client = @saved_cs_client */;

--
-- Dumping data for table `btthehiveqacategories`
--

LOCK TABLES `btthehiveqacategories` WRITE;
/*!40000 ALTER TABLE `btthehiveqacategories` DISABLE KEYS */;
/*!40000 ALTER TABLE `btthehiveqacategories` ENABLE KEYS */;
UNLOCK TABLES;

--
-- Table structure for table `btthehiveqaquestions`
--

DROP TABLE IF EXISTS `btthehiveqaquestions`;
/*!40101 SET @saved_cs_client     = @@character_set_client */;
/*!40101 SET character_set_client = utf8 */;
CREATE TABLE `btthehiveqaquestions` (
  `questionID` int(10) unsigned NOT NULL AUTO_INCREMENT,
  `bID` int(10) unsigned NOT NULL,
  `ftID` int(10) unsigned NOT NULL,
  `title` varchar(255) COLLATE utf8_unicode_ci NOT NULL,
  `description` longtext COLLATE utf8_unicode_ci,
  `categoryID` int(10) unsigned DEFAULT NULL,
  `respondentID` int(10) unsigned DEFAULT NULL,
  `flagged` tinyint(1) DEFAULT '0',
  `answerNotificationSent` tinyint(1) DEFAULT '0',
  PRIMARY KEY (`questionID`),
  KEY `IDX_D6FAD217E418B7993CFBC68A` (`bID`,`ftID`)
) ENGINE=InnoDB DEFAULT CHARSET=utf8 COLLATE=utf8_unicode_ci;
/*!40101 SET character_set_client = @saved_cs_client */;

--
-- Dumping data for table `btthehiveqaquestions`
--

LOCK TABLES `btthehiveqaquestions` WRITE;
/*!40000 ALTER TABLE `btthehiveqaquestions` DISABLE KEYS */;
/*!40000 ALTER TABLE `btthehiveqaquestions` ENABLE KEYS */;
UNLOCK TABLES;

--
-- Table structure for table `btthehiveqaquestionviews`
--

DROP TABLE IF EXISTS `btthehiveqaquestionviews`;
/*!40101 SET @saved_cs_client     = @@character_set_client */;
/*!40101 SET character_set_client = utf8 */;
CREATE TABLE `btthehiveqaquestionviews` (
  `viewID` int(10) unsigned NOT NULL AUTO_INCREMENT,
  `questionID` int(10) unsigned NOT NULL,
  `uID` int(10) unsigned NOT NULL DEFAULT '0',
  `datetime` datetime NOT NULL,
  PRIMARY KEY (`viewID`),
  KEY `IDX_4B05F13370294E72FD71026C` (`questionID`,`uID`)
) ENGINE=InnoDB DEFAULT CHARSET=utf8 COLLATE=utf8_unicode_ci;
/*!40101 SET character_set_client = @saved_cs_client */;

--
-- Dumping data for table `btthehiveqaquestionviews`
--

LOCK TABLES `btthehiveqaquestionviews` WRITE;
/*!40000 ALTER TABLE `btthehiveqaquestionviews` DISABLE KEYS */;
/*!40000 ALTER TABLE `btthehiveqaquestionviews` ENABLE KEYS */;
UNLOCK TABLES;

--
-- Table structure for table `btthehiveqarespondents`
--

DROP TABLE IF EXISTS `btthehiveqarespondents`;
/*!40101 SET @saved_cs_client     = @@character_set_client */;
/*!40101 SET character_set_client = utf8 */;
CREATE TABLE `btthehiveqarespondents` (
  `respondentID` int(10) unsigned NOT NULL AUTO_INCREMENT,
  `bID` int(10) unsigned NOT NULL,
  `ftID` int(10) unsigned NOT NULL,
  `name` varchar(255) COLLATE utf8_unicode_ci DEFAULT NULL,
  `designation` varchar(255) COLLATE utf8_unicode_ci DEFAULT NULL,
  `description` longtext COLLATE utf8_unicode_ci,
  `imageFID` int(10) unsigned DEFAULT NULL,
  `order` int(10) unsigned NOT NULL,
  PRIMARY KEY (`respondentID`,`bID`),
  KEY `IDX_8D32CA51E418B7993CFBC68A` (`bID`,`ftID`)
) ENGINE=InnoDB DEFAULT CHARSET=utf8 COLLATE=utf8_unicode_ci;
/*!40101 SET character_set_client = @saved_cs_client */;

--
-- Dumping data for table `btthehiveqarespondents`
--

LOCK TABLES `btthehiveqarespondents` WRITE;
/*!40000 ALTER TABLE `btthehiveqarespondents` DISABLE KEYS */;
/*!40000 ALTER TABLE `btthehiveqarespondents` ENABLE KEYS */;
UNLOCK TABLES;

--
-- Table structure for table `btthehiveqavotes`
--

DROP TABLE IF EXISTS `btthehiveqavotes`;
/*!40101 SET @saved_cs_client     = @@character_set_client */;
/*!40101 SET character_set_client = utf8 */;
CREATE TABLE `btthehiveqavotes` (
  `voteID` int(10) unsigned NOT NULL AUTO_INCREMENT,
  `questionID` int(10) unsigned DEFAULT NULL,
  `answerID` int(10) unsigned DEFAULT NULL,
  `voteType` smallint(6) NOT NULL DEFAULT '1',
  `uID` int(10) unsigned NOT NULL DEFAULT '0',
  `datetime` datetime NOT NULL,
  `hash` varchar(64) COLLATE utf8_unicode_ci NOT NULL,
  PRIMARY KEY (`voteID`),
  KEY `IDX_4E75556970294E72` (`questionID`),
  KEY `IDX_4E7555696F29C18E` (`answerID`)
) ENGINE=InnoDB DEFAULT CHARSET=utf8 COLLATE=utf8_unicode_ci;
/*!40101 SET character_set_client = @saved_cs_client */;

--
-- Dumping data for table `btthehiveqavotes`
--

LOCK TABLES `btthehiveqavotes` WRITE;
/*!40000 ALTER TABLE `btthehiveqavotes` DISABLE KEYS */;
/*!40000 ALTER TABLE `btthehiveqavotes` ENABLE KEYS */;
UNLOCK TABLES;

--
-- Table structure for table `btthehivesocialmap`
--

DROP TABLE IF EXISTS `btthehivesocialmap`;
/*!40101 SET @saved_cs_client     = @@character_set_client */;
/*!40101 SET character_set_client = utf8 */;
CREATE TABLE `btthehivesocialmap` (
  `bID` int(10) unsigned NOT NULL,
  `mID` int(10) unsigned DEFAULT NULL,
  `mapTitle` longtext COLLATE utf8_unicode_ci,
  `mapDescription` longtext COLLATE utf8_unicode_ci,
  `mapLayer` varchar(20) COLLATE utf8_unicode_ci DEFAULT '',
  `mapLocation` longtext COLLATE utf8_unicode_ci,
  `mapLat` varchar(255) COLLATE utf8_unicode_ci DEFAULT '',
  `mapLon` varchar(255) COLLATE utf8_unicode_ci DEFAULT '',
  `mapCentrePin` varchar(10) COLLATE utf8_unicode_ci DEFAULT '',
  `mapZoomLevel` int(11) DEFAULT NULL,
  `mapScale` varchar(10) COLLATE utf8_unicode_ci DEFAULT '',
  `mapOverview` varchar(10) COLLATE utf8_unicode_ci DEFAULT '',
  `addMarkerLabel` varchar(255) COLLATE utf8_unicode_ci DEFAULT '',
  `successMessage` longtext COLLATE utf8_unicode_ci,
  `submissionApproval` tinyint(1) DEFAULT '1',
  `mapPosition` varchar(10) COLLATE utf8_unicode_ci DEFAULT '',
  `mapOverlay` int(11) DEFAULT NULL,
  `mapOverlayLat1` varchar(255) COLLATE utf8_unicode_ci DEFAULT '',
  `mapOverlayLon1` varchar(255) COLLATE utf8_unicode_ci DEFAULT '',
  `mapOverlayLat2` varchar(255) COLLATE utf8_unicode_ci DEFAULT '',
  `mapOverlayLon2` varchar(255) COLLATE utf8_unicode_ci DEFAULT '',
  `active` tinyint(1) DEFAULT '1',
  `dateCreated` datetime NOT NULL DEFAULT '0000-00-00 00:00:00',
  `displayMapTitle` tinyint(1) DEFAULT '1',
  `mapAction` longtext COLLATE utf8_unicode_ci,
  `mapSourceURL` longtext COLLATE utf8_unicode_ci,
  `publicFeedback` tinyint(1) DEFAULT '1',
  `notifications` tinyint(1) DEFAULT '1',
  `overrideNotifications` tinyint(1) DEFAULT '0',
  `notifyOnSubmission` longtext COLLATE utf8_unicode_ci,
  `moderation` tinyint(1) DEFAULT '1',
  `mapScrollZoom` varchar(10) COLLATE utf8_unicode_ci DEFAULT 'off',
  `mapSize` varchar(10) COLLATE utf8_unicode_ci NOT NULL DEFAULT '420px',
  `overrideRegisteredOnly` tinyint(1) DEFAULT '0',
  `registeredOnly` tinyint(1) DEFAULT NULL,
  `userAttrSet` int(10) unsigned DEFAULT NULL,
  `commentRequired` tinyint(1) DEFAULT '1',
  `ftID` int(10) unsigned DEFAULT NULL,
  `imageUploads` tinyint(1) DEFAULT '0',
  `limitCount` smallint(6) DEFAULT '1000',
  `limitType` varchar(10) COLLATE utf8_unicode_ci DEFAULT 'characters',
  `displayMapDescription` tinyint(1) DEFAULT '1',
  `displayCategories` tinyint(1) DEFAULT '0',
  `categoryRequired` tinyint(1) DEFAULT '0',
  `displayBookmarks` tinyint(1) DEFAULT '0',
  `imageRequired` tinyint(1) DEFAULT '0',
  `baseMaps` longtext COLLATE utf8_unicode_ci,
  `defaultBasemap` longtext COLLATE utf8_unicode_ci,
  `displayLegends` tinyint(1) DEFAULT '0',
  `markerClustering` tinyint(1) DEFAULT '0',
  `infoOnLoad` tinyint(1) DEFAULT '0',
  `infoTitle` longtext COLLATE utf8_unicode_ci,
  `infoContent` longtext COLLATE utf8_unicode_ci,
  `markersInInfo` tinyint(1) DEFAULT '1',
  `instructionContent` longtext COLLATE utf8_unicode_ci,
  `lockExtent` tinyint(1) DEFAULT '0',
  `displayMarkerLocation` varchar(255) COLLATE utf8_unicode_ci DEFAULT 'off',
  PRIMARY KEY (`bID`),
  KEY `mID` (`mID`)
) ENGINE=InnoDB DEFAULT CHARSET=utf8 COLLATE=utf8_unicode_ci;
/*!40101 SET character_set_client = @saved_cs_client */;

--
-- Dumping data for table `btthehivesocialmap`
--

LOCK TABLES `btthehivesocialmap` WRITE;
/*!40000 ALTER TABLE `btthehivesocialmap` DISABLE KEYS */;
INSERT INTO `btthehivesocialmap` VALUES (193,0,'test','','gglSatellite','','-37.8136','144.9631','off',10,'off','off','Add Marker','<p>Thanks!</p>',1,'',0,'','','','',1,'2018-02-19 15:36:13',1,NULL,'',1,0,0,'',1,'off','420px',0,2,NULL,1,1,0,1000,'characters',1,0,0,0,0,'basemap%5BGoogleSatellite%5D%5Bname%5D=Detailed+satellite','GoogleSatellite',0,0,0,NULL,NULL,1,'<h4>How to use the map</h4> <p>To view and add comments on the map, follow the instructions below:</p> <p> <strong>View a Comment</strong> </p> <p>To view a comment, select a target \'map marker\' on the map. This will open a panel containing the contributor\'s comment along with any other information they have contributed.</p> <p>To close a comment, select the \'Close\' button at the bottom of the panel.</p> <p> <strong>Add a Comment</strong> </p> <p>To add a comment to the map, please follow these steps:</p> <ol> <li>Use the \'Address Search\' to find an address,nav or pan the map to the general location you want to add your comment.</li> <li>Select the \'Add Marker\' button and click / tap the specific location on the map you want to leave your comment. This will open an input form at the side of the map.</li> <li>Fill out the details of the input form as required. When finished, select the \'Submit\' button to leave your comment on the map.</li> </ol> <p> <i>Keyboards and Screenreaders</i> </p> <p>To make a contribution on the map using a keyboard or through assistive technologies such as screenreaders, please follow these steps:</p> <ol> <li>Use the \'Address Search\' field to enter the location where you want to add your comment.</li> <li>Toggle to the \'Add Marker\' button and select it. This will drop the pin at the address specified in the \'Address Search\' field.</li> <li>Fill out the details in the input form as required. When finished, select the \'Submit\' button to leave your comment on the map.</li> </ol>',0,'off');
/*!40000 ALTER TABLE `btthehivesocialmap` ENABLE KEYS */;
UNLOCK TABLES;

--
-- Table structure for table `btthehivesocialmapbookmarks`
--

DROP TABLE IF EXISTS `btthehivesocialmapbookmarks`;
/*!40101 SET @saved_cs_client     = @@character_set_client */;
/*!40101 SET character_set_client = utf8 */;
CREATE TABLE `btthehivesocialmapbookmarks` (
  `bookmarkID` int(10) unsigned NOT NULL AUTO_INCREMENT,
  `ftID` int(10) unsigned DEFAULT NULL,
  `bID` int(10) unsigned DEFAULT NULL,
  `bookmarkTitle` longtext COLLATE utf8_unicode_ci,
  `bookmarkLocation` longtext COLLATE utf8_unicode_ci,
  `bookmarkLat` varchar(255) COLLATE utf8_unicode_ci DEFAULT '',
  `bookmarkLon` varchar(255) COLLATE utf8_unicode_ci DEFAULT '',
  `bookmarkZoomLevel` int(10) unsigned DEFAULT NULL,
  `bookmarkOrder` int(10) unsigned DEFAULT NULL,
  PRIMARY KEY (`bookmarkID`),
  KEY `ftID` (`ftID`),
  KEY `bID` (`bID`)
) ENGINE=InnoDB DEFAULT CHARSET=utf8 COLLATE=utf8_unicode_ci;
/*!40101 SET character_set_client = @saved_cs_client */;

--
-- Dumping data for table `btthehivesocialmapbookmarks`
--

LOCK TABLES `btthehivesocialmapbookmarks` WRITE;
/*!40000 ALTER TABLE `btthehivesocialmapbookmarks` DISABLE KEYS */;
/*!40000 ALTER TABLE `btthehivesocialmapbookmarks` ENABLE KEYS */;
UNLOCK TABLES;

--
-- Table structure for table `btthehivesocialmapcategories`
--

DROP TABLE IF EXISTS `btthehivesocialmapcategories`;
/*!40101 SET @saved_cs_client     = @@character_set_client */;
/*!40101 SET character_set_client = utf8 */;
CREATE TABLE `btthehivesocialmapcategories` (
  `categoryID` int(10) unsigned NOT NULL AUTO_INCREMENT,
  `ftID` int(10) unsigned DEFAULT NULL,
  `scID` int(10) unsigned DEFAULT NULL,
  `bID` int(10) unsigned DEFAULT NULL,
  `name` varchar(255) COLLATE utf8_unicode_ci DEFAULT NULL,
  `color` varchar(255) COLLATE utf8_unicode_ci DEFAULT NULL,
  `order` int(10) unsigned DEFAULT NULL,
  `description` longtext COLLATE utf8_unicode_ci,
  `icon` varchar(255) COLLATE utf8_unicode_ci DEFAULT NULL,
  `label` varchar(255) COLLATE utf8_unicode_ci DEFAULT NULL,
  PRIMARY KEY (`categoryID`),
  KEY `ftID` (`ftID`),
  KEY `scID` (`scID`),
  KEY `bID` (`bID`)
) ENGINE=InnoDB DEFAULT CHARSET=utf8 COLLATE=utf8_unicode_ci;
/*!40101 SET character_set_client = @saved_cs_client */;

--
-- Dumping data for table `btthehivesocialmapcategories`
--

LOCK TABLES `btthehivesocialmapcategories` WRITE;
/*!40000 ALTER TABLE `btthehivesocialmapcategories` DISABLE KEYS */;
/*!40000 ALTER TABLE `btthehivesocialmapcategories` ENABLE KEYS */;
UNLOCK TABLES;

--
-- Table structure for table `btthehivesocialmaplayers`
--

DROP TABLE IF EXISTS `btthehivesocialmaplayers`;
/*!40101 SET @saved_cs_client     = @@character_set_client */;
/*!40101 SET character_set_client = utf8 */;
CREATE TABLE `btthehivesocialmaplayers` (
  `layerID` int(10) unsigned NOT NULL AUTO_INCREMENT,
  `bID` int(10) unsigned NOT NULL,
  `ftID` int(10) unsigned NOT NULL,
  `layerUrl` longtext COLLATE utf8_unicode_ci,
  `layerfID` longtext COLLATE utf8_unicode_ci,
  `layerFilename` longtext COLLATE utf8_unicode_ci,
  `layerLabel` longtext COLLATE utf8_unicode_ci,
  `layerOrder` int(10) unsigned DEFAULT NULL,
  `layerType` varchar(255) COLLATE utf8_unicode_ci DEFAULT '',
  `geometry` varchar(255) COLLATE utf8_unicode_ci DEFAULT '',
  `Lat1` varchar(255) COLLATE utf8_unicode_ci DEFAULT '',
  `Lon1` varchar(255) COLLATE utf8_unicode_ci DEFAULT '',
  `Lat2` varchar(255) COLLATE utf8_unicode_ci DEFAULT '',
  `Lon2` varchar(255) COLLATE utf8_unicode_ci DEFAULT '',
  `pointSize` int(10) unsigned DEFAULT NULL,
  `strokeColor` varchar(255) COLLATE utf8_unicode_ci DEFAULT '',
  `strokeWidth` int(10) unsigned DEFAULT NULL,
  `strokeOpacity` double DEFAULT NULL,
  `fillColor` varchar(255) COLLATE utf8_unicode_ci DEFAULT '',
  `fillOpacity` double DEFAULT NULL,
  `dashArray` varchar(255) COLLATE utf8_unicode_ci DEFAULT '1,0',
  `markerInsideLayer` tinyint(1) DEFAULT '0',
  `styleInvert` tinyint(1) DEFAULT '0',
  PRIMARY KEY (`layerID`,`bID`),
  KEY `IDX_94B9A6B6E418B7993CFBC68A` (`bID`,`ftID`)
) ENGINE=InnoDB DEFAULT CHARSET=utf8 COLLATE=utf8_unicode_ci;
/*!40101 SET character_set_client = @saved_cs_client */;

--
-- Dumping data for table `btthehivesocialmaplayers`
--

LOCK TABLES `btthehivesocialmaplayers` WRITE;
/*!40000 ALTER TABLE `btthehivesocialmaplayers` DISABLE KEYS */;
/*!40000 ALTER TABLE `btthehivesocialmaplayers` ENABLE KEYS */;
UNLOCK TABLES;

--
-- Table structure for table `btthehivesocialmaplegends`
--

DROP TABLE IF EXISTS `btthehivesocialmaplegends`;
/*!40101 SET @saved_cs_client     = @@character_set_client */;
/*!40101 SET character_set_client = utf8 */;
CREATE TABLE `btthehivesocialmaplegends` (
  `legendID` int(10) unsigned NOT NULL AUTO_INCREMENT,
  `layerID` int(10) unsigned DEFAULT NULL,
  `bID` int(10) unsigned NOT NULL,
  `ftID` int(10) unsigned NOT NULL,
  `title` varchar(255) COLLATE utf8_unicode_ci DEFAULT NULL,
  `style` varchar(255) COLLATE utf8_unicode_ci DEFAULT NULL,
  `fillColor` varchar(255) COLLATE utf8_unicode_ci DEFAULT NULL,
  `strokeColor` varchar(255) COLLATE utf8_unicode_ci DEFAULT NULL,
  `order` int(10) unsigned DEFAULT NULL,
  PRIMARY KEY (`legendID`),
  KEY `IDX_6D66D563E418B7993CFBC68ABBE65C09` (`bID`,`ftID`,`legendID`)
) ENGINE=InnoDB DEFAULT CHARSET=utf8 COLLATE=utf8_unicode_ci;
/*!40101 SET character_set_client = @saved_cs_client */;

--
-- Dumping data for table `btthehivesocialmaplegends`
--

LOCK TABLES `btthehivesocialmaplegends` WRITE;
/*!40000 ALTER TABLE `btthehivesocialmaplegends` DISABLE KEYS */;
/*!40000 ALTER TABLE `btthehivesocialmaplegends` ENABLE KEYS */;
UNLOCK TABLES;

--
-- Table structure for table `btthehivesocialmapresults`
--

DROP TABLE IF EXISTS `btthehivesocialmapresults`;
/*!40101 SET @saved_cs_client     = @@character_set_client */;
/*!40101 SET character_set_client = utf8 */;
CREATE TABLE `btthehivesocialmapresults` (
  `submissionID` int(10) unsigned NOT NULL AUTO_INCREMENT,
  `mID` int(10) unsigned DEFAULT NULL,
  `username` varchar(255) COLLATE utf8_unicode_ci DEFAULT NULL,
  `email` varchar(500) COLLATE utf8_unicode_ci DEFAULT NULL,
  `submission` longtext COLLATE utf8_unicode_ci,
  `latitude` double DEFAULT NULL,
  `longitude` double DEFAULT NULL,
  `feedbackID` int(10) unsigned DEFAULT NULL,
  `ftID` int(10) unsigned DEFAULT NULL,
  `fID` int(10) unsigned DEFAULT '0',
  `address` varchar(255) COLLATE utf8_unicode_ci DEFAULT '',
  `categoryID` int(10) unsigned DEFAULT '0',
  `addressObj` longtext COLLATE utf8_unicode_ci,
  PRIMARY KEY (`submissionID`),
  KEY `feedbackID` (`feedbackID`)
) ENGINE=InnoDB DEFAULT CHARSET=utf8 COLLATE=utf8_unicode_ci;
/*!40101 SET character_set_client = @saved_cs_client */;

--
-- Dumping data for table `btthehivesocialmapresults`
--

LOCK TABLES `btthehivesocialmapresults` WRITE;
/*!40000 ALTER TABLE `btthehivesocialmapresults` DISABLE KEYS */;
/*!40000 ALTER TABLE `btthehivesocialmapresults` ENABLE KEYS */;
UNLOCK TABLES;

--
-- Table structure for table `btthehivesocialmapresultsuser`
--

DROP TABLE IF EXISTS `btthehivesocialmapresultsuser`;
/*!40101 SET @saved_cs_client     = @@character_set_client */;
/*!40101 SET character_set_client = utf8 */;
CREATE TABLE `btthehivesocialmapresultsuser` (
  `smruID` int(10) unsigned NOT NULL AUTO_INCREMENT,
  `submissionID` int(10) unsigned DEFAULT NULL,
  `userID` int(10) unsigned DEFAULT NULL,
  `akHandle` varchar(100) COLLATE utf8_unicode_ci DEFAULT NULL,
  `submission` varchar(500) COLLATE utf8_unicode_ci DEFAULT NULL,
  PRIMARY KEY (`smruID`)
) ENGINE=InnoDB DEFAULT CHARSET=utf8 COLLATE=utf8_unicode_ci;
/*!40101 SET character_set_client = @saved_cs_client */;

--
-- Dumping data for table `btthehivesocialmapresultsuser`
--

LOCK TABLES `btthehivesocialmapresultsuser` WRITE;
/*!40000 ALTER TABLE `btthehivesocialmapresultsuser` DISABLE KEYS */;
/*!40000 ALTER TABLE `btthehivesocialmapresultsuser` ENABLE KEYS */;
UNLOCK TABLES;

--
-- Table structure for table `btthehivesocialmapuserattr`
--

DROP TABLE IF EXISTS `btthehivesocialmapuserattr`;
/*!40101 SET @saved_cs_client     = @@character_set_client */;
/*!40101 SET character_set_client = utf8 */;
CREATE TABLE `btthehivesocialmapuserattr` (
  `userAttrID` int(10) unsigned NOT NULL AUTO_INCREMENT,
  `userAttrSet` int(10) unsigned DEFAULT NULL,
  `akHandle` varchar(100) COLLATE utf8_unicode_ci DEFAULT NULL,
  `required` int(10) unsigned DEFAULT '0',
  PRIMARY KEY (`userAttrID`)
) ENGINE=InnoDB DEFAULT CHARSET=utf8 COLLATE=utf8_unicode_ci;
/*!40101 SET character_set_client = @saved_cs_client */;

--
-- Dumping data for table `btthehivesocialmapuserattr`
--

LOCK TABLES `btthehivesocialmapuserattr` WRITE;
/*!40000 ALTER TABLE `btthehivesocialmapuserattr` DISABLE KEYS */;
/*!40000 ALTER TABLE `btthehivesocialmapuserattr` ENABLE KEYS */;
UNLOCK TABLES;

--
-- Table structure for table `btthehivestories`
--

DROP TABLE IF EXISTS `btthehivestories`;
/*!40101 SET @saved_cs_client     = @@character_set_client */;
/*!40101 SET character_set_client = utf8 */;
CREATE TABLE `btthehivestories` (
  `bID` int(10) unsigned NOT NULL,
  `ftID` int(10) unsigned DEFAULT NULL,
  `displayActivityTitle` smallint(5) unsigned DEFAULT '1',
  `activityDescription` longtext COLLATE utf8_unicode_ci,
  `displayActivityDescription` smallint(5) unsigned DEFAULT '1',
  `enableAttachments` tinyint(1) DEFAULT '0',
  `attachmentType` smallint(6) DEFAULT '2',
  `displayVoting` tinyint(1) DEFAULT '1',
  `enableVoting` tinyint(1) DEFAULT '1',
  `downVote` tinyint(1) DEFAULT '1',
  `displayCTA` tinyint(1) DEFAULT '0',
  `filters` longtext COLLATE utf8_unicode_ci,
  `displayFeaturedOnly` tinyint(1) DEFAULT '0',
  `addStoryLabel` varchar(255) COLLATE utf8_unicode_ci DEFAULT NULL,
  `displaySubmissionCounter` tinyint(1) DEFAULT '0',
  `submissionCounter` varchar(255) COLLATE utf8_unicode_ci DEFAULT NULL,
  `sorting` longtext COLLATE utf8_unicode_ci,
  PRIMARY KEY (`bID`)
) ENGINE=InnoDB DEFAULT CHARSET=utf8 COLLATE=utf8_unicode_ci;
/*!40101 SET character_set_client = @saved_cs_client */;

--
-- Dumping data for table `btthehivestories`
--

LOCK TABLES `btthehivestories` WRITE;
/*!40000 ALTER TABLE `btthehivestories` DISABLE KEYS */;
/*!40000 ALTER TABLE `btthehivestories` ENABLE KEYS */;
UNLOCK TABLES;

--
-- Table structure for table `btthehivestoriescategories`
--

DROP TABLE IF EXISTS `btthehivestoriescategories`;
/*!40101 SET @saved_cs_client     = @@character_set_client */;
/*!40101 SET character_set_client = utf8 */;
CREATE TABLE `btthehivestoriescategories` (
  `categoryID` int(10) unsigned NOT NULL AUTO_INCREMENT,
  `bID` int(10) unsigned DEFAULT NULL,
  `ftID` int(10) unsigned DEFAULT NULL,
  `category` varchar(255) COLLATE utf8_unicode_ci NOT NULL,
  PRIMARY KEY (`categoryID`),
  KEY `IDX_40E9B089E418B7993CFBC68A` (`bID`,`ftID`)
) ENGINE=InnoDB DEFAULT CHARSET=utf8 COLLATE=utf8_unicode_ci;
/*!40101 SET character_set_client = @saved_cs_client */;

--
-- Dumping data for table `btthehivestoriescategories`
--

LOCK TABLES `btthehivestoriescategories` WRITE;
/*!40000 ALTER TABLE `btthehivestoriescategories` DISABLE KEYS */;
/*!40000 ALTER TABLE `btthehivestoriescategories` ENABLE KEYS */;
UNLOCK TABLES;

--
-- Table structure for table `btthehivestoriesfeaturedlabels`
--

DROP TABLE IF EXISTS `btthehivestoriesfeaturedlabels`;
/*!40101 SET @saved_cs_client     = @@character_set_client */;
/*!40101 SET character_set_client = utf8 */;
CREATE TABLE `btthehivestoriesfeaturedlabels` (
  `labelID` int(10) unsigned NOT NULL AUTO_INCREMENT,
  `bID` int(10) unsigned DEFAULT NULL,
  `ftID` int(10) unsigned DEFAULT NULL,
  `label` varchar(30) COLLATE utf8_unicode_ci NOT NULL,
  `colour` varchar(20) COLLATE utf8_unicode_ci DEFAULT NULL,
  PRIMARY KEY (`labelID`)
) ENGINE=InnoDB DEFAULT CHARSET=utf8 COLLATE=utf8_unicode_ci;
/*!40101 SET character_set_client = @saved_cs_client */;

--
-- Dumping data for table `btthehivestoriesfeaturedlabels`
--

LOCK TABLES `btthehivestoriesfeaturedlabels` WRITE;
/*!40000 ALTER TABLE `btthehivestoriesfeaturedlabels` DISABLE KEYS */;
/*!40000 ALTER TABLE `btthehivestoriesfeaturedlabels` ENABLE KEYS */;
UNLOCK TABLES;

--
-- Table structure for table `btthehivestoriesresults`
--

DROP TABLE IF EXISTS `btthehivestoriesresults`;
/*!40101 SET @saved_cs_client     = @@character_set_client */;
/*!40101 SET character_set_client = utf8 */;
CREATE TABLE `btthehivestoriesresults` (
  `submissionID` int(10) unsigned NOT NULL AUTO_INCREMENT,
  `bID` int(10) unsigned NOT NULL,
  `ftID` int(10) unsigned NOT NULL,
  `title` varchar(255) COLLATE utf8_unicode_ci NOT NULL,
  `description` longtext COLLATE utf8_unicode_ci,
  `categoryID` int(10) unsigned DEFAULT NULL,
  `imageFID` int(10) unsigned DEFAULT NULL,
  `videoUrl` varchar(255) COLLATE utf8_unicode_ci DEFAULT NULL,
  `featured` tinyint(1) DEFAULT '0',
  `featuredLabelID` int(10) unsigned DEFAULT NULL,
  `upVotes` int(11) DEFAULT '0',
  `downVotes` int(11) DEFAULT '0',
  `videoThumbnailUrl` varchar(255) COLLATE utf8_unicode_ci DEFAULT NULL,
  PRIMARY KEY (`submissionID`),
  KEY `IDX_2E7E532EE418B7993CFBC68A` (`bID`,`ftID`)
) ENGINE=InnoDB DEFAULT CHARSET=utf8 COLLATE=utf8_unicode_ci;
/*!40101 SET character_set_client = @saved_cs_client */;

--
-- Dumping data for table `btthehivestoriesresults`
--

LOCK TABLES `btthehivestoriesresults` WRITE;
/*!40000 ALTER TABLE `btthehivestoriesresults` DISABLE KEYS */;
/*!40000 ALTER TABLE `btthehivestoriesresults` ENABLE KEYS */;
UNLOCK TABLES;

--
-- Table structure for table `btthehivestoriesvotes`
--

DROP TABLE IF EXISTS `btthehivestoriesvotes`;
/*!40101 SET @saved_cs_client     = @@character_set_client */;
/*!40101 SET character_set_client = utf8 */;
CREATE TABLE `btthehivestoriesvotes` (
  `voteID` int(10) unsigned NOT NULL AUTO_INCREMENT,
  `submissionID` int(10) unsigned DEFAULT NULL,
  `voteType` smallint(6) NOT NULL DEFAULT '1',
  `uID` int(10) unsigned NOT NULL DEFAULT '0',
  `datetime` datetime NOT NULL,
  `hash` varchar(64) COLLATE utf8_unicode_ci NOT NULL,
  PRIMARY KEY (`voteID`),
  KEY `IDX_D936A96FA5FCB2AB` (`submissionID`)
) ENGINE=InnoDB DEFAULT CHARSET=utf8 COLLATE=utf8_unicode_ci;
/*!40101 SET character_set_client = @saved_cs_client */;

--
-- Dumping data for table `btthehivestoriesvotes`
--

LOCK TABLES `btthehivestoriesvotes` WRITE;
/*!40000 ALTER TABLE `btthehivestoriesvotes` DISABLE KEYS */;
/*!40000 ALTER TABLE `btthehivestoriesvotes` ENABLE KEYS */;
UNLOCK TABLES;

--
-- Table structure for table `btthehivesubnav`
--

DROP TABLE IF EXISTS `btthehivesubnav`;
/*!40101 SET @saved_cs_client     = @@character_set_client */;
/*!40101 SET character_set_client = utf8 */;
CREATE TABLE `btthehivesubnav` (
  `bID` int(10) unsigned NOT NULL,
  `title` varchar(255) COLLATE utf8_unicode_ci DEFAULT NULL,
  `showTitle` tinyint(1) DEFAULT '0',
  `layout` varchar(255) COLLATE utf8_unicode_ci DEFAULT NULL,
  PRIMARY KEY (`bID`)
) ENGINE=InnoDB DEFAULT CHARSET=utf8 COLLATE=utf8_unicode_ci;
/*!40101 SET character_set_client = @saved_cs_client */;

--
-- Dumping data for table `btthehivesubnav`
--

LOCK TABLES `btthehivesubnav` WRITE;
/*!40000 ALTER TABLE `btthehivesubnav` DISABLE KEYS */;
/*!40000 ALTER TABLE `btthehivesubnav` ENABLE KEYS */;
UNLOCK TABLES;

--
-- Table structure for table `btthehivesubscribe`
--

DROP TABLE IF EXISTS `btthehivesubscribe`;
/*!40101 SET @saved_cs_client     = @@character_set_client */;
/*!40101 SET character_set_client = utf8 */;
CREATE TABLE `btthehivesubscribe` (
  `bID` int(10) unsigned NOT NULL,
  `blockTitle` varchar(255) COLLATE utf8_unicode_ci DEFAULT '',
  `blockDescription` longtext COLLATE utf8_unicode_ci,
  `successMessage` longtext COLLATE utf8_unicode_ci,
  `confirmationEmail` tinyint(1) DEFAULT '0',
  `fromConfirmationEmail` varchar(255) COLLATE utf8_unicode_ci DEFAULT '',
  `confirmationMessage` longtext COLLATE utf8_unicode_ci,
  `lID` varchar(255) COLLATE utf8_unicode_ci DEFAULT '',
  `fieldFirstName` tinyint(1) DEFAULT '0',
  `fieldLastName` tinyint(1) DEFAULT '0',
  `fieldEmail` tinyint(1) DEFAULT '1',
  `list` varchar(25) COLLATE utf8_unicode_ci DEFAULT 'internal',
  `fieldOrg` tinyint(1) DEFAULT '0',
  PRIMARY KEY (`bID`)
) ENGINE=InnoDB DEFAULT CHARSET=utf8 COLLATE=utf8_unicode_ci;
/*!40101 SET character_set_client = @saved_cs_client */;

--
-- Dumping data for table `btthehivesubscribe`
--

LOCK TABLES `btthehivesubscribe` WRITE;
/*!40000 ALTER TABLE `btthehivesubscribe` DISABLE KEYS */;
/*!40000 ALTER TABLE `btthehivesubscribe` ENABLE KEYS */;
UNLOCK TABLES;

--
-- Table structure for table `btthehivesubscribeemail`
--

DROP TABLE IF EXISTS `btthehivesubscribeemail`;
/*!40101 SET @saved_cs_client     = @@character_set_client */;
/*!40101 SET character_set_client = utf8 */;
CREATE TABLE `btthehivesubscribeemail` (
  `eID` int(11) NOT NULL AUTO_INCREMENT,
  `bID` int(11) DEFAULT NULL,
  `cID` int(11) DEFAULT NULL,
  `uID` int(11) DEFAULT '0',
  `lID` int(11) DEFAULT '0',
  `email` varchar(255) COLLATE utf8_unicode_ci DEFAULT NULL,
  `submitted` datetime DEFAULT NULL,
  `firstName` varchar(255) COLLATE utf8_unicode_ci DEFAULT '',
  `lastName` varchar(255) COLLATE utf8_unicode_ci DEFAULT '',
  `org` varchar(255) COLLATE utf8_unicode_ci DEFAULT '',
  PRIMARY KEY (`eID`),
  UNIQUE KEY `email` (`lID`,`email`)
) ENGINE=InnoDB DEFAULT CHARSET=utf8 COLLATE=utf8_unicode_ci;
/*!40101 SET character_set_client = @saved_cs_client */;

--
-- Dumping data for table `btthehivesubscribeemail`
--

LOCK TABLES `btthehivesubscribeemail` WRITE;
/*!40000 ALTER TABLE `btthehivesubscribeemail` DISABLE KEYS */;
/*!40000 ALTER TABLE `btthehivesubscribeemail` ENABLE KEYS */;
UNLOCK TABLES;

--
-- Table structure for table `btthehivesubscribelist`
--

DROP TABLE IF EXISTS `btthehivesubscribelist`;
/*!40101 SET @saved_cs_client     = @@character_set_client */;
/*!40101 SET character_set_client = utf8 */;
CREATE TABLE `btthehivesubscribelist` (
  `lID` int(11) NOT NULL AUTO_INCREMENT,
  `title` varchar(255) COLLATE utf8_unicode_ci DEFAULT NULL,
  PRIMARY KEY (`lID`)
) ENGINE=InnoDB DEFAULT CHARSET=utf8 COLLATE=utf8_unicode_ci;
/*!40101 SET character_set_client = @saved_cs_client */;

--
-- Dumping data for table `btthehivesubscribelist`
--

LOCK TABLES `btthehivesubscribelist` WRITE;
/*!40000 ALTER TABLE `btthehivesubscribelist` DISABLE KEYS */;
/*!40000 ALTER TABLE `btthehivesubscribelist` ENABLE KEYS */;
UNLOCK TABLES;

--
-- Table structure for table `btthehivetimeline`
--

DROP TABLE IF EXISTS `btthehivetimeline`;
/*!40101 SET @saved_cs_client     = @@character_set_client */;
/*!40101 SET character_set_client = utf8 */;
CREATE TABLE `btthehivetimeline` (
  `bID` int(10) unsigned NOT NULL,
  `blockTitle` varchar(255) COLLATE utf8_unicode_ci DEFAULT NULL,
  `blockDescription` longtext COLLATE utf8_unicode_ci,
  `showStages` varchar(10) COLLATE utf8_unicode_ci DEFAULT NULL,
  PRIMARY KEY (`bID`)
) ENGINE=InnoDB DEFAULT CHARSET=utf8 COLLATE=utf8_unicode_ci;
/*!40101 SET character_set_client = @saved_cs_client */;

--
-- Dumping data for table `btthehivetimeline`
--

LOCK TABLES `btthehivetimeline` WRITE;
/*!40000 ALTER TABLE `btthehivetimeline` DISABLE KEYS */;
/*!40000 ALTER TABLE `btthehivetimeline` ENABLE KEYS */;
UNLOCK TABLES;

--
-- Table structure for table `btthehivetimelinestages`
--

DROP TABLE IF EXISTS `btthehivetimelinestages`;
/*!40101 SET @saved_cs_client     = @@character_set_client */;
/*!40101 SET character_set_client = utf8 */;
CREATE TABLE `btthehivetimelinestages` (
  `stageID` int(10) unsigned NOT NULL AUTO_INCREMENT,
  `timelineBlockID` int(10) unsigned DEFAULT NULL,
  `stageTitle` varchar(255) COLLATE utf8_unicode_ci DEFAULT NULL,
  `stageDescription` longtext COLLATE utf8_unicode_ci,
  `stageOrder` int(11) DEFAULT NULL,
  `stageStatus` varchar(10) COLLATE utf8_unicode_ci DEFAULT NULL,
  PRIMARY KEY (`stageID`),
  KEY `timelineBlockID` (`timelineBlockID`)
) ENGINE=InnoDB DEFAULT CHARSET=utf8 COLLATE=utf8_unicode_ci;
/*!40101 SET character_set_client = @saved_cs_client */;

--
-- Dumping data for table `btthehivetimelinestages`
--

LOCK TABLES `btthehivetimelinestages` WRITE;
/*!40000 ALTER TABLE `btthehivetimelinestages` DISABLE KEYS */;
/*!40000 ALTER TABLE `btthehivetimelinestages` ENABLE KEYS */;
UNLOCK TABLES;

--
-- Table structure for table `btthehivevideo`
--

DROP TABLE IF EXISTS `btthehivevideo`;
/*!40101 SET @saved_cs_client     = @@character_set_client */;
/*!40101 SET character_set_client = utf8 */;
CREATE TABLE `btthehivevideo` (
  `bID` int(10) unsigned NOT NULL,
  `VideoPlayer` varchar(255) COLLATE utf8_unicode_ci DEFAULT '',
  `VideoTitle` longtext COLLATE utf8_unicode_ci,
  `VideoURL` longtext COLLATE utf8_unicode_ci,
  `VideoSize` varchar(10) COLLATE utf8_unicode_ci DEFAULT '',
  `VideoAlignment` varchar(10) COLLATE utf8_unicode_ci DEFAULT '',
  `VideoBorder` varchar(10) COLLATE utf8_unicode_ci DEFAULT '',
  PRIMARY KEY (`bID`)
) ENGINE=InnoDB DEFAULT CHARSET=utf8 COLLATE=utf8_unicode_ci;
/*!40101 SET character_set_client = @saved_cs_client */;

--
-- Dumping data for table `btthehivevideo`
--

LOCK TABLES `btthehivevideo` WRITE;
/*!40000 ALTER TABLE `btthehivevideo` DISABLE KEYS */;
/*!40000 ALTER TABLE `btthehivevideo` ENABLE KEYS */;
UNLOCK TABLES;

--
-- Table structure for table `btthehivevideobanner`
--

DROP TABLE IF EXISTS `btthehivevideobanner`;
/*!40101 SET @saved_cs_client     = @@character_set_client */;
/*!40101 SET character_set_client = utf8 */;
CREATE TABLE `btthehivevideobanner` (
  `bID` int(10) unsigned NOT NULL,
  `blockTitle` varchar(255) COLLATE utf8_unicode_ci DEFAULT NULL,
  `blockDescription` longtext COLLATE utf8_unicode_ci,
  `bannerHeight` longtext COLLATE utf8_unicode_ci,
  `bannerTemplate` varchar(20) COLLATE utf8_unicode_ci DEFAULT NULL,
  `videoType` tinyint(1) DEFAULT '0',
  `videoFID` int(10) unsigned DEFAULT NULL,
  `youtubeUrl` varchar(255) COLLATE utf8_unicode_ci DEFAULT NULL,
  `vimeoUrl` varchar(255) COLLATE utf8_unicode_ci DEFAULT NULL,
  PRIMARY KEY (`bID`)
) ENGINE=InnoDB DEFAULT CHARSET=utf8 COLLATE=utf8_unicode_ci;
/*!40101 SET character_set_client = @saved_cs_client */;

--
-- Dumping data for table `btthehivevideobanner`
--

LOCK TABLES `btthehivevideobanner` WRITE;
/*!40000 ALTER TABLE `btthehivevideobanner` DISABLE KEYS */;
INSERT INTO `btthehivevideobanner` VALUES (196,'video test','this is a test for the video banner using a vimeo video','medium','overlaycentre',2,0,'','https://vimeo.com/287704581');
/*!40000 ALTER TABLE `btthehivevideobanner` ENABLE KEYS */;
UNLOCK TABLES;

--
-- Table structure for table `btthehivevision`
--

DROP TABLE IF EXISTS `btthehivevision`;
/*!40101 SET @saved_cs_client     = @@character_set_client */;
/*!40101 SET character_set_client = utf8 */;
CREATE TABLE `btthehivevision` (
  `bID` int(10) unsigned NOT NULL,
  `qID` int(11) DEFAULT NULL,
  `visionQuestion` longtext COLLATE utf8_unicode_ci,
  `visionDescription` longtext COLLATE utf8_unicode_ci,
  `visionAction` longtext COLLATE utf8_unicode_ci,
  `visionActive` varchar(10) COLLATE utf8_unicode_ci DEFAULT '',
  `dateCreated` datetime NOT NULL DEFAULT '0000-00-00 00:00:00',
  `submissionApproval` tinyint(1) DEFAULT '1',
  `categories` longtext COLLATE utf8_unicode_ci,
  `limitCount` smallint(6) DEFAULT '140',
  `limitType` varchar(10) COLLATE utf8_unicode_ci DEFAULT 'characters',
  `notifications` tinyint(1) DEFAULT '1',
  `overrideNotifications` tinyint(1) DEFAULT '0',
  `notifyOnSubmission` longtext COLLATE utf8_unicode_ci,
  `moderation` tinyint(1) DEFAULT '1',
  `dateEnd` datetime DEFAULT NULL,
  `overrideRegisteredOnly` tinyint(1) DEFAULT '0',
  `registeredOnly` tinyint(1) DEFAULT NULL,
  `userAttrSet` int(10) unsigned DEFAULT NULL,
  `ftID` int(10) unsigned DEFAULT NULL,
  `displayActivityTitle` tinyint(1) DEFAULT '1',
  `displayActivityDescription` tinyint(1) DEFAULT '1',
  PRIMARY KEY (`bID`)
) ENGINE=InnoDB DEFAULT CHARSET=utf8 COLLATE=utf8_unicode_ci;
/*!40101 SET character_set_client = @saved_cs_client */;

--
-- Dumping data for table `btthehivevision`
--

LOCK TABLES `btthehivevision` WRITE;
/*!40000 ALTER TABLE `btthehivevision` DISABLE KEYS */;
/*!40000 ALTER TABLE `btthehivevision` ENABLE KEYS */;
UNLOCK TABLES;

--
-- Table structure for table `btthehivevisioncategories`
--

DROP TABLE IF EXISTS `btthehivevisioncategories`;
/*!40101 SET @saved_cs_client     = @@character_set_client */;
/*!40101 SET character_set_client = utf8 */;
CREATE TABLE `btthehivevisioncategories` (
  `categoryID` int(10) unsigned NOT NULL AUTO_INCREMENT,
  `qID` int(10) unsigned DEFAULT NULL,
  `categoryName` varchar(255) COLLATE utf8_unicode_ci DEFAULT NULL,
  `categoryColor` varchar(255) COLLATE utf8_unicode_ci DEFAULT NULL,
  `isDeleted` tinyint(1) DEFAULT '0',
  `categoryOrder` tinyint(1) DEFAULT NULL,
  PRIMARY KEY (`categoryID`)
) ENGINE=InnoDB DEFAULT CHARSET=utf8 COLLATE=utf8_unicode_ci;
/*!40101 SET character_set_client = @saved_cs_client */;

--
-- Dumping data for table `btthehivevisioncategories`
--

LOCK TABLES `btthehivevisioncategories` WRITE;
/*!40000 ALTER TABLE `btthehivevisioncategories` DISABLE KEYS */;
/*!40000 ALTER TABLE `btthehivevisioncategories` ENABLE KEYS */;
UNLOCK TABLES;

--
-- Table structure for table `btthehivevisionrating`
--

DROP TABLE IF EXISTS `btthehivevisionrating`;
/*!40101 SET @saved_cs_client     = @@character_set_client */;
/*!40101 SET character_set_client = utf8 */;
CREATE TABLE `btthehivevisionrating` (
  `ratingID` int(10) unsigned NOT NULL AUTO_INCREMENT,
  `visionID` int(10) unsigned DEFAULT NULL,
  `uID` int(10) unsigned DEFAULT NULL,
  `vote` tinyint(1) DEFAULT '0',
  `timestamp` datetime NOT NULL DEFAULT '0000-00-00 00:00:00',
  PRIMARY KEY (`ratingID`),
  KEY `visionID` (`visionID`)
) ENGINE=InnoDB DEFAULT CHARSET=utf8 COLLATE=utf8_unicode_ci;
/*!40101 SET character_set_client = @saved_cs_client */;

--
-- Dumping data for table `btthehivevisionrating`
--

LOCK TABLES `btthehivevisionrating` WRITE;
/*!40000 ALTER TABLE `btthehivevisionrating` DISABLE KEYS */;
/*!40000 ALTER TABLE `btthehivevisionrating` ENABLE KEYS */;
UNLOCK TABLES;

--
-- Table structure for table `btthehivevisionresults`
--

DROP TABLE IF EXISTS `btthehivevisionresults`;
/*!40101 SET @saved_cs_client     = @@character_set_client */;
/*!40101 SET character_set_client = utf8 */;
CREATE TABLE `btthehivevisionresults` (
  `visionID` int(10) unsigned NOT NULL AUTO_INCREMENT,
  `qID` int(10) unsigned DEFAULT NULL,
  `username` varchar(255) COLLATE utf8_unicode_ci DEFAULT NULL,
  `email` varchar(500) COLLATE utf8_unicode_ci DEFAULT NULL,
  `submission` longtext COLLATE utf8_unicode_ci,
  `updates` tinyint(1) DEFAULT '0',
  `feedbackID` int(10) unsigned DEFAULT NULL,
  `upVotes` int(11) DEFAULT '0',
  `downVotes` int(11) DEFAULT '0',
  `featured` tinyint(1) DEFAULT '0',
  `category` longtext COLLATE utf8_unicode_ci,
  `ftID` int(10) unsigned DEFAULT NULL,
  PRIMARY KEY (`visionID`),
  KEY `qID` (`qID`),
  KEY `feedbackID` (`feedbackID`)
) ENGINE=InnoDB DEFAULT CHARSET=utf8 COLLATE=utf8_unicode_ci;
/*!40101 SET character_set_client = @saved_cs_client */;

--
-- Dumping data for table `btthehivevisionresults`
--

LOCK TABLES `btthehivevisionresults` WRITE;
/*!40000 ALTER TABLE `btthehivevisionresults` DISABLE KEYS */;
/*!40000 ALTER TABLE `btthehivevisionresults` ENABLE KEYS */;
UNLOCK TABLES;

--
-- Table structure for table `btthehivevisionresultsuser`
--

DROP TABLE IF EXISTS `btthehivevisionresultsuser`;
/*!40101 SET @saved_cs_client     = @@character_set_client */;
/*!40101 SET character_set_client = utf8 */;
CREATE TABLE `btthehivevisionresultsuser` (
  `vruID` int(10) unsigned NOT NULL AUTO_INCREMENT,
  `submissionID` int(10) unsigned DEFAULT NULL,
  `userID` int(10) unsigned DEFAULT NULL,
  `akHandle` varchar(100) COLLATE utf8_unicode_ci DEFAULT NULL,
  `submission` varchar(500) COLLATE utf8_unicode_ci DEFAULT NULL,
  PRIMARY KEY (`vruID`),
  KEY `submissionID` (`submissionID`),
  KEY `userID` (`userID`),
  KEY `akHandle` (`akHandle`)
) ENGINE=InnoDB DEFAULT CHARSET=utf8 COLLATE=utf8_unicode_ci;
/*!40101 SET character_set_client = @saved_cs_client */;

--
-- Dumping data for table `btthehivevisionresultsuser`
--

LOCK TABLES `btthehivevisionresultsuser` WRITE;
/*!40000 ALTER TABLE `btthehivevisionresultsuser` DISABLE KEYS */;
/*!40000 ALTER TABLE `btthehivevisionresultsuser` ENABLE KEYS */;
UNLOCK TABLES;

--
-- Table structure for table `btthehivevisionuserattr`
--

DROP TABLE IF EXISTS `btthehivevisionuserattr`;
/*!40101 SET @saved_cs_client     = @@character_set_client */;
/*!40101 SET character_set_client = utf8 */;
CREATE TABLE `btthehivevisionuserattr` (
  `userAttrID` int(10) unsigned NOT NULL AUTO_INCREMENT,
  `userAttrSet` int(10) unsigned DEFAULT NULL,
  `akHandle` varchar(100) COLLATE utf8_unicode_ci DEFAULT NULL,
  `required` int(10) unsigned DEFAULT '0',
  PRIMARY KEY (`userAttrID`)
) ENGINE=InnoDB DEFAULT CHARSET=utf8 COLLATE=utf8_unicode_ci;
/*!40101 SET character_set_client = @saved_cs_client */;

--
-- Dumping data for table `btthehivevisionuserattr`
--

LOCK TABLES `btthehivevisionuserattr` WRITE;
/*!40000 ALTER TABLE `btthehivevisionuserattr` DISABLE KEYS */;
/*!40000 ALTER TABLE `btthehivevisionuserattr` ENABLE KEYS */;
UNLOCK TABLES;

--
-- Table structure for table `btthehivevisionview`
--

DROP TABLE IF EXISTS `btthehivevisionview`;
/*!40101 SET @saved_cs_client     = @@character_set_client */;
/*!40101 SET character_set_client = utf8 */;
CREATE TABLE `btthehivevisionview` (
  `bID` int(10) unsigned NOT NULL,
  `qID` int(10) unsigned DEFAULT NULL,
  `visionCount` int(11) DEFAULT NULL,
  `displayVoting` tinyint(1) DEFAULT '1',
  `enableVoting` tinyint(1) DEFAULT '1',
  `downVote` tinyint(1) DEFAULT '1',
  `filterCategories` varchar(200) COLLATE utf8_unicode_ci DEFAULT '',
  `marginTop` tinyint(1) NOT NULL DEFAULT '0',
  `marginBottom` tinyint(1) NOT NULL DEFAULT '0',
  `marginLeft` tinyint(1) NOT NULL DEFAULT '0',
  `marginRight` tinyint(1) NOT NULL DEFAULT '0',
  `ftID` int(10) unsigned DEFAULT NULL,
  PRIMARY KEY (`bID`),
  KEY `qID` (`qID`)
) ENGINE=InnoDB DEFAULT CHARSET=utf8 COLLATE=utf8_unicode_ci;
/*!40101 SET character_set_client = @saved_cs_client */;

--
-- Dumping data for table `btthehivevisionview`
--

LOCK TABLES `btthehivevisionview` WRITE;
/*!40000 ALTER TABLE `btthehivevisionview` DISABLE KEYS */;
/*!40000 ALTER TABLE `btthehivevisionview` ENABLE KEYS */;
UNLOCK TABLES;

--
-- Table structure for table `btthehivevisualdiff`
--

DROP TABLE IF EXISTS `btthehivevisualdiff`;
/*!40101 SET @saved_cs_client     = @@character_set_client */;
/*!40101 SET character_set_client = utf8 */;
CREATE TABLE `btthehivevisualdiff` (
  `bID` int(10) unsigned NOT NULL,
  `blockTitle` varchar(255) COLLATE utf8_unicode_ci DEFAULT '',
  `blockDescription` longtext COLLATE utf8_unicode_ci,
  `blockDescriptionPosition` varchar(10) COLLATE utf8_unicode_ci DEFAULT NULL,
  `first_fID` int(10) unsigned DEFAULT '0',
  `first_altText` varchar(255) COLLATE utf8_unicode_ci DEFAULT NULL,
  `first_label` varchar(255) COLLATE utf8_unicode_ci DEFAULT NULL,
  `second_fID` int(10) unsigned DEFAULT '0',
  `second_altText` varchar(255) COLLATE utf8_unicode_ci DEFAULT NULL,
  `second_label` varchar(255) COLLATE utf8_unicode_ci DEFAULT NULL,
  `OffsetPct` int(10) unsigned DEFAULT '50',
  `Orientation` varchar(10) COLLATE utf8_unicode_ci DEFAULT 'horizontal',
  `ImageSize` longtext COLLATE utf8_unicode_ci,
  `ImageAlignment` longtext COLLATE utf8_unicode_ci,
  `ImageStyle` longtext COLLATE utf8_unicode_ci,
  PRIMARY KEY (`bID`)
) ENGINE=InnoDB DEFAULT CHARSET=utf8 COLLATE=utf8_unicode_ci;
/*!40101 SET character_set_client = @saved_cs_client */;

--
-- Dumping data for table `btthehivevisualdiff`
--

LOCK TABLES `btthehivevisualdiff` WRITE;
/*!40000 ALTER TABLE `btthehivevisualdiff` DISABLE KEYS */;
/*!40000 ALTER TABLE `btthehivevisualdiff` ENABLE KEYS */;
UNLOCK TABLES;

--
-- Table structure for table `btthehivevr`
--

DROP TABLE IF EXISTS `btthehivevr`;
/*!40101 SET @saved_cs_client     = @@character_set_client */;
/*!40101 SET character_set_client = utf8 */;
CREATE TABLE `btthehivevr` (
  `bID` int(10) unsigned NOT NULL,
  `title` varchar(255) COLLATE utf8_unicode_ci DEFAULT NULL,
  `description` longtext COLLATE utf8_unicode_ci,
  `fID` int(10) unsigned DEFAULT NULL,
  `height` varchar(15) COLLATE utf8_unicode_ci DEFAULT NULL,
  `imageType` varchar(10) COLLATE utf8_unicode_ci DEFAULT NULL,
  `vrMode` tinyint(1) DEFAULT NULL,
  `autopan` tinyint(1) DEFAULT NULL,
  `startPosition` smallint(6) DEFAULT NULL,
  PRIMARY KEY (`bID`)
) ENGINE=InnoDB DEFAULT CHARSET=utf8 COLLATE=utf8_unicode_ci;
/*!40101 SET character_set_client = @saved_cs_client */;

--
-- Dumping data for table `btthehivevr`
--

LOCK TABLES `btthehivevr` WRITE;
/*!40000 ALTER TABLE `btthehivevr` DISABLE KEYS */;
/*!40000 ALTER TABLE `btthehivevr` ENABLE KEYS */;
UNLOCK TABLES;

--
-- Table structure for table `btthehivewebmap`
--

DROP TABLE IF EXISTS `btthehivewebmap`;
/*!40101 SET @saved_cs_client     = @@character_set_client */;
/*!40101 SET character_set_client = utf8 */;
CREATE TABLE `btthehivewebmap` (
  `bID` int(10) unsigned NOT NULL,
  `mapTitle` longtext COLLATE utf8_unicode_ci,
  `mapDescription` longtext COLLATE utf8_unicode_ci,
  `mapLocation` longtext COLLATE utf8_unicode_ci,
  `mapLat` varchar(255) COLLATE utf8_unicode_ci DEFAULT '',
  `mapLon` varchar(255) COLLATE utf8_unicode_ci DEFAULT '',
  `mapCentrePin` varchar(10) COLLATE utf8_unicode_ci DEFAULT '',
  `mapZoomLevel` int(11) DEFAULT NULL,
  `mapScale` varchar(10) COLLATE utf8_unicode_ci DEFAULT '',
  `mapOverview` varchar(10) COLLATE utf8_unicode_ci DEFAULT '',
  `baseMaps` longtext COLLATE utf8_unicode_ci,
  `activeBaseMap` varchar(255) COLLATE utf8_unicode_ci DEFAULT NULL,
  `mapWidth` varchar(10) COLLATE utf8_unicode_ci DEFAULT '',
  `mapHeight` varchar(10) COLLATE utf8_unicode_ci DEFAULT '',
  `mapPosition` varchar(10) COLLATE utf8_unicode_ci DEFAULT '',
  PRIMARY KEY (`bID`)
) ENGINE=InnoDB DEFAULT CHARSET=utf8 COLLATE=utf8_unicode_ci;
/*!40101 SET character_set_client = @saved_cs_client */;

--
-- Dumping data for table `btthehivewebmap`
--

LOCK TABLES `btthehivewebmap` WRITE;
/*!40000 ALTER TABLE `btthehivewebmap` DISABLE KEYS */;
/*!40000 ALTER TABLE `btthehivewebmap` ENABLE KEYS */;
UNLOCK TABLES;

--
-- Table structure for table `btthehivewebmaplayers`
--

DROP TABLE IF EXISTS `btthehivewebmaplayers`;
/*!40101 SET @saved_cs_client     = @@character_set_client */;
/*!40101 SET character_set_client = utf8 */;
CREATE TABLE `btthehivewebmaplayers` (
  `layerId` int(10) unsigned NOT NULL AUTO_INCREMENT,
  `bID` int(10) unsigned NOT NULL,
  `fID` int(10) unsigned NOT NULL,
  `filename` longtext COLLATE utf8_unicode_ci,
  `label` longtext COLLATE utf8_unicode_ci,
  `position` int(10) unsigned DEFAULT NULL,
  `layerType` varchar(10) COLLATE utf8_unicode_ci DEFAULT '',
  `layerGeom` varchar(10) COLLATE utf8_unicode_ci DEFAULT '',
  `strokeColor` varchar(255) COLLATE utf8_unicode_ci DEFAULT '',
  `strokeWidth` int(10) unsigned DEFAULT NULL,
  `strokeOpacity` double DEFAULT NULL,
  `fillColor` varchar(255) COLLATE utf8_unicode_ci DEFAULT '',
  `fillOpacity` double DEFAULT NULL,
  `markerSize` int(10) unsigned DEFAULT NULL,
  `dashArray` varchar(10) COLLATE utf8_unicode_ci DEFAULT '',
  `layerPopup` varchar(10) COLLATE utf8_unicode_ci DEFAULT '',
  `layerPopupFields` longtext COLLATE utf8_unicode_ci,
  `layerProps` longtext COLLATE utf8_unicode_ci,
  PRIMARY KEY (`layerId`),
  KEY `bID` (`bID`)
) ENGINE=InnoDB DEFAULT CHARSET=utf8 COLLATE=utf8_unicode_ci;
/*!40101 SET character_set_client = @saved_cs_client */;

--
-- Dumping data for table `btthehivewebmaplayers`
--

LOCK TABLES `btthehivewebmaplayers` WRITE;
/*!40000 ALTER TABLE `btthehivewebmaplayers` DISABLE KEYS */;
/*!40000 ALTER TABLE `btthehivewebmaplayers` ENABLE KEYS */;
UNLOCK TABLES;

--
-- Table structure for table `bttopiclist`
--

DROP TABLE IF EXISTS `bttopiclist`;
/*!40101 SET @saved_cs_client     = @@character_set_client */;
/*!40101 SET character_set_client = utf8 */;
CREATE TABLE `bttopiclist` (
  `bID` int(10) unsigned NOT NULL,
  `mode` varchar(1) COLLATE utf8_unicode_ci NOT NULL DEFAULT 'S',
  `topicAttributeKeyHandle` varchar(255) COLLATE utf8_unicode_ci NOT NULL DEFAULT '',
  `topicTreeID` int(10) unsigned NOT NULL DEFAULT '0',
  `cParentID` int(10) unsigned NOT NULL DEFAULT '0',
  `title` varchar(255) COLLATE utf8_unicode_ci NOT NULL DEFAULT '',
  PRIMARY KEY (`bID`)
) ENGINE=InnoDB DEFAULT CHARSET=utf8 COLLATE=utf8_unicode_ci;
/*!40101 SET character_set_client = @saved_cs_client */;

--
-- Dumping data for table `bttopiclist`
--

LOCK TABLES `bttopiclist` WRITE;
/*!40000 ALTER TABLE `bttopiclist` DISABLE KEYS */;
/*!40000 ALTER TABLE `bttopiclist` ENABLE KEYS */;
UNLOCK TABLES;

--
-- Table structure for table `btvideo`
--

DROP TABLE IF EXISTS `btvideo`;
/*!40101 SET @saved_cs_client     = @@character_set_client */;
/*!40101 SET character_set_client = utf8 */;
CREATE TABLE `btvideo` (
  `bID` int(10) unsigned NOT NULL,
  `webmfID` int(10) unsigned DEFAULT '0',
  `oggfID` int(10) unsigned DEFAULT '0',
  `posterfID` int(10) unsigned DEFAULT '0',
  `mp4fID` int(10) unsigned DEFAULT '0',
  `width` int(10) unsigned DEFAULT NULL,
  `height` int(10) unsigned DEFAULT NULL,
  PRIMARY KEY (`bID`)
) ENGINE=InnoDB DEFAULT CHARSET=utf8 COLLATE=utf8_unicode_ci;
/*!40101 SET character_set_client = @saved_cs_client */;

--
-- Dumping data for table `btvideo`
--

LOCK TABLES `btvideo` WRITE;
/*!40000 ALTER TABLE `btvideo` DISABLE KEYS */;
/*!40000 ALTER TABLE `btvideo` ENABLE KEYS */;
UNLOCK TABLES;

--
-- Table structure for table `btyoutube`
--

DROP TABLE IF EXISTS `btyoutube`;
/*!40101 SET @saved_cs_client     = @@character_set_client */;
/*!40101 SET character_set_client = utf8 */;
CREATE TABLE `btyoutube` (
  `bID` int(10) unsigned NOT NULL,
  `title` varchar(255) COLLATE utf8_unicode_ci DEFAULT NULL,
  `videoURL` varchar(255) COLLATE utf8_unicode_ci DEFAULT NULL,
  `vHeight` varchar(255) COLLATE utf8_unicode_ci DEFAULT NULL,
  `vWidth` varchar(255) COLLATE utf8_unicode_ci DEFAULT NULL,
  `vPlayer` tinyint(1) NOT NULL DEFAULT '0',
  PRIMARY KEY (`bID`)
) ENGINE=InnoDB DEFAULT CHARSET=utf8 COLLATE=utf8_unicode_ci;
/*!40101 SET character_set_client = @saved_cs_client */;

--
-- Dumping data for table `btyoutube`
--

LOCK TABLES `btyoutube` WRITE;
/*!40000 ALTER TABLE `btyoutube` DISABLE KEYS */;
/*!40000 ALTER TABLE `btyoutube` ENABLE KEYS */;
UNLOCK TABLES;

--
-- Table structure for table `collectionattributevalues`
--

DROP TABLE IF EXISTS `collectionattributevalues`;
/*!40101 SET @saved_cs_client     = @@character_set_client */;
/*!40101 SET character_set_client = utf8 */;
CREATE TABLE `collectionattributevalues` (
  `cID` int(10) unsigned NOT NULL DEFAULT '0',
  `cvID` int(10) unsigned NOT NULL DEFAULT '0',
  `akID` int(10) unsigned NOT NULL DEFAULT '0',
  `avID` int(10) unsigned DEFAULT '0',
  PRIMARY KEY (`cID`,`cvID`,`akID`),
  KEY `akID` (`akID`),
  KEY `avID` (`avID`)
) ENGINE=InnoDB DEFAULT CHARSET=utf8 COLLATE=utf8_unicode_ci;
/*!40101 SET character_set_client = @saved_cs_client */;

--
-- Dumping data for table `collectionattributevalues`
--

LOCK TABLES `collectionattributevalues` WRITE;
/*!40000 ALTER TABLE `collectionattributevalues` DISABLE KEYS */;
INSERT INTO `collectionattributevalues` VALUES (2,1,4,1),(3,1,3,2),(4,1,3,3),(5,1,3,4),(6,1,3,5),(8,1,3,6),(9,1,3,7),(10,1,3,8),(11,1,5,9),(11,1,3,10),(12,1,3,11),(13,1,3,12),(14,1,3,13),(15,1,3,14),(16,1,3,15),(16,1,5,16),(17,1,3,17),(17,1,5,18),(19,1,3,19),(20,1,3,20),(22,1,3,21),(23,1,3,22),(24,1,3,23),(25,1,3,24),(26,1,3,25),(28,1,3,26),(29,1,3,27),(29,1,5,28),(31,1,5,29),(32,1,5,30),(33,1,5,31),(34,1,5,32),(35,1,5,33),(36,1,5,34),(38,1,5,35),(39,1,3,36),(40,1,3,37),(41,1,3,38),(43,1,4,39),(44,1,3,40),(48,1,3,41),(50,1,5,42),(50,1,10,43),(50,1,3,44),(51,1,3,45),(52,1,3,46),(53,1,5,47),(54,1,3,48),(55,1,3,49),(56,1,3,50),(56,1,5,51),(57,1,3,52),(58,1,3,53),(59,1,3,54),(61,1,3,55),(62,1,3,56),(63,1,3,57),(64,1,3,58),(65,1,3,59),(66,1,3,60),(67,1,3,61),(68,1,3,62),(73,1,3,63),(74,1,3,64),(75,1,3,65),(76,1,3,66),(77,1,3,67),(79,1,3,68),(80,1,3,69),(81,1,3,70),(82,1,3,71),(84,1,3,72),(85,1,3,73),(86,1,3,74),(87,1,3,75),(89,1,3,76),(90,1,3,77),(93,1,3,78),(94,1,3,79),(95,1,3,80),(96,1,3,81),(98,1,3,82),(99,1,3,83),(100,1,3,84),(101,1,3,85),(102,1,3,86),(103,1,3,87),(104,1,3,88),(105,1,3,89),(106,1,3,90),(107,1,3,91),(108,1,3,92),(109,1,3,93),(111,1,3,94),(112,1,3,95),(113,1,3,96),(114,1,3,97),(116,1,10,98),(117,1,3,99),(118,1,3,100),(119,1,3,101),(120,1,3,102),(121,1,3,103),(123,1,3,104),(126,1,4,108),(127,1,4,109),(128,1,4,110),(131,1,4,111),(152,1,3,125),(170,1,5,127),(172,1,5,128),(174,1,5,129),(25,2,3,130),(24,2,3,131),(46,2,5,166),(8,2,3,167),(8,2,5,168),(13,2,3,169),(13,2,5,170),(4,2,3,171),(4,2,5,172),(44,2,3,174),(44,2,4,175),(158,2,4,176),(149,2,4,177),(151,2,4,178),(23,2,3,179),(23,2,4,180),(7,2,4,181),(12,2,3,182),(12,2,4,183),(3,2,3,184),(3,2,4,185),(27,2,4,186),(42,2,4,187),(47,2,4,188),(52,2,3,189),(52,2,4,190),(59,2,3,191),(59,2,4,192),(1,26,5,246),(189,1,3,251),(23,3,3,288),(23,3,4,289),(142,1,5,357),(215,1,5,357),(214,1,5,365),(164,1,5,366),(205,5,1,373),(205,5,2,374),(205,5,3,375),(205,5,5,376),(205,5,7,377),(205,5,11,378),(205,5,30,379),(204,4,5,380),(204,4,30,381),(200,5,5,382),(200,5,30,383),(214,1,30,422),(218,1,5,440),(175,1,5,726),(217,1,5,727),(307,1,5,822),(309,1,5,823),(310,1,5,824),(255,1,5,825),(206,6,5,856),(206,6,30,857),(314,1,5,858),(314,1,30,859),(315,1,4,866),(150,1,5,867),(335,1,5,868),(336,1,5,869),(337,1,5,870),(338,1,5,871),(339,1,5,872),(340,1,5,873),(342,1,5,874),(343,1,5,875),(345,1,5,876),(346,1,5,877),(352,1,5,878),(354,1,5,879),(355,1,5,880),(356,1,5,881),(357,1,5,882),(152,1,5,883),(24,2,5,884),(25,2,5,885),(169,2,5,886),(171,2,5,887),(358,1,5,888),(359,1,5,889),(360,1,5,890),(361,1,5,891),(206,6,1,892),(206,6,2,893),(206,6,3,894),(206,6,7,895),(206,6,11,896),(362,1,5,897),(363,1,5,898),(364,1,5,899),(365,1,5,900),(367,1,5,901),(368,1,5,902),(370,1,5,903),(371,1,5,904),(372,1,5,905),(373,1,5,906),(374,1,5,907),(375,1,5,908),(376,1,5,909),(376,1,4,910),(377,1,5,911),(377,1,4,912),(378,1,5,913),(379,1,5,914),(379,1,4,915),(380,1,5,916),(380,1,4,917),(381,1,5,918),(381,1,4,919),(382,1,5,920),(382,1,4,921),(383,1,5,922),(383,1,4,923),(384,1,5,924),(385,1,5,925),(386,1,5,926);
/*!40000 ALTER TABLE `collectionattributevalues` ENABLE KEYS */;
UNLOCK TABLES;

--
-- Table structure for table `collections`
--

DROP TABLE IF EXISTS `collections`;
/*!40101 SET @saved_cs_client     = @@character_set_client */;
/*!40101 SET character_set_client = utf8 */;
CREATE TABLE `collections` (
  `cID` int(10) unsigned NOT NULL AUTO_INCREMENT,
  `cDateAdded` datetime NOT NULL DEFAULT '0000-00-00 00:00:00',
  `cDateModified` datetime NOT NULL DEFAULT '0000-00-00 00:00:00',
  `cHandle` varchar(255) COLLATE utf8_unicode_ci DEFAULT NULL,
  PRIMARY KEY (`cID`),
  KEY `cIDDateModified` (`cID`,`cDateModified`),
  KEY `cDateModified` (`cDateModified`),
  KEY `cDateAdded` (`cDateAdded`)
) ENGINE=InnoDB AUTO_INCREMENT=387 DEFAULT CHARSET=utf8 COLLATE=utf8_unicode_ci;
/*!40101 SET character_set_client = @saved_cs_client */;

--
-- Dumping data for table `collections`
--

LOCK TABLES `collections` WRITE;
/*!40000 ALTER TABLE `collections` DISABLE KEYS */;
INSERT INTO `collections` VALUES (1,'2015-03-13 05:10:23','2018-03-28 12:59:28','home'),(2,'2015-03-13 05:12:14','2015-03-13 05:12:14','dashboard'),(3,'2015-03-13 05:12:14','2015-05-06 12:30:19','sitemap'),(4,'2015-03-13 05:12:14','2015-05-06 12:25:13','full'),(5,'2015-03-13 05:12:14','2015-03-13 05:12:14','explore'),(6,'2015-03-13 05:12:14','2015-03-13 05:12:14','search'),(7,'2015-03-13 05:12:14','2015-05-06 12:29:56','files'),(8,'2015-03-13 05:12:14','2015-05-06 12:24:30','search'),(9,'2015-03-13 05:12:14','2015-03-13 05:12:14','attributes'),(10,'2015-03-13 05:12:14','2015-03-13 05:12:14','sets'),(11,'2015-03-13 05:12:15','2015-03-13 05:12:15','add_set'),(12,'2015-03-13 05:12:15','2015-05-06 12:30:06','users'),(13,'2015-03-13 05:12:15','2016-09-28 20:01:56','search'),(14,'2015-03-13 05:12:15','2015-03-13 05:12:15','groups'),(15,'2015-03-13 05:12:15','2015-03-13 05:12:15','attributes'),(16,'2015-03-13 05:12:15','2015-03-13 05:12:15','add'),(17,'2015-03-13 05:12:15','2015-03-13 05:12:15','add_group'),(18,'2015-03-13 05:12:15','2015-03-13 05:12:15','bulkupdate'),(19,'2015-03-13 05:12:15','2015-03-13 05:12:15','group_sets'),(20,'2015-03-13 05:12:15','2015-03-13 05:12:16','points'),(21,'2015-03-13 05:12:16','2015-03-13 05:12:16','assign'),(22,'2015-03-13 05:12:16','2015-03-13 05:12:16','actions'),(23,'2015-03-13 05:12:16','2017-12-13 12:14:55','reports'),(24,'2015-03-13 05:12:16','2015-03-16 13:15:10','forms'),(25,'2015-03-13 05:12:16','2015-03-16 13:14:25','surveys'),(26,'2015-03-13 05:12:16','2017-12-13 12:14:56','logs'),(27,'2015-03-13 05:12:16','2015-05-06 12:30:32','pages'),(28,'2015-03-13 05:12:16','2015-03-13 05:12:16','themes'),(29,'2015-03-13 05:12:16','2015-03-13 05:12:16','inspect'),(30,'2015-03-13 05:12:16','2015-03-13 05:12:16','types'),(31,'2015-03-13 05:12:16','2015-03-13 05:12:16','organize'),(32,'2015-03-13 05:12:16','2015-03-13 05:12:16','add'),(33,'2015-03-13 05:12:17','2015-03-13 05:12:17','form'),(34,'2015-03-13 05:12:17','2015-03-13 05:12:17','output'),(35,'2015-03-13 05:12:17','2015-03-13 05:12:17','attributes'),(36,'2015-03-13 05:12:17','2015-03-13 05:12:17','permissions'),(37,'2015-03-13 05:12:17','2015-03-13 05:12:17','templates'),(38,'2015-03-13 05:12:17','2015-03-13 05:12:17','add'),(39,'2015-03-13 05:12:17','2015-03-13 05:12:17','attributes'),(40,'2015-03-13 05:12:17','2015-03-13 05:12:17','single'),(41,'2015-03-13 05:12:17','2015-03-13 05:12:17','feeds'),(42,'2015-03-13 05:12:17','2015-05-06 12:30:44','conversations'),(43,'2015-03-13 05:12:18','2015-03-13 05:12:18','messages'),(44,'2015-03-13 05:12:18','2015-05-06 12:28:29','workflow'),(45,'2015-03-13 05:12:18','2015-03-13 05:12:18','workflows'),(46,'2015-03-13 05:12:18','2015-05-06 12:23:57','me'),(47,'2015-03-13 05:12:18','2015-05-06 12:30:55','blocks'),(48,'2015-03-13 05:12:18','2015-03-13 05:12:18','stacks'),(49,'2015-03-13 05:12:18','2015-03-13 05:12:18','permissions'),(50,'2015-03-13 05:12:18','2015-03-13 05:12:18','list'),(51,'2015-03-13 05:12:18','2015-03-13 05:12:18','types'),(52,'2015-03-13 05:12:18','2015-05-06 12:31:14','extend'),(53,'2015-03-13 05:12:18','2015-03-13 05:12:18','news'),(54,'2015-03-13 05:12:18','2015-03-13 05:12:19','install'),(55,'2015-03-13 05:12:19','2015-03-13 05:12:19','update'),(56,'2015-03-13 05:12:19','2015-03-13 05:12:19','connect'),(57,'2015-03-13 05:12:19','2015-03-13 05:12:19','themes'),(58,'2015-03-13 05:12:19','2015-03-13 05:12:19','addons'),(59,'2015-03-13 05:12:19','2015-05-06 12:31:27','system'),(60,'2015-03-13 05:12:19','2015-03-13 05:12:19','basics'),(61,'2015-03-13 05:12:19','2015-03-13 05:12:19','name'),(62,'2015-03-13 05:12:19','2015-03-13 05:12:19','accessibility'),(63,'2015-03-13 05:12:19','2015-03-13 05:12:19','social'),(64,'2015-03-13 05:12:19','2015-03-13 05:12:19','icons'),(65,'2015-03-13 05:12:20','2015-03-13 05:12:20','editor'),(66,'2015-03-13 05:12:20','2015-03-13 05:12:20','multilingual'),(67,'2015-03-13 05:12:20','2015-03-13 05:12:20','timezone'),(68,'2015-03-13 05:12:20','2015-03-13 05:12:20','multilingual'),(69,'2015-03-13 05:12:20','2015-03-13 05:12:20','setup'),(70,'2015-03-13 05:12:20','2015-03-13 05:12:20','page_report'),(71,'2015-03-13 05:12:20','2015-03-13 05:12:20','translate_interface'),(72,'2015-03-13 05:12:20','2015-03-13 05:12:20','seo'),(73,'2015-03-13 05:12:20','2015-05-18 10:40:24','urls'),(74,'2015-03-13 05:12:20','2015-03-13 05:12:20','bulk'),(75,'2015-03-13 05:12:20','2015-03-13 05:12:20','codes'),(76,'2015-03-13 05:12:21','2015-03-13 05:12:21','excluded'),(77,'2015-03-13 05:12:21','2015-03-13 05:12:21','searchindex'),(78,'2015-03-13 05:12:21','2015-03-13 05:12:21','files'),(79,'2015-03-13 05:12:21','2015-03-13 05:12:21','permissions'),(80,'2015-03-13 05:12:21','2015-03-13 05:12:21','filetypes'),(81,'2015-03-13 05:12:21','2015-03-13 05:12:21','thumbnails'),(82,'2015-03-13 05:12:21','2015-03-13 05:12:21','storage'),(83,'2015-03-13 05:12:21','2015-03-13 05:12:21','optimization'),(84,'2015-03-13 05:12:21','2015-03-13 05:12:21','cache'),(85,'2015-03-13 05:12:21','2015-03-13 05:12:21','clearcache'),(86,'2015-03-13 05:12:21','2015-03-13 05:12:22','jobs'),(87,'2015-03-13 05:12:22','2015-03-13 05:12:22','query_log'),(88,'2015-03-13 05:12:22','2015-03-13 05:12:22','permissions'),(89,'2015-03-13 05:12:22','2015-03-13 05:12:22','site'),(90,'2015-03-13 05:12:22','2015-03-13 05:12:22','tasks'),(91,'2015-03-13 05:12:22','2015-03-13 05:12:22','users'),(92,'2015-03-13 05:12:22','2015-03-13 05:12:22','advanced'),(93,'2015-03-13 05:12:22','2015-03-13 05:12:22','blacklist'),(94,'2015-03-13 05:12:22','2015-03-13 05:12:22','captcha'),(95,'2015-03-13 05:12:22','2015-03-13 05:12:22','antispam'),(96,'2015-03-13 05:12:22','2015-03-13 05:12:23','maintenance'),(97,'2015-03-13 05:12:23','2015-03-13 05:12:23','registration'),(98,'2015-03-13 05:12:23','2015-03-13 05:12:23','postlogin'),(99,'2015-03-13 05:12:23','2015-03-13 05:12:23','profiles'),(100,'2015-03-13 05:12:23','2015-03-13 05:12:23','open'),(101,'2015-03-13 05:12:23','2015-03-13 05:12:23','authentication'),(102,'2015-03-13 05:12:23','2015-03-13 05:12:23','mail'),(103,'2015-03-13 05:12:23','2015-03-13 05:12:23','method'),(104,'2015-03-13 05:12:23','2015-03-13 05:12:23','test'),(105,'2015-03-13 05:12:23','2015-03-13 05:12:23','importers'),(106,'2015-03-13 05:12:23','2015-03-13 05:12:23','conversations'),(107,'2015-03-13 05:12:24','2015-03-13 05:12:24','settings'),(108,'2015-03-13 05:12:24','2015-03-13 05:12:24','points'),(109,'2015-03-13 05:12:24','2015-03-13 05:12:24','bannedwords'),(110,'2015-03-13 05:12:24','2015-03-13 05:12:24','permissions'),(111,'2015-03-13 05:12:24','2015-03-13 05:12:24','attributes'),(112,'2015-03-13 05:12:24','2015-03-13 05:12:24','sets'),(113,'2015-03-13 05:12:24','2015-03-13 05:12:24','types'),(114,'2015-03-13 05:12:24','2015-03-13 05:12:24','topics'),(115,'2015-03-13 05:12:24','2015-03-13 05:12:24','add'),(116,'2015-03-13 05:12:24','2015-03-13 05:12:24','environment'),(117,'2015-03-13 05:12:24','2015-03-13 05:12:25','info'),(118,'2015-03-13 05:12:25','2015-03-13 05:12:25','debug'),(119,'2015-03-13 05:12:25','2015-03-13 05:12:25','logging'),(120,'2015-03-13 05:12:25','2015-03-13 05:12:25','proxy'),(121,'2015-03-13 05:12:25','2015-03-13 05:12:25','backup'),(122,'2015-03-13 05:12:25','2015-03-13 05:12:25','backup'),(123,'2015-03-13 05:12:25','2015-03-13 05:12:25','update'),(126,'2015-03-13 05:12:32','2015-03-13 05:12:32','!drafts'),(127,'2015-03-13 05:12:32','2015-03-13 05:12:32','!trash'),(128,'2015-03-13 05:12:32','2015-03-13 05:12:32','!stacks'),(129,'2015-03-13 05:12:32','2015-03-13 05:12:32','login'),(130,'2015-03-13 05:12:33','2015-03-13 05:12:33','register'),(131,'2015-03-13 05:12:33','2015-03-13 05:12:33','account'),(132,'2015-03-13 05:12:33','2015-03-13 05:12:33','edit_profile'),(133,'2015-03-13 05:12:33','2015-03-13 05:12:33','avatar'),(134,'2015-03-13 05:12:33','2015-03-13 05:12:33','messages'),(135,'2015-03-13 05:12:33','2015-03-13 05:12:33','inbox'),(136,'2015-03-13 05:12:33','2015-03-13 05:12:33','members'),(137,'2015-03-13 05:12:33','2015-03-13 05:12:33','profile'),(138,'2015-03-13 05:12:33','2015-03-13 05:12:33','directory'),(139,'2015-03-13 05:12:33','2016-02-19 09:34:39','page_not_found'),(140,'2015-03-13 05:12:33','2015-03-13 05:12:33','page_forbidden'),(141,'2015-03-13 05:12:33','2015-03-13 05:12:34','download_file'),(142,'2015-03-13 05:12:36','2015-03-13 05:12:36',NULL),(149,'2015-03-16 12:49:25','2015-05-06 12:29:14','projects'),(150,'2015-03-16 12:49:26','2015-03-16 12:49:26','launch'),(151,'2015-03-16 12:49:26','2017-12-13 12:14:56','results'),(152,'2015-03-16 12:49:26','2017-12-13 12:14:56','conversations'),(155,'2015-03-16 12:49:26','2017-12-13 12:14:56','sessions'),(156,'2015-03-16 12:49:27','2017-12-13 12:14:56','visitors'),(158,'2015-03-16 12:49:27','2015-05-06 12:29:02','moderation'),(163,'2015-03-16 13:00:15','2015-03-16 13:01:02',NULL),(164,'2015-03-16 13:01:21','2015-03-16 13:01:49',NULL),(169,'2015-03-16 13:11:59','2017-12-13 12:14:56','social_maps'),(170,'2015-03-16 13:12:00','2017-12-13 12:14:56','results'),(171,'2015-03-16 13:12:00','2017-12-13 12:14:56','visions'),(172,'2015-03-16 13:12:00','2017-12-13 12:14:56','results'),(173,'2015-03-16 13:12:45','2017-12-13 12:14:56','subscriptions'),(174,'2015-03-16 13:12:45','2017-12-13 12:14:56','results'),(175,'2015-03-16 22:44:27','2015-03-16 22:44:27',NULL),(176,'2015-04-13 12:32:37','2015-04-13 12:32:37','moderation'),(177,'2015-04-13 12:32:37','2015-04-13 12:32:37','reason'),(189,'2015-05-18 10:40:24','2015-05-18 10:40:24','entities'),(193,'2015-08-03 12:44:09','2015-08-03 12:44:09','permissions'),(194,'2015-08-14 10:23:17','2015-08-14 10:23:17','api'),(195,'2015-08-14 10:23:30','2015-08-14 10:23:30','settings'),(196,'2015-08-20 13:19:40','2015-08-20 13:19:41','copy'),(200,'2015-11-04 14:26:04','2017-03-28 16:34:23',''),(204,'2015-11-18 14:21:26','2016-09-29 10:26:04',''),(205,'2015-11-18 14:21:30','2016-09-29 10:23:35',''),(206,'2015-11-23 11:44:17','2018-03-28 12:57:34',''),(209,'2016-01-27 10:24:58','2016-01-27 10:24:58','logo'),(210,'2016-01-27 10:24:58','2016-02-21 18:44:26','action-item-left'),(211,'2016-01-27 10:24:58','2016-02-21 18:44:26','action-item-middle'),(212,'2016-01-27 10:24:58','2016-02-21 18:44:26','action-item-right'),(213,'2016-01-27 10:24:58','2016-01-27 10:24:58','footer-left'),(214,'2016-02-18 14:24:05','2016-02-18 14:24:05',NULL),(215,'2016-02-18 14:29:15','2016-02-18 14:29:15',NULL),(216,'2016-02-18 14:31:42','2016-02-18 14:31:42',NULL),(217,'2016-02-18 14:39:15','2016-02-18 14:39:15',NULL),(218,'2016-02-18 14:51:50','2016-02-18 14:51:50',NULL),(220,'2016-02-19 08:41:32','2016-02-19 08:41:32',NULL),(238,'2016-02-19 13:06:30','2016-02-19 13:06:30',NULL),(251,'2016-04-13 15:12:07','2016-04-13 15:12:07',NULL),(252,'2016-04-13 15:37:38','2016-04-13 15:37:38',NULL),(255,'2016-04-28 07:30:02','2016-07-26 10:24:33','import'),(306,'2016-07-26 10:24:32','2016-07-26 10:24:32','site'),(307,'2016-07-26 10:24:32','2016-07-26 10:24:32','add'),(308,'2016-07-26 10:24:32','2016-07-26 10:24:32','community'),(309,'2016-07-26 10:24:32','2016-07-26 10:24:32','add'),(310,'2016-09-28 20:01:56','2016-09-28 20:01:56','import'),(311,'2016-10-25 16:42:27','2016-10-25 16:42:28','internal'),(314,'2016-11-04 02:51:42','2016-11-04 02:52:14',''),(315,'2016-12-19 16:31:30','2016-12-19 16:31:31','settings'),(316,'2016-12-19 16:31:31','2016-12-19 16:31:31','site'),(317,'2016-12-19 16:31:31','2016-12-19 16:31:31','basics'),(318,'2016-12-19 16:31:31','2016-12-19 16:31:31','contact'),(319,'2016-12-19 16:31:31','2016-12-19 16:31:31','tracking_codes'),(320,'2016-12-19 16:31:31','2016-12-19 16:31:31','social_links'),(321,'2016-12-19 16:31:31','2016-12-19 16:31:31','apis'),(322,'2016-12-19 16:31:32','2016-12-19 16:31:32','map'),(324,'2016-12-19 16:31:32','2016-12-19 16:31:32','users'),(325,'2016-12-19 16:31:32','2016-12-19 16:31:32','attributes'),(326,'2016-12-19 16:31:32','2016-12-19 16:31:32','registration'),(327,'2016-12-19 16:31:32','2016-12-19 16:31:32','profiles'),(328,'2016-12-19 16:31:33','2016-12-19 16:31:33','moderation'),(329,'2016-12-19 16:31:33','2016-12-19 16:31:33','moderation_method'),(330,'2016-12-19 16:31:33','2016-12-19 16:31:33','banned_words'),(331,'2016-12-19 16:31:33','2016-12-19 16:31:33','email'),(332,'2016-12-19 16:31:33','2016-12-19 16:31:33','notifications'),(333,'2017-08-15 02:29:15','2017-12-13 12:15:06','quota'),(334,'2017-12-13 12:13:39','2017-12-13 12:13:39','image_uploading'),(335,'2017-12-13 12:14:52','2017-12-13 12:14:55','settings'),(336,'2017-12-13 12:14:56','2017-12-13 12:14:56','overview'),(337,'2017-12-13 12:14:57','2017-12-13 12:14:57','audience'),(338,'2017-12-13 12:14:57','2017-12-13 12:14:57','results'),(339,'2017-12-13 12:14:57','2017-12-13 12:14:57','behaviour'),(340,'2017-12-13 12:14:57','2017-12-13 12:14:57','acquisition'),(341,'2017-12-13 12:15:01','2017-12-13 12:15:01','teams'),(342,'2017-12-13 12:15:01','2017-12-13 12:15:01','add'),(343,'2017-12-13 12:15:01','2017-12-13 12:15:01','edit'),(344,'2017-12-13 12:15:02','2017-12-13 12:15:02','project_groups'),(345,'2017-12-13 12:15:02','2017-12-13 12:15:02','add'),(346,'2017-12-13 12:15:02','2017-12-13 12:15:02','edit'),(347,'2017-12-13 12:15:02','2017-12-13 12:15:02','projects'),(348,'2017-12-13 12:15:02','2017-12-13 12:15:02','user_roles'),(349,'2017-12-13 12:15:05','2017-12-13 12:15:05','admin_permissions'),(350,'2017-12-13 12:15:05','2017-12-13 12:15:05','project_follow'),(351,'2017-12-13 12:15:09','2017-12-13 12:15:09','launch_wizard'),(352,'2017-12-13 12:15:09','2017-12-13 12:15:09','date_time_format'),(353,'2017-12-13 12:15:10','2017-12-13 12:15:10','project_interests'),(354,'2017-12-13 12:15:10','2017-12-13 12:15:10','add_category'),(355,'2017-12-13 12:15:10','2017-12-13 12:15:10','edit_category'),(356,'2017-12-13 12:15:10','2017-12-13 12:15:10','add_location'),(357,'2017-12-13 12:15:10','2017-12-13 12:15:10','edit_location'),(358,'2018-02-22 14:37:09','2018-02-22 14:37:09','qa'),(359,'2018-02-22 14:37:09','2018-02-22 14:37:09','results'),(360,'2018-03-08 15:56:23','2018-03-08 15:56:23','budgeting'),(361,'2018-03-08 15:56:23','2018-03-08 15:56:23','results'),(362,'2018-04-26 13:57:36','2018-07-12 13:12:15','stories'),(363,'2018-04-26 13:57:37','2018-04-26 13:57:37','results'),(364,'2018-04-26 13:57:37','2018-04-26 13:57:37','comments'),(365,'2018-04-26 13:57:37','2018-04-26 13:57:37','results'),(366,'2018-05-24 13:23:46','2018-05-24 13:23:46','maintenance_mode'),(367,'2018-07-05 11:36:43','2018-07-05 11:36:44','people'),(368,'2018-07-05 11:36:44','2018-10-04 09:59:03','followers'),(369,'2018-07-05 11:36:48','2018-07-05 11:36:48','privacy'),(370,'2018-10-04 09:59:03','2018-10-04 09:59:03','participation'),(371,'2018-10-04 09:59:03','2018-10-04 09:59:04','statistics'),(372,'2018-10-04 09:59:03','2018-10-04 09:59:04','analysis'),(373,'2018-10-04 09:59:03','2018-10-04 09:59:04','responses'),(374,'2018-12-06 10:51:08','2018-12-06 10:51:08','unsubscribe'),(375,'2019-02-07 14:23:50','2019-02-07 14:23:50','download_submission'),(376,'2019-03-01 11:18:29','2019-03-01 11:18:29','edm'),(377,'2019-03-01 11:18:29','2019-03-01 11:18:29','campaigns'),(378,'2019-03-01 11:18:30','2019-03-01 11:18:30','add'),(379,'2019-03-01 11:18:30','2019-03-01 11:18:30','lists'),(380,'2019-03-01 11:18:30','2019-03-01 11:18:30','add'),(381,'2019-03-01 11:18:31','2019-03-01 11:18:31','edit'),(382,'2019-03-01 11:18:31','2019-03-01 11:18:31','custom'),(383,'2019-03-01 11:18:32','2019-03-01 11:18:32','segment'),(384,'2019-03-01 11:18:32','2019-03-01 11:18:32','edit'),(385,'2019-03-01 11:18:32','2019-03-01 11:18:32','info'),(386,'2019-03-01 11:18:58','2019-03-01 11:18:58',NULL);
/*!40000 ALTER TABLE `collections` ENABLE KEYS */;
UNLOCK TABLES;

--
-- Table structure for table `collectionsearchindexattributes`
--

DROP TABLE IF EXISTS `collectionsearchindexattributes`;
/*!40101 SET @saved_cs_client     = @@character_set_client */;
/*!40101 SET character_set_client = utf8 */;
CREATE TABLE `collectionsearchindexattributes` (
  `cID` int(10) unsigned NOT NULL DEFAULT '0',
  `ak_meta_title` tinytext COLLATE utf8_unicode_ci,
  `ak_meta_description` tinytext COLLATE utf8_unicode_ci,
  `ak_meta_keywords` tinytext COLLATE utf8_unicode_ci,
  `ak_icon_dashboard` tinytext COLLATE utf8_unicode_ci,
  `ak_exclude_nav` tinyint(1) DEFAULT '0',
  `ak_exclude_page_list` tinyint(1) DEFAULT '0',
  `ak_header_extra_content` tinytext COLLATE utf8_unicode_ci,
  `ak_tags` varchar(255) COLLATE utf8_unicode_ci DEFAULT NULL,
  `ak_is_featured` tinyint(1) DEFAULT '0',
  `ak_exclude_search_index` tinyint(1) DEFAULT '0',
  `ak_exclude_sitemapxml` tinyint(1) DEFAULT '0',
  `ak_project_category` varchar(255) COLLATE utf8_unicode_ci DEFAULT NULL,
  `ak_project_location` varchar(255) COLLATE utf8_unicode_ci DEFAULT NULL,
  `ak_project_status` varchar(255) COLLATE utf8_unicode_ci DEFAULT NULL,
  `ak_project_type` varchar(255) COLLATE utf8_unicode_ci DEFAULT NULL,
  `ak_include_footer` tinyint(1) DEFAULT '0',
  `ak_project_wfID` longtext COLLATE utf8_unicode_ci,
  `ak_first_publish` tinyint(1) DEFAULT '0',
  `ak_project_team` varchar(255) COLLATE utf8_unicode_ci DEFAULT NULL,
  `ak_project_groups` varchar(255) COLLATE utf8_unicode_ci DEFAULT NULL,
  `ak_news_summary` longtext COLLATE utf8_unicode_ci,
  `ak_news_image` int(11) DEFAULT '0',
  `ak_send_notification` tinyint(1) DEFAULT '0',
  `ak_project_image` int(11) DEFAULT '0',
  `ak_project_follow` tinyint(1) DEFAULT '0',
  `ak_project_location_spatial` varchar(255) COLLATE utf8_unicode_ci DEFAULT NULL,
  `ak_event_image` int(11) DEFAULT '0',
  `ak_event_venue` longtext COLLATE utf8_unicode_ci,
  `ak_event_rsvp_link` longtext COLLATE utf8_unicode_ci,
  `ak_event_rsvp_text` longtext COLLATE utf8_unicode_ci,
  `ak_event_start_date` datetime DEFAULT NULL,
  `ak_event_end_date` datetime DEFAULT NULL,
  `ak_send_event_notification` tinyint(1) DEFAULT '0',
  `ak_email_content` longtext COLLATE utf8_unicode_ci,
  `ak_event_type` varchar(255) COLLATE utf8_unicode_ci DEFAULT NULL,
  PRIMARY KEY (`cID`)
) ENGINE=InnoDB DEFAULT CHARSET=utf8 COLLATE=utf8_unicode_ci;
/*!40101 SET character_set_client = @saved_cs_client */;

--
-- Dumping data for table `collectionsearchindexattributes`
--

LOCK TABLES `collectionsearchindexattributes` WRITE;
/*!40000 ALTER TABLE `collectionsearchindexattributes` DISABLE KEYS */;
INSERT INTO `collectionsearchindexattributes` VALUES (1,NULL,NULL,NULL,NULL,1,0,NULL,NULL,0,0,0,NULL,NULL,NULL,NULL,0,NULL,0,NULL,NULL,NULL,0,0,0,0,NULL,0,NULL,NULL,NULL,NULL,NULL,0,NULL,NULL),(2,NULL,NULL,NULL,'fa fa-th-large',0,0,NULL,NULL,0,0,0,NULL,NULL,NULL,NULL,0,NULL,0,NULL,NULL,NULL,0,0,0,0,NULL,0,NULL,NULL,NULL,NULL,NULL,0,NULL,NULL),(3,NULL,NULL,'pages, add page, delete page, copy, move, alias','hive-hierarchy-3',0,0,NULL,NULL,0,0,0,NULL,NULL,NULL,NULL,0,NULL,0,NULL,NULL,NULL,0,0,0,0,NULL,0,NULL,NULL,NULL,NULL,NULL,0,NULL,NULL),(4,NULL,NULL,'pages, add page, delete page, copy, move, alias',NULL,1,0,NULL,NULL,0,0,0,NULL,NULL,NULL,NULL,0,NULL,0,NULL,NULL,NULL,0,0,0,0,NULL,0,NULL,NULL,NULL,NULL,NULL,0,NULL,NULL),(5,NULL,NULL,'pages, add page, delete page, copy, move, alias, bulk',NULL,0,0,NULL,NULL,0,0,0,NULL,NULL,NULL,NULL,0,NULL,0,NULL,NULL,NULL,0,0,0,0,NULL,0,NULL,NULL,NULL,NULL,NULL,0,NULL,NULL),(6,NULL,NULL,'find page, search page, search, find, pages, sitemap',NULL,0,0,NULL,NULL,0,0,0,NULL,NULL,NULL,NULL,0,NULL,0,NULL,NULL,NULL,0,0,0,0,NULL,0,NULL,NULL,NULL,NULL,NULL,0,NULL,NULL),(7,NULL,NULL,NULL,'hive-clip-1',0,0,NULL,NULL,0,0,0,NULL,NULL,NULL,NULL,0,NULL,0,NULL,NULL,NULL,0,0,0,0,NULL,0,NULL,NULL,NULL,NULL,NULL,0,NULL,NULL),(8,NULL,NULL,'add file, delete file, copy, move, alias, resize, crop, rename, images, title, attribute',NULL,1,0,NULL,NULL,0,0,0,NULL,NULL,NULL,NULL,0,NULL,0,NULL,NULL,NULL,0,0,0,0,NULL,0,NULL,NULL,NULL,NULL,NULL,0,NULL,NULL),(9,NULL,NULL,'file, file attributes, title, attribute, description, rename',NULL,0,0,NULL,NULL,0,0,0,NULL,NULL,NULL,NULL,0,NULL,0,NULL,NULL,NULL,0,0,0,0,NULL,0,NULL,NULL,NULL,NULL,NULL,0,NULL,NULL),(10,NULL,NULL,'files, category, categories',NULL,0,0,NULL,NULL,0,0,0,NULL,NULL,NULL,NULL,0,NULL,0,NULL,NULL,NULL,0,0,0,0,NULL,0,NULL,NULL,NULL,NULL,NULL,0,NULL,NULL),(11,NULL,NULL,'new file set',NULL,1,0,NULL,NULL,0,0,0,NULL,NULL,NULL,NULL,0,NULL,0,NULL,NULL,NULL,0,0,0,0,NULL,0,NULL,NULL,NULL,NULL,NULL,0,NULL,NULL),(12,NULL,NULL,'users, groups, people, find, delete user, remove user, change password, password','hive-contacts-2',0,0,NULL,NULL,0,0,0,NULL,NULL,NULL,NULL,0,NULL,0,NULL,NULL,NULL,0,0,0,0,NULL,0,NULL,NULL,NULL,NULL,NULL,0,NULL,NULL),(13,NULL,NULL,'find, search, people, delete user, remove user, change password, password',NULL,1,0,NULL,NULL,0,0,0,NULL,NULL,NULL,NULL,0,NULL,0,NULL,NULL,NULL,0,0,0,0,NULL,0,NULL,NULL,NULL,NULL,NULL,0,NULL,NULL),(14,NULL,NULL,'user, group, people, permissions, expire, badges',NULL,0,0,NULL,NULL,0,0,0,NULL,NULL,NULL,NULL,0,NULL,0,NULL,NULL,NULL,0,0,0,0,NULL,0,NULL,NULL,NULL,NULL,NULL,0,NULL,NULL),(15,NULL,NULL,'user attributes, user data, gather data, registration data',NULL,0,0,NULL,NULL,0,0,0,NULL,NULL,NULL,NULL,0,NULL,0,NULL,NULL,NULL,0,0,0,0,NULL,0,NULL,NULL,NULL,NULL,NULL,0,NULL,NULL),(16,NULL,NULL,'new user, create',NULL,1,0,NULL,NULL,0,0,0,NULL,NULL,NULL,NULL,0,NULL,0,NULL,NULL,NULL,0,0,0,0,NULL,0,NULL,NULL,NULL,NULL,NULL,0,NULL,NULL),(17,NULL,NULL,'new user group, new group, group, create',NULL,1,0,NULL,NULL,0,0,0,NULL,NULL,NULL,NULL,0,NULL,0,NULL,NULL,NULL,0,0,0,0,NULL,0,NULL,NULL,NULL,NULL,NULL,0,NULL,NULL),(18,NULL,NULL,NULL,NULL,0,0,NULL,NULL,0,0,0,NULL,NULL,NULL,NULL,0,NULL,0,NULL,NULL,NULL,0,0,0,0,NULL,0,NULL,NULL,NULL,NULL,NULL,0,NULL,NULL),(19,NULL,NULL,'group set',NULL,0,0,NULL,NULL,0,0,0,NULL,NULL,NULL,NULL,0,NULL,0,NULL,NULL,NULL,0,0,0,0,NULL,0,NULL,NULL,NULL,NULL,NULL,0,NULL,NULL),(20,NULL,NULL,'community, points, karma',NULL,0,0,NULL,NULL,0,0,0,NULL,NULL,NULL,NULL,0,NULL,0,NULL,NULL,NULL,0,0,0,0,NULL,0,NULL,NULL,NULL,NULL,NULL,0,NULL,NULL),(21,NULL,NULL,NULL,NULL,0,0,NULL,NULL,0,0,0,NULL,NULL,NULL,NULL,0,NULL,0,NULL,NULL,NULL,0,0,0,0,NULL,0,NULL,NULL,NULL,NULL,NULL,0,NULL,NULL),(22,NULL,NULL,'action, community actions',NULL,0,0,NULL,NULL,0,0,0,NULL,NULL,NULL,NULL,0,NULL,0,NULL,NULL,NULL,0,0,0,0,NULL,0,NULL,NULL,NULL,NULL,NULL,0,NULL,NULL),(23,NULL,NULL,'forms, log, error, email, mysql, exception, survey','hive-business-chart-2',0,0,NULL,NULL,0,0,0,NULL,NULL,NULL,NULL,0,NULL,0,NULL,NULL,NULL,0,0,0,0,NULL,0,NULL,NULL,NULL,NULL,NULL,0,NULL,NULL),(24,NULL,NULL,'forms, questions, response, data',NULL,1,0,NULL,NULL,0,0,0,NULL,NULL,NULL,NULL,0,NULL,0,NULL,NULL,NULL,0,0,0,0,NULL,0,NULL,NULL,NULL,NULL,NULL,0,NULL,NULL),(25,NULL,NULL,'questions, quiz, response',NULL,1,0,NULL,NULL,0,0,0,NULL,NULL,NULL,NULL,0,NULL,0,NULL,NULL,NULL,0,0,0,0,NULL,0,NULL,NULL,NULL,NULL,NULL,0,NULL,NULL),(26,NULL,NULL,'forms, log, error, email, mysql, exception, survey, history',NULL,0,0,NULL,NULL,0,0,0,NULL,NULL,NULL,NULL,0,NULL,0,NULL,NULL,NULL,0,0,0,0,NULL,0,NULL,NULL,NULL,NULL,NULL,0,NULL,NULL),(27,NULL,NULL,NULL,'hive-palette',0,0,NULL,NULL,0,0,0,NULL,NULL,NULL,NULL,0,NULL,0,NULL,NULL,NULL,0,0,0,0,NULL,0,NULL,NULL,NULL,NULL,NULL,0,NULL,NULL),(28,NULL,NULL,'new theme, theme, active theme, change theme, template, css',NULL,0,0,NULL,NULL,0,0,0,NULL,NULL,NULL,NULL,0,NULL,0,NULL,NULL,NULL,0,0,0,0,NULL,0,NULL,NULL,NULL,NULL,NULL,0,NULL,NULL),(29,NULL,NULL,'page types',NULL,1,0,NULL,NULL,0,0,0,NULL,NULL,NULL,NULL,0,NULL,0,NULL,NULL,NULL,0,0,0,0,NULL,0,NULL,NULL,NULL,NULL,NULL,0,NULL,NULL),(30,NULL,NULL,NULL,NULL,0,0,NULL,NULL,0,0,0,NULL,NULL,NULL,NULL,0,NULL,0,NULL,NULL,NULL,0,0,0,0,NULL,0,NULL,NULL,NULL,NULL,NULL,0,NULL,NULL),(31,NULL,NULL,NULL,NULL,1,0,NULL,NULL,0,0,0,NULL,NULL,NULL,NULL,0,NULL,0,NULL,NULL,NULL,0,0,0,0,NULL,0,NULL,NULL,NULL,NULL,NULL,0,NULL,NULL),(32,NULL,NULL,NULL,NULL,1,0,NULL,NULL,0,0,0,NULL,NULL,NULL,NULL,0,NULL,0,NULL,NULL,NULL,0,0,0,0,NULL,0,NULL,NULL,NULL,NULL,NULL,0,NULL,NULL),(33,NULL,NULL,NULL,NULL,1,0,NULL,NULL,0,0,0,NULL,NULL,NULL,NULL,0,NULL,0,NULL,NULL,NULL,0,0,0,0,NULL,0,NULL,NULL,NULL,NULL,NULL,0,NULL,NULL),(34,NULL,NULL,NULL,NULL,1,0,NULL,NULL,0,0,0,NULL,NULL,NULL,NULL,0,NULL,0,NULL,NULL,NULL,0,0,0,0,NULL,0,NULL,NULL,NULL,NULL,NULL,0,NULL,NULL),(35,NULL,NULL,NULL,NULL,1,0,NULL,NULL,0,0,0,NULL,NULL,NULL,NULL,0,NULL,0,NULL,NULL,NULL,0,0,0,0,NULL,0,NULL,NULL,NULL,NULL,NULL,0,NULL,NULL),(36,NULL,NULL,NULL,NULL,1,0,NULL,NULL,0,0,0,NULL,NULL,NULL,NULL,0,NULL,0,NULL,NULL,NULL,0,0,0,0,NULL,0,NULL,NULL,NULL,NULL,NULL,0,NULL,NULL),(37,NULL,NULL,NULL,NULL,0,0,NULL,NULL,0,0,0,NULL,NULL,NULL,NULL,0,NULL,0,NULL,NULL,NULL,0,0,0,0,NULL,0,NULL,NULL,NULL,NULL,NULL,0,NULL,NULL),(38,NULL,NULL,NULL,NULL,1,0,NULL,NULL,0,0,0,NULL,NULL,NULL,NULL,0,NULL,0,NULL,NULL,NULL,0,0,0,0,NULL,0,NULL,NULL,NULL,NULL,NULL,0,NULL,NULL),(39,NULL,NULL,'page attributes, custom',NULL,0,0,NULL,NULL,0,0,0,NULL,NULL,NULL,NULL,0,NULL,0,NULL,NULL,NULL,0,0,0,0,NULL,0,NULL,NULL,NULL,NULL,NULL,0,NULL,NULL),(40,NULL,NULL,'single, page, custom, application',NULL,0,0,NULL,NULL,0,0,0,NULL,NULL,NULL,NULL,0,NULL,0,NULL,NULL,NULL,0,0,0,0,NULL,0,NULL,NULL,NULL,NULL,NULL,0,NULL,NULL),(41,NULL,NULL,'atom, rss, feed, syndication',NULL,0,0,NULL,NULL,0,0,0,NULL,NULL,NULL,NULL,0,NULL,0,NULL,NULL,NULL,0,0,0,0,NULL,0,NULL,NULL,NULL,NULL,NULL,0,NULL,NULL),(42,NULL,NULL,NULL,'hive-chat-4',0,0,NULL,NULL,0,0,0,NULL,NULL,NULL,NULL,0,NULL,0,NULL,NULL,NULL,0,0,0,0,NULL,0,NULL,NULL,NULL,NULL,NULL,0,NULL,NULL),(43,NULL,NULL,NULL,'icon-bullhorn',0,0,NULL,NULL,0,0,0,NULL,NULL,NULL,NULL,0,NULL,0,NULL,NULL,NULL,0,0,0,0,NULL,0,NULL,NULL,NULL,NULL,NULL,0,NULL,NULL),(44,NULL,NULL,'add workflow, remove workflow','hive-alert-2',0,0,NULL,NULL,0,0,0,NULL,NULL,NULL,NULL,0,NULL,0,NULL,NULL,NULL,0,0,0,0,NULL,0,NULL,NULL,NULL,NULL,NULL,0,NULL,NULL),(45,NULL,NULL,NULL,NULL,0,0,NULL,NULL,0,0,0,NULL,NULL,NULL,NULL,0,NULL,0,NULL,NULL,NULL,0,0,0,0,NULL,0,NULL,NULL,NULL,NULL,NULL,0,NULL,NULL),(46,NULL,NULL,NULL,NULL,1,0,NULL,NULL,0,0,0,NULL,NULL,NULL,NULL,0,NULL,0,NULL,NULL,NULL,0,0,0,0,NULL,0,NULL,NULL,NULL,NULL,NULL,0,NULL,NULL),(47,NULL,NULL,NULL,'hive-windows-selection',0,0,NULL,NULL,0,0,0,NULL,NULL,NULL,NULL,0,NULL,0,NULL,NULL,NULL,0,0,0,0,NULL,0,NULL,NULL,NULL,NULL,NULL,0,NULL,NULL),(48,NULL,NULL,'stacks, reusable content, scrapbook, copy, paste, paste block, copy block, site name, logo',NULL,0,0,NULL,NULL,0,0,0,NULL,NULL,NULL,NULL,0,NULL,0,NULL,NULL,NULL,0,0,0,0,NULL,0,NULL,NULL,NULL,NULL,NULL,0,NULL,NULL),(49,NULL,NULL,NULL,NULL,0,0,NULL,NULL,0,0,0,NULL,NULL,NULL,NULL,0,NULL,0,NULL,NULL,NULL,0,0,0,0,NULL,0,NULL,NULL,NULL,NULL,NULL,0,NULL,NULL),(50,NULL,NULL,'edit stacks, view stacks, all stacks',NULL,1,0,NULL,NULL,0,1,0,NULL,NULL,NULL,NULL,0,NULL,0,NULL,NULL,NULL,0,0,0,0,NULL,0,NULL,NULL,NULL,NULL,NULL,0,NULL,NULL),(51,NULL,NULL,'block, refresh, custom',NULL,0,0,NULL,NULL,0,0,0,NULL,NULL,NULL,NULL,0,NULL,0,NULL,NULL,NULL,0,0,0,0,NULL,0,NULL,NULL,NULL,NULL,NULL,0,NULL,NULL),(52,NULL,NULL,'add-on, addon, add on, package, app, ecommerce, discussions, forums, themes, templates, blocks','hive-window-add',0,0,NULL,NULL,0,0,0,NULL,NULL,NULL,NULL,0,NULL,0,NULL,NULL,NULL,0,0,0,0,NULL,0,NULL,NULL,NULL,NULL,NULL,0,NULL,NULL),(53,NULL,NULL,NULL,NULL,1,0,NULL,NULL,0,0,0,NULL,NULL,NULL,NULL,0,NULL,0,NULL,NULL,NULL,0,0,0,0,NULL,0,NULL,NULL,NULL,NULL,NULL,0,NULL,NULL),(54,NULL,NULL,'add-on, addon, ecommerce, install, discussions, forums, themes, templates, blocks',NULL,0,0,NULL,NULL,0,0,0,NULL,NULL,NULL,NULL,0,NULL,0,NULL,NULL,NULL,0,0,0,0,NULL,0,NULL,NULL,NULL,NULL,NULL,0,NULL,NULL),(55,NULL,NULL,'update, upgrade',NULL,0,0,NULL,NULL,0,0,0,NULL,NULL,NULL,NULL,0,NULL,0,NULL,NULL,NULL,0,0,0,0,NULL,0,NULL,NULL,NULL,NULL,NULL,0,NULL,NULL),(56,NULL,NULL,'concrete5.org, my account, marketplace',NULL,1,0,NULL,NULL,0,0,0,NULL,NULL,NULL,NULL,0,NULL,0,NULL,NULL,NULL,0,0,0,0,NULL,0,NULL,NULL,NULL,NULL,NULL,0,NULL,NULL),(57,NULL,NULL,'buy theme, new theme, marketplace, template',NULL,0,0,NULL,NULL,0,0,0,NULL,NULL,NULL,NULL,0,NULL,0,NULL,NULL,NULL,0,0,0,0,NULL,0,NULL,NULL,NULL,NULL,NULL,0,NULL,NULL),(58,NULL,NULL,'buy addon, buy add on, buy add-on, purchase addon, purchase add on, purchase add-on, find addon, new addon, marketplace',NULL,0,0,NULL,NULL,0,0,0,NULL,NULL,NULL,NULL,0,NULL,0,NULL,NULL,NULL,0,0,0,0,NULL,0,NULL,NULL,NULL,NULL,NULL,0,NULL,NULL),(59,NULL,NULL,'dashboard, configuration','hive-wrench',0,0,NULL,NULL,0,0,0,NULL,NULL,NULL,NULL,0,NULL,0,NULL,NULL,NULL,0,0,0,0,NULL,0,NULL,NULL,NULL,NULL,NULL,0,NULL,NULL),(60,NULL,NULL,NULL,NULL,0,0,NULL,NULL,0,0,0,NULL,NULL,NULL,NULL,0,NULL,0,NULL,NULL,NULL,0,0,0,0,NULL,0,NULL,NULL,NULL,NULL,NULL,0,NULL,NULL),(61,NULL,NULL,'website name, title',NULL,0,0,NULL,NULL,0,0,0,NULL,NULL,NULL,NULL,0,NULL,0,NULL,NULL,NULL,0,0,0,0,NULL,0,NULL,NULL,NULL,NULL,NULL,0,NULL,NULL),(62,NULL,NULL,'accessibility, easy mode',NULL,0,0,NULL,NULL,0,0,0,NULL,NULL,NULL,NULL,0,NULL,0,NULL,NULL,NULL,0,0,0,0,NULL,0,NULL,NULL,NULL,NULL,NULL,0,NULL,NULL),(63,NULL,NULL,'sharing, facebook, twitter',NULL,0,0,NULL,NULL,0,0,0,NULL,NULL,NULL,NULL,0,NULL,0,NULL,NULL,NULL,0,0,0,0,NULL,0,NULL,NULL,NULL,NULL,NULL,0,NULL,NULL),(64,NULL,NULL,'logo, favicon, iphone, icon, bookmark',NULL,0,0,NULL,NULL,0,0,0,NULL,NULL,NULL,NULL,0,NULL,0,NULL,NULL,NULL,0,0,0,0,NULL,0,NULL,NULL,NULL,NULL,NULL,0,NULL,NULL),(65,NULL,NULL,'tinymce, content block, fonts, editor, content, overlay',NULL,0,0,NULL,NULL,0,0,0,NULL,NULL,NULL,NULL,0,NULL,0,NULL,NULL,NULL,0,0,0,0,NULL,0,NULL,NULL,NULL,NULL,NULL,0,NULL,NULL),(66,NULL,NULL,'translate, translation, internationalization, multilingual',NULL,0,0,NULL,NULL,0,0,0,NULL,NULL,NULL,NULL,0,NULL,0,NULL,NULL,NULL,0,0,0,0,NULL,0,NULL,NULL,NULL,NULL,NULL,0,NULL,NULL),(67,NULL,NULL,'timezone, profile, locale',NULL,0,0,NULL,NULL,0,0,0,NULL,NULL,NULL,NULL,0,NULL,0,NULL,NULL,NULL,0,0,0,0,NULL,0,NULL,NULL,NULL,NULL,NULL,0,NULL,NULL),(68,NULL,NULL,'multilingual, localization, internationalization, i18n',NULL,0,0,NULL,NULL,0,0,0,NULL,NULL,NULL,NULL,0,NULL,0,NULL,NULL,NULL,0,0,0,0,NULL,0,NULL,NULL,NULL,NULL,NULL,0,NULL,NULL),(69,NULL,NULL,NULL,NULL,0,0,NULL,NULL,0,0,0,NULL,NULL,NULL,NULL,0,NULL,0,NULL,NULL,NULL,0,0,0,0,NULL,0,NULL,NULL,NULL,NULL,NULL,0,NULL,NULL),(70,NULL,NULL,NULL,NULL,0,0,NULL,NULL,0,0,0,NULL,NULL,NULL,NULL,0,NULL,0,NULL,NULL,NULL,0,0,0,0,NULL,0,NULL,NULL,NULL,NULL,NULL,0,NULL,NULL),(71,NULL,NULL,NULL,NULL,0,0,NULL,NULL,0,0,0,NULL,NULL,NULL,NULL,0,NULL,0,NULL,NULL,NULL,0,0,0,0,NULL,0,NULL,NULL,NULL,NULL,NULL,0,NULL,NULL),(72,NULL,NULL,NULL,NULL,0,0,NULL,NULL,0,0,0,NULL,NULL,NULL,NULL,0,NULL,0,NULL,NULL,NULL,0,0,0,0,NULL,0,NULL,NULL,NULL,NULL,NULL,0,NULL,NULL),(73,NULL,NULL,'vanity, pretty url, seo, pageview, view',NULL,0,0,NULL,NULL,0,0,0,NULL,NULL,NULL,NULL,0,NULL,0,NULL,NULL,NULL,0,0,0,0,NULL,0,NULL,NULL,NULL,NULL,NULL,0,NULL,NULL),(74,NULL,NULL,'bulk, seo, change keywords, engine, optimization, search',NULL,0,0,NULL,NULL,0,0,0,NULL,NULL,NULL,NULL,0,NULL,0,NULL,NULL,NULL,0,0,0,0,NULL,0,NULL,NULL,NULL,NULL,NULL,0,NULL,NULL),(75,NULL,NULL,'traffic, statistics, google analytics, quant, pageviews, hits',NULL,0,0,NULL,NULL,0,0,0,NULL,NULL,NULL,NULL,0,NULL,0,NULL,NULL,NULL,0,0,0,0,NULL,0,NULL,NULL,NULL,NULL,NULL,0,NULL,NULL),(76,NULL,NULL,'pretty, slug',NULL,0,0,NULL,NULL,0,0,0,NULL,NULL,NULL,NULL,0,NULL,0,NULL,NULL,NULL,0,0,0,0,NULL,0,NULL,NULL,NULL,NULL,NULL,0,NULL,NULL),(77,NULL,NULL,'configure search, site search, search option',NULL,0,0,NULL,NULL,0,0,0,NULL,NULL,NULL,NULL,0,NULL,0,NULL,NULL,NULL,0,0,0,0,NULL,0,NULL,NULL,NULL,NULL,NULL,0,NULL,NULL),(78,NULL,NULL,NULL,NULL,0,0,NULL,NULL,0,0,0,NULL,NULL,NULL,NULL,0,NULL,0,NULL,NULL,NULL,0,0,0,0,NULL,0,NULL,NULL,NULL,NULL,NULL,0,NULL,NULL),(79,NULL,NULL,'file options, file manager, upload, modify',NULL,0,0,NULL,NULL,0,0,0,NULL,NULL,NULL,NULL,0,NULL,0,NULL,NULL,NULL,0,0,0,0,NULL,0,NULL,NULL,NULL,NULL,NULL,0,NULL,NULL),(80,NULL,NULL,'security, files, media, extension, manager, upload',NULL,0,0,NULL,NULL,0,0,0,NULL,NULL,NULL,NULL,0,NULL,0,NULL,NULL,NULL,0,0,0,0,NULL,0,NULL,NULL,NULL,NULL,NULL,0,NULL,NULL),(81,NULL,NULL,'images, picture, responsive, retina',NULL,0,0,NULL,NULL,0,0,0,NULL,NULL,NULL,NULL,0,NULL,0,NULL,NULL,NULL,0,0,0,0,NULL,0,NULL,NULL,NULL,NULL,NULL,0,NULL,NULL),(82,NULL,NULL,'security, alternate storage, hide files',NULL,0,0,NULL,NULL,0,0,0,NULL,NULL,NULL,NULL,0,NULL,0,NULL,NULL,NULL,0,0,0,0,NULL,0,NULL,NULL,NULL,NULL,NULL,0,NULL,NULL),(83,NULL,NULL,NULL,NULL,0,0,NULL,NULL,0,0,0,NULL,NULL,NULL,NULL,0,NULL,0,NULL,NULL,NULL,0,0,0,0,NULL,0,NULL,NULL,NULL,NULL,NULL,0,NULL,NULL),(84,NULL,NULL,'cache option, change cache, override, turn on cache, turn off cache, no cache, page cache, caching',NULL,0,0,NULL,NULL,0,0,0,NULL,NULL,NULL,NULL,0,NULL,0,NULL,NULL,NULL,0,0,0,0,NULL,0,NULL,NULL,NULL,NULL,NULL,0,NULL,NULL),(85,NULL,NULL,'cache option, turn off cache, no cache, page cache, caching',NULL,0,0,NULL,NULL,0,0,0,NULL,NULL,NULL,NULL,0,NULL,0,NULL,NULL,NULL,0,0,0,0,NULL,0,NULL,NULL,NULL,NULL,NULL,0,NULL,NULL),(86,NULL,NULL,'index search, reindex search, build sitemap, sitemap.xml, clear old versions, page versions, remove old',NULL,0,0,NULL,NULL,0,0,0,NULL,NULL,NULL,NULL,0,NULL,0,NULL,NULL,NULL,0,0,0,0,NULL,0,NULL,NULL,NULL,NULL,NULL,0,NULL,NULL),(87,NULL,NULL,'queries, database, mysql',NULL,0,0,NULL,NULL,0,0,0,NULL,NULL,NULL,NULL,0,NULL,0,NULL,NULL,NULL,0,0,0,0,NULL,0,NULL,NULL,NULL,NULL,NULL,0,NULL,NULL),(88,NULL,NULL,NULL,NULL,0,0,NULL,NULL,0,0,0,NULL,NULL,NULL,NULL,0,NULL,0,NULL,NULL,NULL,0,0,0,0,NULL,0,NULL,NULL,NULL,NULL,NULL,0,NULL,NULL),(89,NULL,NULL,'editors, hide site, offline, private, public, access',NULL,0,0,NULL,NULL,0,0,0,NULL,NULL,NULL,NULL,0,NULL,0,NULL,NULL,NULL,0,0,0,0,NULL,0,NULL,NULL,NULL,NULL,NULL,0,NULL,NULL),(90,NULL,NULL,'security, actions, administrator, admin, package, marketplace, search',NULL,0,0,NULL,NULL,0,0,0,NULL,NULL,NULL,NULL,0,NULL,0,NULL,NULL,NULL,0,0,0,0,NULL,0,NULL,NULL,NULL,NULL,NULL,0,NULL,NULL),(91,NULL,NULL,NULL,NULL,0,0,NULL,NULL,0,0,0,NULL,NULL,NULL,NULL,0,NULL,0,NULL,NULL,NULL,0,0,0,0,NULL,0,NULL,NULL,NULL,NULL,NULL,0,NULL,NULL),(92,NULL,NULL,NULL,NULL,0,0,NULL,NULL,0,0,0,NULL,NULL,NULL,NULL,0,NULL,0,NULL,NULL,NULL,0,0,0,0,NULL,0,NULL,NULL,NULL,NULL,NULL,0,NULL,NULL),(93,NULL,NULL,'security, lock ip, lock out, block ip, address, restrict, access',NULL,0,0,NULL,NULL,0,0,0,NULL,NULL,NULL,NULL,0,NULL,0,NULL,NULL,NULL,0,0,0,0,NULL,0,NULL,NULL,NULL,NULL,NULL,0,NULL,NULL),(94,NULL,NULL,'security, registration',NULL,0,0,NULL,NULL,0,0,0,NULL,NULL,NULL,NULL,0,NULL,0,NULL,NULL,NULL,0,0,0,0,NULL,0,NULL,NULL,NULL,NULL,NULL,0,NULL,NULL),(95,NULL,NULL,'antispam, block spam, security',NULL,0,0,NULL,NULL,0,0,0,NULL,NULL,NULL,NULL,0,NULL,0,NULL,NULL,NULL,0,0,0,0,NULL,0,NULL,NULL,NULL,NULL,NULL,0,NULL,NULL),(96,NULL,NULL,'lock site, under construction, hide, hidden',NULL,0,0,NULL,NULL,0,0,0,NULL,NULL,NULL,NULL,0,NULL,0,NULL,NULL,NULL,0,0,0,0,NULL,0,NULL,NULL,NULL,NULL,NULL,0,NULL,NULL),(97,NULL,NULL,NULL,NULL,0,0,NULL,NULL,0,0,0,NULL,NULL,NULL,NULL,0,NULL,0,NULL,NULL,NULL,0,0,0,0,NULL,0,NULL,NULL,NULL,NULL,NULL,0,NULL,NULL),(98,NULL,NULL,'profile, login, redirect, specific, dashboard, administrators',NULL,0,0,NULL,NULL,0,0,0,NULL,NULL,NULL,NULL,0,NULL,0,NULL,NULL,NULL,0,0,0,0,NULL,0,NULL,NULL,NULL,NULL,NULL,0,NULL,NULL),(99,NULL,NULL,'member profile, member page, community, forums, social, avatar',NULL,0,0,NULL,NULL,0,0,0,NULL,NULL,NULL,NULL,0,NULL,0,NULL,NULL,NULL,0,0,0,0,NULL,0,NULL,NULL,NULL,NULL,NULL,0,NULL,NULL),(100,NULL,NULL,'signup, new user, community, public registration, public, registration',NULL,0,0,NULL,NULL,0,0,0,NULL,NULL,NULL,NULL,0,NULL,0,NULL,NULL,NULL,0,0,0,0,NULL,0,NULL,NULL,NULL,NULL,NULL,0,NULL,NULL),(101,NULL,NULL,'auth, authentication, types, oauth, facebook, login, registration',NULL,0,0,NULL,NULL,0,0,0,NULL,NULL,NULL,NULL,0,NULL,0,NULL,NULL,NULL,0,0,0,0,NULL,0,NULL,NULL,NULL,NULL,NULL,0,NULL,NULL),(102,NULL,NULL,'smtp, mail settings',NULL,0,0,NULL,NULL,0,0,0,NULL,NULL,NULL,NULL,0,NULL,0,NULL,NULL,NULL,0,0,0,0,NULL,0,NULL,NULL,NULL,NULL,NULL,0,NULL,NULL),(103,NULL,NULL,'email server, mail settings, mail configuration, external, internal',NULL,0,0,NULL,NULL,0,0,0,NULL,NULL,NULL,NULL,0,NULL,0,NULL,NULL,NULL,0,0,0,0,NULL,0,NULL,NULL,NULL,NULL,NULL,0,NULL,NULL),(104,NULL,NULL,'test smtp, test mail',NULL,0,0,NULL,NULL,0,0,0,NULL,NULL,NULL,NULL,0,NULL,0,NULL,NULL,NULL,0,0,0,0,NULL,0,NULL,NULL,NULL,NULL,NULL,0,NULL,NULL),(105,NULL,NULL,'email server, mail settings, mail configuration, private message, message system, import, email, message',NULL,0,0,NULL,NULL,0,0,0,NULL,NULL,NULL,NULL,0,NULL,0,NULL,NULL,NULL,0,0,0,0,NULL,0,NULL,NULL,NULL,NULL,NULL,0,NULL,NULL),(106,NULL,NULL,'conversations',NULL,0,0,NULL,NULL,0,0,0,NULL,NULL,NULL,NULL,0,NULL,0,NULL,NULL,NULL,0,0,0,0,NULL,0,NULL,NULL,NULL,NULL,NULL,0,NULL,NULL),(107,NULL,NULL,'conversations',NULL,0,0,NULL,NULL,0,0,0,NULL,NULL,NULL,NULL,0,NULL,0,NULL,NULL,NULL,0,0,0,0,NULL,0,NULL,NULL,NULL,NULL,NULL,0,NULL,NULL),(108,NULL,NULL,'conversations ratings, ratings, community, community points',NULL,0,0,NULL,NULL,0,0,0,NULL,NULL,NULL,NULL,0,NULL,0,NULL,NULL,NULL,0,0,0,0,NULL,0,NULL,NULL,NULL,NULL,NULL,0,NULL,NULL),(109,NULL,NULL,'conversations bad words, banned words, banned, bad words, bad, words, list',NULL,0,0,NULL,NULL,0,0,0,NULL,NULL,NULL,NULL,0,NULL,0,NULL,NULL,NULL,0,0,0,0,NULL,0,NULL,NULL,NULL,NULL,NULL,0,NULL,NULL),(110,NULL,NULL,NULL,NULL,0,0,NULL,NULL,0,0,0,NULL,NULL,NULL,NULL,0,NULL,0,NULL,NULL,NULL,0,0,0,0,NULL,0,NULL,NULL,NULL,NULL,NULL,0,NULL,NULL),(111,NULL,NULL,'attribute configuration',NULL,0,0,NULL,NULL,0,0,0,NULL,NULL,NULL,NULL,0,NULL,0,NULL,NULL,NULL,0,0,0,0,NULL,0,NULL,NULL,NULL,NULL,NULL,0,NULL,NULL),(112,NULL,NULL,'attributes, sets',NULL,0,0,NULL,NULL,0,0,0,NULL,NULL,NULL,NULL,0,NULL,0,NULL,NULL,NULL,0,0,0,0,NULL,0,NULL,NULL,NULL,NULL,NULL,0,NULL,NULL),(113,NULL,NULL,'attributes, types',NULL,0,0,NULL,NULL,0,0,0,NULL,NULL,NULL,NULL,0,NULL,0,NULL,NULL,NULL,0,0,0,0,NULL,0,NULL,NULL,NULL,NULL,NULL,0,NULL,NULL),(114,NULL,NULL,'topics, tags, taxonomy',NULL,0,0,NULL,NULL,0,0,0,NULL,NULL,NULL,NULL,0,NULL,0,NULL,NULL,NULL,0,0,0,0,NULL,0,NULL,NULL,NULL,NULL,NULL,0,NULL,NULL),(115,NULL,NULL,NULL,NULL,0,0,NULL,NULL,0,0,0,NULL,NULL,NULL,NULL,0,NULL,0,NULL,NULL,NULL,0,0,0,0,NULL,0,NULL,NULL,NULL,NULL,NULL,0,NULL,NULL),(116,NULL,NULL,NULL,NULL,0,0,NULL,NULL,0,1,0,NULL,NULL,NULL,NULL,0,NULL,0,NULL,NULL,NULL,0,0,0,0,NULL,0,NULL,NULL,NULL,NULL,NULL,0,NULL,NULL),(117,NULL,NULL,'overrides, system info, debug, support, help',NULL,0,0,NULL,NULL,0,0,0,NULL,NULL,NULL,NULL,0,NULL,0,NULL,NULL,NULL,0,0,0,0,NULL,0,NULL,NULL,NULL,NULL,NULL,0,NULL,NULL),(118,NULL,NULL,'errors, exceptions, develop, support, help',NULL,0,0,NULL,NULL,0,0,0,NULL,NULL,NULL,NULL,0,NULL,0,NULL,NULL,NULL,0,0,0,0,NULL,0,NULL,NULL,NULL,NULL,NULL,0,NULL,NULL),(119,NULL,NULL,'email, logging, logs, smtp, pop, errors, mysql, log',NULL,0,0,NULL,NULL,0,0,0,NULL,NULL,NULL,NULL,0,NULL,0,NULL,NULL,NULL,0,0,0,0,NULL,0,NULL,NULL,NULL,NULL,NULL,0,NULL,NULL),(120,NULL,NULL,'network, proxy server',NULL,0,0,NULL,NULL,0,0,0,NULL,NULL,NULL,NULL,0,NULL,0,NULL,NULL,NULL,0,0,0,0,NULL,0,NULL,NULL,NULL,NULL,NULL,0,NULL,NULL),(121,NULL,NULL,'export, backup, database, sql, mysql, encryption, restore',NULL,0,0,NULL,NULL,0,0,0,NULL,NULL,NULL,NULL,0,NULL,0,NULL,NULL,NULL,0,0,0,0,NULL,0,NULL,NULL,NULL,NULL,NULL,0,NULL,NULL),(122,NULL,NULL,NULL,NULL,0,0,NULL,NULL,0,0,0,NULL,NULL,NULL,NULL,0,NULL,0,NULL,NULL,NULL,0,0,0,0,NULL,0,NULL,NULL,NULL,NULL,NULL,0,NULL,NULL),(123,NULL,NULL,'upgrade, new version, update',NULL,0,0,NULL,NULL,0,0,0,NULL,NULL,NULL,NULL,0,NULL,0,NULL,NULL,NULL,0,0,0,0,NULL,0,NULL,NULL,NULL,NULL,NULL,0,NULL,NULL),(126,NULL,NULL,NULL,'fa fa-edit',0,0,NULL,NULL,0,0,0,NULL,NULL,NULL,NULL,0,NULL,0,NULL,NULL,NULL,0,0,0,0,NULL,0,NULL,NULL,NULL,NULL,NULL,0,NULL,NULL),(127,NULL,NULL,NULL,'fa fa-trash-o',0,0,NULL,NULL,0,0,0,NULL,NULL,NULL,NULL,0,NULL,0,NULL,NULL,NULL,0,0,0,0,NULL,0,NULL,NULL,NULL,NULL,NULL,0,NULL,NULL),(128,NULL,NULL,NULL,'fa fa-th',0,0,NULL,NULL,0,0,0,NULL,NULL,NULL,NULL,0,NULL,0,NULL,NULL,NULL,0,0,0,0,NULL,0,NULL,NULL,NULL,NULL,NULL,0,NULL,NULL),(129,NULL,NULL,NULL,NULL,0,0,NULL,NULL,0,0,0,NULL,NULL,NULL,NULL,0,NULL,0,NULL,NULL,NULL,0,0,0,0,NULL,0,NULL,NULL,NULL,NULL,NULL,0,NULL,NULL),(130,NULL,NULL,NULL,NULL,0,0,NULL,NULL,0,0,0,NULL,NULL,NULL,NULL,0,NULL,0,NULL,NULL,NULL,0,0,0,0,NULL,0,NULL,NULL,NULL,NULL,NULL,0,NULL,NULL),(131,NULL,NULL,NULL,'fa fa-briefcase',0,0,NULL,NULL,0,0,0,NULL,NULL,NULL,NULL,0,NULL,0,NULL,NULL,NULL,0,0,0,0,NULL,0,NULL,NULL,NULL,NULL,NULL,0,NULL,NULL),(132,NULL,NULL,NULL,NULL,0,0,NULL,NULL,0,0,0,NULL,NULL,NULL,NULL,0,NULL,0,NULL,NULL,NULL,0,0,0,0,NULL,0,NULL,NULL,NULL,NULL,NULL,0,NULL,NULL),(133,NULL,NULL,NULL,NULL,0,0,NULL,NULL,0,0,0,NULL,NULL,NULL,NULL,0,NULL,0,NULL,NULL,NULL,0,0,0,0,NULL,0,NULL,NULL,NULL,NULL,NULL,0,NULL,NULL),(134,NULL,NULL,NULL,NULL,0,0,NULL,NULL,0,0,0,NULL,NULL,NULL,NULL,0,NULL,0,NULL,NULL,NULL,0,0,0,0,NULL,0,NULL,NULL,NULL,NULL,NULL,0,NULL,NULL),(135,NULL,NULL,NULL,NULL,0,0,NULL,NULL,0,0,0,NULL,NULL,NULL,NULL,0,NULL,0,NULL,NULL,NULL,0,0,0,0,NULL,0,NULL,NULL,NULL,NULL,NULL,0,NULL,NULL),(136,NULL,NULL,NULL,NULL,0,0,NULL,NULL,0,0,0,NULL,NULL,NULL,NULL,0,NULL,0,NULL,NULL,NULL,0,0,0,0,NULL,0,NULL,NULL,NULL,NULL,NULL,0,NULL,NULL),(137,NULL,NULL,NULL,NULL,0,0,NULL,NULL,0,0,0,NULL,NULL,NULL,NULL,0,NULL,0,NULL,NULL,NULL,0,0,0,0,NULL,0,NULL,NULL,NULL,NULL,NULL,0,NULL,NULL),(138,NULL,NULL,NULL,NULL,0,0,NULL,NULL,0,0,0,NULL,NULL,NULL,NULL,0,NULL,0,NULL,NULL,NULL,0,0,0,0,NULL,0,NULL,NULL,NULL,NULL,NULL,0,NULL,NULL),(139,NULL,NULL,NULL,NULL,0,0,NULL,NULL,0,0,0,NULL,NULL,NULL,NULL,0,NULL,0,NULL,NULL,NULL,0,0,0,0,NULL,0,NULL,NULL,NULL,NULL,NULL,0,NULL,NULL),(140,NULL,NULL,NULL,NULL,0,0,NULL,NULL,0,0,0,NULL,NULL,NULL,NULL,0,NULL,0,NULL,NULL,NULL,0,0,0,0,NULL,0,NULL,NULL,NULL,NULL,NULL,0,NULL,NULL),(141,NULL,NULL,NULL,NULL,0,0,NULL,NULL,0,0,0,NULL,NULL,NULL,NULL,0,NULL,0,NULL,NULL,NULL,0,0,0,0,NULL,0,NULL,NULL,NULL,NULL,NULL,0,NULL,NULL),(142,NULL,NULL,NULL,NULL,1,0,NULL,NULL,0,0,0,NULL,NULL,NULL,NULL,0,NULL,0,NULL,NULL,NULL,0,0,0,0,NULL,0,NULL,NULL,NULL,NULL,NULL,0,NULL,NULL),(149,NULL,NULL,NULL,'hive-plane-paper-1',0,0,NULL,NULL,0,0,0,NULL,NULL,NULL,NULL,0,NULL,0,NULL,NULL,NULL,0,0,0,0,NULL,0,NULL,NULL,NULL,NULL,NULL,0,NULL,NULL),(150,NULL,NULL,NULL,NULL,1,0,NULL,NULL,0,0,0,NULL,NULL,NULL,NULL,0,NULL,0,NULL,NULL,NULL,0,0,0,0,NULL,0,NULL,NULL,NULL,NULL,NULL,0,NULL,NULL),(151,NULL,NULL,NULL,'hive-file-table',0,0,NULL,NULL,0,0,0,NULL,NULL,NULL,NULL,0,NULL,0,NULL,NULL,NULL,0,0,0,0,NULL,0,NULL,NULL,NULL,NULL,NULL,0,NULL,NULL),(152,NULL,NULL,'conversation, discussion, forum, guestbook',NULL,1,0,NULL,NULL,0,0,0,NULL,NULL,NULL,NULL,0,NULL,0,NULL,NULL,NULL,0,0,0,0,NULL,0,NULL,NULL,NULL,NULL,NULL,0,NULL,NULL),(155,NULL,NULL,NULL,NULL,0,0,NULL,NULL,0,0,0,NULL,NULL,NULL,NULL,0,NULL,0,NULL,NULL,NULL,0,0,0,0,NULL,0,NULL,NULL,NULL,NULL,NULL,0,NULL,NULL),(156,NULL,NULL,NULL,NULL,0,0,NULL,NULL,0,0,0,NULL,NULL,NULL,NULL,0,NULL,0,NULL,NULL,NULL,0,0,0,0,NULL,0,NULL,NULL,NULL,NULL,NULL,0,NULL,NULL),(158,NULL,NULL,NULL,'hive-bubble-attention-6',0,0,NULL,NULL,0,0,0,NULL,NULL,NULL,NULL,0,NULL,0,NULL,NULL,NULL,0,0,0,0,NULL,0,NULL,NULL,NULL,NULL,NULL,0,NULL,NULL),(163,NULL,NULL,NULL,NULL,0,0,NULL,NULL,0,0,0,NULL,NULL,NULL,NULL,0,NULL,0,NULL,NULL,NULL,0,0,0,0,NULL,0,NULL,NULL,NULL,NULL,NULL,0,NULL,NULL),(164,NULL,NULL,NULL,NULL,1,0,NULL,NULL,0,0,0,NULL,NULL,NULL,NULL,0,NULL,0,NULL,NULL,NULL,0,0,0,0,NULL,0,NULL,NULL,NULL,NULL,NULL,0,NULL,NULL),(169,NULL,NULL,NULL,NULL,1,0,NULL,NULL,0,0,0,NULL,NULL,NULL,NULL,0,NULL,0,NULL,NULL,NULL,0,0,0,0,NULL,0,NULL,NULL,NULL,NULL,NULL,0,NULL,NULL),(170,NULL,NULL,NULL,NULL,1,0,NULL,NULL,0,0,0,NULL,NULL,NULL,NULL,0,NULL,0,NULL,NULL,NULL,0,0,0,0,NULL,0,NULL,NULL,NULL,NULL,NULL,0,NULL,NULL),(171,NULL,NULL,NULL,NULL,1,0,NULL,NULL,0,0,0,NULL,NULL,NULL,NULL,0,NULL,0,NULL,NULL,NULL,0,0,0,0,NULL,0,NULL,NULL,NULL,NULL,NULL,0,NULL,NULL),(172,NULL,NULL,NULL,NULL,1,0,NULL,NULL,0,0,0,NULL,NULL,NULL,NULL,0,NULL,0,NULL,NULL,NULL,0,0,0,0,NULL,0,NULL,NULL,NULL,NULL,NULL,0,NULL,NULL),(173,NULL,NULL,NULL,NULL,0,0,NULL,NULL,0,0,0,NULL,NULL,NULL,NULL,0,NULL,0,NULL,NULL,NULL,0,0,0,0,NULL,0,NULL,NULL,NULL,NULL,NULL,0,NULL,NULL),(174,NULL,NULL,NULL,NULL,1,0,NULL,NULL,0,0,0,NULL,NULL,NULL,NULL,0,NULL,0,NULL,NULL,NULL,0,0,0,0,NULL,0,NULL,NULL,NULL,NULL,NULL,0,NULL,NULL),(175,NULL,NULL,NULL,NULL,1,0,NULL,NULL,0,0,0,NULL,NULL,NULL,NULL,0,NULL,0,NULL,NULL,NULL,0,0,0,0,NULL,0,NULL,NULL,NULL,NULL,NULL,0,NULL,NULL),(176,NULL,NULL,NULL,NULL,0,0,NULL,NULL,0,0,0,NULL,NULL,NULL,NULL,0,NULL,0,NULL,NULL,NULL,0,0,0,0,NULL,0,NULL,NULL,NULL,NULL,NULL,0,NULL,NULL),(177,NULL,NULL,NULL,NULL,0,0,NULL,NULL,0,0,0,NULL,NULL,NULL,NULL,0,NULL,0,NULL,NULL,NULL,0,0,0,0,NULL,0,NULL,NULL,NULL,NULL,NULL,0,NULL,NULL),(189,NULL,NULL,'database, entities, doctrine, orm',NULL,0,0,NULL,NULL,0,0,0,NULL,NULL,NULL,NULL,0,NULL,0,NULL,NULL,NULL,0,0,0,0,NULL,0,NULL,NULL,NULL,NULL,NULL,0,NULL,NULL),(193,NULL,NULL,NULL,NULL,0,0,NULL,NULL,0,0,0,NULL,NULL,NULL,NULL,0,NULL,0,NULL,NULL,NULL,0,0,0,0,NULL,0,NULL,NULL,NULL,NULL,NULL,0,NULL,NULL),(194,NULL,NULL,NULL,NULL,0,0,NULL,NULL,0,0,0,NULL,NULL,NULL,NULL,0,NULL,0,NULL,NULL,NULL,0,0,0,0,NULL,0,NULL,NULL,NULL,NULL,NULL,0,NULL,NULL),(195,NULL,NULL,NULL,NULL,0,0,NULL,NULL,0,0,0,NULL,NULL,NULL,NULL,0,NULL,0,NULL,NULL,NULL,0,0,0,0,NULL,0,NULL,NULL,NULL,NULL,NULL,0,NULL,NULL),(196,NULL,NULL,NULL,NULL,0,0,NULL,NULL,0,0,0,NULL,NULL,NULL,NULL,0,NULL,0,NULL,NULL,NULL,0,0,0,0,NULL,0,NULL,NULL,NULL,NULL,NULL,0,NULL,NULL),(200,NULL,NULL,NULL,NULL,1,0,NULL,NULL,0,0,0,NULL,NULL,NULL,NULL,1,NULL,0,NULL,NULL,NULL,0,0,0,0,NULL,0,NULL,NULL,NULL,NULL,NULL,0,NULL,NULL),(204,NULL,NULL,NULL,NULL,1,0,NULL,NULL,0,0,0,NULL,NULL,NULL,NULL,1,NULL,0,NULL,NULL,NULL,0,0,0,0,NULL,0,NULL,NULL,NULL,NULL,NULL,0,NULL,NULL),(205,'','','',NULL,1,0,'',NULL,0,0,0,NULL,NULL,NULL,NULL,1,NULL,0,NULL,NULL,NULL,0,0,0,0,NULL,0,NULL,NULL,NULL,NULL,NULL,0,NULL,NULL),(206,'','','',NULL,1,0,'',NULL,0,0,0,NULL,NULL,NULL,NULL,1,NULL,0,NULL,NULL,NULL,0,0,0,0,NULL,0,NULL,NULL,NULL,NULL,NULL,0,NULL,NULL),(209,NULL,NULL,NULL,NULL,0,0,NULL,NULL,0,0,0,NULL,NULL,NULL,NULL,0,NULL,0,NULL,NULL,NULL,0,0,0,0,NULL,0,NULL,NULL,NULL,NULL,NULL,0,NULL,NULL),(210,NULL,NULL,NULL,NULL,0,0,NULL,NULL,0,0,0,NULL,NULL,NULL,NULL,0,NULL,0,NULL,NULL,NULL,0,0,0,0,NULL,0,NULL,NULL,NULL,NULL,NULL,0,NULL,NULL),(211,NULL,NULL,NULL,NULL,0,0,NULL,NULL,0,0,0,NULL,NULL,NULL,NULL,0,NULL,0,NULL,NULL,NULL,0,0,0,0,NULL,0,NULL,NULL,NULL,NULL,NULL,0,NULL,NULL),(212,NULL,NULL,NULL,NULL,0,0,NULL,NULL,0,0,0,NULL,NULL,NULL,NULL,0,NULL,0,NULL,NULL,NULL,0,0,0,0,NULL,0,NULL,NULL,NULL,NULL,NULL,0,NULL,NULL),(213,NULL,NULL,NULL,NULL,0,0,NULL,NULL,0,0,0,NULL,NULL,NULL,NULL,0,NULL,0,NULL,NULL,NULL,0,0,0,0,NULL,0,NULL,NULL,NULL,NULL,NULL,0,NULL,NULL),(214,NULL,NULL,NULL,NULL,0,0,NULL,NULL,0,0,0,NULL,NULL,NULL,NULL,0,NULL,0,NULL,NULL,NULL,0,0,0,0,NULL,0,NULL,NULL,NULL,NULL,NULL,0,NULL,NULL),(215,NULL,NULL,NULL,NULL,1,0,NULL,NULL,0,0,0,NULL,NULL,NULL,NULL,0,NULL,0,NULL,NULL,NULL,0,0,0,0,NULL,0,NULL,NULL,NULL,NULL,NULL,0,NULL,NULL),(216,NULL,NULL,NULL,NULL,0,0,NULL,NULL,0,0,0,NULL,NULL,NULL,NULL,0,NULL,0,NULL,NULL,NULL,0,0,0,0,NULL,0,NULL,NULL,NULL,NULL,NULL,0,NULL,NULL),(217,NULL,NULL,NULL,NULL,1,0,NULL,NULL,0,0,0,NULL,NULL,NULL,NULL,0,NULL,0,NULL,NULL,NULL,0,0,0,0,NULL,0,NULL,NULL,NULL,NULL,NULL,0,NULL,NULL),(218,NULL,NULL,NULL,NULL,0,0,NULL,NULL,0,0,0,NULL,NULL,NULL,NULL,0,NULL,0,NULL,NULL,NULL,0,0,0,0,NULL,0,NULL,NULL,NULL,NULL,NULL,0,NULL,NULL),(220,NULL,NULL,NULL,NULL,0,0,NULL,NULL,0,0,0,NULL,NULL,NULL,NULL,0,NULL,0,NULL,NULL,NULL,0,0,0,0,NULL,0,NULL,NULL,NULL,NULL,NULL,0,NULL,NULL),(238,NULL,NULL,NULL,NULL,0,0,NULL,NULL,0,0,0,NULL,NULL,NULL,NULL,0,NULL,0,NULL,NULL,NULL,0,0,0,0,NULL,0,NULL,NULL,NULL,NULL,NULL,0,NULL,NULL),(251,NULL,NULL,NULL,NULL,0,0,NULL,NULL,0,0,0,NULL,NULL,NULL,NULL,0,NULL,0,NULL,NULL,NULL,0,0,0,0,NULL,0,NULL,NULL,NULL,NULL,NULL,0,NULL,NULL),(252,NULL,NULL,NULL,NULL,0,0,NULL,NULL,0,0,0,NULL,NULL,NULL,NULL,0,NULL,0,NULL,NULL,NULL,0,0,0,0,NULL,0,NULL,NULL,NULL,NULL,NULL,0,NULL,NULL),(255,NULL,NULL,NULL,NULL,1,0,NULL,NULL,0,0,0,NULL,NULL,NULL,NULL,0,NULL,0,NULL,NULL,NULL,0,0,0,0,NULL,0,NULL,NULL,NULL,NULL,NULL,0,NULL,NULL),(306,NULL,NULL,NULL,NULL,0,0,NULL,NULL,0,0,0,NULL,NULL,NULL,NULL,0,NULL,0,NULL,NULL,NULL,0,0,0,0,NULL,0,NULL,NULL,NULL,NULL,NULL,0,NULL,NULL),(307,NULL,NULL,NULL,NULL,1,0,NULL,NULL,0,0,0,NULL,NULL,NULL,NULL,0,NULL,0,NULL,NULL,NULL,0,0,0,0,NULL,0,NULL,NULL,NULL,NULL,NULL,0,NULL,NULL),(308,NULL,NULL,NULL,NULL,0,0,NULL,NULL,0,0,0,NULL,NULL,NULL,NULL,0,NULL,0,NULL,NULL,NULL,0,0,0,0,NULL,0,NULL,NULL,NULL,NULL,NULL,0,NULL,NULL),(309,NULL,NULL,NULL,NULL,1,0,NULL,NULL,0,0,0,NULL,NULL,NULL,NULL,0,NULL,0,NULL,NULL,NULL,0,0,0,0,NULL,0,NULL,NULL,NULL,NULL,NULL,0,NULL,NULL),(310,NULL,NULL,NULL,NULL,1,0,NULL,NULL,0,0,0,NULL,NULL,NULL,NULL,0,NULL,0,NULL,NULL,NULL,0,0,0,0,NULL,0,NULL,NULL,NULL,NULL,NULL,0,NULL,NULL),(311,NULL,NULL,NULL,NULL,0,0,NULL,NULL,0,0,0,NULL,NULL,NULL,NULL,0,NULL,0,NULL,NULL,NULL,0,0,0,0,NULL,0,NULL,NULL,NULL,NULL,NULL,0,NULL,NULL),(314,NULL,NULL,NULL,NULL,1,0,NULL,NULL,0,0,0,NULL,NULL,NULL,NULL,0,NULL,0,NULL,NULL,NULL,0,0,0,0,NULL,0,NULL,NULL,NULL,NULL,NULL,0,NULL,NULL),(315,NULL,NULL,NULL,'hive-wrench',0,0,NULL,NULL,0,0,0,NULL,NULL,NULL,NULL,0,NULL,0,NULL,NULL,NULL,0,0,0,0,NULL,0,NULL,NULL,NULL,NULL,NULL,0,NULL,NULL),(316,NULL,NULL,NULL,NULL,0,0,NULL,NULL,0,0,0,NULL,NULL,NULL,NULL,0,NULL,0,NULL,NULL,NULL,0,0,0,0,NULL,0,NULL,NULL,NULL,NULL,NULL,0,NULL,NULL),(317,NULL,NULL,NULL,NULL,0,0,NULL,NULL,0,0,0,NULL,NULL,NULL,NULL,0,NULL,0,NULL,NULL,NULL,0,0,0,0,NULL,0,NULL,NULL,NULL,NULL,NULL,0,NULL,NULL),(318,NULL,NULL,NULL,NULL,0,0,NULL,NULL,0,0,0,NULL,NULL,NULL,NULL,0,NULL,0,NULL,NULL,NULL,0,0,0,0,NULL,0,NULL,NULL,NULL,NULL,NULL,0,NULL,NULL),(319,NULL,NULL,NULL,NULL,0,0,NULL,NULL,0,0,0,NULL,NULL,NULL,NULL,0,NULL,0,NULL,NULL,NULL,0,0,0,0,NULL,0,NULL,NULL,NULL,NULL,NULL,0,NULL,NULL),(320,NULL,NULL,NULL,NULL,0,0,NULL,NULL,0,0,0,NULL,NULL,NULL,NULL,0,NULL,0,NULL,NULL,NULL,0,0,0,0,NULL,0,NULL,NULL,NULL,NULL,NULL,0,NULL,NULL),(321,NULL,NULL,NULL,NULL,0,0,NULL,NULL,0,0,0,NULL,NULL,NULL,NULL,0,NULL,0,NULL,NULL,NULL,0,0,0,0,NULL,0,NULL,NULL,NULL,NULL,NULL,0,NULL,NULL),(322,NULL,NULL,NULL,NULL,0,0,NULL,NULL,0,0,0,NULL,NULL,NULL,NULL,0,NULL,0,NULL,NULL,NULL,0,0,0,0,NULL,0,NULL,NULL,NULL,NULL,NULL,0,NULL,NULL),(324,NULL,NULL,NULL,NULL,0,0,NULL,NULL,0,0,0,NULL,NULL,NULL,NULL,0,NULL,0,NULL,NULL,NULL,0,0,0,0,NULL,0,NULL,NULL,NULL,NULL,NULL,0,NULL,NULL),(325,NULL,NULL,NULL,NULL,0,0,NULL,NULL,0,0,0,NULL,NULL,NULL,NULL,0,NULL,0,NULL,NULL,NULL,0,0,0,0,NULL,0,NULL,NULL,NULL,NULL,NULL,0,NULL,NULL),(326,NULL,NULL,NULL,NULL,0,0,NULL,NULL,0,0,0,NULL,NULL,NULL,NULL,0,NULL,0,NULL,NULL,NULL,0,0,0,0,NULL,0,NULL,NULL,NULL,NULL,NULL,0,NULL,NULL),(327,NULL,NULL,NULL,NULL,0,0,NULL,NULL,0,0,0,NULL,NULL,NULL,NULL,0,NULL,0,NULL,NULL,NULL,0,0,0,0,NULL,0,NULL,NULL,NULL,NULL,NULL,0,NULL,NULL),(328,NULL,NULL,NULL,NULL,0,0,NULL,NULL,0,0,0,NULL,NULL,NULL,NULL,0,NULL,0,NULL,NULL,NULL,0,0,0,0,NULL,0,NULL,NULL,NULL,NULL,NULL,0,NULL,NULL),(329,NULL,NULL,NULL,NULL,0,0,NULL,NULL,0,0,0,NULL,NULL,NULL,NULL,0,NULL,0,NULL,NULL,NULL,0,0,0,0,NULL,0,NULL,NULL,NULL,NULL,NULL,0,NULL,NULL),(330,NULL,NULL,NULL,NULL,0,0,NULL,NULL,0,0,0,NULL,NULL,NULL,NULL,0,NULL,0,NULL,NULL,NULL,0,0,0,0,NULL,0,NULL,NULL,NULL,NULL,NULL,0,NULL,NULL),(331,NULL,NULL,NULL,NULL,0,0,NULL,NULL,0,0,0,NULL,NULL,NULL,NULL,0,NULL,0,NULL,NULL,NULL,0,0,0,0,NULL,0,NULL,NULL,NULL,NULL,NULL,0,NULL,NULL),(332,NULL,NULL,NULL,NULL,0,0,NULL,NULL,0,0,0,NULL,NULL,NULL,NULL,0,NULL,0,NULL,NULL,NULL,0,0,0,0,NULL,0,NULL,NULL,NULL,NULL,NULL,0,NULL,NULL),(333,NULL,NULL,NULL,NULL,0,0,NULL,NULL,0,0,0,NULL,NULL,NULL,NULL,0,NULL,0,NULL,NULL,NULL,0,0,0,0,NULL,0,NULL,NULL,NULL,NULL,NULL,0,NULL,NULL),(334,NULL,NULL,NULL,NULL,0,0,NULL,NULL,0,0,0,NULL,NULL,NULL,NULL,0,NULL,0,NULL,NULL,NULL,0,0,0,0,NULL,0,NULL,NULL,NULL,NULL,NULL,0,NULL,NULL),(335,NULL,NULL,NULL,NULL,1,0,NULL,NULL,0,0,0,NULL,NULL,NULL,NULL,0,NULL,0,NULL,NULL,NULL,0,0,0,0,NULL,0,NULL,NULL,NULL,NULL,NULL,0,NULL,NULL),(336,NULL,NULL,NULL,NULL,1,0,NULL,NULL,0,0,0,NULL,NULL,NULL,NULL,0,NULL,0,NULL,NULL,NULL,0,0,0,0,NULL,0,NULL,NULL,NULL,NULL,NULL,0,NULL,NULL),(337,NULL,NULL,NULL,NULL,1,0,NULL,NULL,0,0,0,NULL,NULL,NULL,NULL,0,NULL,0,NULL,NULL,NULL,0,0,0,0,NULL,0,NULL,NULL,NULL,NULL,NULL,0,NULL,NULL),(338,NULL,NULL,NULL,NULL,1,0,NULL,NULL,0,0,0,NULL,NULL,NULL,NULL,0,NULL,0,NULL,NULL,NULL,0,0,0,0,NULL,0,NULL,NULL,NULL,NULL,NULL,0,NULL,NULL),(339,NULL,NULL,NULL,NULL,1,0,NULL,NULL,0,0,0,NULL,NULL,NULL,NULL,0,NULL,0,NULL,NULL,NULL,0,0,0,0,NULL,0,NULL,NULL,NULL,NULL,NULL,0,NULL,NULL),(340,NULL,NULL,NULL,NULL,1,0,NULL,NULL,0,0,0,NULL,NULL,NULL,NULL,0,NULL,0,NULL,NULL,NULL,0,0,0,0,NULL,0,NULL,NULL,NULL,NULL,NULL,0,NULL,NULL),(341,NULL,NULL,NULL,NULL,0,0,NULL,NULL,0,0,0,NULL,NULL,NULL,NULL,0,NULL,0,NULL,NULL,NULL,0,0,0,0,NULL,0,NULL,NULL,NULL,NULL,NULL,0,NULL,NULL),(342,NULL,NULL,NULL,NULL,1,0,NULL,NULL,0,0,0,NULL,NULL,NULL,NULL,0,NULL,0,NULL,NULL,NULL,0,0,0,0,NULL,0,NULL,NULL,NULL,NULL,NULL,0,NULL,NULL),(343,NULL,NULL,NULL,NULL,1,0,NULL,NULL,0,0,0,NULL,NULL,NULL,NULL,0,NULL,0,NULL,NULL,NULL,0,0,0,0,NULL,0,NULL,NULL,NULL,NULL,NULL,0,NULL,NULL),(344,NULL,NULL,NULL,NULL,0,0,NULL,NULL,0,0,0,NULL,NULL,NULL,NULL,0,NULL,0,NULL,NULL,NULL,0,0,0,0,NULL,0,NULL,NULL,NULL,NULL,NULL,0,NULL,NULL),(345,NULL,NULL,NULL,NULL,1,0,NULL,NULL,0,0,0,NULL,NULL,NULL,NULL,0,NULL,0,NULL,NULL,NULL,0,0,0,0,NULL,0,NULL,NULL,NULL,NULL,NULL,0,NULL,NULL),(346,NULL,NULL,NULL,NULL,1,0,NULL,NULL,0,0,0,NULL,NULL,NULL,NULL,0,NULL,0,NULL,NULL,NULL,0,0,0,0,NULL,0,NULL,NULL,NULL,NULL,NULL,0,NULL,NULL),(347,NULL,NULL,NULL,NULL,0,0,NULL,NULL,0,0,0,NULL,NULL,NULL,NULL,0,NULL,0,NULL,NULL,NULL,0,0,0,0,NULL,0,NULL,NULL,NULL,NULL,NULL,0,NULL,NULL),(348,NULL,NULL,NULL,NULL,0,0,NULL,NULL,0,0,0,NULL,NULL,NULL,NULL,0,NULL,0,NULL,NULL,NULL,0,0,0,0,NULL,0,NULL,NULL,NULL,NULL,NULL,0,NULL,NULL),(349,NULL,NULL,NULL,NULL,0,0,NULL,NULL,0,0,0,NULL,NULL,NULL,NULL,0,NULL,0,NULL,NULL,NULL,0,0,0,0,NULL,0,NULL,NULL,NULL,NULL,NULL,0,NULL,NULL),(350,NULL,NULL,NULL,NULL,0,0,NULL,NULL,0,0,0,NULL,NULL,NULL,NULL,0,NULL,0,NULL,NULL,NULL,0,0,0,0,NULL,0,NULL,NULL,NULL,NULL,NULL,0,NULL,NULL),(351,NULL,NULL,NULL,NULL,0,0,NULL,NULL,0,0,0,NULL,NULL,NULL,NULL,0,NULL,0,NULL,NULL,NULL,0,0,0,0,NULL,0,NULL,NULL,NULL,NULL,NULL,0,NULL,NULL),(352,NULL,NULL,NULL,NULL,1,0,NULL,NULL,0,0,0,NULL,NULL,NULL,NULL,0,NULL,0,NULL,NULL,NULL,0,0,0,0,NULL,0,NULL,NULL,NULL,NULL,NULL,0,NULL,NULL),(353,NULL,NULL,NULL,NULL,0,0,NULL,NULL,0,0,0,NULL,NULL,NULL,NULL,0,NULL,0,NULL,NULL,NULL,0,0,0,0,NULL,0,NULL,NULL,NULL,NULL,NULL,0,NULL,NULL),(354,NULL,NULL,NULL,NULL,1,0,NULL,NULL,0,0,0,NULL,NULL,NULL,NULL,0,NULL,0,NULL,NULL,NULL,0,0,0,0,NULL,0,NULL,NULL,NULL,NULL,NULL,0,NULL,NULL),(355,NULL,NULL,NULL,NULL,1,0,NULL,NULL,0,0,0,NULL,NULL,NULL,NULL,0,NULL,0,NULL,NULL,NULL,0,0,0,0,NULL,0,NULL,NULL,NULL,NULL,NULL,0,NULL,NULL),(356,NULL,NULL,NULL,NULL,1,0,NULL,NULL,0,0,0,NULL,NULL,NULL,NULL,0,NULL,0,NULL,NULL,NULL,0,0,0,0,NULL,0,NULL,NULL,NULL,NULL,NULL,0,NULL,NULL),(357,NULL,NULL,NULL,NULL,1,0,NULL,NULL,0,0,0,NULL,NULL,NULL,NULL,0,NULL,0,NULL,NULL,NULL,0,0,0,0,NULL,0,NULL,NULL,NULL,NULL,NULL,0,NULL,NULL),(358,NULL,NULL,NULL,NULL,1,0,NULL,NULL,0,0,0,NULL,NULL,NULL,NULL,0,NULL,0,NULL,NULL,NULL,0,0,0,0,NULL,0,NULL,NULL,NULL,NULL,NULL,0,NULL,NULL),(359,NULL,NULL,NULL,NULL,1,0,NULL,NULL,0,0,0,NULL,NULL,NULL,NULL,0,NULL,0,NULL,NULL,NULL,0,0,0,0,NULL,0,NULL,NULL,NULL,NULL,NULL,0,NULL,NULL),(360,NULL,NULL,NULL,NULL,1,0,NULL,NULL,0,0,0,NULL,NULL,NULL,NULL,0,NULL,0,NULL,NULL,NULL,0,0,0,0,NULL,0,NULL,NULL,NULL,NULL,NULL,0,NULL,NULL),(361,NULL,NULL,NULL,NULL,1,0,NULL,NULL,0,0,0,NULL,NULL,NULL,NULL,0,NULL,0,NULL,NULL,NULL,0,0,0,0,NULL,0,NULL,NULL,NULL,NULL,NULL,0,NULL,NULL),(362,NULL,NULL,NULL,NULL,1,0,NULL,NULL,0,0,0,NULL,NULL,NULL,NULL,0,NULL,0,NULL,NULL,NULL,0,0,0,0,NULL,0,NULL,NULL,NULL,NULL,NULL,0,NULL,NULL),(363,NULL,NULL,NULL,NULL,1,0,NULL,NULL,0,0,0,NULL,NULL,NULL,NULL,0,NULL,0,NULL,NULL,NULL,0,0,0,0,NULL,0,NULL,NULL,NULL,NULL,NULL,0,NULL,NULL),(364,NULL,NULL,NULL,NULL,1,0,NULL,NULL,0,0,0,NULL,NULL,NULL,NULL,0,NULL,0,NULL,NULL,NULL,0,0,0,0,NULL,0,NULL,NULL,NULL,NULL,NULL,0,NULL,NULL),(365,NULL,NULL,NULL,NULL,1,0,NULL,NULL,0,0,0,NULL,NULL,NULL,NULL,0,NULL,0,NULL,NULL,NULL,0,0,0,0,NULL,0,NULL,NULL,NULL,NULL,NULL,0,NULL,NULL),(366,NULL,NULL,NULL,NULL,0,0,NULL,NULL,0,0,0,NULL,NULL,NULL,NULL,0,NULL,0,NULL,NULL,NULL,0,0,0,0,NULL,0,NULL,NULL,NULL,NULL,NULL,0,NULL,NULL),(367,NULL,NULL,NULL,NULL,1,0,NULL,NULL,0,0,0,NULL,NULL,NULL,NULL,0,NULL,0,NULL,NULL,NULL,0,0,0,0,NULL,0,NULL,NULL,NULL,NULL,NULL,0,NULL,NULL),(368,NULL,NULL,NULL,NULL,1,0,NULL,NULL,0,0,0,NULL,NULL,NULL,NULL,0,NULL,0,NULL,NULL,NULL,0,0,0,0,NULL,0,NULL,NULL,NULL,NULL,NULL,0,NULL,NULL),(369,NULL,NULL,NULL,NULL,0,0,NULL,NULL,0,0,0,NULL,NULL,NULL,NULL,0,NULL,0,NULL,NULL,NULL,0,0,0,0,NULL,0,NULL,NULL,NULL,NULL,NULL,0,NULL,NULL),(370,NULL,NULL,NULL,NULL,1,0,NULL,NULL,0,0,0,NULL,NULL,NULL,NULL,0,NULL,0,NULL,NULL,NULL,0,0,0,0,NULL,0,NULL,NULL,NULL,NULL,NULL,0,NULL,NULL),(371,NULL,NULL,NULL,NULL,1,0,NULL,NULL,0,0,0,NULL,NULL,NULL,NULL,0,NULL,0,NULL,NULL,NULL,0,0,0,0,NULL,0,NULL,NULL,NULL,NULL,NULL,0,NULL,NULL),(372,NULL,NULL,NULL,NULL,1,0,NULL,NULL,0,0,0,NULL,NULL,NULL,NULL,0,NULL,0,NULL,NULL,NULL,0,0,0,0,NULL,0,NULL,NULL,NULL,NULL,NULL,0,NULL,NULL),(373,NULL,NULL,NULL,NULL,1,0,NULL,NULL,0,0,0,NULL,NULL,NULL,NULL,0,NULL,0,NULL,NULL,NULL,0,0,0,0,NULL,0,NULL,NULL,NULL,NULL,NULL,0,NULL,NULL),(374,NULL,NULL,NULL,NULL,1,0,NULL,NULL,0,0,0,NULL,NULL,NULL,NULL,0,NULL,0,NULL,NULL,NULL,0,0,0,0,NULL,0,NULL,NULL,NULL,NULL,NULL,0,NULL,NULL),(375,NULL,NULL,NULL,NULL,1,0,NULL,NULL,0,0,0,NULL,NULL,NULL,NULL,0,NULL,0,NULL,NULL,NULL,0,0,0,0,NULL,0,NULL,NULL,NULL,NULL,NULL,0,NULL,NULL),(376,NULL,NULL,NULL,'hive-plane-paper-1',0,0,NULL,NULL,0,0,0,NULL,NULL,NULL,NULL,0,NULL,0,NULL,NULL,NULL,0,0,0,0,NULL,0,NULL,NULL,NULL,NULL,NULL,0,NULL,NULL),(377,NULL,NULL,NULL,'hive-window-add',1,0,NULL,NULL,0,0,0,NULL,NULL,NULL,NULL,0,NULL,0,NULL,NULL,NULL,0,0,0,0,NULL,0,NULL,NULL,NULL,NULL,NULL,0,NULL,NULL),(378,NULL,NULL,NULL,NULL,1,0,NULL,NULL,0,0,0,NULL,NULL,NULL,NULL,0,NULL,0,NULL,NULL,NULL,0,0,0,0,NULL,0,NULL,NULL,NULL,NULL,NULL,0,NULL,NULL),(379,NULL,NULL,NULL,'hive-file-table',1,0,NULL,NULL,0,0,0,NULL,NULL,NULL,NULL,0,NULL,0,NULL,NULL,NULL,0,0,0,0,NULL,0,NULL,NULL,NULL,NULL,NULL,0,NULL,NULL),(380,NULL,NULL,NULL,'hive-file-table',1,0,NULL,NULL,0,0,0,NULL,NULL,NULL,NULL,0,NULL,0,NULL,NULL,NULL,0,0,0,0,NULL,0,NULL,NULL,NULL,NULL,NULL,0,NULL,NULL),(381,NULL,NULL,NULL,'hive-file-table',1,0,NULL,NULL,0,0,0,NULL,NULL,NULL,NULL,0,NULL,0,NULL,NULL,NULL,0,0,0,0,NULL,0,NULL,NULL,NULL,NULL,NULL,0,NULL,NULL),(382,NULL,NULL,NULL,'hive-file-table',1,0,NULL,NULL,0,0,0,NULL,NULL,NULL,NULL,0,NULL,0,NULL,NULL,NULL,0,0,0,0,NULL,0,NULL,NULL,NULL,NULL,NULL,0,NULL,NULL),(383,NULL,NULL,NULL,'hive-file-table',1,0,NULL,NULL,0,0,0,NULL,NULL,NULL,NULL,0,NULL,0,NULL,NULL,NULL,0,0,0,0,NULL,0,NULL,NULL,NULL,NULL,NULL,0,NULL,NULL),(384,NULL,NULL,NULL,NULL,1,0,NULL,NULL,0,0,0,NULL,NULL,NULL,NULL,0,NULL,0,NULL,NULL,NULL,0,0,0,0,NULL,0,NULL,NULL,NULL,NULL,NULL,0,NULL,NULL),(385,NULL,NULL,NULL,NULL,1,0,NULL,NULL,0,0,0,NULL,NULL,NULL,NULL,0,NULL,0,NULL,NULL,NULL,0,0,0,0,NULL,0,NULL,NULL,NULL,NULL,NULL,0,NULL,NULL);
/*!40000 ALTER TABLE `collectionsearchindexattributes` ENABLE KEYS */;
UNLOCK TABLES;

--
-- Table structure for table `collectionversionareastyles`
--

DROP TABLE IF EXISTS `collectionversionareastyles`;
/*!40101 SET @saved_cs_client     = @@character_set_client */;
/*!40101 SET character_set_client = utf8 */;
CREATE TABLE `collectionversionareastyles` (
  `cID` int(10) unsigned NOT NULL DEFAULT '0',
  `cvID` int(10) unsigned NOT NULL DEFAULT '0',
  `arHandle` varchar(255) COLLATE utf8_unicode_ci NOT NULL,
  `issID` int(10) unsigned NOT NULL DEFAULT '0',
  PRIMARY KEY (`cID`,`cvID`,`arHandle`),
  KEY `issID` (`issID`)
) ENGINE=InnoDB DEFAULT CHARSET=utf8 COLLATE=utf8_unicode_ci;
/*!40101 SET character_set_client = @saved_cs_client */;

--
-- Dumping data for table `collectionversionareastyles`
--

LOCK TABLES `collectionversionareastyles` WRITE;
/*!40000 ALTER TABLE `collectionversionareastyles` DISABLE KEYS */;
/*!40000 ALTER TABLE `collectionversionareastyles` ENABLE KEYS */;
UNLOCK TABLES;

--
-- Table structure for table `collectionversionblocks`
--

DROP TABLE IF EXISTS `collectionversionblocks`;
/*!40101 SET @saved_cs_client     = @@character_set_client */;
/*!40101 SET character_set_client = utf8 */;
CREATE TABLE `collectionversionblocks` (
  `cID` int(10) unsigned NOT NULL DEFAULT '0',
  `cvID` int(10) unsigned NOT NULL DEFAULT '1',
  `bID` int(10) unsigned NOT NULL DEFAULT '0',
  `arHandle` varchar(255) COLLATE utf8_unicode_ci NOT NULL,
  `cbDisplayOrder` int(10) unsigned NOT NULL DEFAULT '0',
  `isOriginal` tinyint(1) NOT NULL DEFAULT '0',
  `cbOverrideAreaPermissions` tinyint(1) NOT NULL DEFAULT '0',
  `cbIncludeAll` tinyint(1) NOT NULL DEFAULT '0',
  `cbOverrideBlockTypeCacheSettings` tinyint(1) NOT NULL DEFAULT '0',
  `cbOverrideBlockTypeContainerSettings` tinyint(1) NOT NULL DEFAULT '0',
  `cbEnableBlockContainer` tinyint(1) NOT NULL DEFAULT '0',
  PRIMARY KEY (`cID`,`cvID`,`bID`,`arHandle`),
  KEY `bID` (`bID`,`cID`)
) ENGINE=InnoDB DEFAULT CHARSET=utf8 COLLATE=utf8_unicode_ci;
/*!40101 SET character_set_client = @saved_cs_client */;

--
-- Dumping data for table `collectionversionblocks`
--

LOCK TABLES `collectionversionblocks` WRITE;
/*!40000 ALTER TABLE `collectionversionblocks` DISABLE KEYS */;
INSERT INTO `collectionversionblocks` VALUES (142,1,41,'Page Header',0,1,0,0,0,0,0),(163,1,20,'Page Header',0,1,0,0,0,0,0),(164,1,21,'Page Header',0,1,0,0,0,0,0),(200,5,192,'Main',0,1,0,0,0,0,0),(204,4,165,'Main',0,1,0,0,0,0,0),(205,5,164,'Main',0,1,0,0,0,0,0),(206,6,191,'Main',0,0,0,0,0,0,0),(214,1,43,'Page Header',0,1,0,0,0,0,0),(215,1,186,'Page Header',0,1,1,0,0,0,0),(216,1,187,'Page Header',0,1,1,0,0,0,0),(217,1,45,'Page Header',0,1,0,0,0,0,0),(218,1,188,'Page Header',0,1,1,0,0,0,0),(220,1,46,'Page Header',0,1,1,0,0,0,0),(238,1,22,'Page Header',0,1,0,0,0,0,0),(251,1,42,'Page Header',0,1,0,0,0,0,0),(314,1,43,'Page Header',0,0,0,0,0,0,0),(314,1,185,'Main',0,1,0,0,0,0,0);
/*!40000 ALTER TABLE `collectionversionblocks` ENABLE KEYS */;
UNLOCK TABLES;

--
-- Table structure for table `collectionversionblockscachesettings`
--

DROP TABLE IF EXISTS `collectionversionblockscachesettings`;
/*!40101 SET @saved_cs_client     = @@character_set_client */;
/*!40101 SET character_set_client = utf8 */;
CREATE TABLE `collectionversionblockscachesettings` (
  `cID` int(10) unsigned NOT NULL DEFAULT '0',
  `cvID` int(10) unsigned NOT NULL DEFAULT '1',
  `bID` int(10) unsigned NOT NULL DEFAULT '0',
  `arHandle` varchar(255) COLLATE utf8_unicode_ci NOT NULL,
  `btCacheBlockOutput` tinyint(1) NOT NULL DEFAULT '0',
  `btCacheBlockOutputOnPost` tinyint(1) NOT NULL DEFAULT '0',
  `btCacheBlockOutputForRegisteredUsers` tinyint(1) NOT NULL DEFAULT '0',
  `btCacheBlockOutputLifetime` int(10) unsigned NOT NULL DEFAULT '0',
  PRIMARY KEY (`cID`,`cvID`,`bID`,`arHandle`),
  KEY `bID` (`bID`,`cID`,`cvID`,`arHandle`)
) ENGINE=InnoDB DEFAULT CHARSET=utf8 COLLATE=utf8_unicode_ci;
/*!40101 SET character_set_client = @saved_cs_client */;

--
-- Dumping data for table `collectionversionblockscachesettings`
--

LOCK TABLES `collectionversionblockscachesettings` WRITE;
/*!40000 ALTER TABLE `collectionversionblockscachesettings` DISABLE KEYS */;
/*!40000 ALTER TABLE `collectionversionblockscachesettings` ENABLE KEYS */;
UNLOCK TABLES;

--
-- Table structure for table `collectionversionblocksoutputcache`
--

DROP TABLE IF EXISTS `collectionversionblocksoutputcache`;
/*!40101 SET @saved_cs_client     = @@character_set_client */;
/*!40101 SET character_set_client = utf8 */;
CREATE TABLE `collectionversionblocksoutputcache` (
  `cID` int(10) unsigned NOT NULL DEFAULT '0',
  `cvID` int(10) unsigned NOT NULL DEFAULT '1',
  `bID` int(10) unsigned NOT NULL DEFAULT '0',
  `arHandle` varchar(255) COLLATE utf8_unicode_ci NOT NULL,
  `btCachedBlockOutput` longtext COLLATE utf8_unicode_ci,
  `btCachedBlockOutputExpires` int(10) unsigned NOT NULL DEFAULT '0',
  PRIMARY KEY (`cID`,`cvID`,`bID`,`arHandle`),
  KEY `bID` (`bID`,`cID`,`cvID`,`arHandle`)
) ENGINE=InnoDB DEFAULT CHARSET=utf8 COLLATE=utf8_unicode_ci;
/*!40101 SET character_set_client = @saved_cs_client */;

--
-- Dumping data for table `collectionversionblocksoutputcache`
--

LOCK TABLES `collectionversionblocksoutputcache` WRITE;
/*!40000 ALTER TABLE `collectionversionblocksoutputcache` DISABLE KEYS */;
INSERT INTO `collectionversionblocksoutputcache` VALUES (204,4,165,'Main','		<div class=\"hive-block hive-block-content\">\n			<h1>Terms of Use</h1><p>The following Terms and Conditions govern the use of &lt;site name&gt; (“the site”). The platform is owned and operated by us, Harvest Digital Planning Pty Ltd (Harvest), on behalf of &lt;client&gt;.  </p><p>By accessing and using this site, you are choosing to accept and comply with the Terms presented throughout this agreement as well as the Privacy Policy and Moderation Policy. These Terms apply to all visitors and users of this site. Linked sites, affiliated services or third party content or software have their own Terms that you must comply with. If you disagree with any of the Terms presented in this agreement, you may discontinue using the site immediately. </p><p>If you are under 18 years old, please ensure that your parent or guardian understands and accepts these Terms and Conditions (including the Privacy Policy and Moderation Policy). </p><p><strong>What are the conditions with a user’s account? </strong></p><p>While using the site, you must not violate any applicable laws and regulations. It is our duty to protect the confidentiality of content you provide on our site in accordance with our Privacy Policy. When you create an account with us, you must always provide us with accurate information. Failure to provide accurate information violates the Terms, which may result in immediate termination of your account on our service. You are responsible for protecting your own password you use for this site and for any activities done under that password. Unauthorised use of your password or account must be immediately reported to Harvest. In some cases, we or our agents may require access to your user accounts to respond to technical issues. </p><p>We are not responsible for the content on the site that has been provided by the users of the site. Any content posted by you is subject to the rules of our Moderation Policy. Your contribution to the site may be edited, removed or not published if we consider it inappropriate (refer to Moderation Policy). Contributors should also be aware that their posts may remain online indefinitely. Where practical, you may choose not to identify yourself, deal with us on an anonymous basis or use a pseudonym. </p><p><strong>What does Harvest require from their users?</strong></p><p>You must understand and agree that, without limitation:</p><blockquote style=\"margin: 0 0 0 40px; border: none; padding: 0px;\"><li>all information, data, images and other materials are the sole responsibility of the person from whom the content originated;</li><li> you are prohibited from advertising or offering to sell or buy any goods and services </li><li> you cannot transmit Content that contains software viruses or programs designed to change or destroy the functionality of any computer software or hardware; or </li><li> you cannot collect or store personal data about other users of the site </li><li> you cannot impersonate any person or entity, including without limitation to a Harvest representative</li><li> you cannot interrupt or interfere with the site or servers or networks connected to the site</li><li> you cannot attempt to gain unauthorised access to the site or other use accounts </li></blockquote><p><strong>Can your account be suspended or terminated?</strong></p><p>We may terminate or suspend access to your site and/or account immediately, without prior notice, including without limitation if you breach the Terms. We may immediately deactivate or delete your account and all the related files and information in your account. After your account has been terminated, the content you have posted may also remain indefinitely on the site. </p><p>If you want to terminate your own account, please send an email to info@harvestdigitalplanning.com. </p><p><strong>Governing Law </strong></p><p>These Terms shall be governed in accordance with the laws of Victoria, Australia, without regards to its conflict of law provisions. </p><p><strong>Indemnification</strong></p><p>Harvest, its subsidiaries, affiliates, officers, agents, licensors and other partners are not responsible for any loss, liability, claim, or demand, including legal fees, made by any third party due to or arising from a breach of this agreement and/or any breach of your representations and warranties set forth above. </p><p><strong>What content does Harvest own? </strong></p><p>Your Say website contains the copyrighted material, trademarks, patents, trade secrets and other proprietary information (“Intellectual Property”) of Harvest and its suppliers and licensors. Harvest owns and retain all proprietary rights in the intellectual property. All intellectual property in the content of this site including without limitation to text, software, source code, pages, documents and online graphics, photographs, sounds, audio, video and other interactive features are owned by or licensed to us. </p><p>Any original content that you submit or post on our site may be made available to the public and allows users to share your content (with the end user acknowledging your contribution) under the Creative Commons Attribution-ShareAlike 4.0 Australian License. </p><p>Except for Intellectual Property which is in the public domain or for which you have been given written permission, you may not copy, alter, transmit, sell, distribute any of the Intellectual Property.</p><p>We are not responsible for your communications or dealings, including payment and delivery of goods or services, with a third party found via our website. Any loss or damage incurred from those communications or dealings are solely between the user and the third party. </p><p><strong>Disclaimer and Warranties</strong></p><p>Users must agree that you use of the site is at your own risk. We make no warranty that the site will meet your requirements or be uninterrupted or error-free. Any material that the user downloads through the site is done at their own risk and are responsible for any damages to their computer system or loss of data. </p><p><strong>What happens if these Terms change? </strong></p><p>We reserve the right, at our sole discretion, to modify or replace these Terms at any time without notice. The most recent version of the Terms can be seen on this page. By continuing to access or use our site after those revisions become effective, you agree and will comply to the revised terms. If you do not agree to the revised terms, please discontinue using our site. </p><p><strong>Contact Us</strong></p><p>If you have any questions about these Terms, please contact us at info@harvestdp.com</p>		</div>\n	',1709514067),(205,5,164,'Main','		<div class=\"hive-block hive-block-content\">\n			<h1><strong></strong>Privacy Policy </h1><p>This Privacy Policy describes how Harvest Digital Planning Pty Ltd (12 148 958 927) (Harvest) collects and uses your personal information collected through its platform called The HiVE.<br></p><p>Harvest respects the rights and privacy of all individuals and is committed to complying with the Privacy Act 1988 and the Australian Privacy Principles and protecting the personal information Harvest holds.</p><p><strong>Why does Harvest collect personal information?  How does Harvest use it?</strong></p><p>Harvest generally collects your personal information as part of providing its online community engagement services, informing you about these services, complying with its contractual and other legal obligations, responding to your enquiries and administering its community engagement technology.</p><p>Harvest needs your personal information to carry out these aims.  Harvest may use your personal information for those purposes, any other purpose listed on a collection statement at the point of collection or in any other way made clear at the time of collecting the personal information.</p><p><strong>How does Harvest collect personal information?</strong></p><p>Harvest may collect your information via its websites.</p><p><strong>What personal information does Harvest collect? </strong></p><p>Harvest collects the types of personal information required to assist with providing Harvest’s services. </p><p>We may collect information from you when you sign-up for the platformsite, leave feedback or otherwise input data. Required information may include personal information such as your name, phone number, email and suburb. </p><p>By providing an email address you help us protect the integrity of the discussion from individuals and groups who may attempt to unduly influence the outcomes of the consultation process. For example, we check the database to ensure each user has a single email account on the site. We also frequently review the site for trolls and spammers.</p><p><strong>How does Harvest use your personal information?  To whom will it be disclosed?</strong></p><p>Harvest may use your personal information for the primary purpose for which it was collected, i.e. the purpose specified in a privacy collection statement or the purpose that could be reasonably expected at the time the information was collected. Harvest may also use your personal information for a secondary related purpose.</p><p>By submitting your personal information, you consent to Harvest using it to:</p><p style=\"margin-left: 20px;\">(a)	complete an activity that you have chosen to undertake;</p><p style=\"margin-left: 20px;\">(b)	administer Harvest’s relationship with you;</p><p style=\"margin-left: 20px;\">(c)	monitor online activity on the Harvest website(s) and/or application(s);</p><p style=\"margin-left: 20px;\">(d)	improve and add to Harvest’s services (including online); or</p><p style=\"margin-left: 20px;\">(e)	where required or authorised by law.</p><p>Harvest may disclose personal information to other entities with whom it contracts.  </p><p><strong>Can you remain anonymous or withhold personal information?</strong></p><p>Yes.  Where practical, you may choose not to identify yourself, deal with us on an anonymous basis or use a pseudonym.  </p><p><strong>Will you receive direct marketing?</strong></p><p>If you provide us with your personal information you will not receive direct marketing communications from Harvest unless otherwise stated.</p><p><strong>Will your information be disclosed overseas?</strong></p><p>Harvest will not disclose your personal information to any person or entity outside Australia.</p><p><strong>How can you access and correct your personal information? </strong></p><p>You generally have the right to access your personal information free of charge, subject to some limitations contained in the Privacy Act 1988. </p><p>The APPs set out some circumstances in which Harvest is not required to provide you with such access. If you ask for your personal information and any of these circumstances exist, you may be given access to the personal information in a way that is permitted under the Privacy Act 1988. </p><p>To protect personal information held by Harvest, you may need to confirm your identity before access to your personal information is granted.  It may take a little time to process your application for access and retrieve information from storage (if applicable). </p><p>Harvest encourages you to provide updates so that Harvest has accurate, current and complete information.  You may correct any errors or request that Harvest deletes all or some of your personal information. You may also opt out of any further contact from us.</p><p><strong>Does Harvest use “cookies”?</strong></p><p>Yes.  When you use Harvest’s website(s), Harvest or its IT service providers may obtain information using technologies such as cookies, tags, web beacons, and navigational data collection (log files, server logs, and clickstream data). For example, Harvest or its IT service providers may collect information like the date, time and duration of visits and which webpages are accessed. </p><p>This information is generally not linked to your identity, except where it is accessed via links in Harvest e-message or where you have identified yourself.  </p><p><strong>How can you complain about privacy breaches?</strong></p><p>If you have a complaint in relation to the collection, use or and disclosure of your personal information, please contact the Harvest Privacy Officer via the details provided below. The Harvest Privacy Officer will review all complaints received and respond to each complainant upon due consideration (which may require further information to be provided).</p><p>If a privacy breach occurs, Harvest will notify you where possible of the breach and seek your direction about how you would like to respond to the incident. </p><p><strong>Will this Privacy Policy change?</strong></p><p>Harvest may amend this Privacy Policy from time to time. Amendments will be effective immediately upon notification on this website. </p><p><strong>Who can you contact about your personal information?</strong></p><p>To contact Harvest about your personal information, concerns or complaints, email the Privacy Officer at info@Harvestdp.com.</p>		</div>\n	',1709514067);
/*!40000 ALTER TABLE `collectionversionblocksoutputcache` ENABLE KEYS */;
UNLOCK TABLES;

--
-- Table structure for table `collectionversionblockstyles`
--

DROP TABLE IF EXISTS `collectionversionblockstyles`;
/*!40101 SET @saved_cs_client     = @@character_set_client */;
/*!40101 SET character_set_client = utf8 */;
CREATE TABLE `collectionversionblockstyles` (
  `cID` int(10) unsigned NOT NULL DEFAULT '0',
  `cvID` int(10) unsigned NOT NULL DEFAULT '0',
  `bID` int(10) unsigned NOT NULL DEFAULT '0',
  `arHandle` varchar(255) COLLATE utf8_unicode_ci NOT NULL,
  `issID` int(10) unsigned NOT NULL DEFAULT '0',
  PRIMARY KEY (`cID`,`cvID`,`bID`,`arHandle`),
  KEY `bID` (`bID`,`issID`),
  KEY `issID` (`issID`)
) ENGINE=InnoDB DEFAULT CHARSET=utf8 COLLATE=utf8_unicode_ci;
/*!40101 SET character_set_client = @saved_cs_client */;

--
-- Dumping data for table `collectionversionblockstyles`
--

LOCK TABLES `collectionversionblockstyles` WRITE;
/*!40000 ALTER TABLE `collectionversionblockstyles` DISABLE KEYS */;
/*!40000 ALTER TABLE `collectionversionblockstyles` ENABLE KEYS */;
UNLOCK TABLES;

--
-- Table structure for table `collectionversionfeatureassignments`
--

DROP TABLE IF EXISTS `collectionversionfeatureassignments`;
/*!40101 SET @saved_cs_client     = @@character_set_client */;
/*!40101 SET character_set_client = utf8 */;
CREATE TABLE `collectionversionfeatureassignments` (
  `cID` int(10) unsigned NOT NULL DEFAULT '0',
  `cvID` int(10) unsigned NOT NULL DEFAULT '1',
  `faID` int(10) unsigned NOT NULL DEFAULT '0',
  PRIMARY KEY (`cID`,`cvID`,`faID`),
  KEY `faID` (`faID`)
) ENGINE=InnoDB DEFAULT CHARSET=utf8 COLLATE=utf8_unicode_ci;
/*!40101 SET character_set_client = @saved_cs_client */;

--
-- Dumping data for table `collectionversionfeatureassignments`
--

LOCK TABLES `collectionversionfeatureassignments` WRITE;
/*!40000 ALTER TABLE `collectionversionfeatureassignments` DISABLE KEYS */;
/*!40000 ALTER TABLE `collectionversionfeatureassignments` ENABLE KEYS */;
UNLOCK TABLES;

--
-- Table structure for table `collectionversionrelatededits`
--

DROP TABLE IF EXISTS `collectionversionrelatededits`;
/*!40101 SET @saved_cs_client     = @@character_set_client */;
/*!40101 SET character_set_client = utf8 */;
CREATE TABLE `collectionversionrelatededits` (
  `cID` int(10) unsigned NOT NULL DEFAULT '0',
  `cvID` int(10) unsigned NOT NULL DEFAULT '0',
  `cRelationID` int(10) unsigned NOT NULL DEFAULT '0',
  `cvRelationID` int(10) unsigned NOT NULL DEFAULT '0',
  PRIMARY KEY (`cID`,`cvID`,`cRelationID`,`cvRelationID`)
) ENGINE=InnoDB DEFAULT CHARSET=utf8 COLLATE=utf8_unicode_ci;
/*!40101 SET character_set_client = @saved_cs_client */;

--
-- Dumping data for table `collectionversionrelatededits`
--

LOCK TABLES `collectionversionrelatededits` WRITE;
/*!40000 ALTER TABLE `collectionversionrelatededits` DISABLE KEYS */;
/*!40000 ALTER TABLE `collectionversionrelatededits` ENABLE KEYS */;
UNLOCK TABLES;

--
-- Table structure for table `collectionversions`
--

DROP TABLE IF EXISTS `collectionversions`;
/*!40101 SET @saved_cs_client     = @@character_set_client */;
/*!40101 SET character_set_client = utf8 */;
CREATE TABLE `collectionversions` (
  `cID` int(10) unsigned NOT NULL DEFAULT '0',
  `cvID` int(10) unsigned NOT NULL DEFAULT '1',
  `cvName` text COLLATE utf8_unicode_ci,
  `cvHandle` varchar(255) COLLATE utf8_unicode_ci DEFAULT NULL,
  `cvDescription` text COLLATE utf8_unicode_ci,
  `cvDatePublic` datetime DEFAULT NULL,
  `cvDateCreated` datetime NOT NULL DEFAULT '0000-00-00 00:00:00',
  `cvComments` varchar(255) COLLATE utf8_unicode_ci DEFAULT NULL,
  `cvIsApproved` tinyint(1) NOT NULL DEFAULT '0',
  `cvIsNew` tinyint(1) NOT NULL DEFAULT '0',
  `cvAuthorUID` int(10) unsigned DEFAULT NULL,
  `cvApproverUID` int(10) unsigned DEFAULT NULL,
  `pThemeID` int(10) unsigned NOT NULL DEFAULT '0',
  `pTemplateID` int(10) unsigned NOT NULL DEFAULT '0',
  `cvActivateDatetime` datetime DEFAULT NULL,
  `cvPublishDate` datetime DEFAULT NULL,
  PRIMARY KEY (`cID`,`cvID`),
  KEY `cvIsApproved` (`cvIsApproved`),
  KEY `cvAuthorUID` (`cvAuthorUID`),
  KEY `cvApproverUID` (`cvApproverUID`),
  KEY `pThemeID` (`pThemeID`),
  KEY `pTemplateID` (`pTemplateID`)
) ENGINE=InnoDB DEFAULT CHARSET=utf8 COLLATE=utf8_unicode_ci;
/*!40101 SET character_set_client = @saved_cs_client */;

--
-- Dumping data for table `collectionversions`
--

LOCK TABLES `collectionversions` WRITE;
/*!40000 ALTER TABLE `collectionversions` DISABLE KEYS */;
INSERT INTO `collectionversions` VALUES (1,26,'Home','home','','2015-03-13 05:10:00','2018-03-28 12:59:25','Version 26',1,0,1,1,4,15,NULL,NULL),(2,1,'Dashboard','dashboard','','2015-03-13 05:12:14','2015-03-13 05:12:14','Initial Version',1,0,1,NULL,4,0,NULL,NULL),(3,1,'Sitemap','sitemap','Whole world at a glance.','2015-03-13 05:12:14','2015-03-13 05:12:14','Initial Version',0,0,1,NULL,4,0,NULL,NULL),(3,2,'Sitemap','sitemap','Whole world at a glance.','2015-03-13 05:12:00','2015-05-06 12:30:19','New Version 2',1,0,1,1,4,0,NULL,NULL),(4,1,'Full Sitemap','full','','2015-03-13 05:12:14','2015-03-13 05:12:14','Initial Version',0,0,1,NULL,4,0,NULL,NULL),(4,2,'Full Sitemap','full','','2015-03-13 05:12:00','2015-05-06 12:25:13','New Version 2',1,0,1,1,4,0,NULL,NULL),(5,1,'Flat View','explore','','2015-03-13 05:12:14','2015-03-13 05:12:14','Initial Version',1,0,1,NULL,4,0,NULL,NULL),(6,1,'Page Search','search','','2015-03-13 05:12:14','2015-03-13 05:12:14','Initial Version',1,0,1,NULL,4,0,NULL,NULL),(7,1,'Files','files','All documents and images.','2015-03-13 05:12:14','2015-03-13 05:12:14','Initial Version',0,0,1,NULL,4,0,NULL,NULL),(7,2,'Files','files','All documents and images.','2015-03-13 05:12:00','2015-05-06 12:29:56','New Version 2',1,0,1,1,4,0,NULL,NULL),(8,1,'File Manager','search','','2015-03-13 05:12:14','2015-03-13 05:12:14','Initial Version',0,0,1,NULL,4,0,NULL,NULL),(8,2,'File Manager','search','','2015-03-13 05:12:00','2015-05-06 12:24:30','New Version 2',1,0,1,1,4,0,NULL,NULL),(9,1,'Attributes','attributes','','2015-03-13 05:12:14','2015-03-13 05:12:14','Initial Version',1,0,1,NULL,4,0,NULL,NULL),(10,1,'File Sets','sets','','2015-03-13 05:12:14','2015-03-13 05:12:14','Initial Version',1,0,1,NULL,4,0,NULL,NULL),(11,1,'Add File Set','add_set','','2015-03-13 05:12:15','2015-03-13 05:12:15','Initial Version',1,0,1,NULL,4,0,NULL,NULL),(12,1,'Members','users','Add and manage the user accounts and groups on your website.','2015-03-13 05:12:15','2015-03-13 05:12:15','Initial Version',0,0,1,NULL,4,0,NULL,NULL),(12,2,'Members','users','Add and manage the user accounts and groups on your website.','2015-03-13 05:12:00','2015-05-06 12:30:06','New Version 2',1,0,1,1,4,0,NULL,NULL),(13,1,'Search Users','search','','2015-03-13 05:12:15','2015-03-13 05:12:15','Initial Version',0,0,1,NULL,4,0,NULL,NULL),(13,2,'All Users','search','','2015-03-13 05:12:00','2015-05-06 12:24:52','New Version 2',1,0,1,1,4,0,NULL,NULL),(14,1,'User Groups','groups','','2015-03-13 05:12:15','2015-03-13 05:12:15','Initial Version',1,0,1,NULL,4,0,NULL,NULL),(15,1,'Attributes','attributes','','2015-03-13 05:12:15','2015-03-13 05:12:15','Initial Version',1,0,1,NULL,4,0,NULL,NULL),(16,1,'Add User','add','','2015-03-13 05:12:15','2015-03-13 05:12:15','Initial Version',1,0,1,NULL,4,0,NULL,NULL),(17,1,'Add Group','add_group','','2015-03-13 05:12:15','2015-03-13 05:12:15','Initial Version',1,0,1,NULL,4,0,NULL,NULL),(18,1,'Move Multiple Groups','bulkupdate','','2015-03-13 05:12:15','2015-03-13 05:12:15','Initial Version',1,0,1,NULL,4,0,NULL,NULL),(19,1,'Group Sets','group_sets','','2015-03-13 05:12:15','2015-03-13 05:12:15','Initial Version',1,0,1,NULL,4,0,NULL,NULL),(20,1,'Community Points','points',NULL,'2015-03-13 05:12:15','2015-03-13 05:12:15','Initial Version',1,0,1,NULL,4,0,NULL,NULL),(21,1,'Assign Points','assign',NULL,'2015-03-13 05:12:16','2015-03-13 05:12:16','Initial Version',1,0,1,NULL,4,0,NULL,NULL),(22,1,'Actions','actions',NULL,'2015-03-13 05:12:16','2015-03-13 05:12:16','Initial Version',1,0,1,NULL,4,0,NULL,NULL),(23,1,'Reports','reports','Get data from forms and logs.','2015-03-13 05:12:16','2015-03-13 05:12:16','Initial Version',0,0,1,NULL,4,0,NULL,NULL),(23,2,'Reports','reports','Get data from forms and logs.','2015-03-13 05:12:00','2015-05-06 12:29:46','New Version 2',0,0,1,1,4,0,NULL,NULL),(23,3,'Analytics','analytics','Get data from forms and logs.','2015-03-13 05:12:00','2015-05-28 21:47:42','New Version 3',1,0,1,1,4,0,NULL,NULL),(24,1,'Form Results','forms','Get submission data.','2015-03-13 05:12:16','2015-03-13 05:12:16','Initial Version',0,0,1,NULL,4,0,NULL,NULL),(24,2,'Forms','forms','Get submission data.','2015-03-13 05:12:00','2015-03-16 13:15:10','New Version 2',1,0,1,1,4,0,NULL,NULL),(25,1,'Surveys','surveys','','2015-03-13 05:12:16','2015-03-13 05:12:16','Initial Version',0,0,1,NULL,4,0,NULL,NULL),(25,2,'Polls','surveys','','2015-03-13 05:12:00','2015-03-16 13:14:24','New Version 2',1,0,1,1,4,0,NULL,NULL),(26,1,'Logs','logs','','2015-03-13 05:12:16','2015-03-13 05:12:16','Initial Version',1,0,1,NULL,4,0,NULL,NULL),(27,1,'Pages & Themes','pages','Reskin your site.','2015-03-13 05:12:16','2015-03-13 05:12:16','Initial Version',0,0,1,NULL,4,0,NULL,NULL),(27,2,'Pages & Themes','pages','Reskin your site.','2015-03-13 05:12:00','2015-05-06 12:30:32','New Version 2',1,0,1,1,4,0,NULL,NULL),(28,1,'Themes','themes','Reskin your site.','2015-03-13 05:12:16','2015-03-13 05:12:16','Initial Version',1,0,1,NULL,4,0,NULL,NULL),(29,1,'Inspect','inspect','','2015-03-13 05:12:16','2015-03-13 05:12:16','Initial Version',1,0,1,NULL,4,0,NULL,NULL),(30,1,'Page Types','types','','2015-03-13 05:12:16','2015-03-13 05:12:16','Initial Version',1,0,1,NULL,4,0,NULL,NULL),(31,1,'Organize Page Type Order','organize','','2015-03-13 05:12:16','2015-03-13 05:12:16','Initial Version',1,0,1,NULL,4,0,NULL,NULL),(32,1,'Add Page Type','add','','2015-03-13 05:12:16','2015-03-13 05:12:16','Initial Version',1,0,1,NULL,4,0,NULL,NULL),(33,1,'Compose Form','form','','2015-03-13 05:12:17','2015-03-13 05:12:17','Initial Version',1,0,1,NULL,4,0,NULL,NULL),(34,1,'Defaults and Output','output','','2015-03-13 05:12:17','2015-03-13 05:12:17','Initial Version',1,0,1,NULL,4,0,NULL,NULL),(35,1,'Page Type Attributes','attributes','','2015-03-13 05:12:17','2015-03-13 05:12:17','Initial Version',1,0,1,NULL,4,0,NULL,NULL),(36,1,'Page Type Permissions','permissions','','2015-03-13 05:12:17','2015-03-13 05:12:17','Initial Version',1,0,1,NULL,4,0,NULL,NULL),(37,1,'Page Templates','templates','Form factors for pages in your site.','2015-03-13 05:12:17','2015-03-13 05:12:17','Initial Version',1,0,1,NULL,4,0,NULL,NULL),(38,1,'Add Page Template','add','Add page templates to your site.','2015-03-13 05:12:17','2015-03-13 05:12:17','Initial Version',1,0,1,NULL,4,0,NULL,NULL),(39,1,'Attributes','attributes','','2015-03-13 05:12:17','2015-03-13 05:12:17','Initial Version',1,0,1,NULL,4,0,NULL,NULL),(40,1,'Single Pages','single','','2015-03-13 05:12:17','2015-03-13 05:12:17','Initial Version',1,0,1,NULL,4,0,NULL,NULL),(41,1,'RSS Feeds','feeds','','2015-03-13 05:12:17','2015-03-13 05:12:17','Initial Version',1,0,1,NULL,4,0,NULL,NULL),(42,1,'Conversations','conversations','','2015-03-13 05:12:17','2015-03-13 05:12:17','Initial Version',0,0,1,NULL,4,0,NULL,NULL),(42,2,'Conversations','conversations','','2015-03-13 05:12:00','2015-05-06 12:30:44','New Version 2',1,0,1,1,4,0,NULL,NULL),(43,1,'Messages','messages','','2015-03-13 05:12:18','2015-03-13 05:12:18','Initial Version',1,0,1,NULL,4,0,NULL,NULL),(44,1,'Workflow','workflow','','2015-03-13 05:12:18','2015-03-13 05:12:18','Initial Version',0,0,1,NULL,4,0,NULL,NULL),(44,2,'Workflow','workflow','','2015-03-13 05:12:00','2015-05-06 12:28:29','New Version 2',1,0,1,1,4,0,NULL,NULL),(45,1,'Workflow List','workflows','','2015-03-13 05:12:18','2015-03-13 05:12:18','Initial Version',1,0,1,NULL,4,0,NULL,NULL),(46,1,'Waiting for Me','me','','2015-03-13 05:12:18','2015-03-13 05:12:18','Initial Version',0,0,1,NULL,4,0,NULL,NULL),(46,2,'Waiting for Me','me','','2015-03-13 05:12:00','2015-05-06 12:23:57','New Version 2',1,0,1,1,4,0,NULL,NULL),(47,1,'Stacks & Blocks','blocks','Manage sitewide content and administer block types.','2015-03-13 05:12:18','2015-03-13 05:12:18','Initial Version',0,0,1,NULL,4,0,NULL,NULL),(47,2,'Stacks & Blocks','blocks','Manage sitewide content and administer block types.','2015-03-13 05:12:00','2015-05-06 12:30:55','New Version 2',1,0,1,1,4,0,NULL,NULL),(48,1,'Stacks','stacks','Share content across your site.','2015-03-13 05:12:18','2015-03-13 05:12:18','Initial Version',1,0,1,NULL,4,0,NULL,NULL),(49,1,'Block & Stack Permissions','permissions','Control who can add blocks and stacks on your site.','2015-03-13 05:12:18','2015-03-13 05:12:18','Initial Version',1,0,1,NULL,4,0,NULL,NULL),(50,1,'Stack List','list','','2015-03-13 05:12:18','2015-03-13 05:12:18','Initial Version',1,0,1,NULL,4,0,NULL,NULL),(51,1,'Block Types','types','Manage the installed block types in your site.','2015-03-13 05:12:18','2015-03-13 05:12:18','Initial Version',1,0,1,NULL,4,0,NULL,NULL),(52,1,'Extend The Hive','extend','','2015-03-13 05:12:18','2015-03-13 05:12:18','Initial Version',0,0,1,NULL,4,0,NULL,NULL),(52,2,'Extend The Hive','extend','','2015-03-13 05:12:00','2015-05-06 12:31:14','New Version 2',1,0,1,1,4,0,NULL,NULL),(53,1,'Dashboard','news','','2015-03-13 05:12:18','2015-03-13 05:12:18','Initial Version',1,0,1,NULL,4,0,NULL,NULL),(54,1,'Add Functionality','install','Install add-ons & themes.','2015-03-13 05:12:18','2015-03-13 05:12:18','Initial Version',1,0,1,NULL,4,0,NULL,NULL),(55,1,'Update Add-Ons','update','Update your installed packages.','2015-03-13 05:12:19','2015-03-13 05:12:19','Initial Version',1,0,1,NULL,4,0,NULL,NULL),(56,1,'Connect to the Community','connect','Connect to the concrete5 community.','2015-03-13 05:12:19','2015-03-13 05:12:19','Initial Version',1,0,1,NULL,4,0,NULL,NULL),(57,1,'Get More Themes','themes','Download themes from concrete5.org.','2015-03-13 05:12:19','2015-03-13 05:12:19','Initial Version',1,0,1,NULL,4,0,NULL,NULL),(58,1,'Get More Add-Ons','addons','Download add-ons from concrete5.org.','2015-03-13 05:12:19','2015-03-13 05:12:19','Initial Version',1,0,1,NULL,4,0,NULL,NULL),(59,1,'System & Settings','system','Secure and setup your site.','2015-03-13 05:12:19','2015-03-13 05:12:19','Initial Version',0,0,1,NULL,4,0,NULL,NULL),(59,2,'System & Settings','system','Secure and setup your site.','2015-03-13 05:12:00','2015-05-06 12:31:27','New Version 2',1,0,1,1,4,0,NULL,NULL),(60,1,'Basics','basics','Basic information about your website.','2015-03-13 05:12:19','2015-03-13 05:12:19','Initial Version',1,0,1,NULL,4,0,NULL,NULL),(61,1,'Site Name','name','','2015-03-13 05:12:19','2015-03-13 05:12:19','Initial Version',1,0,1,NULL,4,0,NULL,NULL),(62,1,'Accessibility','accessibility','','2015-03-13 05:12:19','2015-03-13 05:12:19','Initial Version',1,0,1,NULL,4,0,NULL,NULL),(63,1,'Social Links','social','','2015-03-13 05:12:19','2015-03-13 05:12:19','Initial Version',1,0,1,NULL,4,0,NULL,NULL),(64,1,'Bookmark Icons','icons','Bookmark icon and mobile home screen icon setup.','2015-03-13 05:12:19','2015-03-13 05:12:19','Initial Version',1,0,1,NULL,4,0,NULL,NULL),(65,1,'Rich Text Editor','editor','','2015-03-13 05:12:20','2015-03-13 05:12:20','Initial Version',1,0,1,NULL,4,0,NULL,NULL),(66,1,'Languages','multilingual','','2015-03-13 05:12:20','2015-03-13 05:12:20','Initial Version',1,0,1,NULL,4,0,NULL,NULL),(67,1,'Time Zone','timezone','','2015-03-13 05:12:20','2015-03-13 05:12:20','Initial Version',1,0,1,NULL,4,0,NULL,NULL),(68,1,'Multilingual','multilingual','Run your site in multiple languages.','2015-03-13 05:12:20','2015-03-13 05:12:20','Initial Version',1,0,1,NULL,4,0,NULL,NULL),(69,1,'Multilingual Setup','setup','','2015-03-13 05:12:20','2015-03-13 05:12:20','Initial Version',1,0,1,NULL,4,0,NULL,NULL),(70,1,'Page Report','page_report','','2015-03-13 05:12:20','2015-03-13 05:12:20','Initial Version',1,0,1,NULL,4,0,NULL,NULL),(71,1,'Translate Site Interface','translate_interface','','2015-03-13 05:12:20','2015-03-13 05:12:20','Initial Version',1,0,1,NULL,4,0,NULL,NULL),(72,1,'SEO & Statistics','seo','Enable pretty URLs and tracking codes.','2015-03-13 05:12:20','2015-03-13 05:12:20','Initial Version',1,0,1,NULL,4,0,NULL,NULL),(73,1,'URLs and Redirection','urls','','2015-03-13 05:12:20','2015-03-13 05:12:20','Initial Version',1,0,1,NULL,4,0,NULL,NULL),(74,1,'Bulk SEO Updater','bulk','','2015-03-13 05:12:20','2015-03-13 05:12:20','Initial Version',1,0,1,NULL,4,0,NULL,NULL),(75,1,'Tracking Codes','codes','','2015-03-13 05:12:20','2015-03-13 05:12:20','Initial Version',1,0,1,NULL,4,0,NULL,NULL),(76,1,'Excluded URL Word List','excluded','','2015-03-13 05:12:21','2015-03-13 05:12:21','Initial Version',1,0,1,NULL,4,0,NULL,NULL),(77,1,'Search Index','searchindex','','2015-03-13 05:12:21','2015-03-13 05:12:21','Initial Version',1,0,1,NULL,4,0,NULL,NULL),(78,1,'Files','files','','2015-03-13 05:12:21','2015-03-13 05:12:21','Initial Version',1,0,1,NULL,4,0,NULL,NULL),(79,1,'File Manager Permissions','permissions','','2015-03-13 05:12:21','2015-03-13 05:12:21','Initial Version',1,0,1,NULL,4,0,NULL,NULL),(80,1,'Allowed File Types','filetypes','','2015-03-13 05:12:21','2015-03-13 05:12:21','Initial Version',1,0,1,NULL,4,0,NULL,NULL),(81,1,'Thumbnails','thumbnails','','2015-03-13 05:12:21','2015-03-13 05:12:21','Initial Version',1,0,1,NULL,4,0,NULL,NULL),(82,1,'File Storage Locations','storage','','2015-03-13 05:12:21','2015-03-13 05:12:21','Initial Version',1,0,1,NULL,4,0,NULL,NULL),(83,1,'Optimization','optimization','Keep your site running well.','2015-03-13 05:12:21','2015-03-13 05:12:21','Initial Version',1,0,1,NULL,4,0,NULL,NULL),(84,1,'Cache & Speed Settings','cache','','2015-03-13 05:12:21','2015-03-13 05:12:21','Initial Version',1,0,1,NULL,4,0,NULL,NULL),(85,1,'Clear Cache','clearcache','','2015-03-13 05:12:21','2015-03-13 05:12:21','Initial Version',1,0,1,NULL,4,0,NULL,NULL),(86,1,'Automated Jobs','jobs','','2015-03-13 05:12:21','2015-03-13 05:12:21','Initial Version',1,0,1,NULL,4,0,NULL,NULL),(87,1,'Database Query Log','query_log','','2015-03-13 05:12:22','2015-03-13 05:12:22','Initial Version',1,0,1,NULL,4,0,NULL,NULL),(88,1,'Permissions & Access','permissions','Control who sees and edits your site.','2015-03-13 05:12:22','2015-03-13 05:12:22','Initial Version',1,0,1,NULL,4,0,NULL,NULL),(89,1,'Site Access','site','','2015-03-13 05:12:22','2015-03-13 05:12:22','Initial Version',1,0,1,NULL,4,0,NULL,NULL),(90,1,'Task Permissions','tasks','','2015-03-13 05:12:22','2015-03-13 05:12:22','Initial Version',1,0,1,NULL,4,0,NULL,NULL),(91,1,'User Permissions','users','','2015-03-13 05:12:22','2015-03-13 05:12:22','Initial Version',1,0,1,NULL,4,0,NULL,NULL),(92,1,'Advanced Permissions','advanced','','2015-03-13 05:12:22','2015-03-13 05:12:22','Initial Version',1,0,1,NULL,4,0,NULL,NULL),(93,1,'IP Blacklist','blacklist','','2015-03-13 05:12:22','2015-03-13 05:12:22','Initial Version',1,0,1,NULL,4,0,NULL,NULL),(94,1,'Captcha Setup','captcha','','2015-03-13 05:12:22','2015-03-13 05:12:22','Initial Version',1,0,1,NULL,4,0,NULL,NULL),(95,1,'Spam Control','antispam','','2015-03-13 05:12:22','2015-03-13 05:12:22','Initial Version',1,0,1,NULL,4,0,NULL,NULL),(96,1,'Maintenance Mode','maintenance','','2015-03-13 05:12:22','2015-03-13 05:12:22','Initial Version',1,0,1,NULL,4,0,NULL,NULL),(97,1,'Login & Registration','registration','Change login behaviors and setup public profiles.','2015-03-13 05:12:23','2015-03-13 05:12:23','Initial Version',1,0,1,NULL,4,0,NULL,NULL),(98,1,'Login Destination','postlogin','','2015-03-13 05:12:23','2015-03-13 05:12:23','Initial Version',1,0,1,NULL,4,0,NULL,NULL),(99,1,'Public Profiles','profiles','','2015-03-13 05:12:23','2015-03-13 05:12:23','Initial Version',1,0,1,NULL,4,0,NULL,NULL),(100,1,'Public Registration','open','','2015-03-13 05:12:23','2015-03-13 05:12:23','Initial Version',1,0,1,NULL,4,0,NULL,NULL),(101,1,'Authentication Types','authentication','','2015-03-13 05:12:23','2015-03-13 05:12:23','Initial Version',1,0,1,NULL,4,0,NULL,NULL),(102,1,'Email','mail','Control how your site send and processes mail.','2015-03-13 05:12:23','2015-03-13 05:12:23','Initial Version',1,0,1,NULL,4,0,NULL,NULL),(103,1,'SMTP Method','method','','2015-03-13 05:12:23','2015-03-13 05:12:23','Initial Version',1,0,1,NULL,4,0,NULL,NULL),(104,1,'Test Mail Settings','test','','2015-03-13 05:12:23','2015-03-13 05:12:23','Initial Version',1,0,1,NULL,4,0,NULL,NULL),(105,1,'Email Importers','importers','','2015-03-13 05:12:23','2015-03-13 05:12:23','Initial Version',1,0,1,NULL,4,0,NULL,NULL),(106,1,'Conversations','conversations','Manage your conversations settings','2015-03-13 05:12:23','2015-03-13 05:12:23','Initial Version',1,0,1,NULL,4,0,NULL,NULL),(107,1,'Settings','settings','','2015-03-13 05:12:24','2015-03-13 05:12:24','Initial Version',1,0,1,NULL,4,0,NULL,NULL),(108,1,'Community Points','points','','2015-03-13 05:12:24','2015-03-13 05:12:24','Initial Version',1,0,1,NULL,4,0,NULL,NULL),(109,1,'Banned Words','bannedwords','','2015-03-13 05:12:24','2015-03-13 05:12:24','Initial Version',1,0,1,NULL,4,0,NULL,NULL),(110,1,'Conversation Permissions','permissions','','2015-03-13 05:12:24','2015-03-13 05:12:24','Initial Version',1,0,1,NULL,4,0,NULL,NULL),(111,1,'Attributes','attributes','Setup attributes for pages, users, files and more.','2015-03-13 05:12:24','2015-03-13 05:12:24','Initial Version',1,0,1,NULL,4,0,NULL,NULL),(112,1,'Sets','sets','Group attributes into sets for easier organization','2015-03-13 05:12:24','2015-03-13 05:12:24','Initial Version',1,0,1,NULL,4,0,NULL,NULL),(113,1,'Types','types','Choose which attribute types are available for different items.','2015-03-13 05:12:24','2015-03-13 05:12:24','Initial Version',1,0,1,NULL,4,0,NULL,NULL),(114,1,'Topics','topics','','2015-03-13 05:12:24','2015-03-13 05:12:24','Initial Version',1,0,1,NULL,4,0,NULL,NULL),(115,1,'Add Topic Tree','add','','2015-03-13 05:12:24','2015-03-13 05:12:24','Initial Version',1,0,1,NULL,4,0,NULL,NULL),(116,1,'Environment','environment','Advanced settings for web developers.','2015-03-13 05:12:24','2015-03-13 05:12:24','Initial Version',1,0,1,NULL,4,0,NULL,NULL),(117,1,'Environment Information','info','','2015-03-13 05:12:24','2015-03-13 05:12:24','Initial Version',1,0,1,NULL,4,0,NULL,NULL),(118,1,'Debug Settings','debug','','2015-03-13 05:12:25','2015-03-13 05:12:25','Initial Version',1,0,1,NULL,4,0,NULL,NULL),(119,1,'Logging Settings','logging','','2015-03-13 05:12:25','2015-03-13 05:12:25','Initial Version',1,0,1,NULL,4,0,NULL,NULL),(120,1,'Proxy Server','proxy','','2015-03-13 05:12:25','2015-03-13 05:12:25','Initial Version',1,0,1,NULL,4,0,NULL,NULL),(121,1,'Backup & Restore','backup','Backup or restore your website.','2015-03-13 05:12:25','2015-03-13 05:12:25','Initial Version',1,0,1,NULL,4,0,NULL,NULL),(122,1,'Backup Database','backup','','2015-03-13 05:12:25','2015-03-13 05:12:25','Initial Version',1,0,1,NULL,4,0,NULL,NULL),(123,1,'Update concrete5','update','','2015-03-13 05:12:25','2015-03-13 05:12:25','Initial Version',1,0,1,NULL,4,0,NULL,NULL),(126,1,'Drafts','!drafts','','2015-03-13 05:12:32','2015-03-13 05:12:32','Initial Version',1,0,1,NULL,4,0,NULL,NULL),(127,1,'Trash','!trash','','2015-03-13 05:12:32','2015-03-13 05:12:32','Initial Version',1,0,1,NULL,4,0,NULL,NULL),(128,1,'Stacks','!stacks','','2015-03-13 05:12:32','2015-03-13 05:12:32','Initial Version',1,0,1,NULL,4,0,NULL,NULL),(129,1,'Login','login','','2015-03-13 05:12:32','2015-03-13 05:12:32','Initial Version',1,0,1,NULL,4,0,NULL,NULL),(130,1,'Register','register','','2015-03-13 05:12:33','2015-03-13 05:12:33','Initial Version',1,0,1,NULL,4,0,NULL,NULL),(131,1,'My Account','account','','2015-03-13 05:12:33','2015-03-13 05:12:33','Initial Version',1,0,1,NULL,4,0,NULL,NULL),(132,1,'Edit Profile','edit_profile','Edit your user profile and change password.','2015-03-13 05:12:33','2015-03-13 05:12:33','Initial Version',1,0,1,NULL,4,0,NULL,NULL),(133,1,'Profile Picture','avatar','Specify a new image attached to posts or edits.','2015-03-13 05:12:33','2015-03-13 05:12:33','Initial Version',1,0,1,NULL,4,0,NULL,NULL),(134,1,'Messages','messages','Inbox for site-specific messages.','2015-03-13 05:12:33','2015-03-13 05:12:33','Initial Version',1,0,1,NULL,4,0,NULL,NULL),(135,1,'Inbox','inbox','','2015-03-13 05:12:33','2015-03-13 05:12:33','Initial Version',1,0,1,NULL,4,0,NULL,NULL),(136,1,'Members','members','','2015-03-13 05:12:33','2015-03-13 05:12:33','Initial Version',1,0,1,NULL,4,0,NULL,NULL),(137,1,'View Profile','profile','','2015-03-13 05:12:33','2015-03-13 05:12:33','Initial Version',1,0,1,NULL,4,0,NULL,NULL),(138,1,'Directory','directory','','2015-03-13 05:12:33','2015-03-13 05:12:33','Initial Version',1,0,1,NULL,4,0,NULL,NULL),(139,1,'Page Not Found','page_not_found','','2015-03-13 05:12:33','2015-03-13 05:12:33','Initial Version',0,0,1,NULL,4,0,NULL,NULL),(139,2,'Page Not Found','page_not_found','','2015-03-13 05:12:33','2016-02-19 09:31:05','Version 2',0,0,19,NULL,4,0,NULL,NULL),(139,3,'Page Not Found','page_not_found','','2015-03-13 05:12:33','2016-02-19 09:34:36','Version 3',1,0,1,1,4,0,NULL,NULL),(140,1,'Page Forbidden','page_forbidden','','2015-03-13 05:12:33','2015-03-13 05:12:33','Initial Version',1,0,1,NULL,4,0,NULL,NULL),(141,1,'Download File','download_file','','2015-03-13 05:12:33','2015-03-13 05:12:33','Initial Version',1,0,1,NULL,4,0,NULL,NULL),(142,1,'',NULL,NULL,'2015-03-13 05:12:36','2015-03-13 05:12:36','Initial Version',1,0,NULL,NULL,0,5,NULL,NULL),(149,1,'Projects','projects',NULL,'2015-03-16 12:49:25','2015-03-16 12:49:25','Initial Version',0,0,1,NULL,4,0,NULL,NULL),(149,2,'Projects','projects','','2015-03-16 12:49:00','2015-05-06 12:29:14','New Version 2',1,0,1,1,4,0,NULL,NULL),(150,1,'Launch New Project','launch',NULL,'2015-03-16 12:49:26','2015-03-16 12:49:26','Initial Version',1,0,1,NULL,4,0,NULL,NULL),(151,1,'Results','results',NULL,'2015-03-16 12:49:26','2015-03-16 12:49:26','Initial Version',0,0,1,NULL,4,0,NULL,NULL),(151,2,'Reports','reports','','2015-03-16 12:49:00','2015-05-06 12:29:31','New Version 2',1,0,1,1,4,0,NULL,NULL),(152,1,'Conversations','conversations',NULL,'2015-03-16 12:49:26','2015-03-16 12:49:26','Initial Version',1,0,1,NULL,4,0,NULL,NULL),(155,1,'Sessions','sessions',NULL,'2015-03-16 12:49:26','2015-03-16 12:49:26','Initial Version',1,0,1,NULL,4,0,NULL,NULL),(156,1,'Visitors','visitors',NULL,'2015-03-16 12:49:27','2015-03-16 12:49:27','Initial Version',1,0,1,NULL,4,0,NULL,NULL),(158,1,'Moderation','moderation',NULL,'2015-03-16 12:49:27','2015-03-16 12:49:27','Initial Version',0,0,1,NULL,4,0,NULL,NULL),(158,2,'Moderation','moderation','','2015-03-16 12:49:00','2015-05-06 12:29:02','New Version 2',1,0,1,1,4,0,NULL,NULL),(163,1,'',NULL,NULL,'2015-03-16 13:00:15','2015-03-16 13:00:15','Version 1',1,0,NULL,1,0,5,NULL,NULL),(164,1,'',NULL,NULL,'2015-03-16 13:01:21','2015-03-16 13:01:21','Version 1',1,0,NULL,1,0,13,NULL,NULL),(169,1,'Social Maps Feedback','social_maps',NULL,'2015-03-16 13:11:59','2015-03-16 13:11:59','Initial Version',0,0,1,NULL,4,0,NULL,NULL),(169,2,'Social Mapping','social_maps','','2015-03-17 01:11:00','2015-03-16 13:14:06','New Version 2',1,0,1,1,4,0,NULL,NULL),(170,1,'Results','results',NULL,'2015-03-16 13:12:00','2015-03-16 13:12:00','Initial Version',1,0,1,NULL,4,0,NULL,NULL),(171,1,'Vision Feedback','visions',NULL,'2015-03-16 13:12:00','2015-03-16 13:12:00','Initial Version',0,0,1,NULL,4,0,NULL,NULL),(171,2,'Visioning','visions','','2015-03-17 01:12:00','2015-03-16 13:13:58','New Version 2',1,0,1,1,4,0,NULL,NULL),(172,1,'Results','results',NULL,'2015-03-16 13:12:00','2015-03-16 13:12:00','Initial Version',1,0,1,NULL,4,0,NULL,NULL),(173,1,'Subscription Lists','subscriptions',NULL,'2015-03-16 13:12:45','2015-03-16 13:12:45','Initial Version',0,0,1,NULL,4,0,NULL,NULL),(173,2,'Subscriptions','subscriptions','','2015-03-17 01:12:00','2015-03-16 13:14:49','New Version 2',1,0,1,1,4,0,NULL,NULL),(174,1,'Subscriptions','results',NULL,'2015-03-16 13:12:45','2015-03-16 13:12:45','Initial Version',1,0,1,NULL,4,0,NULL,NULL),(175,1,'',NULL,NULL,'2015-03-16 22:44:27','2015-03-16 22:44:27','Initial Version',1,0,NULL,NULL,0,14,NULL,NULL),(176,1,'Moderation','moderation',NULL,'2015-04-13 12:32:37','2015-04-13 12:32:37','Initial Version',1,0,1,NULL,4,0,NULL,NULL),(177,1,'Reason','reason',NULL,'2015-04-13 12:32:37','2015-04-13 12:32:37','Initial Version',1,0,1,NULL,4,0,NULL,NULL),(189,1,'Database Entities','entities',NULL,'2015-05-18 10:40:24','2015-05-18 10:40:24','Initial Version',1,0,1,NULL,4,0,NULL,NULL),(193,1,'Moderation Permissions','permissions',NULL,'2015-08-03 12:44:09','2015-08-03 12:44:09','Initial Version',1,0,1,NULL,4,0,NULL,NULL),(194,1,'API keys','api',NULL,'2015-08-14 10:23:17','2015-08-14 10:23:17','Initial Version',1,0,1,NULL,4,0,NULL,NULL),(195,1,'Settings','settings',NULL,'2015-08-14 10:23:30','2015-08-14 10:23:30','Initial Version',1,0,1,NULL,4,0,NULL,NULL),(196,1,'Copy Languages','copy',NULL,'2015-08-20 13:19:40','2015-08-20 13:19:40','Initial Version',1,0,1,NULL,4,0,NULL,NULL),(200,5,'Accessibility','accessibility','','2015-11-04 14:26:00','2017-03-28 16:34:20','Version 5',1,0,1,1,4,5,NULL,NULL),(204,4,'Terms of Use','terms-use','','2015-11-18 14:21:00','2016-09-29 10:25:58','Version 4',1,0,1,1,4,5,NULL,NULL),(205,5,'Privacy Policy','privacy-policy','','2015-11-18 14:21:00','2016-09-29 10:23:13','Version 5',1,0,1,1,4,5,NULL,NULL),(206,6,'Moderation','moderation','','2015-11-23 11:44:00','2018-03-28 12:57:34','New Version 6',1,0,1,1,4,5,NULL,NULL),(209,1,'Logo','logo',NULL,'2016-01-27 10:24:58','2016-01-27 10:24:58','Initial Version',1,0,1,NULL,4,0,NULL,NULL),(210,1,'Action-Item-Left','action-item-left',NULL,'2016-01-27 10:24:58','2016-01-27 10:24:58','Initial Version',0,0,1,NULL,4,0,NULL,NULL),(210,2,'Action-Item-Left','action-item-left',NULL,'2016-01-27 10:24:58','2016-02-21 18:40:24','New Version 2',1,0,1,1,4,0,NULL,NULL),(211,1,'Action-Item-Middle','action-item-middle',NULL,'2016-01-27 10:24:58','2016-01-27 10:24:58','Initial Version',0,0,1,NULL,4,0,NULL,NULL),(211,2,'Action-Item-Middle','action-item-middle',NULL,'2016-01-27 10:24:58','2016-02-21 18:41:31','New Version 2',1,0,1,1,4,0,NULL,NULL),(212,1,'Action-Item-Right','action-item-right',NULL,'2016-01-27 10:24:58','2016-01-27 10:24:58','Initial Version',0,0,1,NULL,4,0,NULL,NULL),(212,2,'Action-Item-Right','action-item-right',NULL,'2016-01-27 10:24:58','2016-02-21 18:43:23','New Version 2',0,0,1,1,4,0,NULL,NULL),(212,3,'Action-Item-Right','action-item-right',NULL,'2016-01-27 10:24:58','2016-02-21 18:44:19','New Version 3',1,0,1,1,4,0,NULL,NULL),(213,1,'Footer-Left','footer-left',NULL,'2016-01-27 10:24:58','2016-01-27 10:24:58','Initial Version',1,0,1,NULL,4,0,NULL,NULL),(214,1,'',NULL,NULL,'2016-02-18 14:24:05','2016-02-18 14:24:05','Initial Version',1,0,NULL,NULL,0,17,NULL,NULL),(215,1,'','',NULL,'2015-03-13 05:12:36','2016-02-18 14:29:16','Initial Version',1,0,NULL,NULL,0,5,NULL,NULL),(216,1,'',NULL,NULL,'2016-02-18 14:31:42','2016-02-18 14:31:42','Initial Version',1,0,NULL,NULL,0,13,NULL,NULL),(217,1,'',NULL,NULL,'2016-02-18 14:39:15','2016-02-18 14:39:15','Initial Version',1,0,NULL,NULL,0,5,NULL,NULL),(218,1,'',NULL,NULL,'2016-02-18 14:51:50','2016-02-18 14:51:50','Initial Version',1,0,NULL,NULL,0,17,NULL,NULL),(220,1,'',NULL,NULL,'2016-02-19 08:41:32','2016-02-19 08:41:32','Initial Version',1,0,NULL,NULL,0,15,NULL,NULL),(238,1,'',NULL,NULL,'2016-02-19 13:06:30','2016-02-19 13:06:30','Initial Version',1,0,NULL,NULL,0,17,NULL,NULL),(251,1,'',NULL,NULL,'2016-04-13 15:12:07','2016-04-13 15:12:07','Initial Version',1,0,NULL,NULL,0,13,NULL,NULL),(252,1,'',NULL,NULL,'2016-04-13 15:37:38','2016-04-13 15:37:38','Initial Version',1,0,NULL,NULL,0,17,NULL,NULL),(255,1,'Import','import',NULL,'2016-04-28 07:30:02','2016-04-28 07:30:02','Initial Version',1,0,1,NULL,4,0,NULL,NULL),(306,1,'Site Users','site',NULL,'2016-07-26 10:24:32','2016-07-26 10:24:32','Initial Version',1,0,1,NULL,4,0,NULL,NULL),(307,1,'Add Site User','add',NULL,'2016-07-26 10:24:32','2016-07-26 10:24:32','Initial Version',1,0,1,NULL,4,0,NULL,NULL),(308,1,'Community Members','community',NULL,'2016-07-26 10:24:32','2016-07-26 10:24:32','Initial Version',1,0,1,NULL,4,0,NULL,NULL),(309,1,'Add Community Member','add',NULL,'2016-07-26 10:24:32','2016-07-26 10:24:32','Initial Version',1,0,1,NULL,4,0,NULL,NULL),(310,1,'Import Site Users','import',NULL,'2016-09-28 20:01:56','2016-09-28 20:01:56','Initial Version',1,0,1,NULL,4,0,NULL,NULL),(311,1,'Internal Users','internal',NULL,'2016-10-25 16:42:27','2016-10-25 16:42:27','Initial Version',1,0,1,NULL,4,0,NULL,NULL),(314,1,'Search Results','search','','2016-11-04 02:51:42','2016-11-04 02:51:42','Version 1',1,0,1,1,4,17,NULL,NULL),(315,1,'Hive Settings','settings',NULL,'2016-12-19 16:31:30','2016-12-19 16:31:30','Initial Version',1,0,1,NULL,4,0,NULL,NULL),(316,1,'Site','site',NULL,'2016-12-19 16:31:31','2016-12-19 16:31:31','Initial Version',1,0,1,NULL,4,0,NULL,NULL),(317,1,'Basics','basics',NULL,'2016-12-19 16:31:31','2016-12-19 16:31:31','Initial Version',1,0,1,NULL,4,0,NULL,NULL),(318,1,'Contact Details','contact',NULL,'2016-12-19 16:31:31','2016-12-19 16:31:31','Initial Version',1,0,1,NULL,4,0,NULL,NULL),(319,1,'Tracking Codes','tracking_codes',NULL,'2016-12-19 16:31:31','2016-12-19 16:31:31','Initial Version',1,0,1,NULL,4,0,NULL,NULL),(320,1,'Social Links','social_links',NULL,'2016-12-19 16:31:31','2016-12-19 16:31:31','Initial Version',1,0,1,NULL,4,0,NULL,NULL),(321,1,'3rd Party Integrations','apis',NULL,'2016-12-19 16:31:31','2016-12-19 16:31:31','Initial Version',1,0,1,NULL,4,0,NULL,NULL),(322,1,'Geographic Region','map',NULL,'2016-12-19 16:31:32','2016-12-19 16:31:32','Initial Version',1,0,1,NULL,4,0,NULL,NULL),(324,1,'Users','users',NULL,'2016-12-19 16:31:32','2016-12-19 16:31:32','Initial Version',1,0,1,NULL,4,0,NULL,NULL),(325,1,'User Attributes','attributes',NULL,'2016-12-19 16:31:32','2016-12-19 16:31:32','Initial Version',1,0,1,NULL,4,0,NULL,NULL),(326,1,'User Registration','registration',NULL,'2016-12-19 16:31:32','2016-12-19 16:31:32','Initial Version',1,0,1,NULL,4,0,NULL,NULL),(327,1,'Public Profiles','profiles',NULL,'2016-12-19 16:31:32','2016-12-19 16:31:32','Initial Version',1,0,1,NULL,4,0,NULL,NULL),(328,1,'Moderation','moderation',NULL,'2016-12-19 16:31:33','2016-12-19 16:31:33','Initial Version',1,0,1,NULL,4,0,NULL,NULL),(329,1,'Moderation Method','moderation_method',NULL,'2016-12-19 16:31:33','2016-12-19 16:31:33','Initial Version',1,0,1,NULL,4,0,NULL,NULL),(330,1,'Banned Words','banned_words',NULL,'2016-12-19 16:31:33','2016-12-19 16:31:33','Initial Version',1,0,1,NULL,4,0,NULL,NULL),(331,1,'Email','email',NULL,'2016-12-19 16:31:33','2016-12-19 16:31:33','Initial Version',1,0,1,NULL,4,0,NULL,NULL),(332,1,'Notifications','notifications',NULL,'2016-12-19 16:31:33','2016-12-19 16:31:33','Initial Version',1,0,1,NULL,4,0,NULL,NULL),(333,1,'Site Users Quota','quota',NULL,'2017-08-15 02:29:15','2017-08-15 02:29:15','Initial Version',1,0,1,NULL,4,0,NULL,NULL),(334,1,'Image Uploading','image_uploading',NULL,'2017-12-13 12:13:39','2017-12-13 12:13:39','Initial Version',1,0,1,NULL,4,0,NULL,NULL),(335,1,'Project Settings','settings',NULL,'2017-12-13 12:14:52','2017-12-13 12:14:52','Initial Version',1,0,1,NULL,4,0,NULL,NULL),(336,1,'Overview','overview',NULL,'2017-12-13 12:14:56','2017-12-13 12:14:56','Initial Version',1,0,1,NULL,4,0,NULL,NULL),(337,1,'Audience','audience',NULL,'2017-12-13 12:14:57','2017-12-13 12:14:57','Initial Version',1,0,1,NULL,4,0,NULL,NULL),(338,1,'Results','results',NULL,'2017-12-13 12:14:57','2017-12-13 12:14:57','Initial Version',1,0,1,NULL,4,0,NULL,NULL),(339,1,'Behaviour','behaviour',NULL,'2017-12-13 12:14:57','2017-12-13 12:14:57','Initial Version',1,0,1,NULL,4,0,NULL,NULL),(340,1,'Acquisition','acquisition',NULL,'2017-12-13 12:14:57','2017-12-13 12:14:57','Initial Version',1,0,1,NULL,4,0,NULL,NULL),(341,1,'Teams','teams',NULL,'2017-12-13 12:15:01','2017-12-13 12:15:01','Initial Version',1,0,1,NULL,4,0,NULL,NULL),(342,1,'Add Team','add',NULL,'2017-12-13 12:15:01','2017-12-13 12:15:01','Initial Version',1,0,1,NULL,4,0,NULL,NULL),(343,1,'Edit Team','edit',NULL,'2017-12-13 12:15:01','2017-12-13 12:15:01','Initial Version',1,0,1,NULL,4,0,NULL,NULL),(344,1,'Project Groups','project_groups',NULL,'2017-12-13 12:15:02','2017-12-13 12:15:02','Initial Version',1,0,1,NULL,4,0,NULL,NULL),(345,1,'Add Project Group','add',NULL,'2017-12-13 12:15:02','2017-12-13 12:15:02','Initial Version',1,0,1,NULL,4,0,NULL,NULL),(346,1,'Edit Project Group','edit',NULL,'2017-12-13 12:15:02','2017-12-13 12:15:02','Initial Version',1,0,1,NULL,4,0,NULL,NULL),(347,1,'Projects','projects',NULL,'2017-12-13 12:15:02','2017-12-13 12:15:02','Initial Version',1,0,1,NULL,4,0,NULL,NULL),(348,1,'User Roles','user_roles',NULL,'2017-12-13 12:15:02','2017-12-13 12:15:02','Initial Version',1,0,1,NULL,4,0,NULL,NULL),(349,1,'Admin Permissions','admin_permissions',NULL,'2017-12-13 12:15:05','2017-12-13 12:15:05','Initial Version',1,0,1,NULL,4,0,NULL,NULL),(350,1,'Project Follow','project_follow',NULL,'2017-12-13 12:15:05','2017-12-13 12:15:05','Initial Version',1,0,1,NULL,4,0,NULL,NULL),(351,1,'Launch Wizard','launch_wizard',NULL,'2017-12-13 12:15:09','2017-12-13 12:15:09','Initial Version',1,0,1,NULL,4,0,NULL,NULL),(352,1,'Date & Time Format','date_time_format',NULL,'2017-12-13 12:15:09','2017-12-13 12:15:09','Initial Version',1,0,1,NULL,4,0,NULL,NULL),(353,1,'Project Interests','project_interests',NULL,'2017-12-13 12:15:10','2017-12-13 12:15:10','Initial Version',1,0,1,NULL,4,0,NULL,NULL),(354,1,'Add Project Category','add_category',NULL,'2017-12-13 12:15:10','2017-12-13 12:15:10','Initial Version',1,0,1,NULL,4,0,NULL,NULL),(355,1,'Edit Project Category','edit_category',NULL,'2017-12-13 12:15:10','2017-12-13 12:15:10','Initial Version',1,0,1,NULL,4,0,NULL,NULL),(356,1,'Add Project Location','add_location',NULL,'2017-12-13 12:15:10','2017-12-13 12:15:10','Initial Version',1,0,1,NULL,4,0,NULL,NULL),(357,1,'Edit Project Location','edit_location',NULL,'2017-12-13 12:15:10','2017-12-13 12:15:10','Initial Version',1,0,1,NULL,4,0,NULL,NULL),(358,1,'Question and Answer','qa',NULL,'2018-02-22 14:37:09','2018-02-22 14:37:09','Initial Version',1,0,1,NULL,4,0,NULL,NULL),(359,1,'Results','results',NULL,'2018-02-22 14:37:09','2018-02-22 14:37:09','Initial Version',1,0,1,NULL,4,0,NULL,NULL),(360,1,'Budgeting','budgeting',NULL,'2018-03-08 15:56:23','2018-03-08 15:56:23','Initial Version',1,0,1,NULL,4,0,NULL,NULL),(361,1,'Results','results',NULL,'2018-03-08 15:56:23','2018-03-08 15:56:23','Initial Version',1,0,1,NULL,4,0,NULL,NULL),(362,1,'Gather','stories',NULL,'2018-04-26 13:57:36','2018-04-26 13:57:36','Initial Version',1,0,1,NULL,4,0,NULL,NULL),(363,1,'Results','results',NULL,'2018-04-26 13:57:37','2018-04-26 13:57:37','Initial Version',1,0,1,NULL,4,0,NULL,NULL),(364,1,'Comments','comments',NULL,'2018-04-26 13:57:37','2018-04-26 13:57:37','Initial Version',1,0,1,NULL,4,0,NULL,NULL),(365,1,'Results','results',NULL,'2018-04-26 13:57:37','2018-04-26 13:57:37','Initial Version',1,0,1,NULL,4,0,NULL,NULL),(366,1,'Maintenance Mode','maintenance_mode',NULL,'2018-05-24 13:23:46','2018-05-24 13:23:46','Initial Version',1,0,1,NULL,4,0,NULL,NULL),(367,1,'People','people',NULL,'2018-07-05 11:36:43','2018-07-05 11:36:43','Initial Version',1,0,1,NULL,4,0,NULL,NULL),(368,1,'Follower Data','followers',NULL,'2018-07-05 11:36:44','2018-07-05 11:36:44','Initial Version',1,0,1,NULL,4,0,NULL,NULL),(369,1,'Privacy Consent','privacy',NULL,'2018-07-05 11:36:48','2018-07-05 11:36:48','Initial Version',1,0,1,NULL,4,0,NULL,NULL),(370,1,'Participant Data','participation',NULL,'2018-10-04 09:59:03','2018-10-04 09:59:03','Initial Version',1,0,1,NULL,4,0,NULL,NULL),(371,1,'Overview','statistics',NULL,'2018-10-04 09:59:03','2018-10-04 09:59:03','Initial Version',1,0,1,NULL,4,0,NULL,NULL),(372,1,'Summary','analysis',NULL,'2018-10-04 09:59:03','2018-10-04 09:59:03','Initial Version',1,0,1,NULL,4,0,NULL,NULL),(373,1,'Data','responses',NULL,'2018-10-04 09:59:03','2018-10-04 09:59:03','Initial Version',1,0,1,NULL,4,0,NULL,NULL),(374,1,'Email Settings','unsubscribe',NULL,'2018-12-06 10:51:08','2018-12-06 10:51:08','Initial Version',1,0,1,NULL,4,0,NULL,NULL),(375,1,'Download Submission','download_submission',NULL,'2019-02-07 14:23:50','2019-02-07 14:23:50','Initial Version',1,0,1,NULL,4,0,NULL,NULL),(376,1,'Campaigns','edm',NULL,'2019-03-01 11:18:29','2019-03-01 11:18:29','Initial Version',1,0,1,NULL,4,0,NULL,NULL),(377,1,'Campaigns','campaigns',NULL,'2019-03-01 11:18:29','2019-03-01 11:18:29','Initial Version',1,0,1,NULL,4,0,NULL,NULL),(378,1,'Add Campaign','add',NULL,'2019-03-01 11:18:30','2019-03-01 11:18:30','Initial Version',1,0,1,NULL,4,0,NULL,NULL),(379,1,'Lists','lists',NULL,'2019-03-01 11:18:30','2019-03-01 11:18:30','Initial Version',1,0,1,NULL,4,0,NULL,NULL),(380,1,'Add List','add',NULL,'2019-03-01 11:18:30','2019-03-01 11:18:30','Initial Version',1,0,1,NULL,4,0,NULL,NULL),(381,1,'Edit List','edit',NULL,'2019-03-01 11:18:31','2019-03-01 11:18:31','Initial Version',1,0,1,NULL,4,0,NULL,NULL),(382,1,'Custom List','custom',NULL,'2019-03-01 11:18:31','2019-03-01 11:18:31','Initial Version',1,0,1,NULL,4,0,NULL,NULL),(383,1,'Segmented List','segment',NULL,'2019-03-01 11:18:32','2019-03-01 11:18:32','Initial Version',1,0,1,NULL,4,0,NULL,NULL),(384,1,'Edit Campaign','edit',NULL,'2019-03-01 11:18:32','2019-03-01 11:18:32','Initial Version',1,0,1,NULL,4,0,NULL,NULL),(385,1,'Overview Campaign','info',NULL,'2019-03-01 11:18:32','2019-03-01 11:18:32','Initial Version',1,0,1,NULL,4,0,NULL,NULL),(386,1,'',NULL,NULL,'2019-03-01 11:18:58','2019-03-01 11:18:58','Initial Version',1,0,NULL,NULL,0,18,NULL,NULL);
/*!40000 ALTER TABLE `collectionversions` ENABLE KEYS */;
UNLOCK TABLES;

--
-- Table structure for table `collectionversionthemecustomstyles`
--

DROP TABLE IF EXISTS `collectionversionthemecustomstyles`;
/*!40101 SET @saved_cs_client     = @@character_set_client */;
/*!40101 SET character_set_client = utf8 */;
CREATE TABLE `collectionversionthemecustomstyles` (
  `cID` int(10) unsigned NOT NULL DEFAULT '0',
  `cvID` int(10) unsigned NOT NULL DEFAULT '1',
  `pThemeID` int(10) unsigned NOT NULL DEFAULT '0',
  `scvlID` int(10) unsigned DEFAULT '0',
  `preset` varchar(255) COLLATE utf8_unicode_ci DEFAULT NULL,
  `sccRecordID` int(10) unsigned DEFAULT '0',
  PRIMARY KEY (`cID`,`cvID`,`pThemeID`),
  KEY `pThemeID` (`pThemeID`),
  KEY `scvlID` (`scvlID`),
  KEY `sccRecordID` (`sccRecordID`)
) ENGINE=InnoDB DEFAULT CHARSET=utf8 COLLATE=utf8_unicode_ci;
/*!40101 SET character_set_client = @saved_cs_client */;

--
-- Dumping data for table `collectionversionthemecustomstyles`
--

LOCK TABLES `collectionversionthemecustomstyles` WRITE;
/*!40000 ALTER TABLE `collectionversionthemecustomstyles` DISABLE KEYS */;
/*!40000 ALTER TABLE `collectionversionthemecustomstyles` ENABLE KEYS */;
UNLOCK TABLES;

--
-- Table structure for table `config`
--

DROP TABLE IF EXISTS `config`;
/*!40101 SET @saved_cs_client     = @@character_set_client */;
/*!40101 SET character_set_client = utf8 */;
CREATE TABLE `config` (
  `configNamespace` varchar(255) COLLATE utf8_unicode_ci NOT NULL DEFAULT '',
  `configGroup` varchar(255) COLLATE utf8_unicode_ci NOT NULL,
  `configItem` varchar(255) COLLATE utf8_unicode_ci NOT NULL,
  `configValue` longtext COLLATE utf8_unicode_ci,
  PRIMARY KEY (`configNamespace`,`configGroup`,`configItem`),
  KEY `configGroup` (`configGroup`)
) ENGINE=InnoDB DEFAULT CHARSET=utf8 COLLATE=utf8_unicode_ci;
/*!40101 SET character_set_client = @saved_cs_client */;

--
-- Dumping data for table `config`
--

LOCK TABLES `config` WRITE;
/*!40000 ALTER TABLE `config` DISABLE KEYS */;
INSERT INTO `config` VALUES ('','captcha','language','auto'),('','captcha','secret_key','6LeXOwgTAAAAAHJCBuxJWFZoE05EMsTnrpuRhSqX'),('','captcha','site_key','6LeXOwgTAAAAABM16eTDANnOVh5SkHo53uaFtRFw'),('','captcha','theme','light'),('','concrete','security.token.encryption','CcO3xQ5rozSoXWGDE1he6IrTtqxkg1cTL4Puuwh2i3AiYV6xmGLvecXySujmyENO'),('','concrete','security.token.jobs','yjI3ecFnwh2UoEEAG5HThecfv5DhI4JDRiomgFL2ccNFnNx7irGilB2WUc9ZGNU0'),('','concrete','security.token.validation','gXACIWu01aGQ3hr2YUjSPAp52CR8aDwhT1tG9JbH0MefOLa6r3o45NnP8lsf129i');
/*!40000 ALTER TABLE `config` ENABLE KEYS */;
UNLOCK TABLES;

--
-- Table structure for table `configoverrides`
--

DROP TABLE IF EXISTS `configoverrides`;
/*!40101 SET @saved_cs_client     = @@character_set_client */;
/*!40101 SET character_set_client = utf8 */;
CREATE TABLE `configoverrides` (
  `configNamespace` varchar(255) COLLATE utf8_unicode_ci NOT NULL DEFAULT '',
  `configGroup` varchar(255) COLLATE utf8_unicode_ci NOT NULL,
  `configItem` varchar(255) COLLATE utf8_unicode_ci NOT NULL,
  `configValue` longtext COLLATE utf8_unicode_ci,
  `valueType` varchar(20) COLLATE utf8_unicode_ci DEFAULT NULL,
  PRIMARY KEY (`configNamespace`,`configGroup`,`configItem`),
  KEY `configGroup` (`configGroup`)
) ENGINE=InnoDB DEFAULT CHARSET=utf8 COLLATE=utf8_unicode_ci;
/*!40101 SET character_set_client = @saved_cs_client */;

--
-- Dumping data for table `configoverrides`
--

LOCK TABLES `configoverrides` WRITE;
/*!40000 ALTER TABLE `configoverrides` DISABLE KEYS */;
INSERT INTO `configoverrides` VALUES ('','concrete','misc.access_entity_updated','1513127793','integer'),('','concrete','misc.do_page_reindex_check','','boolean'),('','concrete','seo.url_rewriting','1','integer'),('','concrete','upload.extensions','*.3gp;*.avi;*.csv;*.doc;*.docx;*.flv;*.gif;*.ico;*.jpeg;*.jpg;*.kml;*.m4a;*.m4v;*.mov;*.mp3;*.mp4;*.mpeg;*.mpg;*.ogg;*.ogv;*.pdf;*.png;*.ppt;*.pptx;*.psd;*.qt;*.rtf;*.svg;*.swf;*.tiff;*.txt;*.wav;*.webm;*.wmv;*.xla;*.xls;*.xlsx;*.xml;*.zip;*.geojson','string'),('','concrete','version_installed','5.7.5.11','string'),('','hive','date_time.enabled','1','boolean'),('','hive','date_time.long_date_format','jS M Y','string'),('','hive','date_time.short_date_format','d/m/Y','string'),('','hive','date_time.time_format','h:i a','string'),('','hive','misc.force_local_thumbnails','','boolean'),('','hive','project_launch.project_attributes.0.attributeKey','project_category','string'),('','hive','project_launch.project_attributes.0.required','','boolean'),('','hive','project_launch.project_attributes.1.attributeKey','project_location','string'),('','hive','project_launch.project_attributes.1.required','','boolean'),('','hive','project_launch.project_attributes.2.attributeKey','project_image','string'),('','hive','project_launch.project_attributes.2.required','','boolean');
/*!40000 ALTER TABLE `configoverrides` ENABLE KEYS */;
UNLOCK TABLES;

--
-- Table structure for table `configstore`
--

DROP TABLE IF EXISTS `configstore`;
/*!40101 SET @saved_cs_client     = @@character_set_client */;
/*!40101 SET character_set_client = utf8 */;
CREATE TABLE `configstore` (
  `cfKey` varchar(64) COLLATE utf8_unicode_ci NOT NULL,
  `timestamp` timestamp NOT NULL DEFAULT CURRENT_TIMESTAMP,
  `cfValue` longtext COLLATE utf8_unicode_ci,
  `uID` int(10) unsigned NOT NULL DEFAULT '0',
  `pkgID` int(10) unsigned NOT NULL DEFAULT '0',
  PRIMARY KEY (`cfKey`,`uID`),
  KEY `uID` (`uID`,`cfKey`),
  KEY `pkgID` (`pkgID`,`cfKey`)
) ENGINE=InnoDB DEFAULT CHARSET=utf8 COLLATE=utf8_unicode_ci;
/*!40101 SET character_set_client = @saved_cs_client */;

--
-- Dumping data for table `configstore`
--

LOCK TABLES `configstore` WRITE;
/*!40000 ALTER TABLE `configstore` DISABLE KEYS */;
INSERT INTO `configstore` VALUES ('DISABLED_HELP_NOTIFICATIONS','2015-03-12 18:44:44','a:1:{s:4:\"page\";a:35:{s:23:\"/dashboard/pages/themes\";b:1;s:30:\"/dashboard/system/basics/icons\";b:1;s:31:\"/dashboard/system/basics/editor\";b:1;s:33:\"/dashboard/system/basics/timezone\";b:1;s:26:\"/dashboard/system/seo/urls\";b:1;s:27:\"/dashboard/system/seo/codes\";b:1;s:36:\"/dashboard/system/optimization/cache\";b:1;s:34:\"/dashboard/system/permissions/site\";b:1;s:39:\"/dashboard/system/permissions/blacklist\";b:1;s:35:\"/dashboard/system/registration/open\";b:1;s:29:\"/dashboard/system/mail/method\";b:1;s:32:\"/dashboard/system/mail/importers\";b:1;s:34:\"/dashboard/system/attributes/types\";b:1;s:34:\"/dashboard/system/environment/info\";b:1;s:35:\"/dashboard/system/environment/debug\";b:1;s:37:\"/dashboard/system/environment/logging\";b:1;s:31:\"/dashboard/system/backup/backup\";b:1;s:31:\"/dashboard/system/backup/update\";b:1;s:24:\"/dashboard/blocks/stacks\";b:1;s:23:\"/dashboard/sitemap/full\";b:1;s:29:\"/dashboard/system/basics/name\";b:1;s:41:\"/dashboard/system/optimization/clearcache\";b:1;s:23:\"/dashboard/files/search\";b:1;s:22:\"/dashboard/pages/types\";b:1;s:23:\"/dashboard/users/search\";b:1;s:27:\"/dashboard/users/attributes\";b:1;s:23:\"/dashboard/users/groups\";b:1;s:26:\"/dashboard/users/add_group\";b:1;s:35:\"/dashboard/system/permissions/tasks\";b:1;s:10:\"/dashboard\";b:1;s:25:\"/dashboard/sitemap/search\";b:1;s:23:\"/dashboard/reports/logs\";b:1;s:23:\"/dashboard/blocks/types\";b:1;s:21:\"/dashboard/files/sets\";b:1;s:20:\"/dashboard/users/add\";b:1;}}',1,0),('DISABLED_HELP_NOTIFICATIONS','2015-05-10 15:14:39','a:2:{s:5:\"panel\";a:2:{s:14:\"/page/composer\";b:1;s:16:\"/page/attributes\";b:1;}s:4:\"page\";a:1:{s:23:\"/dashboard/files/search\";b:1;}}',7,0),('MAIN_HELP_LAST_VIEWED','2015-05-17 14:40:38','1431909638',1,0),('MAIN_HELP_LAST_VIEWED','2015-05-19 17:40:47','1432093247',7,0),('MAIN_HELP_LAST_VIEWED','2015-05-27 18:10:03','1432786203',13,0),('NEWSFLOW_LAST_VIEWED','2015-03-12 18:12:37','1464806188',1,0);
/*!40000 ALTER TABLE `configstore` ENABLE KEYS */;
UNLOCK TABLES;

--
-- Table structure for table `conversationdiscussions`
--

DROP TABLE IF EXISTS `conversationdiscussions`;
/*!40101 SET @saved_cs_client     = @@character_set_client */;
/*!40101 SET character_set_client = utf8 */;
CREATE TABLE `conversationdiscussions` (
  `cnvDiscussionID` int(10) unsigned NOT NULL AUTO_INCREMENT,
  `cnvDiscussionDateCreated` datetime NOT NULL,
  `cID` int(10) unsigned DEFAULT NULL,
  PRIMARY KEY (`cnvDiscussionID`),
  KEY `cID` (`cID`)
) ENGINE=InnoDB DEFAULT CHARSET=utf8 COLLATE=utf8_unicode_ci;
/*!40101 SET character_set_client = @saved_cs_client */;

--
-- Dumping data for table `conversationdiscussions`
--

LOCK TABLES `conversationdiscussions` WRITE;
/*!40000 ALTER TABLE `conversationdiscussions` DISABLE KEYS */;
/*!40000 ALTER TABLE `conversationdiscussions` ENABLE KEYS */;
UNLOCK TABLES;

--
-- Table structure for table `conversationeditors`
--

DROP TABLE IF EXISTS `conversationeditors`;
/*!40101 SET @saved_cs_client     = @@character_set_client */;
/*!40101 SET character_set_client = utf8 */;
CREATE TABLE `conversationeditors` (
  `cnvEditorID` int(10) unsigned NOT NULL AUTO_INCREMENT,
  `cnvEditorHandle` varchar(64) COLLATE utf8_unicode_ci DEFAULT NULL,
  `cnvEditorName` varchar(255) COLLATE utf8_unicode_ci DEFAULT NULL,
  `cnvEditorIsActive` tinyint(1) NOT NULL DEFAULT '0',
  `pkgID` int(10) unsigned NOT NULL DEFAULT '0',
  PRIMARY KEY (`cnvEditorID`),
  KEY `pkgID` (`pkgID`,`cnvEditorHandle`)
) ENGINE=InnoDB AUTO_INCREMENT=4 DEFAULT CHARSET=utf8 COLLATE=utf8_unicode_ci;
/*!40101 SET character_set_client = @saved_cs_client */;

--
-- Dumping data for table `conversationeditors`
--

LOCK TABLES `conversationeditors` WRITE;
/*!40000 ALTER TABLE `conversationeditors` DISABLE KEYS */;
INSERT INTO `conversationeditors` VALUES (1,'plain_text','Plain Text',0,0),(2,'markdown','Markdown',0,0),(3,'redactor','Redactor',1,0);
/*!40000 ALTER TABLE `conversationeditors` ENABLE KEYS */;
UNLOCK TABLES;

--
-- Table structure for table `conversationfeaturedetailassignments`
--

DROP TABLE IF EXISTS `conversationfeaturedetailassignments`;
/*!40101 SET @saved_cs_client     = @@character_set_client */;
/*!40101 SET character_set_client = utf8 */;
CREATE TABLE `conversationfeaturedetailassignments` (
  `faID` int(10) unsigned NOT NULL DEFAULT '0',
  `cnvID` int(10) unsigned NOT NULL DEFAULT '0',
  PRIMARY KEY (`faID`),
  KEY `cnvID` (`cnvID`)
) ENGINE=InnoDB DEFAULT CHARSET=utf8 COLLATE=utf8_unicode_ci;
/*!40101 SET character_set_client = @saved_cs_client */;

--
-- Dumping data for table `conversationfeaturedetailassignments`
--

LOCK TABLES `conversationfeaturedetailassignments` WRITE;
/*!40000 ALTER TABLE `conversationfeaturedetailassignments` DISABLE KEYS */;
/*!40000 ALTER TABLE `conversationfeaturedetailassignments` ENABLE KEYS */;
UNLOCK TABLES;

--
-- Table structure for table `conversationflaggedmessages`
--

DROP TABLE IF EXISTS `conversationflaggedmessages`;
/*!40101 SET @saved_cs_client     = @@character_set_client */;
/*!40101 SET character_set_client = utf8 */;
CREATE TABLE `conversationflaggedmessages` (
  `cnvMessageID` int(10) unsigned NOT NULL,
  `cnvMessageFlagTypeID` int(11) DEFAULT NULL,
  PRIMARY KEY (`cnvMessageID`),
  KEY `cnvMessageFlagTypeID` (`cnvMessageFlagTypeID`)
) ENGINE=InnoDB DEFAULT CHARSET=utf8 COLLATE=utf8_unicode_ci;
/*!40101 SET character_set_client = @saved_cs_client */;

--
-- Dumping data for table `conversationflaggedmessages`
--

LOCK TABLES `conversationflaggedmessages` WRITE;
/*!40000 ALTER TABLE `conversationflaggedmessages` DISABLE KEYS */;
/*!40000 ALTER TABLE `conversationflaggedmessages` ENABLE KEYS */;
UNLOCK TABLES;

--
-- Table structure for table `conversationflaggedmessagetypes`
--

DROP TABLE IF EXISTS `conversationflaggedmessagetypes`;
/*!40101 SET @saved_cs_client     = @@character_set_client */;
/*!40101 SET character_set_client = utf8 */;
CREATE TABLE `conversationflaggedmessagetypes` (
  `cnvMessageFlagTypeID` int(10) unsigned NOT NULL AUTO_INCREMENT,
  `cnvMessageFlagTypeHandle` varchar(64) COLLATE utf8_unicode_ci DEFAULT NULL,
  PRIMARY KEY (`cnvMessageFlagTypeID`),
  UNIQUE KEY `cnvMessageFlagTypeHandle` (`cnvMessageFlagTypeHandle`)
) ENGINE=InnoDB AUTO_INCREMENT=2 DEFAULT CHARSET=utf8 COLLATE=utf8_unicode_ci;
/*!40101 SET character_set_client = @saved_cs_client */;

--
-- Dumping data for table `conversationflaggedmessagetypes`
--

LOCK TABLES `conversationflaggedmessagetypes` WRITE;
/*!40000 ALTER TABLE `conversationflaggedmessagetypes` DISABLE KEYS */;
INSERT INTO `conversationflaggedmessagetypes` VALUES (1,'spam');
/*!40000 ALTER TABLE `conversationflaggedmessagetypes` ENABLE KEYS */;
UNLOCK TABLES;

--
-- Table structure for table `conversationmessageattachments`
--

DROP TABLE IF EXISTS `conversationmessageattachments`;
/*!40101 SET @saved_cs_client     = @@character_set_client */;
/*!40101 SET character_set_client = utf8 */;
CREATE TABLE `conversationmessageattachments` (
  `cnvMessageAttachmentID` int(10) unsigned NOT NULL AUTO_INCREMENT,
  `cnvMessageID` int(11) DEFAULT NULL,
  `fID` int(11) DEFAULT NULL,
  PRIMARY KEY (`cnvMessageAttachmentID`),
  KEY `cnvMessageID` (`cnvMessageID`),
  KEY `fID` (`fID`)
) ENGINE=InnoDB DEFAULT CHARSET=utf8 COLLATE=utf8_unicode_ci;
/*!40101 SET character_set_client = @saved_cs_client */;

--
-- Dumping data for table `conversationmessageattachments`
--

LOCK TABLES `conversationmessageattachments` WRITE;
/*!40000 ALTER TABLE `conversationmessageattachments` DISABLE KEYS */;
/*!40000 ALTER TABLE `conversationmessageattachments` ENABLE KEYS */;
UNLOCK TABLES;

--
-- Table structure for table `conversationmessageratings`
--

DROP TABLE IF EXISTS `conversationmessageratings`;
/*!40101 SET @saved_cs_client     = @@character_set_client */;
/*!40101 SET character_set_client = utf8 */;
CREATE TABLE `conversationmessageratings` (
  `cnvMessageRatingID` int(10) unsigned NOT NULL AUTO_INCREMENT,
  `cnvMessageID` int(10) unsigned DEFAULT NULL,
  `cnvRatingTypeID` int(10) unsigned NOT NULL DEFAULT '0',
  `cnvMessageRatingIP` tinyblob,
  `timestamp` datetime DEFAULT NULL,
  `uID` int(10) unsigned NOT NULL DEFAULT '0',
  PRIMARY KEY (`cnvMessageRatingID`),
  KEY `cnvMessageID` (`cnvMessageID`,`cnvRatingTypeID`),
  KEY `cnvRatingTypeID` (`cnvRatingTypeID`),
  KEY `uID` (`uID`)
) ENGINE=InnoDB DEFAULT CHARSET=utf8 COLLATE=utf8_unicode_ci;
/*!40101 SET character_set_client = @saved_cs_client */;

--
-- Dumping data for table `conversationmessageratings`
--

LOCK TABLES `conversationmessageratings` WRITE;
/*!40000 ALTER TABLE `conversationmessageratings` DISABLE KEYS */;
/*!40000 ALTER TABLE `conversationmessageratings` ENABLE KEYS */;
UNLOCK TABLES;

--
-- Table structure for table `conversationmessages`
--

DROP TABLE IF EXISTS `conversationmessages`;
/*!40101 SET @saved_cs_client     = @@character_set_client */;
/*!40101 SET character_set_client = utf8 */;
CREATE TABLE `conversationmessages` (
  `cnvMessageID` int(10) unsigned NOT NULL AUTO_INCREMENT,
  `cnvID` int(10) unsigned NOT NULL DEFAULT '0',
  `uID` int(10) unsigned NOT NULL DEFAULT '0',
  `cnvEditorID` int(10) unsigned NOT NULL DEFAULT '0',
  `cnvMessageSubmitIP` tinyblob,
  `cnvMessageSubmitUserAgent` longtext COLLATE utf8_unicode_ci,
  `cnvMessageLevel` int(10) unsigned NOT NULL DEFAULT '0',
  `cnvMessageParentID` int(10) unsigned NOT NULL DEFAULT '0',
  `cnvMessageDateCreated` datetime DEFAULT NULL,
  `cnvMessageSubject` text COLLATE utf8_unicode_ci,
  `cnvMessageBody` text COLLATE utf8_unicode_ci,
  `cnvIsMessageDeleted` tinyint(1) NOT NULL DEFAULT '0',
  `cnvIsMessageApproved` tinyint(1) NOT NULL DEFAULT '0',
  `cnvMessageTotalRatingScore` bigint(20) DEFAULT '0',
  `cnvMessageAuthorName` varchar(255) COLLATE utf8_unicode_ci DEFAULT NULL,
  `cnvMessageAuthorEmail` varchar(255) COLLATE utf8_unicode_ci DEFAULT NULL,
  `cnvMessageAuthorWebsite` varchar(255) COLLATE utf8_unicode_ci DEFAULT NULL,
  `ftID` int(10) unsigned DEFAULT NULL,
  PRIMARY KEY (`cnvMessageID`),
  KEY `cnvID` (`cnvID`),
  KEY `cnvMessageParentID` (`cnvMessageParentID`),
  KEY `uID` (`uID`)
) ENGINE=InnoDB DEFAULT CHARSET=utf8 COLLATE=utf8_unicode_ci;
/*!40101 SET character_set_client = @saved_cs_client */;

--
-- Dumping data for table `conversationmessages`
--

LOCK TABLES `conversationmessages` WRITE;
/*!40000 ALTER TABLE `conversationmessages` DISABLE KEYS */;
/*!40000 ALTER TABLE `conversationmessages` ENABLE KEYS */;
UNLOCK TABLES;

--
-- Table structure for table `conversationmessageuserattributes`
--

DROP TABLE IF EXISTS `conversationmessageuserattributes`;
/*!40101 SET @saved_cs_client     = @@character_set_client */;
/*!40101 SET character_set_client = utf8 */;
CREATE TABLE `conversationmessageuserattributes` (
  `cmuaID` int(10) unsigned NOT NULL AUTO_INCREMENT,
  `cnvMessageID` int(10) unsigned NOT NULL,
  `uID` int(10) unsigned DEFAULT NULL,
  `akHandle` varchar(100) COLLATE utf8_unicode_ci DEFAULT NULL,
  `submission` varchar(500) COLLATE utf8_unicode_ci DEFAULT NULL,
  PRIMARY KEY (`cmuaID`)
) ENGINE=InnoDB DEFAULT CHARSET=utf8 COLLATE=utf8_unicode_ci;
/*!40101 SET character_set_client = @saved_cs_client */;

--
-- Dumping data for table `conversationmessageuserattributes`
--

LOCK TABLES `conversationmessageuserattributes` WRITE;
/*!40000 ALTER TABLE `conversationmessageuserattributes` DISABLE KEYS */;
/*!40000 ALTER TABLE `conversationmessageuserattributes` ENABLE KEYS */;
UNLOCK TABLES;

--
-- Table structure for table `conversationpermissionaddmessageaccesslist`
--

DROP TABLE IF EXISTS `conversationpermissionaddmessageaccesslist`;
/*!40101 SET @saved_cs_client     = @@character_set_client */;
/*!40101 SET character_set_client = utf8 */;
CREATE TABLE `conversationpermissionaddmessageaccesslist` (
  `paID` int(10) unsigned NOT NULL DEFAULT '0',
  `peID` int(10) unsigned NOT NULL DEFAULT '0',
  `permission` varchar(1) COLLATE utf8_unicode_ci NOT NULL DEFAULT 'A',
  PRIMARY KEY (`paID`,`peID`),
  KEY `peID` (`peID`)
) ENGINE=InnoDB DEFAULT CHARSET=utf8 COLLATE=utf8_unicode_ci;
/*!40101 SET character_set_client = @saved_cs_client */;

--
-- Dumping data for table `conversationpermissionaddmessageaccesslist`
--

LOCK TABLES `conversationpermissionaddmessageaccesslist` WRITE;
/*!40000 ALTER TABLE `conversationpermissionaddmessageaccesslist` DISABLE KEYS */;
INSERT INTO `conversationpermissionaddmessageaccesslist` VALUES (166,3,'A');
/*!40000 ALTER TABLE `conversationpermissionaddmessageaccesslist` ENABLE KEYS */;
UNLOCK TABLES;

--
-- Table structure for table `conversationpermissionassignments`
--

DROP TABLE IF EXISTS `conversationpermissionassignments`;
/*!40101 SET @saved_cs_client     = @@character_set_client */;
/*!40101 SET character_set_client = utf8 */;
CREATE TABLE `conversationpermissionassignments` (
  `cnvID` int(10) unsigned NOT NULL DEFAULT '0',
  `pkID` int(10) unsigned NOT NULL DEFAULT '0',
  `paID` int(10) unsigned NOT NULL DEFAULT '0',
  PRIMARY KEY (`cnvID`,`pkID`,`paID`),
  KEY `paID` (`paID`),
  KEY `pkID` (`pkID`)
) ENGINE=InnoDB DEFAULT CHARSET=utf8 COLLATE=utf8_unicode_ci;
/*!40101 SET character_set_client = @saved_cs_client */;

--
-- Dumping data for table `conversationpermissionassignments`
--

LOCK TABLES `conversationpermissionassignments` WRITE;
/*!40000 ALTER TABLE `conversationpermissionassignments` DISABLE KEYS */;
INSERT INTO `conversationpermissionassignments` VALUES (0,66,166),(0,67,166),(0,68,167),(0,72,167),(0,73,167),(0,71,169),(0,69,609),(0,70,31365);
/*!40000 ALTER TABLE `conversationpermissionassignments` ENABLE KEYS */;
UNLOCK TABLES;

--
-- Table structure for table `conversationratingtypes`
--

DROP TABLE IF EXISTS `conversationratingtypes`;
/*!40101 SET @saved_cs_client     = @@character_set_client */;
/*!40101 SET character_set_client = utf8 */;
CREATE TABLE `conversationratingtypes` (
  `cnvRatingTypeID` int(10) unsigned NOT NULL AUTO_INCREMENT,
  `cnvRatingTypeHandle` varchar(255) COLLATE utf8_unicode_ci DEFAULT NULL,
  `cnvRatingTypeName` varchar(10) COLLATE utf8_unicode_ci DEFAULT NULL,
  `cnvRatingTypeCommunityPoints` int(11) DEFAULT NULL,
  `pkgID` int(10) unsigned NOT NULL DEFAULT '0',
  PRIMARY KEY (`cnvRatingTypeID`),
  UNIQUE KEY `cnvRatingTypeHandle` (`cnvRatingTypeHandle`),
  KEY `pkgID` (`pkgID`,`cnvRatingTypeHandle`)
) ENGINE=InnoDB AUTO_INCREMENT=3 DEFAULT CHARSET=utf8 COLLATE=utf8_unicode_ci;
/*!40101 SET character_set_client = @saved_cs_client */;

--
-- Dumping data for table `conversationratingtypes`
--

LOCK TABLES `conversationratingtypes` WRITE;
/*!40000 ALTER TABLE `conversationratingtypes` DISABLE KEYS */;
INSERT INTO `conversationratingtypes` VALUES (1,'up_vote','Up Vote',1,0),(2,'down_vote','Down Vote',0,0);
/*!40000 ALTER TABLE `conversationratingtypes` ENABLE KEYS */;
UNLOCK TABLES;

--
-- Table structure for table `conversations`
--

DROP TABLE IF EXISTS `conversations`;
/*!40101 SET @saved_cs_client     = @@character_set_client */;
/*!40101 SET character_set_client = utf8 */;
CREATE TABLE `conversations` (
  `cnvID` int(10) unsigned NOT NULL AUTO_INCREMENT,
  `cID` int(10) unsigned DEFAULT '0',
  `cnvDateCreated` datetime NOT NULL,
  `cnvDateLastMessage` datetime DEFAULT NULL,
  `cnvParentMessageID` int(10) unsigned DEFAULT '0',
  `cnvAttachmentsEnabled` tinyint(1) NOT NULL DEFAULT '1',
  `cnvMessagesTotal` int(10) unsigned DEFAULT '0',
  `cnvOverrideGlobalPermissions` tinyint(1) DEFAULT '0',
  `cnvAttachmentOverridesEnabled` tinyint(1) NOT NULL DEFAULT '0',
  `cnvMaxFilesGuest` int(11) DEFAULT '0',
  `cnvMaxFilesRegistered` int(11) DEFAULT '0',
  `cnvMaxFileSizeGuest` int(11) DEFAULT '0',
  `cnvMaxFileSizeRegistered` int(11) DEFAULT '0',
  `cnvFileExtensions` text COLLATE utf8_unicode_ci,
  `cnvNotificationOverridesEnabled` tinyint(1) NOT NULL DEFAULT '0',
  `cnvEnableSubscription` tinyint(1) DEFAULT '0',
  `cnvUserAttrSet` int(10) unsigned DEFAULT NULL,
  PRIMARY KEY (`cnvID`),
  KEY `cID` (`cID`),
  KEY `cnvParentMessageID` (`cnvParentMessageID`)
) ENGINE=InnoDB DEFAULT CHARSET=utf8 COLLATE=utf8_unicode_ci;
/*!40101 SET character_set_client = @saved_cs_client */;

--
-- Dumping data for table `conversations`
--

LOCK TABLES `conversations` WRITE;
/*!40000 ALTER TABLE `conversations` DISABLE KEYS */;
/*!40000 ALTER TABLE `conversations` ENABLE KEYS */;
UNLOCK TABLES;

--
-- Table structure for table `conversationsubscriptions`
--

DROP TABLE IF EXISTS `conversationsubscriptions`;
/*!40101 SET @saved_cs_client     = @@character_set_client */;
/*!40101 SET character_set_client = utf8 */;
CREATE TABLE `conversationsubscriptions` (
  `cnvID` int(10) unsigned NOT NULL DEFAULT '0',
  `uID` int(10) unsigned NOT NULL DEFAULT '0',
  `type` varchar(1) COLLATE utf8_unicode_ci DEFAULT 'S',
  PRIMARY KEY (`cnvID`,`uID`),
  KEY `cnvID` (`cnvID`),
  KEY `uID` (`uID`)
) ENGINE=InnoDB DEFAULT CHARSET=utf8 COLLATE=utf8_unicode_ci;
/*!40101 SET character_set_client = @saved_cs_client */;

--
-- Dumping data for table `conversationsubscriptions`
--

LOCK TABLES `conversationsubscriptions` WRITE;
/*!40000 ALTER TABLE `conversationsubscriptions` DISABLE KEYS */;
/*!40000 ALTER TABLE `conversationsubscriptions` ENABLE KEYS */;
UNLOCK TABLES;

--
-- Table structure for table `conversationuserattr`
--

DROP TABLE IF EXISTS `conversationuserattr`;
/*!40101 SET @saved_cs_client     = @@character_set_client */;
/*!40101 SET character_set_client = utf8 */;
CREATE TABLE `conversationuserattr` (
  `userAttrID` int(10) unsigned NOT NULL AUTO_INCREMENT,
  `userAttrSet` int(10) unsigned DEFAULT NULL,
  `akHandle` varchar(100) COLLATE utf8_unicode_ci NOT NULL,
  `required` tinyint(1) DEFAULT '0',
  PRIMARY KEY (`userAttrID`),
  KEY `userAttrSet` (`userAttrSet`)
) ENGINE=InnoDB DEFAULT CHARSET=utf8 COLLATE=utf8_unicode_ci;
/*!40101 SET character_set_client = @saved_cs_client */;

--
-- Dumping data for table `conversationuserattr`
--

LOCK TABLES `conversationuserattr` WRITE;
/*!40000 ALTER TABLE `conversationuserattr` DISABLE KEYS */;
/*!40000 ALTER TABLE `conversationuserattr` ENABLE KEYS */;
UNLOCK TABLES;

--
-- Table structure for table `crmfeedbacks`
--

DROP TABLE IF EXISTS `crmfeedbacks`;
/*!40101 SET @saved_cs_client     = @@character_set_client */;
/*!40101 SET character_set_client = utf8 */;
CREATE TABLE `crmfeedbacks` (
  `id` int(11) NOT NULL AUTO_INCREMENT,
  `feedbackID` int(11) NOT NULL,
  `crm_export` int(10) unsigned NOT NULL DEFAULT '1',
  `ext_id` varchar(255) COLLATE utf8_unicode_ci DEFAULT NULL,
  PRIMARY KEY (`id`),
  UNIQUE KEY `feedbackID` (`feedbackID`),
  KEY `crm_export` (`crm_export`),
  KEY `ext_id` (`ext_id`)
) ENGINE=InnoDB DEFAULT CHARSET=utf8 COLLATE=utf8_unicode_ci;
/*!40101 SET character_set_client = @saved_cs_client */;

--
-- Dumping data for table `crmfeedbacks`
--

LOCK TABLES `crmfeedbacks` WRITE;
/*!40000 ALTER TABLE `crmfeedbacks` DISABLE KEYS */;
/*!40000 ALTER TABLE `crmfeedbacks` ENABLE KEYS */;
UNLOCK TABLES;

--
-- Table structure for table `crminterests`
--

DROP TABLE IF EXISTS `crminterests`;
/*!40101 SET @saved_cs_client     = @@character_set_client */;
/*!40101 SET character_set_client = utf8 */;
CREATE TABLE `crminterests` (
  `id` int(11) NOT NULL AUTO_INCREMENT,
  `member_id` int(11) NOT NULL,
  `interests` varchar(200) COLLATE utf8_unicode_ci NOT NULL,
  PRIMARY KEY (`id`),
  UNIQUE KEY `member_id_2` (`member_id`,`interests`),
  KEY `member_id` (`member_id`),
  KEY `interests` (`interests`)
) ENGINE=InnoDB DEFAULT CHARSET=utf8 COLLATE=utf8_unicode_ci;
/*!40101 SET character_set_client = @saved_cs_client */;

--
-- Dumping data for table `crminterests`
--

LOCK TABLES `crminterests` WRITE;
/*!40000 ALTER TABLE `crminterests` DISABLE KEYS */;
/*!40000 ALTER TABLE `crminterests` ENABLE KEYS */;
UNLOCK TABLES;

--
-- Table structure for table `crmlocations`
--

DROP TABLE IF EXISTS `crmlocations`;
/*!40101 SET @saved_cs_client     = @@character_set_client */;
/*!40101 SET character_set_client = utf8 */;
CREATE TABLE `crmlocations` (
  `id` int(11) NOT NULL AUTO_INCREMENT,
  `member_id` int(11) NOT NULL,
  `locations` varchar(200) COLLATE utf8_unicode_ci NOT NULL,
  PRIMARY KEY (`id`),
  UNIQUE KEY `member_id_2` (`member_id`,`locations`),
  KEY `member_id` (`member_id`),
  KEY `location` (`locations`)
) ENGINE=InnoDB DEFAULT CHARSET=utf8 COLLATE=utf8_unicode_ci;
/*!40101 SET character_set_client = @saved_cs_client */;

--
-- Dumping data for table `crmlocations`
--

LOCK TABLES `crmlocations` WRITE;
/*!40000 ALTER TABLE `crmlocations` DISABLE KEYS */;
/*!40000 ALTER TABLE `crmlocations` ENABLE KEYS */;
UNLOCK TABLES;

--
-- Table structure for table `crmlogin`
--

DROP TABLE IF EXISTS `crmlogin`;
/*!40101 SET @saved_cs_client     = @@character_set_client */;
/*!40101 SET character_set_client = utf8 */;
CREATE TABLE `crmlogin` (
  `id` int(11) NOT NULL AUTO_INCREMENT,
  `crm_export` int(10) unsigned NOT NULL DEFAULT '1',
  `ext_id` varchar(255) COLLATE utf8_unicode_ci DEFAULT NULL,
  PRIMARY KEY (`id`),
  KEY `crm_export` (`crm_export`)
) ENGINE=InnoDB DEFAULT CHARSET=utf8 COLLATE=utf8_unicode_ci;
/*!40101 SET character_set_client = @saved_cs_client */;

--
-- Dumping data for table `crmlogin`
--

LOCK TABLES `crmlogin` WRITE;
/*!40000 ALTER TABLE `crmlogin` DISABLE KEYS */;
/*!40000 ALTER TABLE `crmlogin` ENABLE KEYS */;
UNLOCK TABLES;

--
-- Table structure for table `crmprojectfollowers`
--

DROP TABLE IF EXISTS `crmprojectfollowers`;
/*!40101 SET @saved_cs_client     = @@character_set_client */;
/*!40101 SET character_set_client = utf8 */;
CREATE TABLE `crmprojectfollowers` (
  `id` int(11) NOT NULL AUTO_INCREMENT,
  `project_id` int(11) NOT NULL,
  `member_id` int(11) NOT NULL,
  `email` varchar(120) COLLATE utf8_unicode_ci NOT NULL,
  `date_subscribed` datetime NOT NULL,
  `date_unsubscribed` datetime NOT NULL,
  `status` varchar(255) COLLATE utf8_unicode_ci NOT NULL,
  `updated_by` int(11) NOT NULL,
  `crm_export` int(10) unsigned NOT NULL DEFAULT '1',
  `ext_id` varchar(255) COLLATE utf8_unicode_ci DEFAULT NULL,
  PRIMARY KEY (`id`),
  KEY `project_id` (`project_id`),
  KEY `status` (`status`),
  KEY `member_id` (`member_id`),
  KEY `crm_export` (`crm_export`),
  KEY `ext_id` (`ext_id`)
) ENGINE=InnoDB AUTO_INCREMENT=10000 DEFAULT CHARSET=utf8 COLLATE=utf8_unicode_ci;
/*!40101 SET character_set_client = @saved_cs_client */;

--
-- Dumping data for table `crmprojectfollowers`
--

LOCK TABLES `crmprojectfollowers` WRITE;
/*!40000 ALTER TABLE `crmprojectfollowers` DISABLE KEYS */;
/*!40000 ALTER TABLE `crmprojectfollowers` ENABLE KEYS */;
UNLOCK TABLES;

--
-- Table structure for table `crmprojects`
--

DROP TABLE IF EXISTS `crmprojects`;
/*!40101 SET @saved_cs_client     = @@character_set_client */;
/*!40101 SET character_set_client = utf8 */;
CREATE TABLE `crmprojects` (
  `id` int(11) NOT NULL AUTO_INCREMENT,
  `ext_id` varchar(255) COLLATE utf8_unicode_ci DEFAULT NULL,
  `project_id` int(11) NOT NULL,
  `version_id` int(11) NOT NULL,
  `name` varchar(255) COLLATE utf8_unicode_ci DEFAULT NULL,
  `status` varchar(10) COLLATE utf8_unicode_ci DEFAULT NULL,
  `type` varchar(10) COLLATE utf8_unicode_ci DEFAULT NULL,
  `team` varchar(255) COLLATE utf8_unicode_ci DEFAULT NULL,
  `categories` longtext COLLATE utf8_unicode_ci,
  `locations` longtext COLLATE utf8_unicode_ci,
  `consultation_managers` longtext COLLATE utf8_unicode_ci,
  `engagement_managers` longtext COLLATE utf8_unicode_ci,
  `crm_export` int(10) unsigned NOT NULL DEFAULT '1',
  `project_groups` varchar(255) COLLATE utf8_unicode_ci DEFAULT NULL,
  PRIMARY KEY (`id`),
  UNIQUE KEY `project_id` (`project_id`),
  KEY `project_status` (`status`),
  KEY `project_type` (`type`),
  KEY `project_team` (`team`),
  KEY `crm_export` (`crm_export`),
  KEY `ext_id` (`ext_id`)
) ENGINE=InnoDB DEFAULT CHARSET=utf8 COLLATE=utf8_unicode_ci;
/*!40101 SET character_set_client = @saved_cs_client */;

--
-- Dumping data for table `crmprojects`
--

LOCK TABLES `crmprojects` WRITE;
/*!40000 ALTER TABLE `crmprojects` DISABLE KEYS */;
/*!40000 ALTER TABLE `crmprojects` ENABLE KEYS */;
UNLOCK TABLES;

--
-- Table structure for table `crmsync`
--

DROP TABLE IF EXISTS `crmsync`;
/*!40101 SET @saved_cs_client     = @@character_set_client */;
/*!40101 SET character_set_client = utf8 */;
CREATE TABLE `crmsync` (
  `id` int(11) NOT NULL AUTO_INCREMENT,
  `namespace` varchar(255) COLLATE utf8_unicode_ci DEFAULT NULL,
  `sync` varchar(20) COLLATE utf8_unicode_ci DEFAULT NULL,
  `last_id` int(11) NOT NULL,
  `last_val` varchar(100) COLLATE utf8_unicode_ci DEFAULT NULL,
  `last_date` datetime DEFAULT NULL,
  PRIMARY KEY (`id`),
  KEY `sync` (`sync`)
) ENGINE=InnoDB DEFAULT CHARSET=utf8 COLLATE=utf8_unicode_ci;
/*!40101 SET character_set_client = @saved_cs_client */;

--
-- Dumping data for table `crmsync`
--

LOCK TABLES `crmsync` WRITE;
/*!40000 ALTER TABLE `crmsync` DISABLE KEYS */;
/*!40000 ALTER TABLE `crmsync` ENABLE KEYS */;
UNLOCK TABLES;

--
-- Table structure for table `crmuserattributes`
--

DROP TABLE IF EXISTS `crmuserattributes`;
/*!40101 SET @saved_cs_client     = @@character_set_client */;
/*!40101 SET character_set_client = utf8 */;
CREATE TABLE `crmuserattributes` (
  `id` int(11) NOT NULL AUTO_INCREMENT,
  `member_id` int(11) NOT NULL,
  `first_name` tinytext COLLATE utf8_unicode_ci,
  `last_name` tinytext COLLATE utf8_unicode_ci,
  `post_code` varchar(10) COLLATE utf8_unicode_ci DEFAULT NULL,
  `gender` varchar(100) COLLATE utf8_unicode_ci DEFAULT NULL,
  `age` varchar(20) COLLATE utf8_unicode_ci DEFAULT NULL,
  `date_created` timestamp NULL DEFAULT NULL,
  `last_ip` varchar(20) COLLATE utf8_unicode_ci DEFAULT NULL,
  `last_online` int(11) DEFAULT NULL,
  `last_login` int(11) DEFAULT NULL,
  `num_logins` int(11) DEFAULT NULL,
  `timezone` varchar(20) COLLATE utf8_unicode_ci DEFAULT NULL,
  `language` varchar(10) COLLATE utf8_unicode_ci DEFAULT NULL,
  `interest_notifications` int(11) DEFAULT NULL,
  `interests` text COLLATE utf8_unicode_ci,
  `newsLetter_notifications` int(11) DEFAULT NULL,
  `locations` text COLLATE utf8_unicode_ci,
  `user_groups` text COLLATE utf8_unicode_ci,
  `user_roles` text COLLATE utf8_unicode_ci,
  PRIMARY KEY (`id`),
  UNIQUE KEY `member_id` (`member_id`),
  KEY `post_code` (`post_code`),
  KEY `gender` (`gender`),
  KEY `age` (`age`),
  KEY `language` (`language`),
  KEY `timezone` (`timezone`)
) ENGINE=InnoDB DEFAULT CHARSET=utf8 COLLATE=utf8_unicode_ci;
/*!40101 SET character_set_client = @saved_cs_client */;

--
-- Dumping data for table `crmuserattributes`
--

LOCK TABLES `crmuserattributes` WRITE;
/*!40000 ALTER TABLE `crmuserattributes` DISABLE KEYS */;
/*!40000 ALTER TABLE `crmuserattributes` ENABLE KEYS */;
UNLOCK TABLES;

--
-- Table structure for table `crmuseridentity`
--

DROP TABLE IF EXISTS `crmuseridentity`;
/*!40101 SET @saved_cs_client     = @@character_set_client */;
/*!40101 SET character_set_client = utf8 */;
CREATE TABLE `crmuseridentity` (
  `id` int(11) NOT NULL AUTO_INCREMENT,
  `member_id` int(11) NOT NULL,
  `email` varchar(255) COLLATE utf8_unicode_ci NOT NULL,
  `last_updated` varchar(255) COLLATE utf8_unicode_ci NOT NULL,
  `status` varchar(10) COLLATE utf8_unicode_ci NOT NULL,
  `username` varchar(255) COLLATE utf8_unicode_ci NOT NULL,
  `profile_last_updated` timestamp NULL DEFAULT NULL,
  `crm_export` int(10) unsigned NOT NULL DEFAULT '1',
  `ext_id` varchar(255) COLLATE utf8_unicode_ci DEFAULT NULL,
  PRIMARY KEY (`id`),
  UNIQUE KEY `member_id` (`member_id`),
  KEY `status` (`status`),
  KEY `crm_export` (`crm_export`),
  KEY `ext_id` (`ext_id`)
) ENGINE=InnoDB DEFAULT CHARSET=utf8 COLLATE=utf8_unicode_ci;
/*!40101 SET character_set_client = @saved_cs_client */;

--
-- Dumping data for table `crmuseridentity`
--

LOCK TABLES `crmuseridentity` WRITE;
/*!40000 ALTER TABLE `crmuseridentity` DISABLE KEYS */;
/*!40000 ALTER TABLE `crmuseridentity` ENABLE KEYS */;
UNLOCK TABLES;

--
-- Table structure for table `customthumbnailpaths`
--

DROP TABLE IF EXISTS `customthumbnailpaths`;
/*!40101 SET @saved_cs_client     = @@character_set_client */;
/*!40101 SET character_set_client = utf8 */;
CREATE TABLE `customthumbnailpaths` (
  `filename` varchar(255) COLLATE utf8_unicode_ci NOT NULL,
  `path` longtext COLLATE utf8_unicode_ci NOT NULL,
  `width` smallint(6) DEFAULT NULL,
  `height` smallint(6) DEFAULT NULL,
  PRIMARY KEY (`filename`)
) ENGINE=InnoDB DEFAULT CHARSET=utf8 COLLATE=utf8_unicode_ci;
/*!40101 SET character_set_client = @saved_cs_client */;

--
-- Dumping data for table `customthumbnailpaths`
--

LOCK TABLES `customthumbnailpaths` WRITE;
/*!40000 ALTER TABLE `customthumbnailpaths` DISABLE KEYS */;
/*!40000 ALTER TABLE `customthumbnailpaths` ENABLE KEYS */;
UNLOCK TABLES;

--
-- Table structure for table `downloadstatistics`
--

DROP TABLE IF EXISTS `downloadstatistics`;
/*!40101 SET @saved_cs_client     = @@character_set_client */;
/*!40101 SET character_set_client = utf8 */;
CREATE TABLE `downloadstatistics` (
  `dsID` int(10) unsigned NOT NULL AUTO_INCREMENT,
  `fID` int(10) unsigned NOT NULL,
  `fvID` int(10) unsigned NOT NULL,
  `uID` int(10) unsigned NOT NULL,
  `rcID` int(10) unsigned NOT NULL,
  `timestamp` timestamp NOT NULL DEFAULT CURRENT_TIMESTAMP,
  PRIMARY KEY (`dsID`),
  KEY `fID` (`fID`,`timestamp`),
  KEY `fvID` (`fID`,`fvID`),
  KEY `uID` (`uID`),
  KEY `rcID` (`rcID`),
  KEY `timestamp` (`timestamp`)
) ENGINE=InnoDB DEFAULT CHARSET=utf8 COLLATE=utf8_unicode_ci;
/*!40101 SET character_set_client = @saved_cs_client */;

--
-- Dumping data for table `downloadstatistics`
--

LOCK TABLES `downloadstatistics` WRITE;
/*!40000 ALTER TABLE `downloadstatistics` DISABLE KEYS */;
/*!40000 ALTER TABLE `downloadstatistics` ENABLE KEYS */;
UNLOCK TABLES;

--
-- Table structure for table `featureassignments`
--

DROP TABLE IF EXISTS `featureassignments`;
/*!40101 SET @saved_cs_client     = @@character_set_client */;
/*!40101 SET character_set_client = utf8 */;
CREATE TABLE `featureassignments` (
  `faID` int(10) unsigned NOT NULL AUTO_INCREMENT,
  `feID` int(10) unsigned DEFAULT NULL,
  `fcID` int(10) unsigned DEFAULT NULL,
  `fdObject` longtext COLLATE utf8_unicode_ci,
  PRIMARY KEY (`faID`),
  KEY `feID` (`feID`),
  KEY `fcID` (`fcID`)
) ENGINE=InnoDB DEFAULT CHARSET=utf8 COLLATE=utf8_unicode_ci;
/*!40101 SET character_set_client = @saved_cs_client */;

--
-- Dumping data for table `featureassignments`
--

LOCK TABLES `featureassignments` WRITE;
/*!40000 ALTER TABLE `featureassignments` DISABLE KEYS */;
/*!40000 ALTER TABLE `featureassignments` ENABLE KEYS */;
UNLOCK TABLES;

--
-- Table structure for table `featurecategories`
--

DROP TABLE IF EXISTS `featurecategories`;
/*!40101 SET @saved_cs_client     = @@character_set_client */;
/*!40101 SET character_set_client = utf8 */;
CREATE TABLE `featurecategories` (
  `fcID` int(10) unsigned NOT NULL AUTO_INCREMENT,
  `fcHandle` varchar(255) COLLATE utf8_unicode_ci NOT NULL,
  `pkgID` int(10) unsigned DEFAULT NULL,
  PRIMARY KEY (`fcID`),
  UNIQUE KEY `fcHandle` (`fcHandle`),
  KEY `pkgID` (`pkgID`,`fcID`)
) ENGINE=InnoDB AUTO_INCREMENT=3 DEFAULT CHARSET=utf8 COLLATE=utf8_unicode_ci;
/*!40101 SET character_set_client = @saved_cs_client */;

--
-- Dumping data for table `featurecategories`
--

LOCK TABLES `featurecategories` WRITE;
/*!40000 ALTER TABLE `featurecategories` DISABLE KEYS */;
INSERT INTO `featurecategories` VALUES (1,'collection_version',0),(2,'gathering_item',0);
/*!40000 ALTER TABLE `featurecategories` ENABLE KEYS */;
UNLOCK TABLES;

--
-- Table structure for table `features`
--

DROP TABLE IF EXISTS `features`;
/*!40101 SET @saved_cs_client     = @@character_set_client */;
/*!40101 SET character_set_client = utf8 */;
CREATE TABLE `features` (
  `feID` int(10) unsigned NOT NULL AUTO_INCREMENT,
  `feHandle` varchar(255) COLLATE utf8_unicode_ci NOT NULL,
  `feScore` int(11) NOT NULL DEFAULT '1',
  `feHasCustomClass` tinyint(1) NOT NULL DEFAULT '0',
  `pkgID` int(10) unsigned DEFAULT NULL,
  PRIMARY KEY (`feID`),
  UNIQUE KEY `feHandle` (`feHandle`),
  KEY `pkgID` (`pkgID`,`feID`)
) ENGINE=InnoDB AUTO_INCREMENT=9 DEFAULT CHARSET=utf8 COLLATE=utf8_unicode_ci;
/*!40101 SET character_set_client = @saved_cs_client */;

--
-- Dumping data for table `features`
--

LOCK TABLES `features` WRITE;
/*!40000 ALTER TABLE `features` DISABLE KEYS */;
INSERT INTO `features` VALUES (1,'title',1,0,0),(2,'link',1,0,0),(3,'author',1,0,0),(4,'date_time',1,0,0),(5,'image',500,1,0),(6,'conversation',10,1,0),(7,'description',1,0,0),(8,'featured',1000,0,0);
/*!40000 ALTER TABLE `features` ENABLE KEYS */;
UNLOCK TABLES;

--
-- Table structure for table `fileattributevalues`
--

DROP TABLE IF EXISTS `fileattributevalues`;
/*!40101 SET @saved_cs_client     = @@character_set_client */;
/*!40101 SET character_set_client = utf8 */;
CREATE TABLE `fileattributevalues` (
  `fID` int(10) unsigned NOT NULL DEFAULT '0',
  `fvID` int(10) unsigned NOT NULL DEFAULT '0',
  `akID` int(10) unsigned NOT NULL DEFAULT '0',
  `avID` int(10) unsigned DEFAULT '0',
  PRIMARY KEY (`fID`,`fvID`,`akID`),
  KEY `akID` (`akID`),
  KEY `avID` (`avID`)
) ENGINE=InnoDB DEFAULT CHARSET=utf8 COLLATE=utf8_unicode_ci;
/*!40101 SET character_set_client = @saved_cs_client */;

--
-- Dumping data for table `fileattributevalues`
--

LOCK TABLES `fileattributevalues` WRITE;
/*!40000 ALTER TABLE `fileattributevalues` DISABLE KEYS */;
INSERT INTO `fileattributevalues` VALUES (1,1,14,864),(1,1,15,865);
/*!40000 ALTER TABLE `fileattributevalues` ENABLE KEYS */;
UNLOCK TABLES;

--
-- Table structure for table `fileimagethumbnailpaths`
--

DROP TABLE IF EXISTS `fileimagethumbnailpaths`;
/*!40101 SET @saved_cs_client     = @@character_set_client */;
/*!40101 SET character_set_client = utf8 */;
CREATE TABLE `fileimagethumbnailpaths` (
  `fileID` int(10) unsigned NOT NULL,
  `fileVersionID` int(10) unsigned NOT NULL,
  `thumbnailTypeHandle` varchar(255) COLLATE utf8_unicode_ci NOT NULL,
  `storageLocationID` int(10) unsigned NOT NULL,
  `path` longtext COLLATE utf8_unicode_ci NOT NULL,
  `thumbnailFormat` varchar(5) COLLATE utf8_unicode_ci NOT NULL,
  UNIQUE KEY `thumbnailPathID` (`fileID`,`fileVersionID`,`thumbnailTypeHandle`,`storageLocationID`,`thumbnailFormat`)
) ENGINE=InnoDB DEFAULT CHARSET=utf8 COLLATE=utf8_unicode_ci;
/*!40101 SET character_set_client = @saved_cs_client */;

--
-- Dumping data for table `fileimagethumbnailpaths`
--

LOCK TABLES `fileimagethumbnailpaths` WRITE;
/*!40000 ALTER TABLE `fileimagethumbnailpaths` DISABLE KEYS */;
/*!40000 ALTER TABLE `fileimagethumbnailpaths` ENABLE KEYS */;
UNLOCK TABLES;

--
-- Table structure for table `fileimagethumbnailtypes`
--

DROP TABLE IF EXISTS `fileimagethumbnailtypes`;
/*!40101 SET @saved_cs_client     = @@character_set_client */;
/*!40101 SET character_set_client = utf8 */;
CREATE TABLE `fileimagethumbnailtypes` (
  `ftTypeID` int(10) unsigned NOT NULL AUTO_INCREMENT,
  `ftTypeHandle` varchar(255) COLLATE utf8_unicode_ci NOT NULL DEFAULT '',
  `ftTypeName` varchar(255) COLLATE utf8_unicode_ci NOT NULL DEFAULT '',
  `ftTypeWidth` int(11) NOT NULL DEFAULT '0',
  `ftTypeHeight` int(11) DEFAULT NULL,
  `ftTypeIsRequired` tinyint(1) NOT NULL DEFAULT '0',
  PRIMARY KEY (`ftTypeID`)
) ENGINE=InnoDB AUTO_INCREMENT=11 DEFAULT CHARSET=utf8 COLLATE=utf8_unicode_ci;
/*!40101 SET character_set_client = @saved_cs_client */;

--
-- Dumping data for table `fileimagethumbnailtypes`
--

LOCK TABLES `fileimagethumbnailtypes` WRITE;
/*!40000 ALTER TABLE `fileimagethumbnailtypes` DISABLE KEYS */;
INSERT INTO `fileimagethumbnailtypes` VALUES (1,'file_manager_listing','File Manager Thumbnails',60,60,1),(2,'file_manager_detail','File Manager Detail Thumbnails',400,NULL,1),(3,'small_4_3','Small Image (4:3)',400,300,0),(4,'small_16_9','Small Image (16:9)',400,225,0),(5,'medium_4_3','Medium Image (4:3)',800,600,0),(6,'medium_16_9','Medium Image (16:9)',800,450,0),(7,'large_4_3','Large Image (4:3)',1200,900,0),(8,'large_16_9','Large Image (16:9)',1200,675,0),(9,'project_list_card','Project List Card',600,338,0),(10,'project_list_card_large','Project List Card Large',1300,750,0);
/*!40000 ALTER TABLE `fileimagethumbnailtypes` ENABLE KEYS */;
UNLOCK TABLES;

--
-- Table structure for table `filepermissionassignments`
--

DROP TABLE IF EXISTS `filepermissionassignments`;
/*!40101 SET @saved_cs_client     = @@character_set_client */;
/*!40101 SET character_set_client = utf8 */;
CREATE TABLE `filepermissionassignments` (
  `fID` int(10) unsigned NOT NULL DEFAULT '0',
  `pkID` int(10) unsigned NOT NULL DEFAULT '0',
  `paID` int(10) unsigned NOT NULL DEFAULT '0',
  PRIMARY KEY (`fID`,`pkID`,`paID`),
  KEY `pkID` (`pkID`),
  KEY `paID` (`paID`)
) ENGINE=InnoDB DEFAULT CHARSET=utf8 COLLATE=utf8_unicode_ci;
/*!40101 SET character_set_client = @saved_cs_client */;

--
-- Dumping data for table `filepermissionassignments`
--

LOCK TABLES `filepermissionassignments` WRITE;
/*!40000 ALTER TABLE `filepermissionassignments` DISABLE KEYS */;
/*!40000 ALTER TABLE `filepermissionassignments` ENABLE KEYS */;
UNLOCK TABLES;

--
-- Table structure for table `filepermissionfiletypes`
--

DROP TABLE IF EXISTS `filepermissionfiletypes`;
/*!40101 SET @saved_cs_client     = @@character_set_client */;
/*!40101 SET character_set_client = utf8 */;
CREATE TABLE `filepermissionfiletypes` (
  `extension` varchar(32) COLLATE utf8_unicode_ci NOT NULL,
  `fsID` int(10) unsigned NOT NULL DEFAULT '0',
  `gID` int(10) unsigned NOT NULL DEFAULT '0',
  `uID` int(10) unsigned NOT NULL DEFAULT '0',
  PRIMARY KEY (`fsID`,`gID`,`uID`,`extension`),
  KEY `gID` (`gID`),
  KEY `uID` (`uID`)
) ENGINE=InnoDB DEFAULT CHARSET=utf8 COLLATE=utf8_unicode_ci;
/*!40101 SET character_set_client = @saved_cs_client */;

--
-- Dumping data for table `filepermissionfiletypes`
--

LOCK TABLES `filepermissionfiletypes` WRITE;
/*!40000 ALTER TABLE `filepermissionfiletypes` DISABLE KEYS */;
/*!40000 ALTER TABLE `filepermissionfiletypes` ENABLE KEYS */;
UNLOCK TABLES;

--
-- Table structure for table `files`
--

DROP TABLE IF EXISTS `files`;
/*!40101 SET @saved_cs_client     = @@character_set_client */;
/*!40101 SET character_set_client = utf8 */;
CREATE TABLE `files` (
  `fID` int(10) unsigned NOT NULL AUTO_INCREMENT,
  `fDateAdded` datetime DEFAULT NULL,
  `uID` int(10) unsigned NOT NULL DEFAULT '0',
  `fslID` int(10) unsigned NOT NULL DEFAULT '0',
  `ocID` int(10) unsigned NOT NULL DEFAULT '0',
  `fOverrideSetPermissions` tinyint(1) NOT NULL DEFAULT '0',
  `fPassword` varchar(255) COLLATE utf8_unicode_ci DEFAULT NULL,
  PRIMARY KEY (`fID`,`uID`,`fslID`),
  KEY `uID` (`uID`),
  KEY `fslID` (`fslID`),
  KEY `ocID` (`ocID`),
  KEY `fOverrideSetPermissions` (`fOverrideSetPermissions`)
) ENGINE=InnoDB DEFAULT CHARSET=utf8 COLLATE=utf8_unicode_ci;
/*!40101 SET character_set_client = @saved_cs_client */;

--
-- Dumping data for table `files`
--

LOCK TABLES `files` WRITE;
/*!40000 ALTER TABLE `files` DISABLE KEYS */;
/*!40000 ALTER TABLE `files` ENABLE KEYS */;
UNLOCK TABLES;

--
-- Table structure for table `filesearchindexattributes`
--

DROP TABLE IF EXISTS `filesearchindexattributes`;
/*!40101 SET @saved_cs_client     = @@character_set_client */;
/*!40101 SET character_set_client = utf8 */;
CREATE TABLE `filesearchindexattributes` (
  `fID` int(10) unsigned NOT NULL DEFAULT '0',
  `ak_width` decimal(14,4) DEFAULT '0.0000',
  `ak_height` decimal(14,4) DEFAULT '0.0000',
  `ak_duration` decimal(14,4) DEFAULT '0.0000',
  PRIMARY KEY (`fID`)
) ENGINE=InnoDB DEFAULT CHARSET=utf8 COLLATE=utf8_unicode_ci;
/*!40101 SET character_set_client = @saved_cs_client */;

--
-- Dumping data for table `filesearchindexattributes`
--

LOCK TABLES `filesearchindexattributes` WRITE;
/*!40000 ALTER TABLE `filesearchindexattributes` DISABLE KEYS */;
INSERT INTO `filesearchindexattributes` VALUES (1,1293.0000,228.0000,0.0000);
/*!40000 ALTER TABLE `filesearchindexattributes` ENABLE KEYS */;
UNLOCK TABLES;

--
-- Table structure for table `filesetfiles`
--

DROP TABLE IF EXISTS `filesetfiles`;
/*!40101 SET @saved_cs_client     = @@character_set_client */;
/*!40101 SET character_set_client = utf8 */;
CREATE TABLE `filesetfiles` (
  `fsfID` int(10) unsigned NOT NULL AUTO_INCREMENT,
  `fID` int(10) unsigned NOT NULL,
  `fsID` int(10) unsigned NOT NULL,
  `timestamp` timestamp NOT NULL DEFAULT CURRENT_TIMESTAMP,
  `fsDisplayOrder` int(10) unsigned NOT NULL,
  PRIMARY KEY (`fsfID`),
  KEY `fID` (`fID`),
  KEY `fsID` (`fsID`)
) ENGINE=InnoDB DEFAULT CHARSET=utf8 COLLATE=utf8_unicode_ci;
/*!40101 SET character_set_client = @saved_cs_client */;

--
-- Dumping data for table `filesetfiles`
--

LOCK TABLES `filesetfiles` WRITE;
/*!40000 ALTER TABLE `filesetfiles` DISABLE KEYS */;
/*!40000 ALTER TABLE `filesetfiles` ENABLE KEYS */;
UNLOCK TABLES;

--
-- Table structure for table `filesetpermissionassignments`
--

DROP TABLE IF EXISTS `filesetpermissionassignments`;
/*!40101 SET @saved_cs_client     = @@character_set_client */;
/*!40101 SET character_set_client = utf8 */;
CREATE TABLE `filesetpermissionassignments` (
  `fsID` int(10) unsigned NOT NULL DEFAULT '0',
  `pkID` int(10) unsigned NOT NULL DEFAULT '0',
  `paID` int(10) unsigned NOT NULL DEFAULT '0',
  PRIMARY KEY (`fsID`,`pkID`,`paID`),
  KEY `paID` (`paID`),
  KEY `pkID` (`pkID`)
) ENGINE=InnoDB DEFAULT CHARSET=utf8 COLLATE=utf8_unicode_ci;
/*!40101 SET character_set_client = @saved_cs_client */;

--
-- Dumping data for table `filesetpermissionassignments`
--

LOCK TABLES `filesetpermissionassignments` WRITE;
/*!40000 ALTER TABLE `filesetpermissionassignments` DISABLE KEYS */;
INSERT INTO `filesetpermissionassignments` VALUES (0,39,31264),(0,40,31265),(0,41,31266),(0,42,31267),(0,43,31268),(0,44,31269),(0,45,31270),(0,46,31271),(0,47,31272);
/*!40000 ALTER TABLE `filesetpermissionassignments` ENABLE KEYS */;
UNLOCK TABLES;

--
-- Table structure for table `filesetpermissionfiletypeaccesslist`
--

DROP TABLE IF EXISTS `filesetpermissionfiletypeaccesslist`;
/*!40101 SET @saved_cs_client     = @@character_set_client */;
/*!40101 SET character_set_client = utf8 */;
CREATE TABLE `filesetpermissionfiletypeaccesslist` (
  `paID` int(10) unsigned NOT NULL DEFAULT '0',
  `peID` int(10) unsigned NOT NULL DEFAULT '0',
  `permission` varchar(1) COLLATE utf8_unicode_ci NOT NULL DEFAULT '1',
  PRIMARY KEY (`paID`,`peID`),
  KEY `peID` (`peID`)
) ENGINE=InnoDB DEFAULT CHARSET=utf8 COLLATE=utf8_unicode_ci;
/*!40101 SET character_set_client = @saved_cs_client */;

--
-- Dumping data for table `filesetpermissionfiletypeaccesslist`
--

LOCK TABLES `filesetpermissionfiletypeaccesslist` WRITE;
/*!40000 ALTER TABLE `filesetpermissionfiletypeaccesslist` DISABLE KEYS */;
INSERT INTO `filesetpermissionfiletypeaccesslist` VALUES (86,1,'A'),(86,7,'A'),(151,1,'A'),(151,7,'A');
/*!40000 ALTER TABLE `filesetpermissionfiletypeaccesslist` ENABLE KEYS */;
UNLOCK TABLES;

--
-- Table structure for table `filesetpermissionfiletypeaccesslistcustom`
--

DROP TABLE IF EXISTS `filesetpermissionfiletypeaccesslistcustom`;
/*!40101 SET @saved_cs_client     = @@character_set_client */;
/*!40101 SET character_set_client = utf8 */;
CREATE TABLE `filesetpermissionfiletypeaccesslistcustom` (
  `extension` varchar(64) COLLATE utf8_unicode_ci NOT NULL,
  `paID` int(10) unsigned NOT NULL DEFAULT '0',
  `peID` int(10) unsigned NOT NULL DEFAULT '0',
  PRIMARY KEY (`paID`,`peID`,`extension`),
  KEY `peID` (`peID`)
) ENGINE=InnoDB DEFAULT CHARSET=utf8 COLLATE=utf8_unicode_ci;
/*!40101 SET character_set_client = @saved_cs_client */;

--
-- Dumping data for table `filesetpermissionfiletypeaccesslistcustom`
--

LOCK TABLES `filesetpermissionfiletypeaccesslistcustom` WRITE;
/*!40000 ALTER TABLE `filesetpermissionfiletypeaccesslistcustom` DISABLE KEYS */;
/*!40000 ALTER TABLE `filesetpermissionfiletypeaccesslistcustom` ENABLE KEYS */;
UNLOCK TABLES;

--
-- Table structure for table `filesets`
--

DROP TABLE IF EXISTS `filesets`;
/*!40101 SET @saved_cs_client     = @@character_set_client */;
/*!40101 SET character_set_client = utf8 */;
CREATE TABLE `filesets` (
  `fsID` int(10) unsigned NOT NULL AUTO_INCREMENT,
  `fsName` varchar(255) COLLATE utf8_unicode_ci NOT NULL,
  `uID` int(10) unsigned NOT NULL DEFAULT '0',
  `fsType` smallint(6) NOT NULL,
  `fsOverrideGlobalPermissions` smallint(6) DEFAULT NULL,
  PRIMARY KEY (`fsID`),
  KEY `uID` (`uID`,`fsType`,`fsName`),
  KEY `fsName` (`fsName`),
  KEY `fsType` (`fsType`)
) ENGINE=InnoDB AUTO_INCREMENT=2 DEFAULT CHARSET=utf8 COLLATE=utf8_unicode_ci;
/*!40101 SET character_set_client = @saved_cs_client */;

--
-- Dumping data for table `filesets`
--

LOCK TABLES `filesets` WRITE;
/*!40000 ALTER TABLE `filesets` DISABLE KEYS */;
INSERT INTO `filesets` VALUES (1,'General',0,1,0);
/*!40000 ALTER TABLE `filesets` ENABLE KEYS */;
UNLOCK TABLES;

--
-- Table structure for table `filesetsavedsearches`
--

DROP TABLE IF EXISTS `filesetsavedsearches`;
/*!40101 SET @saved_cs_client     = @@character_set_client */;
/*!40101 SET character_set_client = utf8 */;
CREATE TABLE `filesetsavedsearches` (
  `fsID` int(10) unsigned NOT NULL DEFAULT '0',
  `fsSearchRequest` text COLLATE utf8_unicode_ci,
  `fsResultColumns` text COLLATE utf8_unicode_ci,
  PRIMARY KEY (`fsID`)
) ENGINE=InnoDB DEFAULT CHARSET=utf8 COLLATE=utf8_unicode_ci;
/*!40101 SET character_set_client = @saved_cs_client */;

--
-- Dumping data for table `filesetsavedsearches`
--

LOCK TABLES `filesetsavedsearches` WRITE;
/*!40000 ALTER TABLE `filesetsavedsearches` DISABLE KEYS */;
/*!40000 ALTER TABLE `filesetsavedsearches` ENABLE KEYS */;
UNLOCK TABLES;

--
-- Table structure for table `filestoragelocations`
--

DROP TABLE IF EXISTS `filestoragelocations`;
/*!40101 SET @saved_cs_client     = @@character_set_client */;
/*!40101 SET character_set_client = utf8 */;
CREATE TABLE `filestoragelocations` (
  `fslID` int(10) unsigned NOT NULL AUTO_INCREMENT,
  `fslName` varchar(255) COLLATE utf8_unicode_ci NOT NULL,
  `fslConfiguration` longtext COLLATE utf8_unicode_ci NOT NULL,
  `fslIsDefault` tinyint(1) NOT NULL DEFAULT '0',
  PRIMARY KEY (`fslID`)
) ENGINE=InnoDB AUTO_INCREMENT=3 DEFAULT CHARSET=utf8 COLLATE=utf8_unicode_ci;
/*!40101 SET character_set_client = @saved_cs_client */;

--
-- Dumping data for table `filestoragelocations`
--

LOCK TABLES `filestoragelocations` WRITE;
/*!40000 ALTER TABLE `filestoragelocations` DISABLE KEYS */;
INSERT INTO `filestoragelocations` VALUES (1,'Local directory','O:69:\"Concrete\\Core\\File\\StorageLocation\\Configuration\\DefaultConfiguration\":1:{s:10:\"\0*\0default\";b:1;}',1);
/*!40000 ALTER TABLE `filestoragelocations` ENABLE KEYS */;
UNLOCK TABLES;

--
-- Table structure for table `filestoragelocationtypes`
--

DROP TABLE IF EXISTS `filestoragelocationtypes`;
/*!40101 SET @saved_cs_client     = @@character_set_client */;
/*!40101 SET character_set_client = utf8 */;
CREATE TABLE `filestoragelocationtypes` (
  `fslTypeID` int(10) unsigned NOT NULL AUTO_INCREMENT,
  `fslTypeHandle` varchar(255) COLLATE utf8_unicode_ci NOT NULL,
  `fslTypeName` varchar(255) COLLATE utf8_unicode_ci NOT NULL,
  `pkgID` int(10) unsigned NOT NULL DEFAULT '0',
  PRIMARY KEY (`fslTypeID`),
  UNIQUE KEY `fslTypeHandle` (`fslTypeHandle`),
  KEY `pkgID` (`pkgID`)
) ENGINE=InnoDB AUTO_INCREMENT=4 DEFAULT CHARSET=utf8 COLLATE=utf8_unicode_ci;
/*!40101 SET character_set_client = @saved_cs_client */;

--
-- Dumping data for table `filestoragelocationtypes`
--

LOCK TABLES `filestoragelocationtypes` WRITE;
/*!40000 ALTER TABLE `filestoragelocationtypes` DISABLE KEYS */;
INSERT INTO `filestoragelocationtypes` VALUES (1,'default','Default',0),(2,'local','Local',0),(3,'s3','Amazon S3',13);
/*!40000 ALTER TABLE `filestoragelocationtypes` ENABLE KEYS */;
UNLOCK TABLES;

--
-- Table structure for table `filetokens`
--

DROP TABLE IF EXISTS `filetokens`;
/*!40101 SET @saved_cs_client     = @@character_set_client */;
/*!40101 SET character_set_client = utf8 */;
CREATE TABLE `filetokens` (
  `tID` int(10) unsigned NOT NULL AUTO_INCREMENT,
  `token` varchar(40) COLLATE utf8_unicode_ci NOT NULL,
  `fID` int(10) unsigned DEFAULT NULL,
  PRIMARY KEY (`tID`),
  UNIQUE KEY `UNIQ_C2104BC3E3111F45` (`fID`),
  CONSTRAINT `FK_C2104BC3E3111F45` FOREIGN KEY (`fID`) REFERENCES `files` (`fID`) ON DELETE CASCADE ON UPDATE CASCADE
) ENGINE=InnoDB DEFAULT CHARSET=utf8 COLLATE=utf8_unicode_ci;
/*!40101 SET character_set_client = @saved_cs_client */;

--
-- Dumping data for table `filetokens`
--

LOCK TABLES `filetokens` WRITE;
/*!40000 ALTER TABLE `filetokens` DISABLE KEYS */;
/*!40000 ALTER TABLE `filetokens` ENABLE KEYS */;
UNLOCK TABLES;

--
-- Table structure for table `fileversionlog`
--

DROP TABLE IF EXISTS `fileversionlog`;
/*!40101 SET @saved_cs_client     = @@character_set_client */;
/*!40101 SET character_set_client = utf8 */;
CREATE TABLE `fileversionlog` (
  `fvlID` int(10) unsigned NOT NULL AUTO_INCREMENT,
  `fID` int(10) unsigned NOT NULL DEFAULT '0',
  `fvID` int(10) unsigned NOT NULL DEFAULT '0',
  `fvUpdateTypeID` smallint(5) unsigned NOT NULL DEFAULT '0',
  `fvUpdateTypeAttributeID` int(10) unsigned NOT NULL DEFAULT '0',
  PRIMARY KEY (`fvlID`),
  KEY `fvID` (`fID`,`fvID`,`fvlID`)
) ENGINE=InnoDB DEFAULT CHARSET=utf8 COLLATE=utf8_unicode_ci;
/*!40101 SET character_set_client = @saved_cs_client */;

--
-- Dumping data for table `fileversionlog`
--

LOCK TABLES `fileversionlog` WRITE;
/*!40000 ALTER TABLE `fileversionlog` DISABLE KEYS */;
/*!40000 ALTER TABLE `fileversionlog` ENABLE KEYS */;
UNLOCK TABLES;

--
-- Table structure for table `fileversions`
--

DROP TABLE IF EXISTS `fileversions`;
/*!40101 SET @saved_cs_client     = @@character_set_client */;
/*!40101 SET character_set_client = utf8 */;
CREATE TABLE `fileversions` (
  `fID` int(10) unsigned NOT NULL DEFAULT '0',
  `fvID` int(10) unsigned NOT NULL DEFAULT '0',
  `fvFilename` varchar(255) COLLATE utf8_unicode_ci NOT NULL,
  `fvPrefix` varchar(12) COLLATE utf8_unicode_ci DEFAULT NULL,
  `fvGenericType` smallint(5) unsigned NOT NULL DEFAULT '0',
  `fvSize` int(10) unsigned NOT NULL DEFAULT '0',
  `fvTitle` varchar(255) COLLATE utf8_unicode_ci DEFAULT NULL,
  `fvDescription` text COLLATE utf8_unicode_ci,
  `fvTags` varchar(255) COLLATE utf8_unicode_ci DEFAULT NULL,
  `fvIsApproved` int(10) unsigned NOT NULL DEFAULT '1',
  `fvDateAdded` datetime DEFAULT NULL,
  `fvApproverUID` int(10) unsigned NOT NULL DEFAULT '0',
  `fvAuthorUID` int(10) unsigned NOT NULL DEFAULT '0',
  `fvActivateDatetime` datetime DEFAULT NULL,
  `fvHasListingThumbnail` tinyint(1) NOT NULL DEFAULT '0',
  `fvHasDetailThumbnail` tinyint(1) NOT NULL DEFAULT '0',
  `fvExtension` varchar(32) COLLATE utf8_unicode_ci DEFAULT NULL,
  `fvType` int(10) unsigned NOT NULL DEFAULT '0',
  PRIMARY KEY (`fID`,`fvID`),
  KEY `fvExtension` (`fvExtension`),
  KEY `fvType` (`fvType`),
  KEY `fvFilename` (`fvFilename`)
) ENGINE=InnoDB DEFAULT CHARSET=utf8 COLLATE=utf8_unicode_ci;
/*!40101 SET character_set_client = @saved_cs_client */;

--
-- Dumping data for table `fileversions`
--

LOCK TABLES `fileversions` WRITE;
/*!40000 ALTER TABLE `fileversions` DISABLE KEYS */;
/*!40000 ALTER TABLE `fileversions` ENABLE KEYS */;
UNLOCK TABLES;

--
-- Table structure for table `gapage`
--

DROP TABLE IF EXISTS `gapage`;
/*!40101 SET @saved_cs_client     = @@character_set_client */;
/*!40101 SET character_set_client = utf8 */;
CREATE TABLE `gapage` (
  `gaiID` int(10) unsigned NOT NULL,
  `cID` int(10) unsigned DEFAULT NULL,
  PRIMARY KEY (`gaiID`),
  KEY `cID` (`cID`)
) ENGINE=InnoDB DEFAULT CHARSET=utf8 COLLATE=utf8_unicode_ci;
/*!40101 SET character_set_client = @saved_cs_client */;

--
-- Dumping data for table `gapage`
--

LOCK TABLES `gapage` WRITE;
/*!40000 ALTER TABLE `gapage` DISABLE KEYS */;
/*!40000 ALTER TABLE `gapage` ENABLE KEYS */;
UNLOCK TABLES;

--
-- Table structure for table `gatheringconfigureddatasources`
--

DROP TABLE IF EXISTS `gatheringconfigureddatasources`;
/*!40101 SET @saved_cs_client     = @@character_set_client */;
/*!40101 SET character_set_client = utf8 */;
CREATE TABLE `gatheringconfigureddatasources` (
  `gcsID` int(10) unsigned NOT NULL AUTO_INCREMENT,
  `gaID` int(10) unsigned DEFAULT NULL,
  `gasID` int(10) unsigned DEFAULT NULL,
  `gcdObject` longtext COLLATE utf8_unicode_ci,
  PRIMARY KEY (`gcsID`),
  KEY `gaID` (`gaID`),
  KEY `gasID` (`gasID`)
) ENGINE=InnoDB DEFAULT CHARSET=utf8 COLLATE=utf8_unicode_ci;
/*!40101 SET character_set_client = @saved_cs_client */;

--
-- Dumping data for table `gatheringconfigureddatasources`
--

LOCK TABLES `gatheringconfigureddatasources` WRITE;
/*!40000 ALTER TABLE `gatheringconfigureddatasources` DISABLE KEYS */;
/*!40000 ALTER TABLE `gatheringconfigureddatasources` ENABLE KEYS */;
UNLOCK TABLES;

--
-- Table structure for table `gatheringdatasources`
--

DROP TABLE IF EXISTS `gatheringdatasources`;
/*!40101 SET @saved_cs_client     = @@character_set_client */;
/*!40101 SET character_set_client = utf8 */;
CREATE TABLE `gatheringdatasources` (
  `gasID` int(10) unsigned NOT NULL AUTO_INCREMENT,
  `gasName` varchar(255) COLLATE utf8_unicode_ci DEFAULT NULL,
  `gasHandle` varchar(255) COLLATE utf8_unicode_ci NOT NULL,
  `pkgID` int(10) unsigned NOT NULL DEFAULT '0',
  `gasDisplayOrder` int(10) unsigned NOT NULL DEFAULT '0',
  PRIMARY KEY (`gasID`),
  UNIQUE KEY `gasHandle` (`gasHandle`),
  KEY `pkgID` (`pkgID`)
) ENGINE=InnoDB AUTO_INCREMENT=5 DEFAULT CHARSET=utf8 COLLATE=utf8_unicode_ci;
/*!40101 SET character_set_client = @saved_cs_client */;

--
-- Dumping data for table `gatheringdatasources`
--

LOCK TABLES `gatheringdatasources` WRITE;
/*!40000 ALTER TABLE `gatheringdatasources` DISABLE KEYS */;
INSERT INTO `gatheringdatasources` VALUES (1,'Site Page','page',0,0),(2,'RSS Feed','rss_feed',0,1),(3,'Flickr Feed','flickr_feed',0,2),(4,'Twitter','twitter',0,3);
/*!40000 ALTER TABLE `gatheringdatasources` ENABLE KEYS */;
UNLOCK TABLES;

--
-- Table structure for table `gatheringitemfeatureassignments`
--

DROP TABLE IF EXISTS `gatheringitemfeatureassignments`;
/*!40101 SET @saved_cs_client     = @@character_set_client */;
/*!40101 SET character_set_client = utf8 */;
CREATE TABLE `gatheringitemfeatureassignments` (
  `gafaID` int(10) unsigned NOT NULL AUTO_INCREMENT,
  `gaiID` int(10) unsigned DEFAULT NULL,
  `faID` int(10) unsigned DEFAULT NULL,
  PRIMARY KEY (`gafaID`),
  KEY `gaiID` (`gaiID`,`faID`),
  KEY `faID` (`faID`)
) ENGINE=InnoDB DEFAULT CHARSET=utf8 COLLATE=utf8_unicode_ci;
/*!40101 SET character_set_client = @saved_cs_client */;

--
-- Dumping data for table `gatheringitemfeatureassignments`
--

LOCK TABLES `gatheringitemfeatureassignments` WRITE;
/*!40000 ALTER TABLE `gatheringitemfeatureassignments` DISABLE KEYS */;
/*!40000 ALTER TABLE `gatheringitemfeatureassignments` ENABLE KEYS */;
UNLOCK TABLES;

--
-- Table structure for table `gatheringitems`
--

DROP TABLE IF EXISTS `gatheringitems`;
/*!40101 SET @saved_cs_client     = @@character_set_client */;
/*!40101 SET character_set_client = utf8 */;
CREATE TABLE `gatheringitems` (
  `gaiID` int(10) unsigned NOT NULL AUTO_INCREMENT,
  `gaID` int(10) unsigned DEFAULT NULL,
  `gasID` int(10) unsigned DEFAULT NULL,
  `gaiDateTimeCreated` datetime NOT NULL,
  `gaiPublicDateTime` datetime NOT NULL,
  `gaiTitle` text COLLATE utf8_unicode_ci,
  `gaiSlotWidth` int(10) unsigned DEFAULT '1',
  `gaiSlotHeight` int(10) unsigned DEFAULT '1',
  `gaiKey` varchar(255) COLLATE utf8_unicode_ci NOT NULL,
  `gaiBatchDisplayOrder` int(10) unsigned NOT NULL DEFAULT '0',
  `gaiBatchTimestamp` int(10) unsigned NOT NULL DEFAULT '0',
  `gaiIsDeleted` tinyint(1) DEFAULT '0',
  PRIMARY KEY (`gaiID`),
  UNIQUE KEY `gaiUniqueKey` (`gaiKey`,`gasID`,`gaID`),
  KEY `gaID` (`gaID`,`gaiBatchTimestamp`),
  KEY `gasID` (`gasID`)
) ENGINE=InnoDB DEFAULT CHARSET=utf8 COLLATE=utf8_unicode_ci;
/*!40101 SET character_set_client = @saved_cs_client */;

--
-- Dumping data for table `gatheringitems`
--

LOCK TABLES `gatheringitems` WRITE;
/*!40000 ALTER TABLE `gatheringitems` DISABLE KEYS */;
/*!40000 ALTER TABLE `gatheringitems` ENABLE KEYS */;
UNLOCK TABLES;

--
-- Table structure for table `gatheringitemselectedtemplates`
--

DROP TABLE IF EXISTS `gatheringitemselectedtemplates`;
/*!40101 SET @saved_cs_client     = @@character_set_client */;
/*!40101 SET character_set_client = utf8 */;
CREATE TABLE `gatheringitemselectedtemplates` (
  `gaiID` int(10) unsigned NOT NULL DEFAULT '0',
  `gatID` int(10) unsigned NOT NULL DEFAULT '0',
  `gatTypeID` int(10) unsigned DEFAULT '0',
  PRIMARY KEY (`gaiID`,`gatID`),
  UNIQUE KEY `gatUniqueKey` (`gaiID`,`gatTypeID`),
  KEY `gatTypeID` (`gatTypeID`),
  KEY `gatID` (`gatID`)
) ENGINE=InnoDB DEFAULT CHARSET=utf8 COLLATE=utf8_unicode_ci;
/*!40101 SET character_set_client = @saved_cs_client */;

--
-- Dumping data for table `gatheringitemselectedtemplates`
--

LOCK TABLES `gatheringitemselectedtemplates` WRITE;
/*!40000 ALTER TABLE `gatheringitemselectedtemplates` DISABLE KEYS */;
/*!40000 ALTER TABLE `gatheringitemselectedtemplates` ENABLE KEYS */;
UNLOCK TABLES;

--
-- Table structure for table `gatheringitemtemplatefeatures`
--

DROP TABLE IF EXISTS `gatheringitemtemplatefeatures`;
/*!40101 SET @saved_cs_client     = @@character_set_client */;
/*!40101 SET character_set_client = utf8 */;
CREATE TABLE `gatheringitemtemplatefeatures` (
  `gfeID` int(10) unsigned NOT NULL AUTO_INCREMENT,
  `gatID` int(10) unsigned DEFAULT NULL,
  `feID` int(10) unsigned DEFAULT NULL,
  PRIMARY KEY (`gfeID`),
  KEY `gatID` (`gatID`),
  KEY `feID` (`feID`,`gatID`)
) ENGINE=InnoDB DEFAULT CHARSET=utf8 COLLATE=utf8_unicode_ci;
/*!40101 SET character_set_client = @saved_cs_client */;

--
-- Dumping data for table `gatheringitemtemplatefeatures`
--

LOCK TABLES `gatheringitemtemplatefeatures` WRITE;
/*!40000 ALTER TABLE `gatheringitemtemplatefeatures` DISABLE KEYS */;
/*!40000 ALTER TABLE `gatheringitemtemplatefeatures` ENABLE KEYS */;
UNLOCK TABLES;

--
-- Table structure for table `gatheringitemtemplates`
--

DROP TABLE IF EXISTS `gatheringitemtemplates`;
/*!40101 SET @saved_cs_client     = @@character_set_client */;
/*!40101 SET character_set_client = utf8 */;
CREATE TABLE `gatheringitemtemplates` (
  `gatID` int(10) unsigned NOT NULL AUTO_INCREMENT,
  `gatHandle` varchar(255) COLLATE utf8_unicode_ci NOT NULL,
  `gatName` text COLLATE utf8_unicode_ci,
  `gatHasCustomClass` tinyint(1) NOT NULL DEFAULT '0',
  `gatFixedSlotWidth` int(10) unsigned DEFAULT '0',
  `gatFixedSlotHeight` int(10) unsigned DEFAULT '0',
  `gatForceDefault` int(10) unsigned DEFAULT '0',
  `pkgID` int(10) unsigned DEFAULT NULL,
  `gatTypeID` int(10) unsigned DEFAULT '0',
  PRIMARY KEY (`gatID`),
  UNIQUE KEY `gatHandle` (`gatHandle`,`gatTypeID`),
  KEY `gatTypeID` (`gatTypeID`),
  KEY `pkgID` (`pkgID`)
) ENGINE=InnoDB AUTO_INCREMENT=23 DEFAULT CHARSET=utf8 COLLATE=utf8_unicode_ci;
/*!40101 SET character_set_client = @saved_cs_client */;

--
-- Dumping data for table `gatheringitemtemplates`
--

LOCK TABLES `gatheringitemtemplates` WRITE;
/*!40000 ALTER TABLE `gatheringitemtemplates` DISABLE KEYS */;
INSERT INTO `gatheringitemtemplates` VALUES (1,'featured','Featured Item',0,6,2,1,0,1),(2,'title_date_description','Title Date & Description',0,0,0,0,0,1),(3,'title_description','Title & Description',0,0,0,0,0,1),(4,'title_date','Title & Date',0,0,0,0,0,1),(5,'title_date_comments','Title, Date & Comments',1,0,0,0,0,1),(6,'thumbnail','Thumbnail',0,0,0,0,0,1),(7,'basic','Basic',0,0,0,0,0,2),(8,'image_sharing_link','Image Sharing Link',0,0,0,0,0,2),(9,'image_conversation','Image Conversation',0,0,0,0,0,2),(10,'image','Large Image',0,0,0,0,0,2),(11,'masthead_image_left','Masthead Image Left',0,0,0,0,0,1),(12,'masthead_image_right','Masthead Image Right',0,0,0,0,0,1),(13,'masthead_image_byline_right','Masthead Image Byline Right',0,0,0,0,0,1),(14,'masthead_image_byline_left','Masthead Image Byline Left',0,0,0,0,0,1),(15,'image_masthead_description_center','Image Masthead Description Center',0,0,0,0,0,1),(16,'image_byline_description_center','Image Byline Description Center',0,0,0,0,0,1),(17,'masthead_byline_description','Masthead Byline Description',0,0,0,0,0,1),(18,'masthead_description','Masthead Description',0,0,0,0,0,1),(19,'thumbnail_description_center','Thumbnail & Description Center',0,0,0,0,0,1),(20,'tweet','Tweet',0,0,0,0,0,1),(21,'vimeo','Vimeo',0,0,0,0,0,1),(22,'image_overlay_headline','Image Overlay Headline',0,0,0,0,0,1);
/*!40000 ALTER TABLE `gatheringitemtemplates` ENABLE KEYS */;
UNLOCK TABLES;

--
-- Table structure for table `gatheringitemtemplatetypes`
--

DROP TABLE IF EXISTS `gatheringitemtemplatetypes`;
/*!40101 SET @saved_cs_client     = @@character_set_client */;
/*!40101 SET character_set_client = utf8 */;
CREATE TABLE `gatheringitemtemplatetypes` (
  `gatTypeID` int(10) unsigned NOT NULL AUTO_INCREMENT,
  `gatTypeHandle` varchar(64) COLLATE utf8_unicode_ci NOT NULL,
  `pkgID` int(10) unsigned NOT NULL DEFAULT '0',
  PRIMARY KEY (`gatTypeID`),
  UNIQUE KEY `gatTypeHandle` (`gatTypeHandle`),
  KEY `pkgID` (`pkgID`)
) ENGINE=InnoDB AUTO_INCREMENT=3 DEFAULT CHARSET=utf8 COLLATE=utf8_unicode_ci;
/*!40101 SET character_set_client = @saved_cs_client */;

--
-- Dumping data for table `gatheringitemtemplatetypes`
--

LOCK TABLES `gatheringitemtemplatetypes` WRITE;
/*!40000 ALTER TABLE `gatheringitemtemplatetypes` DISABLE KEYS */;
INSERT INTO `gatheringitemtemplatetypes` VALUES (1,'tile',0),(2,'detail',0);
/*!40000 ALTER TABLE `gatheringitemtemplatetypes` ENABLE KEYS */;
UNLOCK TABLES;

--
-- Table structure for table `gatheringpermissionassignments`
--

DROP TABLE IF EXISTS `gatheringpermissionassignments`;
/*!40101 SET @saved_cs_client     = @@character_set_client */;
/*!40101 SET character_set_client = utf8 */;
CREATE TABLE `gatheringpermissionassignments` (
  `gaID` int(10) unsigned NOT NULL DEFAULT '0',
  `pkID` int(10) unsigned NOT NULL DEFAULT '0',
  `paID` int(10) unsigned NOT NULL DEFAULT '0',
  PRIMARY KEY (`gaID`,`pkID`,`paID`),
  KEY `pkID` (`pkID`),
  KEY `paID` (`paID`)
) ENGINE=InnoDB DEFAULT CHARSET=utf8 COLLATE=utf8_unicode_ci;
/*!40101 SET character_set_client = @saved_cs_client */;

--
-- Dumping data for table `gatheringpermissionassignments`
--

LOCK TABLES `gatheringpermissionassignments` WRITE;
/*!40000 ALTER TABLE `gatheringpermissionassignments` DISABLE KEYS */;
/*!40000 ALTER TABLE `gatheringpermissionassignments` ENABLE KEYS */;
UNLOCK TABLES;

--
-- Table structure for table `gatherings`
--

DROP TABLE IF EXISTS `gatherings`;
/*!40101 SET @saved_cs_client     = @@character_set_client */;
/*!40101 SET character_set_client = utf8 */;
CREATE TABLE `gatherings` (
  `gaID` int(10) unsigned NOT NULL AUTO_INCREMENT,
  `gaDateCreated` datetime NOT NULL,
  `gaDateLastUpdated` datetime NOT NULL,
  PRIMARY KEY (`gaID`),
  KEY `gaDateLastUpdated` (`gaDateLastUpdated`)
) ENGINE=InnoDB DEFAULT CHARSET=utf8 COLLATE=utf8_unicode_ci;
/*!40101 SET character_set_client = @saved_cs_client */;

--
-- Dumping data for table `gatherings`
--

LOCK TABLES `gatherings` WRITE;
/*!40000 ALTER TABLE `gatherings` DISABLE KEYS */;
/*!40000 ALTER TABLE `gatherings` ENABLE KEYS */;
UNLOCK TABLES;

--
-- Table structure for table `groups`
--

DROP TABLE IF EXISTS `groups`;
/*!40101 SET @saved_cs_client     = @@character_set_client */;
/*!40101 SET character_set_client = utf8 */;
CREATE TABLE `groups` (
  `gID` int(10) unsigned NOT NULL AUTO_INCREMENT,
  `gName` varchar(128) COLLATE utf8_unicode_ci NOT NULL,
  `gDescription` varchar(255) COLLATE utf8_unicode_ci NOT NULL,
  `gUserExpirationIsEnabled` tinyint(1) NOT NULL DEFAULT '0',
  `gUserExpirationMethod` varchar(12) COLLATE utf8_unicode_ci DEFAULT NULL,
  `gUserExpirationSetDateTime` datetime DEFAULT NULL,
  `gUserExpirationInterval` int(10) unsigned NOT NULL DEFAULT '0',
  `gUserExpirationAction` varchar(20) COLLATE utf8_unicode_ci DEFAULT NULL,
  `gIsBadge` tinyint(1) NOT NULL DEFAULT '0',
  `gBadgeFID` int(10) unsigned NOT NULL DEFAULT '0',
  `gBadgeDescription` varchar(255) COLLATE utf8_unicode_ci DEFAULT NULL,
  `gBadgeCommunityPointValue` int(11) NOT NULL DEFAULT '0',
  `gIsAutomated` tinyint(1) NOT NULL DEFAULT '0',
  `gCheckAutomationOnRegister` tinyint(1) NOT NULL DEFAULT '0',
  `gCheckAutomationOnLogin` tinyint(1) NOT NULL DEFAULT '0',
  `gCheckAutomationOnJobRun` tinyint(1) NOT NULL DEFAULT '0',
  `gPath` text COLLATE utf8_unicode_ci,
  `pkgID` int(10) unsigned NOT NULL DEFAULT '0',
  PRIMARY KEY (`gID`),
  KEY `gName` (`gName`),
  KEY `gBadgeFID` (`gBadgeFID`),
  KEY `pkgID` (`pkgID`),
  KEY `gPath` (`gPath`(255))
) ENGINE=InnoDB AUTO_INCREMENT=15 DEFAULT CHARSET=utf8 COLLATE=utf8_unicode_ci;
/*!40101 SET character_set_client = @saved_cs_client */;

--
-- Dumping data for table `groups`
--

LOCK TABLES `groups` WRITE;
/*!40000 ALTER TABLE `groups` DISABLE KEYS */;
INSERT INTO `groups` VALUES (1,'Guest','The guest group represents unregistered visitors to your site.',0,NULL,NULL,0,NULL,0,0,NULL,0,0,0,0,0,'/Guest',0),(2,'Registered Users','The registered users group represents all user accounts.',0,NULL,NULL,0,NULL,0,0,NULL,0,0,0,0,0,'/Registered Users',0),(3,'Administrators','',0,NULL,NULL,0,NULL,0,0,NULL,0,0,0,0,0,'/Administrators',0),(6,'Hive Moderator','This group reviews and moderates public feedback on behalf of Harvest Digital Planning.',0,NULL,NULL,0,NULL,0,0,NULL,0,0,0,0,0,'/Hive Moderator',0),(9,'Site Users','',0,NULL,NULL,0,NULL,0,0,NULL,0,0,0,0,0,'/Site Users',0),(10,'Site Administrators','',0,NULL,NULL,0,NULL,0,0,NULL,0,0,0,0,0,'/Site Users/Site Administrators',0),(11,'Community Members','',0,NULL,NULL,0,NULL,0,0,NULL,0,1,1,0,0,'/Community Members',0),(12,'Internal Users','',0,NULL,NULL,0,NULL,0,0,NULL,0,0,0,0,0,'/Internal Users',0),(13,'Private Projects','Append private projects under this parent',0,NULL,NULL,0,NULL,0,0,NULL,0,0,0,0,0,'/Private Projects',0),(14,'Team Leads','',0,NULL,NULL,0,NULL,0,0,NULL,0,0,0,0,0,'/Site Users/Team Leads',0);
/*!40000 ALTER TABLE `groups` ENABLE KEYS */;
UNLOCK TABLES;

--
-- Table structure for table `groupsetgroups`
--

DROP TABLE IF EXISTS `groupsetgroups`;
/*!40101 SET @saved_cs_client     = @@character_set_client */;
/*!40101 SET character_set_client = utf8 */;
CREATE TABLE `groupsetgroups` (
  `gID` int(10) unsigned NOT NULL DEFAULT '0',
  `gsID` int(10) unsigned NOT NULL DEFAULT '0',
  PRIMARY KEY (`gID`,`gsID`),
  KEY `gsID` (`gsID`)
) ENGINE=InnoDB DEFAULT CHARSET=utf8 COLLATE=utf8_unicode_ci;
/*!40101 SET character_set_client = @saved_cs_client */;

--
-- Dumping data for table `groupsetgroups`
--

LOCK TABLES `groupsetgroups` WRITE;
/*!40000 ALTER TABLE `groupsetgroups` DISABLE KEYS */;
/*!40000 ALTER TABLE `groupsetgroups` ENABLE KEYS */;
UNLOCK TABLES;

--
-- Table structure for table `groupsets`
--

DROP TABLE IF EXISTS `groupsets`;
/*!40101 SET @saved_cs_client     = @@character_set_client */;
/*!40101 SET character_set_client = utf8 */;
CREATE TABLE `groupsets` (
  `gsID` int(10) unsigned NOT NULL AUTO_INCREMENT,
  `gsName` varchar(255) COLLATE utf8_unicode_ci DEFAULT NULL,
  `pkgID` int(10) unsigned NOT NULL DEFAULT '0',
  PRIMARY KEY (`gsID`),
  KEY `gsName` (`gsName`),
  KEY `pkgID` (`pkgID`,`gsID`)
) ENGINE=InnoDB DEFAULT CHARSET=utf8 COLLATE=utf8_unicode_ci;
/*!40101 SET character_set_client = @saved_cs_client */;

--
-- Dumping data for table `groupsets`
--

LOCK TABLES `groupsets` WRITE;
/*!40000 ALTER TABLE `groupsets` DISABLE KEYS */;
/*!40000 ALTER TABLE `groupsets` ENABLE KEYS */;
UNLOCK TABLES;

--
-- Table structure for table `jobs`
--

DROP TABLE IF EXISTS `jobs`;
/*!40101 SET @saved_cs_client     = @@character_set_client */;
/*!40101 SET character_set_client = utf8 */;
CREATE TABLE `jobs` (
  `jID` int(10) unsigned NOT NULL AUTO_INCREMENT,
  `jName` varchar(100) COLLATE utf8_unicode_ci NOT NULL,
  `jDescription` varchar(255) COLLATE utf8_unicode_ci NOT NULL,
  `jDateInstalled` datetime DEFAULT NULL,
  `jDateLastRun` datetime DEFAULT NULL,
  `pkgID` int(10) unsigned NOT NULL DEFAULT '0',
  `jLastStatusText` longtext COLLATE utf8_unicode_ci,
  `jLastStatusCode` smallint(6) NOT NULL DEFAULT '0',
  `jStatus` varchar(14) COLLATE utf8_unicode_ci NOT NULL DEFAULT 'ENABLED',
  `jHandle` varchar(255) COLLATE utf8_unicode_ci NOT NULL,
  `jNotUninstallable` smallint(6) NOT NULL DEFAULT '0',
  `isScheduled` smallint(6) NOT NULL DEFAULT '0',
  `scheduledInterval` varchar(255) COLLATE utf8_unicode_ci NOT NULL DEFAULT 'days',
  `scheduledValue` int(11) NOT NULL DEFAULT '0',
  PRIMARY KEY (`jID`),
  UNIQUE KEY `jHandle` (`jHandle`),
  KEY `pkgID` (`pkgID`),
  KEY `isScheduled` (`isScheduled`,`jDateLastRun`,`jID`),
  KEY `jDateLastRun` (`jDateLastRun`,`jID`)
) ENGINE=InnoDB AUTO_INCREMENT=13 DEFAULT CHARSET=utf8 COLLATE=utf8_unicode_ci;
/*!40101 SET character_set_client = @saved_cs_client */;

--
-- Dumping data for table `jobs`
--

LOCK TABLES `jobs` WRITE;
/*!40000 ALTER TABLE `jobs` DISABLE KEYS */;
INSERT INTO `jobs` VALUES (1,'Index Search Engine - Updates','Index the site to allow searching to work quickly and accurately. Only reindexes pages that have changed since last indexing.','2015-03-13 05:12:13',NULL,0,NULL,0,'ENABLED','index_search',1,0,'days',0),(2,'Index Search Engine - All','Empties the page search index and reindexes all pages.','2015-03-13 05:12:13',NULL,0,NULL,0,'ENABLED','index_search_all',1,0,'days',0),(3,'Check Automated Groups','Automatically add users to groups and assign badges.','2015-03-13 05:12:13',NULL,0,NULL,0,'ENABLED','check_automated_groups',0,0,'days',0),(4,'Generate the sitemap.xml file','Generate the sitemap.xml file that search engines use to crawl your site.','2015-03-13 05:12:13',NULL,0,NULL,0,'ENABLED','generate_sitemap',0,0,'days',0),(5,'Process Email Posts','Polls an email account and grabs private messages/postings that are sent there..','2015-03-13 05:12:13',NULL,0,NULL,0,'ENABLED','process_email',0,0,'days',0),(6,'Remove Old Page Versions','Removes all except the 10 most recent page versions for each page.','2015-03-13 05:12:13',NULL,0,NULL,0,'ENABLED','remove_old_page_versions',0,0,'days',0),(7,'Update Gatherings','Loads new items into gatherings.','2015-03-13 05:12:13',NULL,0,NULL,0,'ENABLED','update_gatherings',0,0,'days',0),(8,'Cleanse Word XML','Cleanses the database from any Word XML','2016-05-18 22:04:24',NULL,0,NULL,0,'ENABLED','cleanse_word_xml',0,0,'days',0),(9,'Rescan Projects','Rescans all projects on the site and marks the main project page and its sub-pages.','2017-12-13 12:14:58',NULL,6,NULL,0,'ENABLED','rescan_projects',0,0,'days',0),(10,'Reverse Geocoding','Converts geographic coordinates into a human-readable address for map related user submissions using Google API.','2018-05-04 10:28:46',NULL,8,NULL,0,'ENABLED','reverse_geocoding',0,0,'days',0),(11,'Update Address Object','Converts an address (string) to a forward geocoder object for map related user submissions using Mapbox API.','2018-11-23 09:48:31',NULL,8,NULL,0,'ENABLED','update_address_object',0,0,'days',0),(12,'Check Scheduled Page Versions','Checks for any scheduled page version that has their publish date passed and publishes them.','2018-12-11 11:27:59',NULL,0,NULL,0,'ENABLED','check_scheduled_pages',0,0,'days',0);
/*!40000 ALTER TABLE `jobs` ENABLE KEYS */;
UNLOCK TABLES;

--
-- Table structure for table `jobsetjobs`
--

DROP TABLE IF EXISTS `jobsetjobs`;
/*!40101 SET @saved_cs_client     = @@character_set_client */;
/*!40101 SET character_set_client = utf8 */;
CREATE TABLE `jobsetjobs` (
  `jsID` int(10) unsigned NOT NULL DEFAULT '0',
  `jID` int(10) unsigned NOT NULL DEFAULT '0',
  `jRunOrder` int(10) unsigned NOT NULL DEFAULT '0',
  PRIMARY KEY (`jsID`,`jID`),
  KEY `jID` (`jID`)
) ENGINE=InnoDB DEFAULT CHARSET=utf8 COLLATE=utf8_unicode_ci;
/*!40101 SET character_set_client = @saved_cs_client */;

--
-- Dumping data for table `jobsetjobs`
--

LOCK TABLES `jobsetjobs` WRITE;
/*!40000 ALTER TABLE `jobsetjobs` DISABLE KEYS */;
INSERT INTO `jobsetjobs` VALUES (1,1,0),(1,4,0),(1,5,0),(1,6,0),(1,7,0);
/*!40000 ALTER TABLE `jobsetjobs` ENABLE KEYS */;
UNLOCK TABLES;

--
-- Table structure for table `jobsets`
--

DROP TABLE IF EXISTS `jobsets`;
/*!40101 SET @saved_cs_client     = @@character_set_client */;
/*!40101 SET character_set_client = utf8 */;
CREATE TABLE `jobsets` (
  `jsID` int(10) unsigned NOT NULL AUTO_INCREMENT,
  `jsName` varchar(128) COLLATE utf8_unicode_ci NOT NULL,
  `pkgID` int(10) unsigned NOT NULL DEFAULT '0',
  `jDateLastRun` datetime DEFAULT NULL,
  `isScheduled` smallint(6) NOT NULL DEFAULT '0',
  `scheduledInterval` varchar(255) COLLATE utf8_unicode_ci NOT NULL DEFAULT 'days',
  `scheduledValue` int(11) NOT NULL DEFAULT '0',
  PRIMARY KEY (`jsID`),
  KEY `pkgID` (`pkgID`),
  KEY `jsName` (`jsName`)
) ENGINE=InnoDB AUTO_INCREMENT=2 DEFAULT CHARSET=utf8 COLLATE=utf8_unicode_ci;
/*!40101 SET character_set_client = @saved_cs_client */;

--
-- Dumping data for table `jobsets`
--

LOCK TABLES `jobsets` WRITE;
/*!40000 ALTER TABLE `jobsets` DISABLE KEYS */;
INSERT INTO `jobsets` VALUES (1,'Default',0,NULL,0,'days',0);
/*!40000 ALTER TABLE `jobsets` ENABLE KEYS */;
UNLOCK TABLES;

--
-- Table structure for table `jobslog`
--

DROP TABLE IF EXISTS `jobslog`;
/*!40101 SET @saved_cs_client     = @@character_set_client */;
/*!40101 SET character_set_client = utf8 */;
CREATE TABLE `jobslog` (
  `jlID` int(10) unsigned NOT NULL AUTO_INCREMENT,
  `jID` int(10) unsigned NOT NULL,
  `jlMessage` longtext COLLATE utf8_unicode_ci NOT NULL,
  `jlTimestamp` timestamp NOT NULL DEFAULT CURRENT_TIMESTAMP,
  `jlError` int(11) NOT NULL DEFAULT '0',
  PRIMARY KEY (`jlID`),
  KEY `jID` (`jID`)
) ENGINE=InnoDB DEFAULT CHARSET=utf8 COLLATE=utf8_unicode_ci;
/*!40101 SET character_set_client = @saved_cs_client */;

--
-- Dumping data for table `jobslog`
--

LOCK TABLES `jobslog` WRITE;
/*!40000 ALTER TABLE `jobslog` DISABLE KEYS */;
/*!40000 ALTER TABLE `jobslog` ENABLE KEYS */;
UNLOCK TABLES;

--
-- Table structure for table `logs`
--

DROP TABLE IF EXISTS `logs`;
/*!40101 SET @saved_cs_client     = @@character_set_client */;
/*!40101 SET character_set_client = utf8 */;
CREATE TABLE `logs` (
  `logID` int(10) unsigned NOT NULL AUTO_INCREMENT,
  `channel` varchar(255) COLLATE utf8_unicode_ci DEFAULT NULL,
  `time` int(10) unsigned NOT NULL,
  `message` longtext COLLATE utf8_unicode_ci,
  `uID` int(10) unsigned DEFAULT NULL,
  `level` int(11) NOT NULL,
  PRIMARY KEY (`logID`),
  KEY `channel` (`channel`),
  KEY `uID` (`uID`)
) ENGINE=InnoDB AUTO_INCREMENT=6 DEFAULT CHARSET=utf8 COLLATE=utf8_unicode_ci;
/*!40101 SET character_set_client = @saved_cs_client */;

--
-- Dumping data for table `logs`
--

LOCK TABLES `logs` WRITE;
/*!40000 ALTER TABLE `logs` DISABLE KEYS */;
/*!40000 ALTER TABLE `logs` ENABLE KEYS */;
UNLOCK TABLES;

--
-- Table structure for table `mailer_categories`
--

DROP TABLE IF EXISTS `mailer_categories`;
/*!40101 SET @saved_cs_client     = @@character_set_client */;
/*!40101 SET character_set_client = utf8 */;
CREATE TABLE `mailer_categories` (
  `id` int(10) unsigned NOT NULL AUTO_INCREMENT,
  `list_id` int(10) unsigned NOT NULL,
  `layer_id` int(10) unsigned NOT NULL,
  `title` tinytext COLLATE utf8_unicode_ci NOT NULL,
  `updated_by` int(10) unsigned NOT NULL,
  `updated_date` datetime DEFAULT NULL,
  `created_by` int(10) unsigned NOT NULL,
  `created_date` datetime DEFAULT NULL,
  `status` int(11) NOT NULL DEFAULT '1',
  PRIMARY KEY (`id`),
  KEY `layer` (`layer_id`),
  KEY `list_id` (`list_id`),
  KEY `status` (`status`),
  KEY `updated_by` (`updated_by`),
  KEY `created_by` (`created_by`)
) ENGINE=InnoDB DEFAULT CHARSET=utf8 COLLATE=utf8_unicode_ci;
/*!40101 SET character_set_client = @saved_cs_client */;

--
-- Dumping data for table `mailer_categories`
--

LOCK TABLES `mailer_categories` WRITE;
/*!40000 ALTER TABLE `mailer_categories` DISABLE KEYS */;
/*!40000 ALTER TABLE `mailer_categories` ENABLE KEYS */;
UNLOCK TABLES;

--
-- Table structure for table `mailer_custom_lists`
--

DROP TABLE IF EXISTS `mailer_custom_lists`;
/*!40101 SET @saved_cs_client     = @@character_set_client */;
/*!40101 SET character_set_client = utf8 */;
CREATE TABLE `mailer_custom_lists` (
  `id` int(10) unsigned NOT NULL AUTO_INCREMENT,
  `list_id` int(10) unsigned NOT NULL,
  `category_1` int(10) unsigned NOT NULL,
  `category_2` int(10) unsigned NOT NULL,
  `category_3` int(10) unsigned NOT NULL,
  `member_id` int(10) unsigned NOT NULL,
  `username` tinytext COLLATE utf8_unicode_ci NOT NULL,
  `date_created` datetime DEFAULT NULL,
  `first_name` tinytext COLLATE utf8_unicode_ci NOT NULL,
  `last_name` tinytext COLLATE utf8_unicode_ci NOT NULL,
  `email` tinytext COLLATE utf8_unicode_ci NOT NULL,
  `added_by` int(10) unsigned NOT NULL,
  `added_date` datetime DEFAULT NULL,
  `deleted_by` int(10) unsigned NOT NULL,
  `deleted_date` datetime DEFAULT NULL,
  `status` int(11) NOT NULL DEFAULT '1',
  PRIMARY KEY (`id`),
  KEY `list_id` (`list_id`),
  KEY `status` (`status`),
  KEY `added_by` (`added_by`),
  KEY `deleted_by` (`deleted_by`),
  KEY `category_1` (`category_1`),
  KEY `category_2` (`category_2`),
  KEY `category_3` (`category_3`)
) ENGINE=InnoDB DEFAULT CHARSET=utf8 COLLATE=utf8_unicode_ci;
/*!40101 SET character_set_client = @saved_cs_client */;

--
-- Dumping data for table `mailer_custom_lists`
--

LOCK TABLES `mailer_custom_lists` WRITE;
/*!40000 ALTER TABLE `mailer_custom_lists` DISABLE KEYS */;
/*!40000 ALTER TABLE `mailer_custom_lists` ENABLE KEYS */;
UNLOCK TABLES;

--
-- Table structure for table `mailimporters`
--

DROP TABLE IF EXISTS `mailimporters`;
/*!40101 SET @saved_cs_client     = @@character_set_client */;
/*!40101 SET character_set_client = utf8 */;
CREATE TABLE `mailimporters` (
  `miID` int(10) unsigned NOT NULL AUTO_INCREMENT,
  `miHandle` varchar(64) COLLATE utf8_unicode_ci NOT NULL,
  `miServer` varchar(255) COLLATE utf8_unicode_ci DEFAULT NULL,
  `miUsername` varchar(255) COLLATE utf8_unicode_ci DEFAULT NULL,
  `miPassword` varchar(255) COLLATE utf8_unicode_ci DEFAULT NULL,
  `miEncryption` varchar(32) COLLATE utf8_unicode_ci DEFAULT NULL,
  `miIsEnabled` tinyint(1) NOT NULL DEFAULT '0',
  `miEmail` varchar(255) COLLATE utf8_unicode_ci DEFAULT NULL,
  `miPort` int(10) unsigned NOT NULL DEFAULT '0',
  `pkgID` int(10) unsigned DEFAULT NULL,
  `miConnectionMethod` varchar(8) COLLATE utf8_unicode_ci DEFAULT 'POP',
  PRIMARY KEY (`miID`),
  UNIQUE KEY `miHandle` (`miHandle`),
  KEY `pkgID` (`pkgID`,`miID`)
) ENGINE=InnoDB AUTO_INCREMENT=2 DEFAULT CHARSET=utf8 COLLATE=utf8_unicode_ci;
/*!40101 SET character_set_client = @saved_cs_client */;

--
-- Dumping data for table `mailimporters`
--

LOCK TABLES `mailimporters` WRITE;
/*!40000 ALTER TABLE `mailimporters` DISABLE KEYS */;
INSERT INTO `mailimporters` VALUES (1,'private_message','',NULL,NULL,NULL,0,'',0,0,'POP');
/*!40000 ALTER TABLE `mailimporters` ENABLE KEYS */;
UNLOCK TABLES;

--
-- Table structure for table `mailvalidationhashes`
--

DROP TABLE IF EXISTS `mailvalidationhashes`;
/*!40101 SET @saved_cs_client     = @@character_set_client */;
/*!40101 SET character_set_client = utf8 */;
CREATE TABLE `mailvalidationhashes` (
  `mvhID` int(10) unsigned NOT NULL AUTO_INCREMENT,
  `miID` int(10) unsigned NOT NULL DEFAULT '0',
  `email` varchar(254) COLLATE utf8_unicode_ci NOT NULL,
  `mHash` varchar(128) COLLATE utf8_unicode_ci NOT NULL,
  `mDateGenerated` int(10) unsigned NOT NULL DEFAULT '0',
  `mDateRedeemed` int(10) unsigned NOT NULL DEFAULT '0',
  `data` text COLLATE utf8_unicode_ci,
  PRIMARY KEY (`mvhID`),
  UNIQUE KEY `mHash` (`mHash`),
  KEY `miID` (`miID`)
) ENGINE=InnoDB DEFAULT CHARSET=utf8 COLLATE=utf8_unicode_ci;
/*!40101 SET character_set_client = @saved_cs_client */;

--
-- Dumping data for table `mailvalidationhashes`
--

LOCK TABLES `mailvalidationhashes` WRITE;
/*!40000 ALTER TABLE `mailvalidationhashes` DISABLE KEYS */;
/*!40000 ALTER TABLE `mailvalidationhashes` ENABLE KEYS */;
UNLOCK TABLES;

--
-- Table structure for table `manifestprojectimportblocks`
--

DROP TABLE IF EXISTS `manifestprojectimportblocks`;
/*!40101 SET @saved_cs_client     = @@character_set_client */;
/*!40101 SET character_set_client = utf8 */;
CREATE TABLE `manifestprojectimportblocks` (
  `id` int(10) unsigned NOT NULL AUTO_INCREMENT,
  `date` datetime NOT NULL DEFAULT CURRENT_TIMESTAMP,
  `pID` int(10) unsigned NOT NULL,
  `cID` int(10) unsigned NOT NULL,
  `btHandle` varchar(255) COLLATE utf8_unicode_ci NOT NULL,
  `externalID` int(11) DEFAULT NULL,
  `payload` longtext COLLATE utf8_unicode_ci,
  PRIMARY KEY (`id`)
) ENGINE=InnoDB DEFAULT CHARSET=utf8 COLLATE=utf8_unicode_ci;
/*!40101 SET character_set_client = @saved_cs_client */;

--
-- Dumping data for table `manifestprojectimportblocks`
--

LOCK TABLES `manifestprojectimportblocks` WRITE;
/*!40000 ALTER TABLE `manifestprojectimportblocks` DISABLE KEYS */;
/*!40000 ALTER TABLE `manifestprojectimportblocks` ENABLE KEYS */;
UNLOCK TABLES;

--
-- Table structure for table `manifestprojectimportfeedback`
--

DROP TABLE IF EXISTS `manifestprojectimportfeedback`;
/*!40101 SET @saved_cs_client     = @@character_set_client */;
/*!40101 SET character_set_client = utf8 */;
CREATE TABLE `manifestprojectimportfeedback` (
  `id` int(10) unsigned NOT NULL AUTO_INCREMENT,
  `date` datetime NOT NULL DEFAULT CURRENT_TIMESTAMP,
  `pID` int(10) unsigned NOT NULL,
  `cID` int(10) unsigned NOT NULL,
  `ftID` int(10) unsigned NOT NULL,
  `externalID` int(11) DEFAULT NULL,
  `feedbackID` int(11) NOT NULL,
  `payload` longtext COLLATE utf8_unicode_ci,
  PRIMARY KEY (`id`),
  KEY `IDX_9F2F1384FBBAC087E5DADDAE` (`pID`,`cID`),
  KEY `IDX_9F2F13843CFBC68A` (`ftID`)
) ENGINE=InnoDB DEFAULT CHARSET=utf8 COLLATE=utf8_unicode_ci;
/*!40101 SET character_set_client = @saved_cs_client */;

--
-- Dumping data for table `manifestprojectimportfeedback`
--

LOCK TABLES `manifestprojectimportfeedback` WRITE;
/*!40000 ALTER TABLE `manifestprojectimportfeedback` DISABLE KEYS */;
/*!40000 ALTER TABLE `manifestprojectimportfeedback` ENABLE KEYS */;
UNLOCK TABLES;

--
-- Table structure for table `multilingualpagerelations`
--

DROP TABLE IF EXISTS `multilingualpagerelations`;
/*!40101 SET @saved_cs_client     = @@character_set_client */;
/*!40101 SET character_set_client = utf8 */;
CREATE TABLE `multilingualpagerelations` (
  `mpRelationID` int(10) unsigned NOT NULL DEFAULT '0',
  `cID` int(10) unsigned NOT NULL DEFAULT '0',
  `mpLanguage` varchar(32) COLLATE utf8_unicode_ci NOT NULL DEFAULT '',
  `mpLocale` varchar(32) COLLATE utf8_unicode_ci NOT NULL,
  PRIMARY KEY (`mpRelationID`,`cID`,`mpLocale`)
) ENGINE=InnoDB DEFAULT CHARSET=utf8 COLLATE=utf8_unicode_ci;
/*!40101 SET character_set_client = @saved_cs_client */;

--
-- Dumping data for table `multilingualpagerelations`
--

LOCK TABLES `multilingualpagerelations` WRITE;
/*!40000 ALTER TABLE `multilingualpagerelations` DISABLE KEYS */;
/*!40000 ALTER TABLE `multilingualpagerelations` ENABLE KEYS */;
UNLOCK TABLES;

--
-- Table structure for table `multilingualsections`
--

DROP TABLE IF EXISTS `multilingualsections`;
/*!40101 SET @saved_cs_client     = @@character_set_client */;
/*!40101 SET character_set_client = utf8 */;
CREATE TABLE `multilingualsections` (
  `cID` int(10) unsigned NOT NULL DEFAULT '0',
  `msLanguage` varchar(32) COLLATE utf8_unicode_ci NOT NULL DEFAULT '',
  `msCountry` varchar(32) COLLATE utf8_unicode_ci NOT NULL DEFAULT '',
  `msNumPlurals` int(10) unsigned NOT NULL DEFAULT '2',
  `msPluralRule` varchar(400) COLLATE utf8_unicode_ci NOT NULL DEFAULT '(n != 1)',
  `msPluralCases` varchar(1000) COLLATE utf8_unicode_ci NOT NULL DEFAULT 'one@1\nother@0, 2~16, 100, 1000, 10000, 100000, 1000000, ÃƒÆ’Ã‚Â¢ÃƒÂ¢Ã¢â‚¬Å¡Ã‚Â¬Ãƒâ€šÃ‚Â¦',
  PRIMARY KEY (`cID`)
) ENGINE=InnoDB DEFAULT CHARSET=utf8 COLLATE=utf8_unicode_ci;
/*!40101 SET character_set_client = @saved_cs_client */;

--
-- Dumping data for table `multilingualsections`
--

LOCK TABLES `multilingualsections` WRITE;
/*!40000 ALTER TABLE `multilingualsections` DISABLE KEYS */;
/*!40000 ALTER TABLE `multilingualsections` ENABLE KEYS */;
UNLOCK TABLES;

--
-- Table structure for table `multilingualtranslations`
--

DROP TABLE IF EXISTS `multilingualtranslations`;
/*!40101 SET @saved_cs_client     = @@character_set_client */;
/*!40101 SET character_set_client = utf8 */;
CREATE TABLE `multilingualtranslations` (
  `mtID` int(10) unsigned NOT NULL AUTO_INCREMENT,
  `mtSectionID` int(10) unsigned NOT NULL DEFAULT '0',
  `msgid` text COLLATE utf8_unicode_ci NOT NULL,
  `msgstr` text COLLATE utf8_unicode_ci,
  `context` text COLLATE utf8_unicode_ci,
  `comments` text COLLATE utf8_unicode_ci,
  `reference` text COLLATE utf8_unicode_ci,
  `flags` text COLLATE utf8_unicode_ci,
  `updated` datetime DEFAULT NULL,
  `msgidPlural` longtext COLLATE utf8_unicode_ci,
  `msgstrPlurals` longtext COLLATE utf8_unicode_ci,
  PRIMARY KEY (`mtID`)
) ENGINE=InnoDB DEFAULT CHARSET=utf8 COLLATE=utf8_unicode_ci;
/*!40101 SET character_set_client = @saved_cs_client */;

--
-- Dumping data for table `multilingualtranslations`
--

LOCK TABLES `multilingualtranslations` WRITE;
/*!40000 ALTER TABLE `multilingualtranslations` DISABLE KEYS */;
/*!40000 ALTER TABLE `multilingualtranslations` ENABLE KEYS */;
UNLOCK TABLES;

--
-- Table structure for table `oauthusermap`
--

DROP TABLE IF EXISTS `oauthusermap`;
/*!40101 SET @saved_cs_client     = @@character_set_client */;
/*!40101 SET character_set_client = utf8 */;
CREATE TABLE `oauthusermap` (
  `user_id` int(10) unsigned NOT NULL,
  `namespace` varchar(255) COLLATE utf8_unicode_ci NOT NULL,
  `binding` varchar(255) COLLATE utf8_unicode_ci NOT NULL,
  PRIMARY KEY (`user_id`,`namespace`),
  UNIQUE KEY `oauth_binding` (`binding`,`namespace`)
) ENGINE=InnoDB DEFAULT CHARSET=utf8 COLLATE=utf8_unicode_ci;
/*!40101 SET character_set_client = @saved_cs_client */;

--
-- Dumping data for table `oauthusermap`
--

LOCK TABLES `oauthusermap` WRITE;
/*!40000 ALTER TABLE `oauthusermap` DISABLE KEYS */;
/*!40000 ALTER TABLE `oauthusermap` ENABLE KEYS */;
UNLOCK TABLES;

--
-- Table structure for table `packages`
--

DROP TABLE IF EXISTS `packages`;
/*!40101 SET @saved_cs_client     = @@character_set_client */;
/*!40101 SET character_set_client = utf8 */;
CREATE TABLE `packages` (
  `pkgID` int(10) unsigned NOT NULL AUTO_INCREMENT,
  `pkgName` varchar(255) COLLATE utf8_unicode_ci NOT NULL,
  `pkgHandle` varchar(64) COLLATE utf8_unicode_ci NOT NULL,
  `pkgDescription` text COLLATE utf8_unicode_ci,
  `pkgDateInstalled` datetime NOT NULL,
  `pkgIsInstalled` tinyint(1) NOT NULL DEFAULT '1',
  `pkgVersion` varchar(32) COLLATE utf8_unicode_ci DEFAULT NULL,
  `pkgAvailableVersion` varchar(32) COLLATE utf8_unicode_ci DEFAULT NULL,
  PRIMARY KEY (`pkgID`),
  UNIQUE KEY `pkgHandle` (`pkgHandle`)
) ENGINE=InnoDB AUTO_INCREMENT=14 DEFAULT CHARSET=utf8 COLLATE=utf8_unicode_ci;
/*!40101 SET character_set_client = @saved_cs_client */;

--
-- Dumping data for table `packages`
--

LOCK TABLES `packages` WRITE;
/*!40000 ALTER TABLE `packages` DISABLE KEYS */;
INSERT INTO `packages` VALUES (1,'The Hive Basic','the_hive_basic','The set of basic Hive block types.','2015-03-16 12:34:24',1,'1.0.6',NULL),(2,'The Hive Multimedia','the_hive_multimedia','The set of Hive multimedia block types.','2015-03-16 12:34:53',1,'1.0.17',NULL),(6,'The Hive Projects','the_hive_projects','The Hive Projects allows to use project page type and adds all supporting features for project management. It also adds the page type for news.','2015-03-16 12:49:10',1,'4.5.5',NULL),(7,'Magic Tabs','jl_magic_tabs','Organise content into tabs.','2015-03-16 12:49:42',1,'1.2',NULL),(8,'The Hive Feedback','the_hive_feedback','The set of Hive feedback block types.','2015-03-16 13:11:59',1,'4.5.5',NULL),(9,'The Hive Project Support','the_hive_project_support','The set of Hive block types supporting projects.','2015-03-16 13:12:44',1,'1.1.10',NULL),(10,'The Hive Navigation','the_hive_navigation','The set of Hive block types related to navigation.','2016-06-01 10:38:23',1,'1.0.3',NULL),(11,'The Hive System','the_hive_system','The package updates and/or enhances the core with custom functionality','2016-07-26 10:24:31',1,'4.6.3',NULL),(12,'The Hive Budgeting','the_hive_budgeting','The set of Hive budgeting block types.','2018-03-08 15:56:23',1,'3.0.2',NULL),(13,'S3 Storage','s3_storage','File storage using Amazon S3.','2018-10-03 09:29:14',1,'2.0.2',NULL);
/*!40000 ALTER TABLE `packages` ENABLE KEYS */;
UNLOCK TABLES;

--
-- Table structure for table `pagefeeds`
--

DROP TABLE IF EXISTS `pagefeeds`;
/*!40101 SET @saved_cs_client     = @@character_set_client */;
/*!40101 SET character_set_client = utf8 */;
CREATE TABLE `pagefeeds` (
  `pfID` int(10) unsigned NOT NULL AUTO_INCREMENT,
  `cParentID` int(10) unsigned NOT NULL DEFAULT '1',
  `pfTitle` varchar(255) COLLATE utf8_unicode_ci DEFAULT NULL,
  `pfHandle` varchar(255) COLLATE utf8_unicode_ci NOT NULL,
  `pfDescription` varchar(255) COLLATE utf8_unicode_ci DEFAULT NULL,
  `pfIncludeAllDescendents` tinyint(1) NOT NULL DEFAULT '0',
  `pfContentToDisplay` varchar(1) COLLATE utf8_unicode_ci NOT NULL DEFAULT 'S',
  `pfAreaHandleToDisplay` varchar(255) COLLATE utf8_unicode_ci DEFAULT NULL,
  `pfDisplayAliases` tinyint(1) NOT NULL DEFAULT '0',
  `ptID` smallint(5) unsigned DEFAULT NULL,
  `pfDisplayFeaturedOnly` tinyint(1) DEFAULT '0',
  `customTopicAttributeKeyHandle` varchar(255) COLLATE utf8_unicode_ci DEFAULT NULL,
  `customTopicTreeNodeID` int(10) unsigned NOT NULL DEFAULT '0',
  `iconFID` int(10) unsigned NOT NULL DEFAULT '0',
  PRIMARY KEY (`pfID`),
  UNIQUE KEY `pfHandle` (`pfHandle`)
) ENGINE=InnoDB DEFAULT CHARSET=utf8 COLLATE=utf8_unicode_ci;
/*!40101 SET character_set_client = @saved_cs_client */;

--
-- Dumping data for table `pagefeeds`
--

LOCK TABLES `pagefeeds` WRITE;
/*!40000 ALTER TABLE `pagefeeds` DISABLE KEYS */;
/*!40000 ALTER TABLE `pagefeeds` ENABLE KEYS */;
UNLOCK TABLES;

--
-- Table structure for table `pagepaths`
--

DROP TABLE IF EXISTS `pagepaths`;
/*!40101 SET @saved_cs_client     = @@character_set_client */;
/*!40101 SET character_set_client = utf8 */;
CREATE TABLE `pagepaths` (
  `ppID` int(10) unsigned NOT NULL AUTO_INCREMENT,
  `cID` int(10) unsigned DEFAULT '0',
  `cPath` text COLLATE utf8_unicode_ci NOT NULL,
  `ppIsCanonical` varchar(1) COLLATE utf8_unicode_ci NOT NULL DEFAULT '1',
  `ppGeneratedFromURLSlugs` tinyint(1) unsigned NOT NULL DEFAULT '0',
  PRIMARY KEY (`ppID`),
  KEY `cID` (`cID`),
  KEY `ppIsCanonical` (`ppIsCanonical`),
  KEY `cPath` (`cPath`(255))
) ENGINE=InnoDB AUTO_INCREMENT=407 DEFAULT CHARSET=utf8 COLLATE=utf8_unicode_ci;
/*!40101 SET character_set_client = @saved_cs_client */;

--
-- Dumping data for table `pagepaths`
--

LOCK TABLES `pagepaths` WRITE;
/*!40000 ALTER TABLE `pagepaths` DISABLE KEYS */;
INSERT INTO `pagepaths` VALUES (1,2,'/dashboard','1',0),(2,3,'/dashboard/sitemap','1',0),(3,4,'/dashboard/sitemap/full','1',0),(4,5,'/dashboard/sitemap/explore','1',0),(5,6,'/dashboard/sitemap/search','1',0),(6,7,'/dashboard/files','1',0),(7,8,'/dashboard/files/search','1',0),(8,9,'/dashboard/files/attributes','1',0),(9,10,'/dashboard/files/sets','1',0),(10,11,'/dashboard/files/add_set','1',0),(11,12,'/dashboard/users','1',0),(12,13,'/dashboard/users/search','1',0),(13,14,'/dashboard/users/groups','1',0),(14,15,'/dashboard/users/attributes','1',0),(15,16,'/dashboard/users/add','1',0),(16,17,'/dashboard/users/add_group','1',0),(17,18,'/dashboard/users/groups/bulkupdate','1',0),(18,19,'/dashboard/users/group_sets','1',0),(19,20,'/dashboard/users/points','1',0),(20,21,'/dashboard/users/points/assign','1',0),(21,22,'/dashboard/users/points/actions','1',0),(22,23,'/dashboard/analytics','1',0),(23,24,'/dashboard/reports/forms','1',0),(24,25,'/dashboard/reports/surveys','1',0),(25,26,'/dashboard/reports/logs','1',0),(26,27,'/dashboard/pages','1',0),(27,28,'/dashboard/pages/themes','1',0),(28,29,'/dashboard/pages/themes/inspect','1',0),(29,30,'/dashboard/pages/types','1',0),(30,31,'/dashboard/pages/types/organize','1',0),(31,32,'/dashboard/pages/types/add','1',0),(32,33,'/dashboard/pages/types/form','1',0),(33,34,'/dashboard/pages/types/output','1',0),(34,35,'/dashboard/pages/types/attributes','1',0),(35,36,'/dashboard/pages/types/permissions','1',0),(36,37,'/dashboard/pages/templates','1',0),(37,38,'/dashboard/pages/templates/add','1',0),(38,39,'/dashboard/pages/attributes','1',0),(39,40,'/dashboard/pages/single','1',0),(40,41,'/dashboard/pages/feeds','1',0),(41,42,'/dashboard/conversations','1',0),(42,43,'/dashboard/conversations/messages','1',0),(43,44,'/dashboard/workflow','1',0),(44,45,'/dashboard/workflow/workflows','1',0),(45,46,'/dashboard/workflow/me','1',0),(46,47,'/dashboard/blocks','1',0),(47,48,'/dashboard/blocks/stacks','1',0),(48,49,'/dashboard/blocks/permissions','1',0),(49,50,'/dashboard/blocks/stacks/list','1',0),(50,51,'/dashboard/blocks/types','1',0),(51,52,'/dashboard/extend','1',0),(52,53,'/dashboard/news','1',0),(53,54,'/dashboard/extend/install','1',0),(54,55,'/dashboard/extend/update','1',0),(55,56,'/dashboard/extend/connect','1',0),(56,57,'/dashboard/extend/themes','1',0),(57,58,'/dashboard/extend/addons','1',0),(58,59,'/dashboard/system','1',0),(59,60,'/dashboard/system/basics','1',0),(60,61,'/dashboard/system/basics/name','1',0),(61,62,'/dashboard/system/basics/accessibility','1',0),(62,63,'/dashboard/system/basics/social','1',0),(63,64,'/dashboard/system/basics/icons','1',0),(64,65,'/dashboard/system/basics/editor','1',0),(65,66,'/dashboard/system/basics/multilingual','1',0),(66,67,'/dashboard/system/basics/timezone','1',0),(67,68,'/dashboard/system/multilingual','1',0),(68,69,'/dashboard/system/multilingual/setup','1',0),(69,70,'/dashboard/system/multilingual/page_report','1',0),(70,71,'/dashboard/system/multilingual/translate_interface','1',0),(71,72,'/dashboard/system/seo','1',0),(72,73,'/dashboard/system/seo/urls','1',0),(73,74,'/dashboard/system/seo/bulk','1',0),(74,75,'/dashboard/system/seo/codes','1',0),(75,76,'/dashboard/system/seo/excluded','1',0),(76,77,'/dashboard/system/seo/searchindex','1',0),(77,78,'/dashboard/system/files','1',0),(78,79,'/dashboard/system/files/permissions','1',0),(79,80,'/dashboard/system/files/filetypes','1',0),(80,81,'/dashboard/system/files/thumbnails','1',0),(81,82,'/dashboard/system/files/storage','1',0),(82,83,'/dashboard/system/optimization','1',0),(83,84,'/dashboard/system/optimization/cache','1',0),(84,85,'/dashboard/system/optimization/clearcache','1',0),(85,86,'/dashboard/system/optimization/jobs','1',0),(86,87,'/dashboard/system/optimization/query_log','1',0),(87,88,'/dashboard/system/permissions','1',0),(88,89,'/dashboard/system/permissions/site','1',0),(89,90,'/dashboard/system/permissions/tasks','1',0),(90,91,'/dashboard/system/permissions/users','1',0),(91,92,'/dashboard/system/permissions/advanced','1',0),(92,93,'/dashboard/system/permissions/blacklist','1',0),(93,94,'/dashboard/system/permissions/captcha','1',0),(94,95,'/dashboard/system/permissions/antispam','1',0),(95,96,'/dashboard/system/permissions/maintenance','1',0),(96,97,'/dashboard/system/registration','1',0),(97,98,'/dashboard/system/registration/postlogin','1',0),(98,99,'/dashboard/system/registration/profiles','1',0),(99,100,'/dashboard/system/registration/open','1',0),(100,101,'/dashboard/system/registration/authentication','1',0),(101,102,'/dashboard/system/mail','1',0),(102,103,'/dashboard/system/mail/method','1',0),(103,104,'/dashboard/system/mail/method/test','1',0),(104,105,'/dashboard/system/mail/importers','1',0),(105,106,'/dashboard/system/conversations','1',0),(106,107,'/dashboard/system/conversations/settings','1',0),(107,108,'/dashboard/system/conversations/points','1',0),(108,109,'/dashboard/system/conversations/bannedwords','1',0),(109,110,'/dashboard/system/conversations/permissions','1',0),(110,111,'/dashboard/system/attributes','1',0),(111,112,'/dashboard/system/attributes/sets','1',0),(112,113,'/dashboard/system/attributes/types','1',0),(113,114,'/dashboard/system/attributes/topics','1',0),(114,115,'/dashboard/system/attributes/topics/add','1',0),(115,116,'/dashboard/system/environment','1',0),(116,117,'/dashboard/system/environment/info','1',0),(117,118,'/dashboard/system/environment/debug','1',0),(118,119,'/dashboard/system/environment/logging','1',0),(119,120,'/dashboard/system/environment/proxy','1',0),(120,121,'/dashboard/system/backup','1',0),(121,122,'/dashboard/system/backup/backup','1',0),(122,123,'/dashboard/system/backup/update','1',0),(125,126,'/!drafts','1',0),(126,127,'/!trash','1',0),(127,128,'/!stacks','1',0),(128,129,'/login','1',0),(129,130,'/register','1',0),(130,131,'/account','1',0),(131,132,'/account/edit_profile','1',0),(132,133,'/account/avatar','1',0),(133,134,'/account/messages','1',0),(134,135,'/account/messages/inbox','1',0),(135,136,'/members','1',0),(136,137,'/members/profile','1',0),(137,138,'/members/directory','1',0),(138,139,'/page_not_found','1',0),(139,140,'/page_forbidden','1',0),(140,141,'/download_file','1',0),(159,NULL,'/dashboard/reports/','1',0),(173,149,'/dashboard/projects','1',0),(174,150,'/dashboard/projects/launch','1',0),(175,151,'/dashboard/reports','1',0),(176,152,'/dashboard/reports/conversations','1',0),(179,155,'/dashboard/analytics/sessions','1',0),(180,156,'/dashboard/analytics/visitors','1',0),(182,158,'/dashboard/moderation','1',0),(187,169,'/dashboard/reports/social_maps','1',0),(188,170,'/dashboard/reports/social_maps/results','1',0),(189,171,'/dashboard/reports/visions','1',0),(190,172,'/dashboard/reports/visions/results','1',0),(191,173,'/dashboard/reports/subscriptions','1',0),(192,174,'/dashboard/reports/subscriptions/results','1',0),(193,176,'/dashboard/system/moderation','1',0),(194,177,'/dashboard/system/moderation/reason','1',0),(206,189,'/dashboard/system/environment/entities','1',1),(211,193,'/dashboard/system/moderation/permissions','1',1),(212,194,'/dashboard/system/basics/api','1',1),(213,195,'/dashboard/system/moderation/settings','1',1),(214,196,'/dashboard/system/multilingual/copy','1',1),(218,200,'/accessibility','1',1),(224,205,'/privacy-policy','1',0),(225,204,'/terms-use','1',1),(229,209,'/!stacks/logo','1',1),(230,210,'/!stacks/action-item-left','1',1),(231,211,'/!stacks/action-item-middle','1',1),(232,212,'/!stacks/action-item-right','1',1),(233,213,'/!stacks/footer-left','1',1),(234,215,'/215','1',1),(270,255,'/dashboard/users/community/import','1',1),(323,306,'/dashboard/users/site','1',1),(324,307,'/dashboard/users/site/add','1',1),(325,308,'/dashboard/users/community','1',1),(326,309,'/dashboard/users/community/add','1',1),(327,310,'/dashboard/users/site/import','1',1),(328,311,'/dashboard/users/internal','1',1),(331,314,'/search','1',1),(332,315,'/dashboard/settings','1',1),(333,316,'/dashboard/settings/site','1',1),(334,317,'/dashboard/settings/site/basics','1',1),(335,318,'/dashboard/settings/site/contact','1',1),(336,319,'/dashboard/settings/site/tracking_codes','1',1),(337,320,'/dashboard/settings/site/social_links','1',1),(338,321,'/dashboard/settings/site/apis','1',1),(339,322,'/dashboard/settings/site/map','1',1),(341,324,'/dashboard/settings/users','1',1),(342,325,'/dashboard/settings/users/attributes','1',1),(343,326,'/dashboard/settings/users/registration','1',1),(344,327,'/dashboard/settings/users/profiles','1',1),(345,328,'/dashboard/settings/moderation','1',1),(346,329,'/dashboard/settings/moderation/moderation_method','1',1),(347,330,'/dashboard/settings/moderation/banned_words','1',1),(348,331,'/dashboard/settings/email','1',1),(349,332,'/dashboard/settings/email/notifications','1',1),(350,333,'/dashboard/settings/users/quota','1',1),(351,334,'/dashboard/system/files/image_uploading','1',1),(352,335,'/dashboard/projects/settings','1',1),(353,336,'/dashboard/reports/overview','1',1),(354,337,'/dashboard/reports/audience','1',1),(355,338,'/dashboard/reports/results','1',1),(356,339,'/dashboard/reports/behaviour','1',1),(357,340,'/dashboard/reports/acquisition','1',1),(358,341,'/dashboard/settings/site/teams','1',1),(359,342,'/dashboard/settings/site/teams/add','1',1),(360,343,'/dashboard/settings/site/teams/edit','1',1),(361,344,'/dashboard/settings/site/project_groups','1',1),(362,345,'/dashboard/settings/site/project_groups/add','1',1),(363,346,'/dashboard/settings/site/project_groups/edit','1',1),(364,347,'/dashboard/settings/projects','1',1),(365,348,'/dashboard/settings/projects/user_roles','1',1),(366,349,'/dashboard/settings/projects/admin_permissions','1',1),(367,350,'/dashboard/settings/site/project_follow','1',1),(368,351,'/dashboard/settings/projects/launch_wizard','1',1),(369,352,'/dashboard/settings/site/date_time_format','1',1),(370,353,'/dashboard/settings/site/project_interests','1',1),(371,354,'/dashboard/settings/site/project_interests/add_category','1',1),(372,355,'/dashboard/settings/site/project_interests/edit_category','1',1),(373,356,'/dashboard/settings/site/project_interests/add_location','1',1),(374,357,'/dashboard/settings/site/project_interests/edit_location','1',1),(375,358,'/dashboard/reports/qa','1',1),(376,359,'/dashboard/reports/qa/results','1',1),(377,360,'/dashboard/reports/budgeting','1',1),(378,361,'/dashboard/reports/budgeting/results','1',1),(381,362,'/dashboard/reports/stories','1',1),(382,363,'/dashboard/reports/stories/results','1',1),(383,364,'/dashboard/reports/comments','1',1),(384,365,'/dashboard/reports/comments/results','1',1),(385,366,'/maintenance_mode','1',1),(386,367,'/dashboard/reports/people','1',1),(387,368,'/dashboard/reports/people/followers','1',1),(388,369,'/dashboard/settings/site/privacy','1',1),(389,370,'/dashboard/reports/people/participation','1',1),(390,371,'/dashboard/reports/forms/statistics','1',1),(391,372,'/dashboard/reports/forms/analysis','1',1),(392,373,'/dashboard/reports/forms/responses','1',1),(393,374,'/unsubscribe','1',1),(394,375,'/download_submission','1',1),(395,206,'/moderation','1',0),(396,206,'/moderation-policy','0',0),(397,376,'/dashboard/edm','1',1),(398,377,'/dashboard/edm/campaigns','1',1),(399,378,'/dashboard/edm/campaigns/add','1',1),(400,379,'/dashboard/edm/lists','1',1),(401,380,'/dashboard/edm/lists/add','1',1),(402,381,'/dashboard/edm/lists/edit','1',1),(403,382,'/dashboard/edm/lists/custom','1',1),(404,383,'/dashboard/edm/lists/segment','1',1),(405,384,'/dashboard/edm/campaigns/edit','1',1),(406,385,'/dashboard/edm/campaigns/info','1',1);
/*!40000 ALTER TABLE `pagepaths` ENABLE KEYS */;
UNLOCK TABLES;

--
-- Table structure for table `pagepermissionassignments`
--

DROP TABLE IF EXISTS `pagepermissionassignments`;
/*!40101 SET @saved_cs_client     = @@character_set_client */;
/*!40101 SET character_set_client = utf8 */;
CREATE TABLE `pagepermissionassignments` (
  `cID` int(10) unsigned NOT NULL DEFAULT '0',
  `pkID` int(10) unsigned NOT NULL DEFAULT '0',
  `paID` int(10) unsigned NOT NULL DEFAULT '0',
  PRIMARY KEY (`cID`,`pkID`,`paID`),
  KEY `paID` (`paID`,`pkID`),
  KEY `pkID` (`pkID`)
) ENGINE=InnoDB DEFAULT CHARSET=utf8 COLLATE=utf8_unicode_ci;
/*!40101 SET character_set_client = @saved_cs_client */;

--
-- Dumping data for table `pagepermissionassignments`
--

LOCK TABLES `pagepermissionassignments` WRITE;
/*!40000 ALTER TABLE `pagepermissionassignments` DISABLE KEYS */;
INSERT INTO `pagepermissionassignments` VALUES (1,1,645),(2,1,31168),(3,1,31275),(6,1,31308),(7,1,31212),(9,1,31342),(10,1,31331),(11,1,31218),(12,1,101),(13,1,31309),(14,1,31167),(15,1,102),(17,1,103),(19,1,104),(20,1,105),(23,1,31256),(24,1,31207),(25,1,31207),(26,1,31341),(27,1,107),(42,1,108),(44,1,31329),(45,1,98),(47,1,109),(52,1,110),(59,1,111),(126,1,31310),(129,1,57),(130,1,58),(131,1,31410),(136,1,31358),(139,1,31359),(140,1,31360),(149,1,31169),(151,1,31273),(152,1,31207),(158,1,31274),(164,1,11073),(169,1,31207),(171,1,31207),(175,1,31175),(214,1,15821),(217,1,31176),(218,1,0),(220,1,199),(252,1,31176),(255,1,31343),(310,1,31344),(311,1,31185),(315,1,31330),(317,1,31334),(318,1,31335),(319,1,31339),(320,1,31338),(321,1,31333),(322,1,31336),(324,1,31349),(328,1,31347),(331,1,31332),(341,1,31340),(347,1,31348),(350,1,31346),(352,1,31345),(353,1,31337),(366,1,31390),(369,1,31392),(374,1,31411),(376,1,31412),(1,2,92),(126,2,31311),(164,2,187),(175,2,31175),(214,2,134),(217,2,31176),(218,2,0),(220,2,9),(252,2,31176),(1,3,93),(23,3,31257),(45,3,0),(126,3,31312),(164,3,187),(175,3,31175),(214,3,31327),(217,3,31176),(218,3,0),(220,3,9),(252,3,31176),(1,4,43),(126,4,31313),(164,4,9),(175,4,31175),(214,4,9),(217,4,31176),(218,4,0),(220,4,9),(252,4,31176),(1,5,92),(126,5,31314),(164,5,31391),(175,5,31175),(214,5,134),(217,5,31176),(218,5,0),(220,5,200),(252,5,31176),(1,6,92),(126,6,31315),(164,6,187),(175,6,31175),(214,6,134),(217,6,31176),(218,6,0),(220,6,200),(252,6,31176),(1,7,46),(126,7,31316),(164,7,9),(175,7,31175),(214,7,9),(217,7,31176),(218,7,0),(220,7,9),(252,7,31176),(1,8,48),(126,8,31317),(164,8,31283),(175,8,31175),(214,8,9),(217,8,31176),(218,8,0),(220,8,9),(252,8,31176),(1,9,118),(126,9,31318),(164,9,401),(175,9,31175),(214,9,134),(217,9,31176),(218,9,0),(220,9,9),(252,9,31176),(1,10,50),(126,10,31319),(142,10,31367),(163,10,31368),(164,10,31369),(175,10,31370),(214,10,31384),(215,10,31372),(216,10,31373),(217,10,31374),(218,10,31375),(220,10,31376),(238,10,31377),(251,10,31378),(252,10,31379),(1,11,50),(126,11,31320),(164,11,9),(175,11,31175),(214,11,9),(217,11,31176),(218,11,0),(220,11,9),(252,11,31176),(1,12,92),(126,12,31321),(164,12,187),(175,12,31175),(214,12,134),(217,12,31176),(218,12,0),(220,12,9),(252,12,31176),(1,13,31356),(126,13,31322),(164,13,31351),(175,13,31352),(214,13,31350),(217,13,31353),(218,13,31354),(220,13,31355),(252,13,31176),(1,14,94),(126,14,31323),(164,14,8065),(175,14,31175),(214,14,134),(217,14,31176),(218,14,0),(220,14,200),(252,14,31176),(1,15,31278),(126,15,31324),(164,15,187),(175,15,31175),(214,15,134),(217,15,31176),(218,15,0),(220,15,31211),(252,15,31176),(1,16,31279),(126,16,31325),(164,16,31284),(175,16,31175),(214,16,31328),(217,16,31176),(218,16,0),(220,16,200),(252,16,31176),(1,17,56),(126,17,31326),(164,17,9),(175,17,31175),(214,17,9),(217,17,31176),(218,17,0),(220,17,9),(252,17,31176),(1,18,47),(164,18,9),(175,18,31175),(214,18,9),(217,18,31176),(218,18,0),(220,18,9),(252,18,31176),(1,111,31393),(164,111,31258);
/*!40000 ALTER TABLE `pagepermissionassignments` ENABLE KEYS */;
UNLOCK TABLES;

--
-- Table structure for table `pagepermissionpagetypeaccesslist`
--

DROP TABLE IF EXISTS `pagepermissionpagetypeaccesslist`;
/*!40101 SET @saved_cs_client     = @@character_set_client */;
/*!40101 SET character_set_client = utf8 */;
CREATE TABLE `pagepermissionpagetypeaccesslist` (
  `paID` int(10) unsigned NOT NULL DEFAULT '0',
  `peID` int(10) unsigned NOT NULL DEFAULT '0',
  `permission` varchar(1) COLLATE utf8_unicode_ci NOT NULL DEFAULT '1',
  `externalLink` tinyint(1) NOT NULL DEFAULT '0',
  PRIMARY KEY (`paID`,`peID`),
  KEY `peID` (`peID`)
) ENGINE=InnoDB DEFAULT CHARSET=utf8 COLLATE=utf8_unicode_ci;
/*!40101 SET character_set_client = @saved_cs_client */;

--
-- Dumping data for table `pagepermissionpagetypeaccesslist`
--

LOCK TABLES `pagepermissionpagetypeaccesslist` WRITE;
/*!40000 ALTER TABLE `pagepermissionpagetypeaccesslist` DISABLE KEYS */;
INSERT INTO `pagepermissionpagetypeaccesslist` VALUES (31211,1,'A',1),(31211,7,'A',1),(31211,8,'A',1);
/*!40000 ALTER TABLE `pagepermissionpagetypeaccesslist` ENABLE KEYS */;
UNLOCK TABLES;

--
-- Table structure for table `pagepermissionpagetypeaccesslistcustom`
--

DROP TABLE IF EXISTS `pagepermissionpagetypeaccesslistcustom`;
/*!40101 SET @saved_cs_client     = @@character_set_client */;
/*!40101 SET character_set_client = utf8 */;
CREATE TABLE `pagepermissionpagetypeaccesslistcustom` (
  `paID` int(10) unsigned NOT NULL DEFAULT '0',
  `peID` int(10) unsigned NOT NULL DEFAULT '0',
  `ptID` int(10) unsigned NOT NULL DEFAULT '0',
  PRIMARY KEY (`paID`,`peID`,`ptID`),
  KEY `peID` (`peID`),
  KEY `ptID` (`ptID`)
) ENGINE=InnoDB DEFAULT CHARSET=utf8 COLLATE=utf8_unicode_ci;
/*!40101 SET character_set_client = @saved_cs_client */;

--
-- Dumping data for table `pagepermissionpagetypeaccesslistcustom`
--

LOCK TABLES `pagepermissionpagetypeaccesslistcustom` WRITE;
/*!40000 ALTER TABLE `pagepermissionpagetypeaccesslistcustom` DISABLE KEYS */;
/*!40000 ALTER TABLE `pagepermissionpagetypeaccesslistcustom` ENABLE KEYS */;
UNLOCK TABLES;

--
-- Table structure for table `pagepermissionpropertyaccesslist`
--

DROP TABLE IF EXISTS `pagepermissionpropertyaccesslist`;
/*!40101 SET @saved_cs_client     = @@character_set_client */;
/*!40101 SET character_set_client = utf8 */;
CREATE TABLE `pagepermissionpropertyaccesslist` (
  `paID` int(10) unsigned NOT NULL DEFAULT '0',
  `peID` int(10) unsigned NOT NULL DEFAULT '0',
  `name` tinyint(1) DEFAULT '0',
  `publicDateTime` tinyint(1) DEFAULT '0',
  `uID` tinyint(1) DEFAULT '0',
  `description` tinyint(1) DEFAULT '0',
  `paths` tinyint(1) DEFAULT '0',
  `attributePermission` varchar(1) COLLATE utf8_unicode_ci NOT NULL DEFAULT '1',
  PRIMARY KEY (`paID`,`peID`),
  KEY `peID` (`peID`),
  KEY `uID` (`uID`)
) ENGINE=InnoDB DEFAULT CHARSET=utf8 COLLATE=utf8_unicode_ci;
/*!40101 SET character_set_client = @saved_cs_client */;

--
-- Dumping data for table `pagepermissionpropertyaccesslist`
--

LOCK TABLES `pagepermissionpropertyaccesslist` WRITE;
/*!40000 ALTER TABLE `pagepermissionpropertyaccesslist` DISABLE KEYS */;
INSERT INTO `pagepermissionpropertyaccesslist` VALUES (115,1,1,1,1,1,1,'A'),(115,7,1,1,1,1,1,'A'),(115,8,1,1,1,1,1,'A'),(154,1,1,1,1,1,1,'A'),(154,7,1,1,1,1,1,'A'),(154,8,1,1,1,1,1,'A'),(186,1,1,1,1,1,1,'A'),(186,7,1,1,1,1,1,'A'),(186,8,1,1,1,1,1,'A'),(194,1,1,1,1,1,1,'A'),(194,7,1,1,1,1,1,'A'),(194,8,1,1,1,1,1,'A'),(200,1,1,1,1,1,1,'A'),(200,8,1,1,1,1,1,'A'),(211,1,1,1,1,1,1,'A'),(211,7,1,1,1,1,1,'A'),(211,8,1,1,1,1,1,'A'),(221,1,1,1,1,1,1,'A'),(221,7,1,1,1,1,1,'A'),(221,8,1,1,1,1,1,'A'),(230,1,1,1,1,1,1,'A'),(230,7,1,1,1,1,1,'A'),(230,8,1,1,1,1,1,'A'),(239,1,1,1,1,1,1,'A'),(239,7,1,1,1,1,1,'A'),(239,8,1,1,1,1,1,'A'),(248,1,1,1,1,1,1,'A'),(248,7,1,1,1,1,1,'A'),(248,8,1,1,1,1,1,'A'),(257,1,1,1,1,1,1,'A'),(257,7,1,1,1,1,1,'A'),(257,8,1,1,1,1,1,'A'),(266,1,1,1,1,1,1,'A'),(266,7,1,1,1,1,1,'A'),(266,8,1,1,1,1,1,'A'),(275,1,1,1,1,1,1,'A'),(275,7,1,1,1,1,1,'A'),(275,8,1,1,1,1,1,'A'),(284,1,1,1,1,1,1,'A'),(284,7,1,1,1,1,1,'A'),(284,8,1,1,1,1,1,'A'),(293,1,1,1,1,1,1,'A'),(293,7,1,1,1,1,1,'A'),(293,8,1,1,1,1,1,'A'),(302,1,1,1,1,1,1,'A'),(302,7,1,1,1,1,1,'A'),(302,8,1,1,1,1,1,'A'),(311,1,1,1,1,1,1,'A'),(311,7,1,1,1,1,1,'A'),(311,8,1,1,1,1,1,'A'),(320,1,1,1,1,1,1,'A'),(320,7,1,1,1,1,1,'A'),(320,8,1,1,1,1,1,'A'),(329,1,1,1,1,1,1,'A'),(329,7,1,1,1,1,1,'A'),(329,8,1,1,1,1,1,'A'),(338,1,1,1,1,1,1,'A'),(338,7,1,1,1,1,1,'A'),(338,8,1,1,1,1,1,'A'),(347,1,1,1,1,1,1,'A'),(347,7,1,1,1,1,1,'A'),(347,8,1,1,1,1,1,'A'),(356,1,1,1,1,1,1,'A'),(356,7,1,1,1,1,1,'A'),(356,8,1,1,1,1,1,'A'),(365,1,1,1,1,1,1,'A'),(365,7,1,1,1,1,1,'A'),(365,8,1,1,1,1,1,'A'),(374,1,1,1,1,1,1,'A'),(374,7,1,1,1,1,1,'A'),(374,8,1,1,1,1,1,'A'),(383,1,1,1,1,1,1,'A'),(383,7,1,1,1,1,1,'A'),(383,8,1,1,1,1,1,'A'),(392,1,1,1,1,1,1,'A'),(392,7,1,1,1,1,1,'A'),(392,8,1,1,1,1,1,'A'),(404,1,1,1,1,1,1,'A'),(404,7,1,1,1,1,1,'A'),(404,8,1,1,1,1,1,'A'),(413,1,1,1,1,1,1,'A'),(413,7,1,1,1,1,1,'A'),(413,8,1,1,1,1,1,'A'),(422,1,1,1,1,1,1,'A'),(422,7,1,1,1,1,1,'A'),(422,8,1,1,1,1,1,'A'),(431,1,1,1,1,1,1,'A'),(431,7,1,1,1,1,1,'A'),(431,8,1,1,1,1,1,'A'),(440,1,1,1,1,1,1,'A'),(440,7,1,1,1,1,1,'A'),(440,8,1,1,1,1,1,'A'),(449,1,1,1,1,1,1,'A'),(449,7,1,1,1,1,1,'A'),(449,8,1,1,1,1,1,'A'),(458,1,1,1,1,1,1,'A'),(458,7,1,1,1,1,1,'A'),(458,8,1,1,1,1,1,'A'),(467,1,1,1,1,1,1,'A'),(467,7,1,1,1,1,1,'A'),(467,8,1,1,1,1,1,'A'),(476,1,1,1,1,1,1,'A'),(476,7,1,1,1,1,1,'A'),(476,8,1,1,1,1,1,'A'),(485,1,1,1,1,1,1,'A'),(485,7,1,1,1,1,1,'A'),(485,8,1,1,1,1,1,'A'),(494,1,1,1,1,1,1,'A'),(494,7,1,1,1,1,1,'A'),(494,8,1,1,1,1,1,'A'),(503,1,1,1,1,1,1,'A'),(503,7,1,1,1,1,1,'A'),(503,8,1,1,1,1,1,'A'),(512,1,1,1,1,1,1,'A'),(512,7,1,1,1,1,1,'A'),(512,8,1,1,1,1,1,'A'),(521,1,1,1,1,1,1,'A'),(521,7,1,1,1,1,1,'A'),(521,8,1,1,1,1,1,'A'),(530,1,1,1,1,1,1,'A'),(530,7,1,1,1,1,1,'A'),(530,8,1,1,1,1,1,'A'),(539,1,1,1,1,1,1,'A'),(539,7,1,1,1,1,1,'A'),(539,8,1,1,1,1,1,'A'),(548,1,1,1,1,1,1,'A'),(548,7,1,1,1,1,1,'A'),(548,8,1,1,1,1,1,'A'),(557,1,1,1,1,1,1,'A'),(557,7,1,1,1,1,1,'A'),(557,8,1,1,1,1,1,'A'),(566,1,1,1,1,1,1,'A'),(566,7,1,1,1,1,1,'A'),(566,8,1,1,1,1,1,'A'),(575,1,1,1,1,1,1,'A'),(575,7,1,1,1,1,1,'A'),(575,8,1,1,1,1,1,'A'),(584,1,1,1,1,1,1,'A'),(584,7,1,1,1,1,1,'A'),(584,8,1,1,1,1,1,'A'),(593,1,1,1,1,1,1,'A'),(593,7,1,1,1,1,1,'A'),(593,8,1,1,1,1,1,'A'),(621,1,1,1,1,1,1,'A'),(621,7,1,1,1,1,1,'A'),(621,8,1,1,1,1,1,'A'),(638,1,1,1,1,1,1,'A'),(638,7,1,1,1,1,1,'A'),(638,8,1,1,1,1,1,'A'),(31219,1,1,1,1,1,1,'A'),(31219,8,1,1,1,1,1,'C'),(31361,8,1,1,1,1,1,'C'),(31391,8,1,1,1,1,1,'C');
/*!40000 ALTER TABLE `pagepermissionpropertyaccesslist` ENABLE KEYS */;
UNLOCK TABLES;

--
-- Table structure for table `pagepermissionpropertyattributeaccesslistcustom`
--

DROP TABLE IF EXISTS `pagepermissionpropertyattributeaccesslistcustom`;
/*!40101 SET @saved_cs_client     = @@character_set_client */;
/*!40101 SET character_set_client = utf8 */;
CREATE TABLE `pagepermissionpropertyattributeaccesslistcustom` (
  `paID` int(10) unsigned NOT NULL DEFAULT '0',
  `peID` int(10) unsigned NOT NULL DEFAULT '0',
  `akID` int(10) unsigned NOT NULL DEFAULT '0',
  PRIMARY KEY (`paID`,`peID`,`akID`),
  KEY `peID` (`peID`),
  KEY `akID` (`akID`)
) ENGINE=InnoDB DEFAULT CHARSET=utf8 COLLATE=utf8_unicode_ci;
/*!40101 SET character_set_client = @saved_cs_client */;

--
-- Dumping data for table `pagepermissionpropertyattributeaccesslistcustom`
--

LOCK TABLES `pagepermissionpropertyattributeaccesslistcustom` WRITE;
/*!40000 ALTER TABLE `pagepermissionpropertyattributeaccesslistcustom` DISABLE KEYS */;
INSERT INTO `pagepermissionpropertyattributeaccesslistcustom` VALUES (31219,8,1),(31219,8,2),(31219,8,3),(31219,8,5),(31219,8,6),(31219,8,7),(31219,8,9),(31219,8,20),(31219,8,21),(31219,8,24),(31219,8,32),(31219,8,33),(31219,8,34),(31361,8,1),(31361,8,2),(31361,8,3),(31361,8,5),(31361,8,6),(31361,8,7),(31361,8,9),(31361,8,20),(31361,8,21),(31361,8,32),(31361,8,33),(31361,8,34),(31361,8,44),(31361,8,45),(31391,8,1),(31391,8,2),(31391,8,3),(31391,8,5),(31391,8,6),(31391,8,7),(31391,8,9),(31391,8,20),(31391,8,21),(31391,8,32),(31391,8,33),(31391,8,34),(31391,8,44),(31391,8,45),(31391,8,50);
/*!40000 ALTER TABLE `pagepermissionpropertyattributeaccesslistcustom` ENABLE KEYS */;
UNLOCK TABLES;

--
-- Table structure for table `pagepermissionthemeaccesslist`
--

DROP TABLE IF EXISTS `pagepermissionthemeaccesslist`;
/*!40101 SET @saved_cs_client     = @@character_set_client */;
/*!40101 SET character_set_client = utf8 */;
CREATE TABLE `pagepermissionthemeaccesslist` (
  `paID` int(10) unsigned NOT NULL DEFAULT '0',
  `peID` int(10) unsigned NOT NULL DEFAULT '0',
  `permission` varchar(1) COLLATE utf8_unicode_ci NOT NULL DEFAULT '1',
  PRIMARY KEY (`paID`,`peID`),
  KEY `peID` (`peID`)
) ENGINE=InnoDB DEFAULT CHARSET=utf8 COLLATE=utf8_unicode_ci;
/*!40101 SET character_set_client = @saved_cs_client */;

--
-- Dumping data for table `pagepermissionthemeaccesslist`
--

LOCK TABLES `pagepermissionthemeaccesslist` WRITE;
/*!40000 ALTER TABLE `pagepermissionthemeaccesslist` DISABLE KEYS */;
/*!40000 ALTER TABLE `pagepermissionthemeaccesslist` ENABLE KEYS */;
UNLOCK TABLES;

--
-- Table structure for table `pagepermissionthemeaccesslistcustom`
--

DROP TABLE IF EXISTS `pagepermissionthemeaccesslistcustom`;
/*!40101 SET @saved_cs_client     = @@character_set_client */;
/*!40101 SET character_set_client = utf8 */;
CREATE TABLE `pagepermissionthemeaccesslistcustom` (
  `paID` int(10) unsigned NOT NULL DEFAULT '0',
  `peID` int(10) unsigned NOT NULL DEFAULT '0',
  `pThemeID` int(10) unsigned NOT NULL DEFAULT '0',
  PRIMARY KEY (`paID`,`peID`,`pThemeID`),
  KEY `peID` (`peID`),
  KEY `pThemeID` (`pThemeID`)
) ENGINE=InnoDB DEFAULT CHARSET=utf8 COLLATE=utf8_unicode_ci;
/*!40101 SET character_set_client = @saved_cs_client */;

--
-- Dumping data for table `pagepermissionthemeaccesslistcustom`
--

LOCK TABLES `pagepermissionthemeaccesslistcustom` WRITE;
/*!40000 ALTER TABLE `pagepermissionthemeaccesslistcustom` DISABLE KEYS */;
/*!40000 ALTER TABLE `pagepermissionthemeaccesslistcustom` ENABLE KEYS */;
UNLOCK TABLES;

--
-- Table structure for table `pages`
--

DROP TABLE IF EXISTS `pages`;
/*!40101 SET @saved_cs_client     = @@character_set_client */;
/*!40101 SET character_set_client = utf8 */;
CREATE TABLE `pages` (
  `cID` int(10) unsigned NOT NULL DEFAULT '0',
  `ptID` int(10) unsigned NOT NULL DEFAULT '0',
  `cIsTemplate` tinyint(1) NOT NULL DEFAULT '0',
  `uID` int(10) unsigned DEFAULT NULL,
  `cIsCheckedOut` tinyint(1) NOT NULL DEFAULT '0',
  `cCheckedOutUID` int(10) unsigned DEFAULT NULL,
  `cCheckedOutDatetime` datetime DEFAULT NULL,
  `cCheckedOutDatetimeLastEdit` datetime DEFAULT NULL,
  `cOverrideTemplatePermissions` tinyint(1) NOT NULL DEFAULT '1',
  `cInheritPermissionsFromCID` int(10) unsigned NOT NULL DEFAULT '0',
  `cInheritPermissionsFrom` varchar(8) COLLATE utf8_unicode_ci NOT NULL DEFAULT 'PARENT',
  `cFilename` varchar(255) COLLATE utf8_unicode_ci DEFAULT NULL,
  `cPointerID` int(10) unsigned NOT NULL DEFAULT '0',
  `cPointerExternalLink` longtext COLLATE utf8_unicode_ci,
  `cPointerExternalLinkNewWindow` tinyint(1) NOT NULL DEFAULT '0',
  `cIsActive` tinyint(1) NOT NULL DEFAULT '1',
  `cChildren` int(10) unsigned NOT NULL DEFAULT '0',
  `cDisplayOrder` int(10) unsigned NOT NULL DEFAULT '0',
  `cParentID` int(10) unsigned NOT NULL DEFAULT '0',
  `pkgID` int(10) unsigned NOT NULL DEFAULT '0',
  `cDraftTargetParentPageID` int(10) unsigned NOT NULL DEFAULT '0',
  `cCacheFullPageContent` smallint(6) NOT NULL DEFAULT '-1',
  `cCacheFullPageContentOverrideLifetime` varchar(32) COLLATE utf8_unicode_ci NOT NULL DEFAULT '0',
  `cCacheFullPageContentLifetimeCustom` int(10) unsigned NOT NULL DEFAULT '0',
  `cIsSystemPage` tinyint(1) NOT NULL DEFAULT '0',
  PRIMARY KEY (`cID`,`ptID`),
  KEY `cParentID` (`cParentID`),
  KEY `cIsActive` (`cID`,`cIsActive`),
  KEY `cCheckedOutUID` (`cCheckedOutUID`),
  KEY `uID` (`uID`,`cPointerID`),
  KEY `cPointerID` (`cPointerID`,`cDisplayOrder`),
  KEY `cIsTemplate` (`cID`,`cIsTemplate`),
  KEY `cIsSystemPage` (`cID`,`cIsSystemPage`),
  KEY `pkgID` (`pkgID`),
  KEY `cParentMaxDisplay` (`cParentID`,`cDisplayOrder`)
) ENGINE=InnoDB DEFAULT CHARSET=utf8 COLLATE=utf8_unicode_ci;
/*!40101 SET character_set_client = @saved_cs_client */;

--
-- Dumping data for table `pages`
--

LOCK TABLES `pages` WRITE;
/*!40000 ALTER TABLE `pages` DISABLE KEYS */;
INSERT INTO `pages` VALUES (1,0,0,1,0,NULL,NULL,NULL,0,1,'OVERRIDE',NULL,0,NULL,0,1,22,0,0,0,0,-1,'0',0,0),(2,0,0,1,0,NULL,NULL,NULL,1,2,'OVERRIDE','/dashboard/view.php',0,NULL,0,1,16,0,0,0,0,-1,'0',0,1),(3,0,0,1,0,NULL,NULL,NULL,1,3,'OVERRIDE','/dashboard/sitemap/view.php',0,NULL,0,1,3,7,2,0,0,-1,'0',0,1),(4,0,0,1,0,NULL,NULL,NULL,1,3,'PARENT','/dashboard/sitemap/full.php',0,NULL,0,1,0,0,3,0,0,-1,'0',0,1),(5,0,0,1,0,NULL,NULL,NULL,1,3,'PARENT','/dashboard/sitemap/explore.php',0,NULL,0,1,0,1,3,0,0,-1,'0',0,1),(6,0,0,1,0,NULL,NULL,NULL,1,6,'OVERRIDE','/dashboard/sitemap/search.php',0,NULL,0,1,0,2,3,0,0,-1,'0',0,1),(7,0,0,1,0,NULL,NULL,NULL,1,7,'OVERRIDE','/dashboard/files/view.php',0,NULL,0,1,4,5,2,0,0,-1,'0',0,1),(8,0,0,1,0,NULL,NULL,NULL,1,7,'PARENT','/dashboard/files/search.php',0,NULL,0,1,0,0,7,0,0,-1,'0',0,1),(9,0,0,1,0,NULL,NULL,NULL,1,9,'OVERRIDE','/dashboard/files/attributes.php',0,NULL,0,1,0,1,7,0,0,-1,'0',0,1),(10,0,0,1,0,NULL,NULL,NULL,1,10,'OVERRIDE','/dashboard/files/sets.php',0,NULL,0,1,0,2,7,0,0,-1,'0',0,1),(11,0,0,1,0,NULL,NULL,NULL,1,11,'OVERRIDE','/dashboard/files/add_set.php',0,NULL,0,1,0,3,7,0,0,-1,'0',0,1),(12,0,0,1,0,NULL,NULL,NULL,1,12,'OVERRIDE','/dashboard/users/view.php',0,NULL,0,1,10,6,2,0,0,-1,'0',0,1),(13,0,0,1,0,NULL,NULL,NULL,1,13,'OVERRIDE','/dashboard/users/search.php',0,NULL,0,1,0,3,12,0,0,-1,'0',0,1),(14,0,0,1,0,NULL,NULL,NULL,1,14,'OVERRIDE','/dashboard/users/groups.php',0,NULL,0,1,1,4,12,0,0,-1,'0',0,1),(15,0,0,1,0,NULL,NULL,NULL,1,15,'OVERRIDE','/dashboard/users/attributes.php',0,NULL,0,1,0,5,12,0,0,-1,'0',0,1),(16,0,0,1,0,NULL,NULL,NULL,1,12,'PARENT','/dashboard/users/add.php',0,NULL,0,1,0,6,12,0,0,-1,'0',0,1),(17,0,0,1,0,NULL,NULL,NULL,1,17,'OVERRIDE','/dashboard/users/add_group.php',0,NULL,0,1,0,7,12,0,0,-1,'0',0,1),(18,0,0,1,0,NULL,NULL,NULL,1,14,'PARENT','/dashboard/users/groups/bulkupdate.php',0,NULL,0,1,0,0,14,0,0,-1,'0',0,1),(19,0,0,1,0,NULL,NULL,NULL,1,19,'OVERRIDE','/dashboard/users/group_sets.php',0,NULL,0,1,0,8,12,0,0,-1,'0',0,1),(20,0,0,1,0,NULL,NULL,NULL,1,20,'OVERRIDE','/dashboard/users/points/view.php',0,NULL,0,1,2,9,12,0,0,-1,'0',0,1),(21,0,0,1,0,NULL,NULL,NULL,1,20,'PARENT','/dashboard/users/points/assign.php',0,NULL,0,1,0,0,20,0,0,-1,'0',0,1),(22,0,0,1,0,NULL,NULL,NULL,1,20,'PARENT','/dashboard/users/points/actions.php',0,NULL,0,1,0,1,20,0,0,-1,'0',0,1),(23,0,0,1,0,NULL,NULL,NULL,1,23,'OVERRIDE','/dashboard/analytics.php',0,NULL,0,1,2,4,2,6,0,-1,'0',0,1),(24,0,0,1,0,NULL,NULL,NULL,1,24,'OVERRIDE','/dashboard/reports/forms.php',0,NULL,0,1,3,1,151,0,0,-1,'0',0,1),(25,0,0,1,0,NULL,NULL,NULL,1,25,'OVERRIDE','/dashboard/reports/surveys.php',0,NULL,0,1,0,2,151,0,0,-1,'0',0,1),(26,0,0,1,0,NULL,NULL,NULL,1,26,'OVERRIDE','/dashboard/reports/logs.php',0,NULL,0,1,0,6,151,0,0,-1,'0',0,1),(27,0,0,1,0,NULL,NULL,NULL,1,27,'OVERRIDE','/dashboard/pages/view.php',0,NULL,0,1,6,8,2,0,0,-1,'0',0,1),(28,0,0,1,0,NULL,NULL,NULL,1,27,'PARENT','/dashboard/pages/themes/view.php',0,NULL,0,1,1,0,27,0,0,-1,'0',0,1),(29,0,0,1,0,NULL,NULL,NULL,1,27,'PARENT','/dashboard/pages/themes/inspect.php',0,NULL,0,1,0,0,28,0,0,-1,'0',0,1),(30,0,0,1,0,NULL,NULL,NULL,1,27,'PARENT','/dashboard/pages/types/view.php',0,NULL,0,1,6,1,27,0,0,-1,'0',0,1),(31,0,0,1,0,NULL,NULL,NULL,1,27,'PARENT','/dashboard/pages/types/organize.php',0,NULL,0,1,0,0,30,0,0,-1,'0',0,1),(32,0,0,1,0,NULL,NULL,NULL,1,27,'PARENT','/dashboard/pages/types/add.php',0,NULL,0,1,0,1,30,0,0,-1,'0',0,1),(33,0,0,1,0,NULL,NULL,NULL,1,27,'PARENT','/dashboard/pages/types/form.php',0,NULL,0,1,0,2,30,0,0,-1,'0',0,1),(34,0,0,1,0,NULL,NULL,NULL,1,27,'PARENT','/dashboard/pages/types/output.php',0,NULL,0,1,0,3,30,0,0,-1,'0',0,1),(35,0,0,1,0,NULL,NULL,NULL,1,27,'PARENT','/dashboard/pages/types/attributes.php',0,NULL,0,1,0,4,30,0,0,-1,'0',0,1),(36,0,0,1,0,NULL,NULL,NULL,1,27,'PARENT','/dashboard/pages/types/permissions.php',0,NULL,0,1,0,5,30,0,0,-1,'0',0,1),(37,0,0,1,0,NULL,NULL,NULL,1,27,'PARENT','/dashboard/pages/templates/view.php',0,NULL,0,1,1,2,27,0,0,-1,'0',0,1),(38,0,0,1,0,NULL,NULL,NULL,1,27,'PARENT','/dashboard/pages/templates/add.php',0,NULL,0,1,0,0,37,0,0,-1,'0',0,1),(39,0,0,1,0,NULL,NULL,NULL,1,27,'PARENT','/dashboard/pages/attributes.php',0,NULL,0,1,0,3,27,0,0,-1,'0',0,1),(40,0,0,1,0,NULL,NULL,NULL,1,27,'PARENT','/dashboard/pages/single.php',0,NULL,0,1,0,4,27,0,0,-1,'0',0,1),(41,0,0,1,0,NULL,NULL,NULL,1,27,'PARENT','/dashboard/pages/feeds.php',0,NULL,0,1,0,5,27,0,0,-1,'0',0,1),(42,0,0,1,0,NULL,NULL,NULL,1,42,'OVERRIDE','/dashboard/conversations/view.php',0,NULL,0,1,1,9,2,0,0,-1,'0',0,1),(43,0,0,1,0,NULL,NULL,NULL,1,42,'PARENT','/dashboard/conversations/messages.php',0,NULL,0,1,0,0,42,0,0,-1,'0',0,1),(44,0,0,1,0,NULL,NULL,NULL,1,44,'OVERRIDE','/dashboard/workflow/view.php',0,NULL,0,1,2,0,2,0,0,-1,'0',0,1),(45,0,0,1,0,NULL,NULL,NULL,1,45,'OVERRIDE','/dashboard/workflow/workflows.php',0,NULL,0,1,0,0,44,0,0,-1,'0',0,1),(46,0,0,1,0,NULL,NULL,NULL,1,44,'PARENT','/dashboard/workflow/me.php',0,NULL,0,1,0,1,44,0,0,-1,'0',0,1),(47,0,0,1,0,NULL,NULL,NULL,1,47,'OVERRIDE','/dashboard/blocks/view.php',0,NULL,0,1,3,10,2,0,0,-1,'0',0,1),(48,0,0,1,0,NULL,NULL,NULL,1,47,'PARENT','/dashboard/blocks/stacks/view.php',0,NULL,0,1,1,0,47,0,0,-1,'0',0,1),(49,0,0,1,0,NULL,NULL,NULL,1,47,'PARENT','/dashboard/blocks/permissions.php',0,NULL,0,1,0,1,47,0,0,-1,'0',0,1),(50,0,0,1,0,NULL,NULL,NULL,1,47,'PARENT','/dashboard/blocks/stacks/list/view.php',0,NULL,0,1,0,0,48,0,0,-1,'0',0,1),(51,0,0,1,0,NULL,NULL,NULL,1,47,'PARENT','/dashboard/blocks/types/view.php',0,NULL,0,1,0,2,47,0,0,-1,'0',0,1),(52,0,0,1,0,NULL,NULL,NULL,1,52,'OVERRIDE','/dashboard/extend/view.php',0,NULL,0,1,5,11,2,0,0,-1,'0',0,1),(53,0,0,1,0,NULL,NULL,NULL,1,2,'PARENT','/dashboard/news.php',0,NULL,0,1,0,12,2,0,0,-1,'0',0,1),(54,0,0,1,0,NULL,NULL,NULL,1,52,'PARENT','/dashboard/extend/install.php',0,NULL,0,1,0,0,52,0,0,-1,'0',0,1),(55,0,0,1,0,NULL,NULL,NULL,1,52,'PARENT','/dashboard/extend/update.php',0,NULL,0,1,0,1,52,0,0,-1,'0',0,1),(56,0,0,1,0,NULL,NULL,NULL,1,52,'PARENT','/dashboard/extend/connect.php',0,NULL,0,1,0,2,52,0,0,-1,'0',0,1),(57,0,0,1,0,NULL,NULL,NULL,1,52,'PARENT','/dashboard/extend/themes.php',0,NULL,0,1,0,3,52,0,0,-1,'0',0,1),(58,0,0,1,0,NULL,NULL,NULL,1,52,'PARENT','/dashboard/extend/addons.php',0,NULL,0,1,0,4,52,0,0,-1,'0',0,1),(59,0,0,1,0,NULL,NULL,NULL,1,59,'OVERRIDE','/dashboard/system/view.php',0,NULL,0,1,13,13,2,0,0,-1,'0',0,1),(60,0,0,1,0,NULL,NULL,NULL,1,59,'PARENT','/dashboard/system/basics/view.php',0,NULL,0,1,8,0,59,0,0,-1,'0',0,1),(61,0,0,1,0,NULL,NULL,NULL,1,59,'PARENT','/dashboard/system/basics/name.php',0,NULL,0,1,0,0,60,0,0,-1,'0',0,1),(62,0,0,1,0,NULL,NULL,NULL,1,59,'PARENT','/dashboard/system/basics/accessibility.php',0,NULL,0,1,0,1,60,0,0,-1,'0',0,1),(63,0,0,1,0,NULL,NULL,NULL,1,59,'PARENT','/dashboard/system/basics/social.php',0,NULL,0,1,0,2,60,0,0,-1,'0',0,1),(64,0,0,1,0,NULL,NULL,NULL,1,59,'PARENT','/dashboard/system/basics/icons.php',0,NULL,0,1,0,3,60,0,0,-1,'0',0,1),(65,0,0,1,0,NULL,NULL,NULL,1,59,'PARENT','/dashboard/system/basics/editor.php',0,NULL,0,1,0,4,60,0,0,-1,'0',0,1),(66,0,0,1,0,NULL,NULL,NULL,1,59,'PARENT','/dashboard/system/basics/multilingual/view.php',0,NULL,0,1,0,5,60,0,0,-1,'0',0,1),(67,0,0,1,0,NULL,NULL,NULL,1,59,'PARENT','/dashboard/system/basics/timezone.php',0,NULL,0,1,0,6,60,0,0,-1,'0',0,1),(68,0,0,1,0,NULL,NULL,NULL,1,59,'PARENT','/dashboard/system/multilingual/view.php',0,NULL,0,1,4,1,59,0,0,-1,'0',0,1),(69,0,0,1,0,NULL,NULL,NULL,1,59,'PARENT','/dashboard/system/multilingual/setup.php',0,NULL,0,1,0,0,68,0,0,-1,'0',0,1),(70,0,0,1,0,NULL,NULL,NULL,1,59,'PARENT','/dashboard/system/multilingual/page_report.php',0,NULL,0,1,0,1,68,0,0,-1,'0',0,1),(71,0,0,1,0,NULL,NULL,NULL,1,59,'PARENT','/dashboard/system/multilingual/translate_interface.php',0,NULL,0,1,0,2,68,0,0,-1,'0',0,1),(72,0,0,1,0,NULL,NULL,NULL,1,59,'PARENT','/dashboard/system/seo/view.php',0,NULL,0,1,5,2,59,0,0,-1,'0',0,1),(73,0,0,1,0,NULL,NULL,NULL,1,59,'PARENT','/dashboard/system/seo/urls.php',0,NULL,0,1,0,0,72,0,0,-1,'0',0,1),(74,0,0,1,0,NULL,NULL,NULL,1,59,'PARENT','/dashboard/system/seo/bulk.php',0,NULL,0,1,0,1,72,0,0,-1,'0',0,1),(75,0,0,1,0,NULL,NULL,NULL,1,59,'PARENT','/dashboard/system/seo/codes.php',0,NULL,0,1,0,2,72,0,0,-1,'0',0,1),(76,0,0,1,0,NULL,NULL,NULL,1,59,'PARENT','/dashboard/system/seo/excluded.php',0,NULL,0,1,0,3,72,0,0,-1,'0',0,1),(77,0,0,1,0,NULL,NULL,NULL,1,59,'PARENT','/dashboard/system/seo/searchindex.php',0,NULL,0,1,0,4,72,0,0,-1,'0',0,1),(78,0,0,1,0,NULL,NULL,NULL,1,59,'PARENT','/dashboard/system/files/view.php',0,NULL,0,1,5,3,59,0,0,-1,'0',0,1),(79,0,0,1,0,NULL,NULL,NULL,1,59,'PARENT','/dashboard/system/files/permissions.php',0,NULL,0,1,0,0,78,0,0,-1,'0',0,1),(80,0,0,1,0,NULL,NULL,NULL,1,59,'PARENT','/dashboard/system/files/filetypes.php',0,NULL,0,1,0,1,78,0,0,-1,'0',0,1),(81,0,0,1,0,NULL,NULL,NULL,1,59,'PARENT','/dashboard/system/files/thumbnails.php',0,NULL,0,1,0,2,78,0,0,-1,'0',0,1),(82,0,0,1,0,NULL,NULL,NULL,1,59,'PARENT','/dashboard/system/files/storage.php',0,NULL,0,1,0,3,78,0,0,-1,'0',0,1),(83,0,0,1,0,NULL,NULL,NULL,1,59,'PARENT','/dashboard/system/optimization/view.php',0,NULL,0,1,4,4,59,0,0,-1,'0',0,1),(84,0,0,1,0,NULL,NULL,NULL,1,59,'PARENT','/dashboard/system/optimization/cache.php',0,NULL,0,1,0,0,83,0,0,-1,'0',0,1),(85,0,0,1,0,NULL,NULL,NULL,1,59,'PARENT','/dashboard/system/optimization/clearcache.php',0,NULL,0,1,0,1,83,0,0,-1,'0',0,1),(86,0,0,1,0,NULL,NULL,NULL,1,59,'PARENT','/dashboard/system/optimization/jobs.php',0,NULL,0,1,0,2,83,0,0,-1,'0',0,1),(87,0,0,1,0,NULL,NULL,NULL,1,59,'PARENT','/dashboard/system/optimization/query_log.php',0,NULL,0,1,0,3,83,0,0,-1,'0',0,1),(88,0,0,1,0,NULL,NULL,NULL,1,59,'PARENT','/dashboard/system/permissions/view.php',0,NULL,0,1,8,5,59,0,0,-1,'0',0,1),(89,0,0,1,0,NULL,NULL,NULL,1,59,'PARENT','/dashboard/system/permissions/site.php',0,NULL,0,1,0,0,88,0,0,-1,'0',0,1),(90,0,0,1,0,NULL,NULL,NULL,1,59,'PARENT','/dashboard/system/permissions/tasks.php',0,NULL,0,1,0,1,88,0,0,-1,'0',0,1),(91,0,0,1,0,NULL,NULL,NULL,1,59,'PARENT','/dashboard/system/permissions/users.php',0,NULL,0,1,0,2,88,0,0,-1,'0',0,1),(92,0,0,1,0,NULL,NULL,NULL,1,59,'PARENT','/dashboard/system/permissions/advanced.php',0,NULL,0,1,0,3,88,0,0,-1,'0',0,1),(93,0,0,1,0,NULL,NULL,NULL,1,59,'PARENT','/dashboard/system/permissions/blacklist.php',0,NULL,0,1,0,4,88,0,0,-1,'0',0,1),(94,0,0,1,0,NULL,NULL,NULL,1,59,'PARENT','/dashboard/system/permissions/captcha.php',0,NULL,0,1,0,5,88,0,0,-1,'0',0,1),(95,0,0,1,0,NULL,NULL,NULL,1,59,'PARENT','/dashboard/system/permissions/antispam.php',0,NULL,0,1,0,6,88,0,0,-1,'0',0,1),(96,0,0,1,0,NULL,NULL,NULL,1,59,'PARENT','/dashboard/system/permissions/maintenance.php',0,NULL,0,1,0,7,88,0,0,-1,'0',0,1),(97,0,0,1,0,NULL,NULL,NULL,1,59,'PARENT','/dashboard/system/registration/view.php',0,NULL,0,1,4,6,59,0,0,-1,'0',0,1),(98,0,0,1,0,NULL,NULL,NULL,1,59,'PARENT','/dashboard/system/registration/postlogin.php',0,NULL,0,1,0,0,97,0,0,-1,'0',0,1),(99,0,0,1,0,NULL,NULL,NULL,1,59,'PARENT','/dashboard/system/registration/profiles.php',0,NULL,0,1,0,1,97,0,0,-1,'0',0,1),(100,0,0,1,0,NULL,NULL,NULL,1,59,'PARENT','/dashboard/system/registration/open.php',0,NULL,0,1,0,2,97,0,0,-1,'0',0,1),(101,0,0,1,0,NULL,NULL,NULL,1,59,'PARENT','/dashboard/system/registration/authentication.php',0,NULL,0,1,0,3,97,0,0,-1,'0',0,1),(102,0,0,1,0,NULL,NULL,NULL,1,59,'PARENT','/dashboard/system/mail/view.php',0,NULL,0,1,2,7,59,0,0,-1,'0',0,1),(103,0,0,1,0,NULL,NULL,NULL,1,59,'PARENT','/dashboard/system/mail/method.php',0,NULL,0,1,1,0,102,0,0,-1,'0',0,1),(104,0,0,1,0,NULL,NULL,NULL,1,59,'PARENT','/dashboard/system/mail/method/test.php',0,NULL,0,1,0,0,103,0,0,-1,'0',0,1),(105,0,0,1,0,NULL,NULL,NULL,1,59,'PARENT','/dashboard/system/mail/importers.php',0,NULL,0,1,0,1,102,0,0,-1,'0',0,1),(106,0,0,1,0,NULL,NULL,NULL,1,59,'PARENT','/dashboard/system/conversations/view.php',0,NULL,0,1,4,8,59,0,0,-1,'0',0,1),(107,0,0,1,0,NULL,NULL,NULL,1,59,'PARENT','/dashboard/system/conversations/settings.php',0,NULL,0,1,0,0,106,0,0,-1,'0',0,1),(108,0,0,1,0,NULL,NULL,NULL,1,59,'PARENT','/dashboard/system/conversations/points.php',0,NULL,0,1,0,1,106,0,0,-1,'0',0,1),(109,0,0,1,0,NULL,NULL,NULL,1,59,'PARENT','/dashboard/system/conversations/bannedwords.php',0,NULL,0,1,0,2,106,0,0,-1,'0',0,1),(110,0,0,1,0,NULL,NULL,NULL,1,59,'PARENT','/dashboard/system/conversations/permissions.php',0,NULL,0,1,0,3,106,0,0,-1,'0',0,1),(111,0,0,1,0,NULL,NULL,NULL,1,59,'PARENT','/dashboard/system/attributes/view.php',0,NULL,0,1,3,9,59,0,0,-1,'0',0,1),(112,0,0,1,0,NULL,NULL,NULL,1,59,'PARENT','/dashboard/system/attributes/sets.php',0,NULL,0,1,0,0,111,0,0,-1,'0',0,1),(113,0,0,1,0,NULL,NULL,NULL,1,59,'PARENT','/dashboard/system/attributes/types.php',0,NULL,0,1,0,1,111,0,0,-1,'0',0,1),(114,0,0,1,0,NULL,NULL,NULL,1,59,'PARENT','/dashboard/system/attributes/topics/view.php',0,NULL,0,1,1,2,111,0,0,-1,'0',0,1),(115,0,0,1,0,NULL,NULL,NULL,1,59,'PARENT','/dashboard/system/attributes/topics/add.php',0,NULL,0,1,0,0,114,0,0,-1,'0',0,1),(116,0,0,1,0,NULL,NULL,NULL,1,59,'PARENT','/dashboard/system/environment/view.php',0,NULL,0,1,5,10,59,0,0,-1,'0',0,1),(117,0,0,1,0,NULL,NULL,NULL,1,59,'PARENT','/dashboard/system/environment/info.php',0,NULL,0,1,0,0,116,0,0,-1,'0',0,1),(118,0,0,1,0,NULL,NULL,NULL,1,59,'PARENT','/dashboard/system/environment/debug.php',0,NULL,0,1,0,1,116,0,0,-1,'0',0,1),(119,0,0,1,0,NULL,NULL,NULL,1,59,'PARENT','/dashboard/system/environment/logging.php',0,NULL,0,1,0,2,116,0,0,-1,'0',0,1),(120,0,0,1,0,NULL,NULL,NULL,1,59,'PARENT','/dashboard/system/environment/proxy.php',0,NULL,0,1,0,3,116,0,0,-1,'0',0,1),(121,0,0,1,0,NULL,NULL,NULL,1,59,'PARENT','/dashboard/system/backup/view.php',0,NULL,0,1,2,11,59,0,0,-1,'0',0,1),(122,0,0,1,0,NULL,NULL,NULL,1,59,'PARENT','/dashboard/system/backup/backup.php',0,NULL,0,1,0,0,121,0,0,-1,'0',0,1),(123,0,0,1,0,NULL,NULL,NULL,1,59,'PARENT','/dashboard/system/backup/update.php',0,NULL,0,1,0,1,121,0,0,-1,'0',0,1),(126,0,0,1,0,NULL,NULL,NULL,1,126,'OVERRIDE','/!drafts/view.php',0,NULL,0,1,0,0,0,0,0,-1,'0',0,1),(127,0,0,1,0,NULL,NULL,NULL,1,1,'PARENT','/!trash/view.php',0,NULL,0,1,0,0,0,0,0,-1,'0',0,1),(128,0,0,1,0,NULL,NULL,NULL,1,1,'PARENT','/!stacks/view.php',0,NULL,0,1,5,0,0,0,0,-1,'0',0,1),(129,0,0,1,0,NULL,NULL,NULL,1,129,'OVERRIDE','/login.php',0,NULL,0,1,0,0,0,0,0,-1,'0',0,1),(130,0,0,1,0,NULL,NULL,NULL,1,130,'OVERRIDE','/register.php',0,NULL,0,1,0,0,0,0,0,-1,'0',0,1),(131,0,0,1,0,NULL,NULL,NULL,1,131,'OVERRIDE','/account/view.php',0,NULL,0,1,3,0,0,0,0,-1,'0',0,1),(132,0,0,1,0,NULL,NULL,NULL,1,131,'PARENT','/account/edit_profile.php',0,NULL,0,1,0,0,131,0,0,-1,'0',0,1),(133,0,0,1,0,NULL,NULL,NULL,1,131,'PARENT','/account/avatar.php',0,NULL,0,1,0,1,131,0,0,-1,'0',0,1),(134,0,0,1,0,NULL,NULL,NULL,1,131,'PARENT','/account/messages/view.php',0,NULL,0,1,1,2,131,0,0,-1,'0',0,1),(135,0,0,1,0,NULL,NULL,NULL,1,131,'PARENT','/account/messages/inbox.php',0,NULL,0,1,0,0,134,0,0,-1,'0',0,1),(136,0,0,1,0,NULL,NULL,NULL,1,136,'OVERRIDE','/members/view.php',0,NULL,0,1,2,0,1,0,0,-1,'0',0,1),(137,0,0,1,0,NULL,NULL,NULL,1,136,'PARENT','/members/profile.php',0,NULL,0,1,0,0,136,0,0,-1,'0',0,1),(138,0,0,1,0,NULL,NULL,NULL,1,136,'PARENT','/members/directory.php',0,NULL,0,1,0,1,136,0,0,-1,'0',0,1),(139,0,0,1,0,NULL,NULL,NULL,1,139,'OVERRIDE','/page_not_found.php',0,NULL,0,1,0,1,0,0,0,-1,'0',0,1),(140,0,0,1,0,NULL,NULL,NULL,1,140,'OVERRIDE','/page_forbidden.php',0,NULL,0,1,0,1,0,0,0,-1,'0',0,1),(141,0,0,1,0,NULL,NULL,NULL,1,1,'PARENT','/download_file.php',0,NULL,0,1,0,5,1,0,0,-1,'0',0,1),(142,5,1,NULL,0,NULL,NULL,NULL,1,142,'OVERRIDE',NULL,0,NULL,0,1,0,0,0,0,0,-1,'0',0,0),(149,0,0,1,0,NULL,NULL,NULL,1,149,'OVERRIDE','/dashboard/projects.php',0,NULL,0,1,2,2,2,6,0,-1,'0',0,1),(150,0,0,1,0,NULL,NULL,NULL,1,149,'PARENT','/dashboard/projects/launch.php',0,NULL,0,1,0,0,149,6,0,-1,'0',0,1),(151,0,0,1,0,NULL,NULL,NULL,1,151,'OVERRIDE','/dashboard/reports.php',0,NULL,0,1,17,3,2,6,0,-1,'0',0,1),(152,0,0,1,0,NULL,NULL,NULL,1,152,'OVERRIDE','/dashboard/reports/conversations.php',0,NULL,0,1,0,0,151,6,0,-1,'0',0,1),(155,0,0,1,0,NULL,NULL,NULL,1,23,'PARENT','/dashboard/analytics/sessions.php',0,NULL,0,1,0,6,23,6,0,-1,'0',0,1),(156,0,0,1,0,NULL,NULL,NULL,1,23,'PARENT','/dashboard/analytics/visitors.php',0,NULL,0,1,0,7,23,6,0,-1,'0',0,1),(158,0,0,1,0,NULL,NULL,NULL,1,158,'OVERRIDE','/dashboard/moderation.php',0,NULL,0,1,0,1,2,6,0,-1,'0',0,1),(163,14,1,NULL,0,NULL,NULL,NULL,1,163,'OVERRIDE',NULL,0,NULL,0,1,0,0,0,0,0,-1,'0',0,0),(164,14,1,NULL,0,NULL,NULL,NULL,1,164,'OVERRIDE',NULL,0,NULL,0,1,0,0,0,0,0,-1,'0',0,0),(169,0,0,1,0,NULL,NULL,NULL,1,169,'OVERRIDE','/dashboard/reports/social_maps.php',0,NULL,0,1,1,4,151,8,0,-1,'0',0,1),(170,0,0,1,0,NULL,NULL,NULL,1,169,'PARENT','/dashboard/reports/social_maps/results.php',0,NULL,0,1,0,0,169,8,0,-1,'0',0,1),(171,0,0,1,0,NULL,NULL,NULL,1,171,'OVERRIDE','/dashboard/reports/visions.php',0,NULL,0,1,1,5,151,8,0,-1,'0',0,1),(172,0,0,1,0,NULL,NULL,NULL,1,171,'PARENT','/dashboard/reports/visions/results.php',0,NULL,0,1,0,0,171,8,0,-1,'0',0,1),(173,0,0,1,0,NULL,NULL,NULL,1,151,'PARENT','/dashboard/reports/subscriptions.php',0,NULL,0,1,1,3,151,9,0,-1,'0',0,1),(174,0,0,1,0,NULL,NULL,NULL,1,151,'PARENT','/dashboard/reports/subscriptions/results.php',0,NULL,0,1,0,0,173,9,0,-1,'0',0,1),(175,15,1,NULL,0,NULL,NULL,NULL,1,175,'OVERRIDE',NULL,0,NULL,0,1,0,0,0,0,0,-1,'0',0,0),(176,0,0,1,0,NULL,NULL,NULL,1,59,'PARENT','/dashboard/system/moderation/view.php',0,NULL,0,1,3,12,59,6,0,-1,'0',0,1),(177,0,0,1,0,NULL,NULL,NULL,1,59,'PARENT','/dashboard/system/moderation/reason.php',0,NULL,0,1,0,0,176,6,0,-1,'0',0,1),(189,0,0,1,0,NULL,NULL,NULL,1,59,'PARENT','/dashboard/system/environment/entities.php',0,NULL,0,1,0,4,116,0,0,-1,'0',0,1),(193,0,0,1,0,NULL,NULL,NULL,1,59,'PARENT','/dashboard/system/moderation/permissions.php',0,NULL,0,1,0,1,176,6,0,-1,'0',0,1),(194,0,0,1,0,NULL,NULL,NULL,1,59,'PARENT','/dashboard/system/basics/api.php',0,NULL,0,1,0,7,60,9,0,-1,'0',0,1),(195,0,0,1,0,NULL,NULL,NULL,1,59,'PARENT','/dashboard/system/moderation/settings.php',0,NULL,0,1,0,2,176,6,0,-1,'0',0,1),(196,0,0,1,0,NULL,NULL,NULL,1,59,'PARENT','/dashboard/system/multilingual/copy.php',0,NULL,0,1,0,3,68,0,0,-1,'0',0,1),(200,5,0,1,0,NULL,NULL,NULL,1,214,'TEMPLATE',NULL,0,NULL,0,1,0,3,1,0,1,-1,'0',0,0),(204,5,0,1,0,NULL,NULL,NULL,1,214,'TEMPLATE',NULL,0,NULL,0,1,0,2,1,0,188,-1,'0',0,0),(205,5,0,1,0,NULL,NULL,NULL,1,214,'TEMPLATE',NULL,0,NULL,0,1,0,1,1,0,1,-1,'0',0,0),(206,5,0,1,0,NULL,NULL,NULL,1,214,'TEMPLATE',NULL,0,NULL,0,1,0,4,1,0,1,-1,'0',0,0),(209,1,0,1,0,NULL,NULL,NULL,1,1,'PARENT',NULL,0,NULL,0,1,0,0,128,0,0,-1,'0',0,1),(210,1,0,1,0,NULL,NULL,NULL,1,1,'PARENT',NULL,0,NULL,0,1,0,1,128,0,0,-1,'0',0,1),(211,1,0,1,0,NULL,NULL,NULL,1,1,'PARENT',NULL,0,NULL,0,1,0,2,128,0,0,-1,'0',0,1),(212,1,0,1,0,NULL,NULL,NULL,1,1,'PARENT',NULL,0,NULL,0,1,0,3,128,0,0,-1,'0',0,1),(213,1,0,1,0,NULL,NULL,NULL,1,1,'PARENT',NULL,0,NULL,0,1,0,4,128,0,0,-1,'0',0,1),(214,5,1,NULL,0,NULL,NULL,NULL,1,214,'OVERRIDE',NULL,0,NULL,0,1,0,0,0,0,0,-1,'0',0,0),(215,18,1,1,0,NULL,NULL,NULL,1,215,'OVERRIDE',NULL,0,NULL,0,1,0,13,0,0,0,-1,'0',0,0),(216,18,1,NULL,0,NULL,NULL,NULL,1,216,'OVERRIDE',NULL,0,NULL,0,1,0,0,0,0,0,-1,'0',0,0),(217,16,1,NULL,0,NULL,NULL,NULL,1,217,'OVERRIDE',NULL,0,NULL,0,1,0,0,0,0,0,-1,'0',0,0),(218,18,1,NULL,0,NULL,NULL,NULL,1,218,'OVERRIDE',NULL,0,NULL,0,1,0,0,0,0,0,-1,'0',0,0),(220,19,1,NULL,0,NULL,NULL,NULL,1,220,'OVERRIDE',NULL,0,NULL,0,1,0,0,0,0,0,-1,'0',0,0),(238,14,1,NULL,0,NULL,NULL,NULL,1,238,'OVERRIDE',NULL,0,NULL,0,1,0,0,0,0,0,-1,'0',0,0),(251,5,1,NULL,0,NULL,NULL,NULL,1,251,'OVERRIDE',NULL,0,NULL,0,1,0,0,0,0,0,-1,'0',0,0),(252,16,1,NULL,0,NULL,NULL,NULL,1,252,'OVERRIDE',NULL,0,NULL,0,1,0,0,0,0,0,-1,'0',0,0),(255,0,0,1,0,NULL,NULL,NULL,1,255,'OVERRIDE','/dashboard/users/community/import.php',0,NULL,0,1,0,10,308,11,0,-1,'0',0,1),(306,0,0,1,0,NULL,NULL,NULL,1,12,'PARENT','/dashboard/users/site.php',0,NULL,0,1,2,1,12,11,0,-1,'0',0,1),(307,0,0,1,0,NULL,NULL,NULL,1,12,'PARENT','/dashboard/users/site/add.php',0,NULL,0,1,0,0,306,11,0,-1,'0',0,1),(308,0,0,1,0,NULL,NULL,NULL,1,12,'PARENT','/dashboard/users/community.php',0,NULL,0,1,2,0,12,11,0,-1,'0',0,1),(309,0,0,1,0,NULL,NULL,NULL,1,12,'PARENT','/dashboard/users/community/add.php',0,NULL,0,1,0,0,308,11,0,-1,'0',0,1),(310,0,0,1,0,NULL,NULL,NULL,1,310,'OVERRIDE','/dashboard/users/site/import.php',0,NULL,0,1,0,1,306,11,0,-1,'0',0,1),(311,0,0,1,0,NULL,NULL,NULL,1,311,'OVERRIDE','/dashboard/users/internal.php',0,NULL,0,1,0,2,12,11,0,-1,'0',0,1),(314,5,0,1,0,NULL,NULL,NULL,1,214,'TEMPLATE',NULL,0,NULL,0,1,0,6,1,0,1,-1,'0',0,0),(315,0,0,1,0,NULL,NULL,NULL,1,315,'OVERRIDE','/dashboard/settings/view.php',0,NULL,0,1,5,14,2,11,0,-1,'0',0,1),(316,0,0,1,0,NULL,NULL,NULL,1,315,'PARENT','/dashboard/settings/site/view.php',0,NULL,0,1,12,0,315,11,0,-1,'0',0,1),(317,0,0,1,0,NULL,NULL,NULL,1,317,'OVERRIDE','/dashboard/settings/site/basics.php',0,NULL,0,1,0,0,316,11,0,-1,'0',0,1),(318,0,0,1,0,NULL,NULL,NULL,1,318,'OVERRIDE','/dashboard/settings/site/contact.php',0,NULL,0,1,0,1,316,11,0,-1,'0',0,1),(319,0,0,1,0,NULL,NULL,NULL,1,319,'OVERRIDE','/dashboard/settings/site/tracking_codes.php',0,NULL,0,1,0,2,316,11,0,-1,'0',0,1),(320,0,0,1,0,NULL,NULL,NULL,1,320,'OVERRIDE','/dashboard/settings/site/social_links.php',0,NULL,0,1,0,3,316,11,0,-1,'0',0,1),(321,0,0,1,0,NULL,NULL,NULL,1,321,'OVERRIDE','/dashboard/settings/site/apis.php',0,NULL,0,1,0,4,316,11,0,-1,'0',0,1),(322,0,0,1,0,NULL,NULL,NULL,1,322,'OVERRIDE','/dashboard/settings/site/map.php',0,NULL,0,1,0,5,316,11,0,-1,'0',0,1),(324,0,0,1,0,NULL,NULL,NULL,1,324,'OVERRIDE','/dashboard/settings/users/view.php',0,NULL,0,1,4,1,315,11,0,-1,'0',0,1),(325,0,0,1,0,NULL,NULL,NULL,1,324,'PARENT','/dashboard/settings/users/attributes.php',0,NULL,0,1,0,0,324,11,0,-1,'0',0,1),(326,0,0,1,0,NULL,NULL,NULL,1,324,'PARENT','/dashboard/settings/users/registration.php',0,NULL,0,1,0,1,324,11,0,-1,'0',0,1),(327,0,0,1,0,NULL,NULL,NULL,1,324,'PARENT','/dashboard/settings/users/profiles.php',0,NULL,0,1,0,2,324,11,0,-1,'0',0,1),(328,0,0,1,0,NULL,NULL,NULL,1,328,'OVERRIDE','/dashboard/settings/moderation/view.php',0,NULL,0,1,2,2,315,11,0,-1,'0',0,1),(329,0,0,1,0,NULL,NULL,NULL,1,328,'PARENT','/dashboard/settings/moderation/moderation_method.php',0,NULL,0,1,0,0,328,11,0,-1,'0',0,1),(330,0,0,1,0,NULL,NULL,NULL,1,328,'PARENT','/dashboard/settings/moderation/banned_words.php',0,NULL,0,1,0,1,328,11,0,-1,'0',0,1),(331,0,0,1,0,NULL,NULL,NULL,1,331,'OVERRIDE','/dashboard/settings/email/view.php',0,NULL,0,1,1,3,315,11,0,-1,'0',0,1),(332,0,0,1,0,NULL,NULL,NULL,1,331,'PARENT','/dashboard/settings/email/notifications.php',0,NULL,0,1,0,0,331,11,0,-1,'0',0,1),(333,0,0,1,0,NULL,NULL,NULL,1,324,'PARENT','/dashboard/settings/users/quota.php',0,NULL,0,1,0,3,324,11,0,-1,'0',0,1),(334,0,0,1,0,NULL,NULL,NULL,1,59,'PARENT','/dashboard/system/files/image_uploading.php',0,NULL,0,1,0,4,78,0,0,-1,'0',0,1),(335,0,0,1,0,NULL,NULL,NULL,1,149,'PARENT','/dashboard/projects/settings.php',0,NULL,0,1,0,1,149,6,0,-1,'0',0,1),(336,0,0,1,0,NULL,NULL,NULL,1,151,'PARENT','/dashboard/reports/overview.php',0,NULL,0,1,0,7,151,6,0,-1,'0',0,1),(337,0,0,1,0,NULL,NULL,NULL,1,151,'PARENT','/dashboard/reports/audience.php',0,NULL,0,1,0,8,151,6,0,-1,'0',0,1),(338,0,0,1,0,NULL,NULL,NULL,1,151,'PARENT','/dashboard/reports/results.php',0,NULL,0,1,0,9,151,6,0,-1,'0',0,1),(339,0,0,1,0,NULL,NULL,NULL,1,151,'PARENT','/dashboard/reports/behaviour.php',0,NULL,0,1,0,10,151,6,0,-1,'0',0,1),(340,0,0,1,0,NULL,NULL,NULL,1,151,'PARENT','/dashboard/reports/acquisition.php',0,NULL,0,1,0,11,151,6,0,-1,'0',0,1),(341,0,0,1,0,NULL,NULL,NULL,1,341,'OVERRIDE','/dashboard/settings/site/teams/view.php',0,NULL,0,1,2,6,316,11,0,-1,'0',0,1),(342,0,0,1,0,NULL,NULL,NULL,1,341,'PARENT','/dashboard/settings/site/teams/add.php',0,NULL,0,1,0,0,341,11,0,-1,'0',0,1),(343,0,0,1,0,NULL,NULL,NULL,1,341,'PARENT','/dashboard/settings/site/teams/edit.php',0,NULL,0,1,0,1,341,11,0,-1,'0',0,1),(344,0,0,1,0,NULL,NULL,NULL,1,315,'PARENT','/dashboard/settings/site/project_groups/view.php',0,NULL,0,1,2,7,316,11,0,-1,'0',0,1),(345,0,0,1,0,NULL,NULL,NULL,1,315,'PARENT','/dashboard/settings/site/project_groups/add.php',0,NULL,0,1,0,0,344,11,0,-1,'0',0,1),(346,0,0,1,0,NULL,NULL,NULL,1,315,'PARENT','/dashboard/settings/site/project_groups/edit.php',0,NULL,0,1,0,1,344,11,0,-1,'0',0,1),(347,0,0,1,0,NULL,NULL,NULL,1,347,'OVERRIDE','/dashboard/settings/projects/view.php',0,NULL,0,1,3,4,315,11,0,-1,'0',0,1),(348,0,0,1,0,NULL,NULL,NULL,1,347,'PARENT','/dashboard/settings/projects/user_roles.php',0,NULL,0,1,0,0,347,11,0,-1,'0',0,1),(349,0,0,1,0,NULL,NULL,NULL,1,347,'PARENT','/dashboard/settings/projects/admin_permissions.php',0,NULL,0,1,0,1,347,11,0,-1,'0',0,1),(350,0,0,1,0,NULL,NULL,NULL,1,350,'OVERRIDE','/dashboard/settings/site/project_follow.php',0,NULL,0,1,0,8,316,11,0,-1,'0',0,1),(351,0,0,1,0,NULL,NULL,NULL,1,347,'PARENT','/dashboard/settings/projects/launch_wizard.php',0,NULL,0,1,0,2,347,11,0,-1,'0',0,1),(352,0,0,1,0,NULL,NULL,NULL,1,352,'OVERRIDE','/dashboard/settings/site/date_time_format.php',0,NULL,0,1,0,9,316,11,0,-1,'0',0,1),(353,0,0,1,0,NULL,NULL,NULL,1,353,'OVERRIDE','/dashboard/settings/site/project_interests/view.php',0,NULL,0,1,4,10,316,11,0,-1,'0',0,1),(354,0,0,1,0,NULL,NULL,NULL,1,353,'PARENT','/dashboard/settings/site/project_interests/add_category.php',0,NULL,0,1,0,0,353,11,0,-1,'0',0,1),(355,0,0,1,0,NULL,NULL,NULL,1,353,'PARENT','/dashboard/settings/site/project_interests/edit_category.php',0,NULL,0,1,0,1,353,11,0,-1,'0',0,1),(356,0,0,1,0,NULL,NULL,NULL,1,353,'PARENT','/dashboard/settings/site/project_interests/add_location.php',0,NULL,0,1,0,2,353,11,0,-1,'0',0,1),(357,0,0,1,0,NULL,NULL,NULL,1,353,'PARENT','/dashboard/settings/site/project_interests/edit_location.php',0,NULL,0,1,0,3,353,11,0,-1,'0',0,1),(358,0,0,1,0,NULL,NULL,NULL,1,151,'PARENT','/dashboard/reports/qa.php',0,NULL,0,1,1,12,151,8,0,-1,'0',0,1),(359,0,0,1,0,NULL,NULL,NULL,1,151,'PARENT','/dashboard/reports/qa/results.php',0,NULL,0,1,0,0,358,8,0,-1,'0',0,1),(360,0,0,1,0,NULL,NULL,NULL,1,151,'PARENT','/dashboard/reports/budgeting.php',0,NULL,0,1,1,13,151,12,0,-1,'0',0,1),(361,0,0,1,0,NULL,NULL,NULL,1,151,'PARENT','/dashboard/reports/budgeting/results.php',0,NULL,0,1,0,0,360,12,0,-1,'0',0,1),(362,0,0,1,0,NULL,NULL,NULL,1,151,'PARENT','/dashboard/reports/stories.php',0,NULL,0,1,1,14,151,8,0,-1,'0',0,1),(363,0,0,1,0,NULL,NULL,NULL,1,151,'PARENT','/dashboard/reports/stories/results.php',0,NULL,0,1,0,0,362,8,0,-1,'0',0,1),(364,0,0,1,0,NULL,NULL,NULL,1,151,'PARENT','',0,NULL,0,1,1,15,151,8,0,-1,'0',0,1),(365,0,0,1,0,NULL,NULL,NULL,1,151,'PARENT','/dashboard/reports/comments/results.php',0,NULL,0,1,0,0,364,8,0,-1,'0',0,1),(366,0,0,1,0,NULL,NULL,NULL,0,366,'OVERRIDE','/maintenance_mode.php',0,NULL,0,1,0,7,0,0,0,-1,'0',0,1),(367,0,0,1,0,NULL,NULL,NULL,1,151,'PARENT','/dashboard/reports/people.php',0,NULL,0,1,2,16,151,6,0,-1,'0',0,1),(368,0,0,1,0,NULL,NULL,NULL,1,151,'PARENT','/dashboard/reports/people/followers.php',0,NULL,0,1,0,1,367,6,0,-1,'0',0,1),(369,0,0,1,0,NULL,NULL,NULL,1,369,'OVERRIDE','/dashboard/settings/site/privacy.php',0,NULL,0,1,0,11,316,11,0,-1,'0',0,1),(370,0,0,1,0,NULL,NULL,NULL,1,151,'PARENT','/dashboard/reports/people/participation.php',0,NULL,0,1,0,0,367,6,0,-1,'0',0,1),(371,0,0,1,0,NULL,NULL,NULL,1,24,'PARENT','/dashboard/reports/forms/statistics.php',0,NULL,0,1,0,0,24,0,0,-1,'0',0,1),(372,0,0,1,0,NULL,NULL,NULL,1,24,'PARENT','/dashboard/reports/forms/analysis.php',0,NULL,0,1,0,1,24,0,0,-1,'0',0,1),(373,0,0,1,0,NULL,NULL,NULL,1,24,'PARENT','/dashboard/reports/forms/responses.php',0,NULL,0,1,0,2,24,0,0,-1,'0',0,1),(374,0,0,1,0,NULL,NULL,NULL,0,374,'OVERRIDE','/unsubscribe.php',0,NULL,0,1,0,7,0,0,0,-1,'0',0,1),(375,0,0,1,0,NULL,NULL,NULL,0,1,'PARENT','/download_submission.php',0,NULL,0,1,0,7,0,0,0,-1,'0',0,1),(376,0,0,1,0,NULL,NULL,NULL,1,376,'OVERRIDE','/dashboard/edm/view.php',0,NULL,0,1,2,15,2,11,0,-1,'0',0,1),(377,0,0,1,0,NULL,NULL,NULL,1,376,'PARENT','/dashboard/edm/campaigns.php',0,NULL,0,1,3,0,376,11,0,-1,'0',0,1),(378,0,0,1,0,NULL,NULL,NULL,1,376,'PARENT','/dashboard/edm/campaigns/add.php',0,NULL,0,1,0,0,377,11,0,-1,'0',0,1),(379,0,0,1,0,NULL,NULL,NULL,1,376,'PARENT','/dashboard/edm/lists.php',0,NULL,0,1,4,1,376,11,0,-1,'0',0,1),(380,0,0,1,0,NULL,NULL,NULL,1,376,'PARENT','/dashboard/edm/lists/add.php',0,NULL,0,1,0,0,379,11,0,-1,'0',0,1),(381,0,0,1,0,NULL,NULL,NULL,1,376,'PARENT','/dashboard/edm/lists/edit.php',0,NULL,0,1,0,1,379,11,0,-1,'0',0,1),(382,0,0,1,0,NULL,NULL,NULL,1,376,'PARENT','/dashboard/edm/lists/custom.php',0,NULL,0,1,0,2,379,11,0,-1,'0',0,1),(383,0,0,1,0,NULL,NULL,NULL,1,376,'PARENT','/dashboard/edm/lists/segment.php',0,NULL,0,1,0,3,379,11,0,-1,'0',0,1),(384,0,0,1,0,NULL,NULL,NULL,1,376,'PARENT','/dashboard/edm/campaigns/edit.php',0,NULL,0,1,0,1,377,11,0,-1,'0',0,1),(385,0,0,1,0,NULL,NULL,NULL,1,376,'PARENT','/dashboard/edm/campaigns/info.php',0,NULL,0,1,0,2,377,11,0,-1,'0',0,1),(386,20,1,NULL,0,NULL,NULL,NULL,1,386,'OVERRIDE',NULL,0,NULL,0,1,0,0,0,0,0,-1,'0',0,0);
/*!40000 ALTER TABLE `pages` ENABLE KEYS */;
UNLOCK TABLES;

--
-- Table structure for table `pagesearchindex`
--

DROP TABLE IF EXISTS `pagesearchindex`;
/*!40101 SET @saved_cs_client     = @@character_set_client */;
/*!40101 SET character_set_client = utf8 */;
CREATE TABLE `pagesearchindex` (
  `cID` int(10) unsigned NOT NULL DEFAULT '0',
  `content` longtext COLLATE utf8_unicode_ci,
  `cName` varchar(255) COLLATE utf8_unicode_ci DEFAULT NULL,
  `cDescription` text COLLATE utf8_unicode_ci,
  `cPath` text COLLATE utf8_unicode_ci,
  `cDatePublic` datetime DEFAULT NULL,
  `cDateLastIndexed` datetime DEFAULT NULL,
  `cDateLastSitemapped` datetime DEFAULT NULL,
  `cRequiresReindex` tinyint(1) DEFAULT '0',
  PRIMARY KEY (`cID`),
  KEY `cDateLastIndexed` (`cDateLastIndexed`),
  KEY `cDateLastSitemapped` (`cDateLastSitemapped`),
  KEY `cRequiresReindex` (`cRequiresReindex`),
  FULLTEXT KEY `cName` (`cName`),
  FULLTEXT KEY `cDescription` (`cDescription`),
  FULLTEXT KEY `content` (`content`),
  FULLTEXT KEY `content2` (`cName`,`cDescription`,`content`)
) ENGINE=InnoDB DEFAULT CHARSET=utf8 COLLATE=utf8_unicode_ci;
/*!40101 SET character_set_client = @saved_cs_client */;

--
-- Dumping data for table `pagesearchindex`
--

LOCK TABLES `pagesearchindex` WRITE;
/*!40000 ALTER TABLE `pagesearchindex` DISABLE KEYS */;
INSERT INTO `pagesearchindex` VALUES (1,'','Home','',NULL,'2015-03-13 05:10:00','2019-02-14 16:21:04',NULL,0),(2,'','Dashboard','','/dashboard','2015-03-13 05:12:14','2019-02-14 16:21:04',NULL,0),(3,'','Sitemap','Whole world at a glance.','/dashboard/sitemap','2015-03-13 05:12:00','2019-02-14 16:21:04',NULL,0),(4,'','Full Sitemap','','/dashboard/sitemap/full','2015-03-13 05:12:00','2019-02-14 16:21:04',NULL,0),(5,'','Flat View','','/dashboard/sitemap/explore','2015-03-13 05:12:14','2019-02-14 16:21:04',NULL,0),(6,'','Page Search','','/dashboard/sitemap/search','2015-03-13 05:12:14','2019-02-14 16:21:05',NULL,0),(7,'','Files','All documents and images.','/dashboard/files','2015-03-13 05:12:00','2019-02-14 16:21:05',NULL,0),(8,'','File Manager','','/dashboard/files/search','2015-03-13 05:12:00','2019-02-14 16:21:05',NULL,0),(9,'','Attributes','','/dashboard/files/attributes','2015-03-13 05:12:14','2019-02-14 16:21:05',NULL,0),(10,'','File Sets','','/dashboard/files/sets','2015-03-13 05:12:14','2019-02-14 16:21:05',NULL,0),(11,'','Add File Set','','/dashboard/files/add_set','2015-03-13 05:12:15','2019-02-14 16:21:06',NULL,0),(12,'','Members','Add and manage the user accounts and groups on your website.','/dashboard/users','2015-03-13 05:12:00','2019-02-14 16:21:06',NULL,0),(13,'','All Users','','/dashboard/users/search','2015-03-13 05:12:00','2019-02-14 16:21:06',NULL,0),(14,'','User Groups','','/dashboard/users/groups','2015-03-13 05:12:15','2019-02-14 16:21:06',NULL,0),(15,'','Attributes','','/dashboard/users/attributes','2015-03-13 05:12:15','2019-02-14 16:21:06',NULL,0),(16,'','Add User','','/dashboard/users/add','2015-03-13 05:12:15','2019-02-14 16:21:06',NULL,0),(17,'','Add Group','','/dashboard/users/add_group','2015-03-13 05:12:15','2019-02-14 16:21:06',NULL,0),(18,'','Move Multiple Groups','','/dashboard/users/groups/bulkupdate','2015-03-13 05:12:15','2019-02-14 16:21:06',NULL,0),(19,'','Group Sets','','/dashboard/users/group_sets','2015-03-13 05:12:15','2019-02-14 16:21:06',NULL,0),(20,'','Community Points',NULL,'/dashboard/users/points','2015-03-13 05:12:15','2019-02-14 16:21:06',NULL,0),(21,'','Assign Points',NULL,'/dashboard/users/points/assign','2015-03-13 05:12:16','2019-02-14 16:21:07',NULL,0),(22,'','Actions',NULL,'/dashboard/users/points/actions','2015-03-13 05:12:16','2019-02-14 16:21:07',NULL,0),(23,'','Analytics','Get data from forms and logs.','/dashboard/analytics','2015-03-13 05:12:00','2019-02-14 16:21:07',NULL,0),(24,'','Forms','Get submission data.','/dashboard/reports/forms','2015-03-13 05:12:00','2019-02-14 16:21:07',NULL,0),(25,'','Polls','','/dashboard/reports/surveys','2015-03-13 05:12:00','2019-02-14 16:21:07',NULL,0),(26,'','Logs','','/dashboard/reports/logs','2015-03-13 05:12:16','2019-02-14 16:21:07',NULL,0),(27,'','Pages & Themes','Reskin your site.','/dashboard/pages','2015-03-13 05:12:00','2019-02-14 16:21:07',NULL,0),(28,'','Themes','Reskin your site.','/dashboard/pages/themes','2015-03-13 05:12:16','2019-02-14 16:21:07',NULL,0),(29,'','Inspect','','/dashboard/pages/themes/inspect','2015-03-13 05:12:16','2019-02-14 16:21:07',NULL,0),(30,'','Page Types','','/dashboard/pages/types','2015-03-13 05:12:16','2019-02-14 16:21:07',NULL,0),(31,'','Organize Page Type Order','','/dashboard/pages/types/organize','2015-03-13 05:12:16','2019-02-14 16:21:08',NULL,0),(32,'','Add Page Type','','/dashboard/pages/types/add','2015-03-13 05:12:16','2019-02-14 16:21:08',NULL,0),(33,'','Compose Form','','/dashboard/pages/types/form','2015-03-13 05:12:17','2019-02-14 16:21:08',NULL,0),(34,'','Defaults and Output','','/dashboard/pages/types/output','2015-03-13 05:12:17','2019-02-14 16:21:08',NULL,0),(35,'','Page Type Attributes','','/dashboard/pages/types/attributes','2015-03-13 05:12:17','2019-02-14 16:21:08',NULL,0),(36,'','Page Type Permissions','','/dashboard/pages/types/permissions','2015-03-13 05:12:17','2019-02-14 16:21:08',NULL,0),(37,'','Page Templates','Form factors for pages in your site.','/dashboard/pages/templates','2015-03-13 05:12:17','2019-02-14 16:21:08',NULL,0),(38,'','Add Page Template','Add page templates to your site.','/dashboard/pages/templates/add','2015-03-13 05:12:17','2019-02-14 16:21:08',NULL,0),(39,'','Attributes','','/dashboard/pages/attributes','2015-03-13 05:12:17','2019-02-14 16:21:08',NULL,0),(40,'','Single Pages','','/dashboard/pages/single','2015-03-13 05:12:17','2019-02-14 16:21:08',NULL,0),(41,'','RSS Feeds','','/dashboard/pages/feeds','2015-03-13 05:12:17','2019-02-14 16:21:09',NULL,0),(42,'','Conversations','','/dashboard/conversations','2015-03-13 05:12:00','2019-02-14 16:21:09',NULL,0),(43,'','Messages','','/dashboard/conversations/messages','2015-03-13 05:12:18','2019-02-14 16:21:09',NULL,0),(44,'','Workflow','','/dashboard/workflow','2015-03-13 05:12:00','2019-02-14 16:21:09',NULL,0),(45,'','Workflow List','','/dashboard/workflow/workflows','2015-03-13 05:12:18','2019-02-14 16:21:09',NULL,0),(46,'','Waiting for Me','','/dashboard/workflow/me','2015-03-13 05:12:00','2019-02-14 16:21:09',NULL,0),(47,'','Stacks & Blocks','Manage sitewide content and administer block types.','/dashboard/blocks','2015-03-13 05:12:00','2019-02-14 16:21:09',NULL,0),(48,'','Stacks','Share content across your site.','/dashboard/blocks/stacks','2015-03-13 05:12:18','2019-02-14 16:21:09',NULL,0),(49,'','Block & Stack Permissions','Control who can add blocks and stacks on your site.','/dashboard/blocks/permissions','2015-03-13 05:12:18','2019-02-14 16:21:09',NULL,0),(51,'','Block Types','Manage the installed block types in your site.','/dashboard/blocks/types','2015-03-13 05:12:18','2019-02-14 16:21:09',NULL,0),(52,'','Extend The Hive','','/dashboard/extend','2015-03-13 05:12:00','2019-02-14 16:21:10',NULL,0),(53,'','Dashboard','','/dashboard/news','2015-03-13 05:12:18','2019-02-14 16:21:10',NULL,0),(54,'','Add Functionality','Install add-ons & themes.','/dashboard/extend/install','2015-03-13 05:12:18','2019-02-14 16:21:10',NULL,0),(55,'','Update Add-Ons','Update your installed packages.','/dashboard/extend/update','2015-03-13 05:12:19','2019-02-14 16:21:10',NULL,0),(56,'','Connect to the Community','Connect to the concrete5 community.','/dashboard/extend/connect','2015-03-13 05:12:19','2019-02-14 16:21:10',NULL,0),(57,'','Get More Themes','Download themes from concrete5.org.','/dashboard/extend/themes','2015-03-13 05:12:19','2019-02-14 16:21:10',NULL,0),(58,'','Get More Add-Ons','Download add-ons from concrete5.org.','/dashboard/extend/addons','2015-03-13 05:12:19','2019-02-14 16:21:10',NULL,0),(59,'','System & Settings','Secure and setup your site.','/dashboard/system','2015-03-13 05:12:00','2019-02-14 16:21:10',NULL,0),(60,'','Basics','Basic information about your website.','/dashboard/system/basics','2015-03-13 05:12:19','2019-02-14 16:21:10',NULL,0),(61,'','Site Name','','/dashboard/system/basics/name','2015-03-13 05:12:19','2019-02-14 16:21:10',NULL,0),(62,'','Accessibility','','/dashboard/system/basics/accessibility','2015-03-13 05:12:19','2019-02-14 16:21:11',NULL,0),(63,'','Social Links','','/dashboard/system/basics/social','2015-03-13 05:12:19','2019-02-14 16:21:11',NULL,0),(64,'','Bookmark Icons','Bookmark icon and mobile home screen icon setup.','/dashboard/system/basics/icons','2015-03-13 05:12:19','2019-02-14 16:21:11',NULL,0),(65,'','Rich Text Editor','','/dashboard/system/basics/editor','2015-03-13 05:12:20','2019-02-14 16:21:11',NULL,0),(66,'','Languages','','/dashboard/system/basics/multilingual','2015-03-13 05:12:20','2019-02-14 16:21:11',NULL,0),(67,'','Time Zone','','/dashboard/system/basics/timezone','2015-03-13 05:12:20','2019-02-14 16:21:11',NULL,0),(68,'','Multilingual','Run your site in multiple languages.','/dashboard/system/multilingual','2015-03-13 05:12:20','2019-02-14 16:21:11',NULL,0),(69,'','Multilingual Setup','','/dashboard/system/multilingual/setup','2015-03-13 05:12:20','2019-02-14 16:21:11',NULL,0),(70,'','Page Report','','/dashboard/system/multilingual/page_report','2015-03-13 05:12:20','2019-02-14 16:21:11',NULL,0),(71,'','Translate Site Interface','','/dashboard/system/multilingual/translate_interface','2015-03-13 05:12:20','2019-02-14 16:21:11',NULL,0),(72,'','SEO & Statistics','Enable pretty URLs and tracking codes.','/dashboard/system/seo','2015-03-13 05:12:20','2019-02-14 16:21:12',NULL,0),(73,'','URLs and Redirection','','/dashboard/system/seo/urls','2015-03-13 05:12:20','2019-02-14 16:21:12',NULL,0),(74,'','Bulk SEO Updater','','/dashboard/system/seo/bulk','2015-03-13 05:12:20','2019-02-14 16:21:12',NULL,0),(75,'','Tracking Codes','','/dashboard/system/seo/codes','2015-03-13 05:12:20','2019-02-14 16:21:12',NULL,0),(76,'','Excluded URL Word List','','/dashboard/system/seo/excluded','2015-03-13 05:12:21','2019-02-14 16:21:12',NULL,0),(77,'','Search Index','','/dashboard/system/seo/searchindex','2015-03-13 05:12:21','2019-02-14 16:21:12',NULL,0),(78,'','Files','','/dashboard/system/files','2015-03-13 05:12:21','2019-02-14 16:21:12',NULL,0),(79,'','File Manager Permissions','','/dashboard/system/files/permissions','2015-03-13 05:12:21','2019-02-14 16:21:12',NULL,0),(80,'','Allowed File Types','','/dashboard/system/files/filetypes','2015-03-13 05:12:21','2019-02-14 16:21:12',NULL,0),(81,'','Thumbnails','','/dashboard/system/files/thumbnails','2015-03-13 05:12:21','2019-02-14 16:21:12',NULL,0),(82,'','File Storage Locations','','/dashboard/system/files/storage','2015-03-13 05:12:21','2019-02-14 16:21:13',NULL,0),(83,'','Optimization','Keep your site running well.','/dashboard/system/optimization','2015-03-13 05:12:21','2019-02-14 16:21:13',NULL,0),(84,'','Cache & Speed Settings','','/dashboard/system/optimization/cache','2015-03-13 05:12:21','2019-02-14 16:21:13',NULL,0),(85,'','Clear Cache','','/dashboard/system/optimization/clearcache','2015-03-13 05:12:21','2019-02-14 16:21:13',NULL,0),(86,'','Automated Jobs','','/dashboard/system/optimization/jobs','2015-03-13 05:12:21','2019-02-14 16:21:13',NULL,0),(87,'','Database Query Log','','/dashboard/system/optimization/query_log','2015-03-13 05:12:22','2019-02-14 16:21:13',NULL,0),(88,'','Permissions & Access','Control who sees and edits your site.','/dashboard/system/permissions','2015-03-13 05:12:22','2019-02-14 16:21:13',NULL,0),(89,'','Site Access','','/dashboard/system/permissions/site','2015-03-13 05:12:22','2019-02-14 16:21:13',NULL,0),(90,'','Task Permissions','','/dashboard/system/permissions/tasks','2015-03-13 05:12:22','2019-02-14 16:21:13',NULL,0),(91,'','User Permissions','','/dashboard/system/permissions/users','2015-03-13 05:12:22','2019-02-14 16:21:13',NULL,0),(92,'','Advanced Permissions','','/dashboard/system/permissions/advanced','2015-03-13 05:12:22','2019-02-14 16:21:13',NULL,0),(93,'','IP Blacklist','','/dashboard/system/permissions/blacklist','2015-03-13 05:12:22','2019-02-14 16:21:14',NULL,0),(94,'','Captcha Setup','','/dashboard/system/permissions/captcha','2015-03-13 05:12:22','2019-02-14 16:21:14',NULL,0),(95,'','Spam Control','','/dashboard/system/permissions/antispam','2015-03-13 05:12:22','2019-02-14 16:21:14',NULL,0),(96,'','Maintenance Mode','','/dashboard/system/permissions/maintenance','2015-03-13 05:12:22','2019-02-14 16:21:14',NULL,0),(97,'','Login & Registration','Change login behaviors and setup public profiles.','/dashboard/system/registration','2015-03-13 05:12:23','2019-02-14 16:21:14',NULL,0),(98,'','Login Destination','','/dashboard/system/registration/postlogin','2015-03-13 05:12:23','2019-02-14 16:21:14',NULL,0),(99,'','Public Profiles','','/dashboard/system/registration/profiles','2015-03-13 05:12:23','2019-02-14 16:21:14',NULL,0),(100,'','Public Registration','','/dashboard/system/registration/open','2015-03-13 05:12:23','2019-02-14 16:21:14',NULL,0),(101,'','Authentication Types','','/dashboard/system/registration/authentication','2015-03-13 05:12:23','2019-02-14 16:21:14',NULL,0),(102,'','Email','Control how your site send and processes mail.','/dashboard/system/mail','2015-03-13 05:12:23','2019-02-14 16:21:14',NULL,0),(103,'','SMTP Method','','/dashboard/system/mail/method','2015-03-13 05:12:23','2019-02-14 16:21:14',NULL,0),(104,'','Test Mail Settings','','/dashboard/system/mail/method/test','2015-03-13 05:12:23','2019-02-14 16:21:15',NULL,0),(105,'','Email Importers','','/dashboard/system/mail/importers','2015-03-13 05:12:23','2019-02-14 16:21:15',NULL,0),(106,'','Conversations','Manage your conversations settings','/dashboard/system/conversations','2015-03-13 05:12:23','2019-02-14 16:21:15',NULL,0),(107,'','Settings','','/dashboard/system/conversations/settings','2015-03-13 05:12:24','2019-02-14 16:21:15',NULL,0),(108,'','Community Points','','/dashboard/system/conversations/points','2015-03-13 05:12:24','2019-02-14 16:21:15',NULL,0),(109,'','Banned Words','','/dashboard/system/conversations/bannedwords','2015-03-13 05:12:24','2019-02-14 16:21:15',NULL,0),(110,'','Conversation Permissions','','/dashboard/system/conversations/permissions','2015-03-13 05:12:24','2019-02-14 16:21:15',NULL,0),(111,'','Attributes','Setup attributes for pages, users, files and more.','/dashboard/system/attributes','2015-03-13 05:12:24','2019-02-14 16:21:15',NULL,0),(112,'','Sets','Group attributes into sets for easier organization','/dashboard/system/attributes/sets','2015-03-13 05:12:24','2019-02-14 16:21:15',NULL,0),(113,'','Types','Choose which attribute types are available for different items.','/dashboard/system/attributes/types','2015-03-13 05:12:24','2019-02-14 16:21:15',NULL,0),(114,'','Topics','','/dashboard/system/attributes/topics','2015-03-13 05:12:24','2019-02-14 16:21:16',NULL,0),(115,'','Add Topic Tree','','/dashboard/system/attributes/topics/add','2015-03-13 05:12:24','2019-02-14 16:21:16',NULL,0),(117,'','Environment Information','','/dashboard/system/environment/info','2015-03-13 05:12:24','2019-02-14 16:21:16',NULL,0),(118,'','Debug Settings','','/dashboard/system/environment/debug','2015-03-13 05:12:25','2019-02-14 16:21:16',NULL,0),(119,'','Logging Settings','','/dashboard/system/environment/logging','2015-03-13 05:12:25','2019-02-14 16:21:16',NULL,0),(120,'','Proxy Server','','/dashboard/system/environment/proxy','2015-03-13 05:12:25','2019-02-14 16:21:16',NULL,0),(121,'','Backup & Restore','Backup or restore your website.','/dashboard/system/backup','2015-03-13 05:12:25','2019-02-14 16:21:16',NULL,0),(122,'','Backup Database','','/dashboard/system/backup/backup','2015-03-13 05:12:25','2019-02-14 16:21:16',NULL,0),(123,'','Update concrete5','','/dashboard/system/backup/update','2015-03-13 05:12:25','2019-02-14 16:21:17',NULL,0),(126,'','Drafts','','/!drafts','2015-03-13 05:12:32','2019-02-14 16:21:17',NULL,0),(127,'','Trash','','/!trash','2015-03-13 05:12:32','2019-02-14 16:21:17',NULL,0),(128,'','Stacks','','/!stacks','2015-03-13 05:12:32','2019-02-14 16:21:17',NULL,0),(129,'','Login','','/login','2015-03-13 05:12:32','2019-02-14 16:21:17',NULL,0),(130,'','Register','','/register','2015-03-13 05:12:33','2019-02-14 16:21:17',NULL,0),(131,'','My Account','','/account','2015-03-13 05:12:33','2019-02-14 16:21:17',NULL,0),(132,'','Edit Profile','Edit your user profile and change password.','/account/edit_profile','2015-03-13 05:12:33','2019-02-14 16:21:17',NULL,0),(133,'','Profile Picture','Specify a new image attached to posts or edits.','/account/avatar','2015-03-13 05:12:33','2019-02-14 16:21:17',NULL,0),(134,'','Messages','Inbox for site-specific messages.','/account/messages','2015-03-13 05:12:33','2019-02-14 16:21:17',NULL,0),(135,'','Inbox','','/account/messages/inbox','2015-03-13 05:12:33','2019-02-14 16:21:18',NULL,0),(136,'','Members','','/members','2015-03-13 05:12:33','2019-02-14 16:21:18',NULL,0),(137,'','View Profile','','/members/profile','2015-03-13 05:12:33','2019-02-14 16:21:18',NULL,0),(138,'','Directory','','/members/directory','2015-03-13 05:12:33','2019-02-14 16:21:18',NULL,0),(139,'','Page Not Found','','/page_not_found','2015-03-13 05:12:33','2019-02-14 16:21:18',NULL,0),(140,'','Page Forbidden','','/page_forbidden','2015-03-13 05:12:33','2019-02-14 16:21:18',NULL,0),(141,'','Download File','','/download_file','2015-03-13 05:12:33','2019-02-14 16:21:18',NULL,0),(142,'','',NULL,NULL,'2015-03-13 05:12:36','2019-02-14 16:21:18',NULL,0),(149,'','Projects','','/dashboard/projects','2015-03-16 12:49:00','2019-02-14 16:21:18',NULL,0),(150,'','Launch New Project',NULL,'/dashboard/projects/launch','2015-03-16 12:49:26','2019-02-14 16:21:18',NULL,0),(151,'','Reports','','/dashboard/reports','2015-03-16 12:49:00','2019-02-14 16:21:18',NULL,0),(152,'','Conversations',NULL,'/dashboard/reports/conversations','2015-03-16 12:49:26','2019-02-14 16:21:19',NULL,0),(155,'','Sessions',NULL,'/dashboard/analytics/sessions','2015-03-16 12:49:26','2019-02-14 16:21:19',NULL,0),(156,'','Visitors',NULL,'/dashboard/analytics/visitors','2015-03-16 12:49:27','2019-02-14 16:21:19',NULL,0),(158,'','Moderation','','/dashboard/moderation','2015-03-16 12:49:00','2019-02-14 16:21:19',NULL,0),(163,'','',NULL,NULL,'2015-03-16 13:00:15','2019-02-14 16:21:19',NULL,0),(164,'','',NULL,NULL,'2015-03-16 13:01:21','2019-02-14 16:21:19',NULL,0),(169,'','Social Mapping','','/dashboard/reports/social_maps','2015-03-17 01:11:00','2019-02-14 16:21:19',NULL,0),(170,'','Results',NULL,'/dashboard/reports/social_maps/results','2015-03-16 13:12:00','2019-02-14 16:21:19',NULL,0),(171,'','Visioning','','/dashboard/reports/visions','2015-03-17 01:12:00','2019-02-14 16:21:19',NULL,0),(172,'','Results',NULL,'/dashboard/reports/visions/results','2015-03-16 13:12:00','2019-02-14 16:21:19',NULL,0),(173,'','Subscriptions','','/dashboard/reports/subscriptions','2015-03-17 01:12:00','2019-02-14 16:21:20',NULL,0),(174,'','Subscriptions',NULL,'/dashboard/reports/subscriptions/results','2015-03-16 13:12:45','2019-02-14 16:21:20',NULL,0),(175,'','',NULL,NULL,'2015-03-16 22:44:27','2019-02-14 16:21:20',NULL,0),(176,'','Moderation',NULL,'/dashboard/system/moderation','2015-04-13 12:32:37','2019-02-14 16:21:20',NULL,0),(177,'','Reason',NULL,'/dashboard/system/moderation/reason','2015-04-13 12:32:37','2019-02-14 16:21:20',NULL,0),(189,'','Database Entities',NULL,'/dashboard/system/environment/entities','2015-05-18 10:40:24','2019-02-14 16:21:20',NULL,0),(193,'','Moderation Permissions',NULL,'/dashboard/system/moderation/permissions','2015-08-03 12:44:09','2019-02-14 16:21:20',NULL,0),(194,'','API keys',NULL,'/dashboard/system/basics/api','2015-08-14 10:23:17','2019-02-14 16:21:20',NULL,0),(195,'','Settings',NULL,'/dashboard/system/moderation/settings','2015-08-14 10:23:30','2019-02-14 16:21:20',NULL,0),(196,'','Copy Languages',NULL,'/dashboard/system/multilingual/copy','2015-08-20 13:19:40','2019-02-14 16:21:20',NULL,0),(200,'Accessibility  Harvest Digital Planning is committed to creating meaningful web products that can be used by all users, regardless of their ability or circumstance.  We endeavor to make are web products as accessible as possible and follow the WCAG Guidelines to guide us on creating compliant outputs.  Our current target is Level AA compliance.     ','Accessibility','','/accessibility','2015-11-04 14:26:00','2019-02-14 16:21:21',NULL,0),(204,'Terms of Use The following Terms and Conditions govern the use of <site name> (“the site”). The platform is owned and operated by us, Harvest Digital Planning Pty Ltd (Harvest), on behalf of <client>.    By accessing and using this site, you are choosing to accept and comply with the Terms presented throughout this agreement as well as the Privacy Policy and Moderation Policy. These Terms apply to all visitors and users of this site. Linked sites, affiliated services or third party content or software have their own Terms that you must comply with. If you disagree with any of the Terms presented in this agreement, you may discontinue using the site immediately.   If you are under 18 years old, please ensure that your parent or guardian understands and accepts these Terms and Conditions (including the Privacy Policy and Moderation Policy).   What are the conditions with a user’s account?   While using the site, you must not violate any applicable laws and regulations. It is our duty to protect the confidentiality of content you provide on our site in accordance with our Privacy Policy. When you create an account with us, you must always provide us with accurate information. Failure to provide accurate information violates the Terms, which may result in immediate termination of your account on our service. You are responsible for protecting your own password you use for this site and for any activities done under that password. Unauthorised use of your password or account must be immediately reported to Harvest. In some cases, we or our agents may require access to your user accounts to respond to technical issues.   We are not responsible for the content on the site that has been provided by the users of the site. Any content posted by you is subject to the rules of our Moderation Policy. Your contribution to the site may be edited, removed or not published if we consider it inappropriate (refer to Moderation Policy). Contributors should also be aware that their posts may remain online indefinitely. Where practical, you may choose not to identify yourself, deal with us on an anonymous basis or use a pseudonym.   What does Harvest require from their users?  You must understand and agree that, without limitation: all information, data, images and other materials are the sole responsibility of the person from whom the content originated; you are prohibited from advertising or offering to sell or buy any goods and services  you cannot transmit Content that contains software viruses or programs designed to change or destroy the functionality of any computer software or hardware; or  you cannot collect or store personal data about other users of the site  you cannot impersonate any person or entity, including without limitation to a Harvest representative you cannot interrupt or interfere with the site or servers or networks connected to the site you cannot attempt to gain unauthorised access to the site or other use accounts  Can your account be suspended or terminated?  We may terminate or suspend access to your site and/or account immediately, without prior notice, including without limitation if you breach the Terms. We may immediately deactivate or delete your account and all the related files and information in your account. After your account has been terminated, the content you have posted may also remain indefinitely on the site.   If you want to terminate your own account, please send an email to info@harvestdigitalplanning.com.   Governing Law   These Terms shall be governed in accordance with the laws of Victoria, Australia, without regards to its conflict of law provisions.   Indemnification  Harvest, its subsidiaries, affiliates, officers, agents, licensors and other partners are not responsible for any loss, liability, claim, or demand, including legal fees, made by any third party due to or arising from a breach of this agreement and/or any breach of your representations and warranties set forth above.   What content does Harvest own?   Your Say website contains the copyrighted material, trademarks, patents, trade secrets and other proprietary information (“Intellectual Property”) of Harvest and its suppliers and licensors. Harvest owns and retain all proprietary rights in the intellectual property. All intellectual property in the content of this site including without limitation to text, software, source code, pages, documents and online graphics, photographs, sounds, audio, video and other interactive features are owned by or licensed to us.   Any original content that you submit or post on our site may be made available to the public and allows users to share your content (with the end user acknowledging your contribution) under the Creative Commons Attribution-ShareAlike 4.0 Australian License.   Except for Intellectual Property which is in the public domain or for which you have been given written permission, you may not copy, alter, transmit, sell, distribute any of the Intellectual Property.  We are not responsible for your communications or dealings, including payment and delivery of goods or services, with a third party found via our website. Any loss or damage incurred from those communications or dealings are solely between the user and the third party.   Disclaimer and Warranties  Users must agree that you use of the site is at your own risk. We make no warranty that the site will meet your requirements or be uninterrupted or error-free. Any material that the user downloads through the site is done at their own risk and are responsible for any damages to their computer system or loss of data.   What happens if these Terms change?   We reserve the right, at our sole discretion, to modify or replace these Terms at any time without notice. The most recent version of the Terms can be seen on this page. By continuing to access or use our site after those revisions become effective, you agree and will comply to the revised terms. If you do not agree to the revised terms, please discontinue using our site.   Contact Us  If you have any questions about these Terms, please contact us at info@harvestdp.com  ','Terms of Use','','/terms-use','2015-11-18 14:21:00','2019-02-14 16:21:21',NULL,0),(205,'Privacy Policy  This Privacy Policy describes how Harvest Digital Planning Pty Ltd (12 148 958 927) (Harvest) collects and uses your personal information collected through its platform called The HiVE.   Harvest respects the rights and privacy of all individuals and is committed to complying with the Privacy Act 1988 and the Australian Privacy Principles and protecting the personal information Harvest holds.  Why does Harvest collect personal information?  How does Harvest use it?  Harvest generally collects your personal information as part of providing its online community engagement services, informing you about these services, complying with its contractual and other legal obligations, responding to your enquiries and administering its community engagement technology.  Harvest needs your personal information to carry out these aims.  Harvest may use your personal information for those purposes, any other purpose listed on a collection statement at the point of collection or in any other way made clear at the time of collecting the personal information.  How does Harvest collect personal information?  Harvest may collect your information via its websites.  What personal information does Harvest collect?   Harvest collects the types of personal information required to assist with providing Harvest’s services.   We may collect information from you when you sign-up for the platformsite, leave feedback or otherwise input data. Required information may include personal information such as your name, phone number, email and suburb.   By providing an email address you help us protect the integrity of the discussion from individuals and groups who may attempt to unduly influence the outcomes of the consultation process. For example, we check the database to ensure each user has a single email account on the site. We also frequently review the site for trolls and spammers.  How does Harvest use your personal information?  To whom will it be disclosed?  Harvest may use your personal information for the primary purpose for which it was collected, i.e. the purpose specified in a privacy collection statement or the purpose that could be reasonably expected at the time the information was collected. Harvest may also use your personal information for a secondary related purpose.  By submitting your personal information, you consent to Harvest using it to: (a)	complete an activity that you have chosen to undertake; (b)	administer Harvest’s relationship with you; (c)	monitor online activity on the Harvest website(s) and/or application(s); (d)	improve and add to Harvest’s services (including online); or (e)	where required or authorised by law.  Harvest may disclose personal information to other entities with whom it contracts.    Can you remain anonymous or withhold personal information?  Yes.  Where practical, you may choose not to identify yourself, deal with us on an anonymous basis or use a pseudonym.    Will you receive direct marketing?  If you provide us with your personal information you will not receive direct marketing communications from Harvest unless otherwise stated.  Will your information be disclosed overseas?  Harvest will not disclose your personal information to any person or entity outside Australia.  How can you access and correct your personal information?   You generally have the right to access your personal information free of charge, subject to some limitations contained in the Privacy Act 1988.   The APPs set out some circumstances in which Harvest is not required to provide you with such access. If you ask for your personal information and any of these circumstances exist, you may be given access to the personal information in a way that is permitted under the Privacy Act 1988.   To protect personal information held by Harvest, you may need to confirm your identity before access to your personal information is granted.  It may take a little time to process your application for access and retrieve information from storage (if applicable).   Harvest encourages you to provide updates so that Harvest has accurate, current and complete information.  You may correct any errors or request that Harvest deletes all or some of your personal information. You may also opt out of any further contact from us.  Does Harvest use “cookies”?  Yes.  When you use Harvest’s website(s), Harvest or its IT service providers may obtain information using technologies such as cookies, tags, web beacons, and navigational data collection (log files, server logs, and clickstream data). For example, Harvest or its IT service providers may collect information like the date, time and duration of visits and which webpages are accessed.   This information is generally not linked to your identity, except where it is accessed via links in Harvest e-message or where you have identified yourself.    How can you complain about privacy breaches?  If you have a complaint in relation to the collection, use or and disclosure of your personal information, please contact the Harvest Privacy Officer via the details provided below. The Harvest Privacy Officer will review all complaints received and respond to each complainant upon due consideration (which may require further information to be provided).  If a privacy breach occurs, Harvest will notify you where possible of the breach and seek your direction about how you would like to respond to the incident.   Will this Privacy Policy change?  Harvest may amend this Privacy Policy from time to time. Amendments will be effective immediately upon notification on this website.   Who can you contact about your personal information?  To contact Harvest about your personal information, concerns or complaints, email the Privacy Officer at info@Harvestdp.com.  ','Privacy Policy','','/privacy-policy','2015-11-18 14:21:00','2019-02-14 16:21:21',NULL,0),(206,'Moderation Policy  is moderated by us (Harvest Digital Planning) and our agents. We moderate the site in order to create a productive and safe environment where people can engage with the project or each other without feeling intimidated.   The site uses either a (a) post-moderation tool where all content submitted by users on our site is immediately published and then reviewed by our moderators to ensure it complies with Harvest’s Moderation Policy or (b) pre-moderation tool where all content must be approved by our moderators before appearing on the site.  In the first case, the user’s content is immediately posted on the site and then reviewed by the moderators. If the client or Harvest finds that the content violates the Moderation Policies, the user’s content will be rejected and the user may be notified via email. We reserve the right to edit or remove any content in our sole discretion that has been posted on our site.  In some cases, you may notice that your submitted content that was once posted no longer appears on the site. The content is only temporarily removed until the client or Harvest has reviewed it to ensure it complies with the Moderation Policy. If your content has been rejected, you may be notified via email from the client or Harvest.   With the pre-moderation tool, moderators must review and approve the user’s content before it is posted onto the site. This may mean the user’s content does not immediately appear on the site.    You must also agree to the Terms of Use and to our Privacy Policy before using our site.   Think positively about your participation. This is an opportunity for you to input your ideas and contribute to the project.   Participation Rules  We have the right to edit or remove any content submitted by a user. This can include, but not be limited to: Personal attacks on other participants or staff	Personal information about any of the participants or staff	Offensive language including profanity 	Comments that are discriminatory of people’s gender, race, religion, culture, sexual preference, appearance or background	Links to any advertising or illegal material	Spamming of comments Participation Guidelines Contribute constructive discussions and comments while respecting the views of other people	Only post content that suitable for anyone (including young children) to view	Ensure you have received permission to post any images or intellectual property of third parties	Do not spam either by posting irrelevant websites or by re-posting your comment	Avoid rude and dismissive comments     ','Moderation','','/moderation','2015-11-23 11:44:00','2019-02-14 16:21:21',NULL,0),(209,'','Logo',NULL,'/!stacks/logo','2016-01-27 10:24:58','2019-02-14 16:21:21',NULL,0),(210,'','Action-Item-Left',NULL,'/!stacks/action-item-left','2016-01-27 10:24:58','2019-02-14 16:21:21',NULL,0),(211,'','Action-Item-Middle',NULL,'/!stacks/action-item-middle','2016-01-27 10:24:58','2019-02-14 16:21:21',NULL,0),(212,'','Action-Item-Right',NULL,'/!stacks/action-item-right','2016-01-27 10:24:58','2019-02-14 16:21:21',NULL,0),(213,'','Footer-Left',NULL,'/!stacks/footer-left','2016-01-27 10:24:58','2019-02-14 16:21:21',NULL,0),(214,'','',NULL,NULL,'2016-02-18 14:24:05','2019-02-14 16:21:22',NULL,0),(215,'','',NULL,'/215','2015-03-13 05:12:36','2019-02-14 16:21:22',NULL,0),(216,'','',NULL,NULL,'2016-02-18 14:31:42','2019-02-14 16:21:22',NULL,0),(217,'','',NULL,NULL,'2016-02-18 14:39:15','2019-02-14 16:21:22',NULL,0),(218,'','',NULL,NULL,'2016-02-18 14:51:50','2019-02-14 16:21:22',NULL,0),(220,'','',NULL,NULL,'2016-02-19 08:41:32','2019-02-14 16:21:22',NULL,0),(238,'','',NULL,NULL,'2016-02-19 13:06:30','2019-02-14 16:21:22',NULL,0),(251,'','',NULL,NULL,'2016-04-13 15:12:07','2019-02-14 16:21:22',NULL,0),(252,'','',NULL,NULL,'2016-04-13 15:37:38','2019-02-14 16:21:22',NULL,0),(255,'','Import',NULL,'/dashboard/users/community/import','2016-04-28 07:30:02','2019-02-14 16:21:22',NULL,0),(306,'','Site Users',NULL,'/dashboard/users/site','2016-07-26 10:24:32','2019-02-14 16:21:23',NULL,0),(307,'','Add Site User',NULL,'/dashboard/users/site/add','2016-07-26 10:24:32','2019-02-14 16:21:23',NULL,0),(308,'','Community Members',NULL,'/dashboard/users/community','2016-07-26 10:24:32','2019-02-14 16:21:23',NULL,0),(309,'','Add Community Member',NULL,'/dashboard/users/community/add','2016-07-26 10:24:32','2019-02-14 16:21:23',NULL,0),(310,'','Import Site Users',NULL,'/dashboard/users/site/import','2016-09-28 20:01:56','2019-02-14 16:21:23',NULL,0),(311,'','Internal Users',NULL,'/dashboard/users/internal','2016-10-25 16:42:27','2019-02-14 16:21:23',NULL,0),(314,'','Search Results','','/search','2016-11-04 02:51:42','2019-02-14 16:21:23',NULL,0),(315,'','Hive Settings',NULL,'/dashboard/settings','2016-12-19 16:31:30','2019-02-14 16:21:23',NULL,0),(316,'','Site',NULL,'/dashboard/settings/site','2016-12-19 16:31:31','2019-02-14 16:21:23',NULL,0),(317,'','Basics',NULL,'/dashboard/settings/site/basics','2016-12-19 16:31:31','2019-02-14 16:21:23',NULL,0),(318,'','Contact Details',NULL,'/dashboard/settings/site/contact','2016-12-19 16:31:31','2019-02-14 16:21:24',NULL,0),(319,'','Tracking Codes',NULL,'/dashboard/settings/site/tracking_codes','2016-12-19 16:31:31','2019-02-14 16:21:24',NULL,0),(320,'','Social Links',NULL,'/dashboard/settings/site/social_links','2016-12-19 16:31:31','2019-02-14 16:21:24',NULL,0),(321,'','3rd Party Integrations',NULL,'/dashboard/settings/site/apis','2016-12-19 16:31:31','2019-02-14 16:21:24',NULL,0),(322,'','Geographic Region',NULL,'/dashboard/settings/site/map','2016-12-19 16:31:32','2019-02-14 16:21:24',NULL,0),(324,'','Users',NULL,'/dashboard/settings/users','2016-12-19 16:31:32','2019-02-14 16:21:24',NULL,0),(325,'','User Attributes',NULL,'/dashboard/settings/users/attributes','2016-12-19 16:31:32','2019-02-14 16:21:24',NULL,0),(326,'','User Registration',NULL,'/dashboard/settings/users/registration','2016-12-19 16:31:32','2019-02-14 16:21:24',NULL,0),(327,'','Public Profiles',NULL,'/dashboard/settings/users/profiles','2016-12-19 16:31:32','2019-02-14 16:21:24',NULL,0),(328,'','Moderation',NULL,'/dashboard/settings/moderation','2016-12-19 16:31:33','2019-02-14 16:21:24',NULL,0),(329,'','Moderation Method',NULL,'/dashboard/settings/moderation/moderation_method','2016-12-19 16:31:33','2019-02-14 16:21:25',NULL,0),(330,'','Banned Words',NULL,'/dashboard/settings/moderation/banned_words','2016-12-19 16:31:33','2019-02-14 16:21:25',NULL,0),(331,'','Email',NULL,'/dashboard/settings/email','2016-12-19 16:31:33','2019-02-14 16:21:25',NULL,0),(332,'','Notifications',NULL,'/dashboard/settings/email/notifications','2016-12-19 16:31:33','2019-02-14 16:21:25',NULL,0),(333,'','Site Users Quota',NULL,'/dashboard/settings/users/quota','2017-08-15 02:29:15','2019-02-14 16:21:25',NULL,0),(334,'','Image Uploading',NULL,'/dashboard/system/files/image_uploading','2017-12-13 12:13:39','2019-02-14 16:21:25',NULL,0),(335,'','Project Settings',NULL,'/dashboard/projects/settings','2017-12-13 12:14:52','2019-02-14 16:21:25',NULL,0),(336,'','Overview',NULL,'/dashboard/reports/overview','2017-12-13 12:14:56','2019-02-14 16:21:25',NULL,0),(337,'','Audience',NULL,'/dashboard/reports/audience','2017-12-13 12:14:57','2019-02-14 16:21:25',NULL,0),(338,'','Results',NULL,'/dashboard/reports/results','2017-12-13 12:14:57','2019-02-14 16:21:25',NULL,0),(339,'','Behaviour',NULL,'/dashboard/reports/behaviour','2017-12-13 12:14:57','2019-02-14 16:21:26',NULL,0),(340,'','Acquisition',NULL,'/dashboard/reports/acquisition','2017-12-13 12:14:57','2019-02-14 16:21:26',NULL,0),(341,'','Teams',NULL,'/dashboard/settings/site/teams','2017-12-13 12:15:01','2019-02-14 16:21:26',NULL,0),(342,'','Add Team',NULL,'/dashboard/settings/site/teams/add','2017-12-13 12:15:01','2019-02-14 16:21:26',NULL,0),(343,'','Edit Team',NULL,'/dashboard/settings/site/teams/edit','2017-12-13 12:15:01','2019-02-14 16:21:27',NULL,0),(344,'','Project Groups',NULL,'/dashboard/settings/site/project_groups','2017-12-13 12:15:02','2019-02-14 16:21:27',NULL,0),(345,'','Add Project Group',NULL,'/dashboard/settings/site/project_groups/add','2017-12-13 12:15:02','2019-02-14 16:21:27',NULL,0),(346,'','Edit Project Group',NULL,'/dashboard/settings/site/project_groups/edit','2017-12-13 12:15:02','2019-02-14 16:21:27',NULL,0),(347,'','Projects',NULL,'/dashboard/settings/projects','2017-12-13 12:15:02','2019-02-14 16:21:27',NULL,0),(348,'','User Roles',NULL,'/dashboard/settings/projects/user_roles','2017-12-13 12:15:02','2019-02-14 16:21:27',NULL,0),(349,'','Admin Permissions',NULL,'/dashboard/settings/projects/admin_permissions','2017-12-13 12:15:05','2019-02-14 16:21:28',NULL,0),(350,'','Project Follow',NULL,'/dashboard/settings/site/project_follow','2017-12-13 12:15:05','2019-02-14 16:21:28',NULL,0),(351,'','Launch Wizard',NULL,'/dashboard/settings/projects/launch_wizard','2017-12-13 12:15:09','2019-02-14 16:21:28',NULL,0),(352,'','Date & Time Format',NULL,'/dashboard/settings/site/date_time_format','2017-12-13 12:15:09','2019-02-14 16:21:28',NULL,0),(353,'','Project Interests',NULL,'/dashboard/settings/site/project_interests','2017-12-13 12:15:10','2019-02-14 16:21:28',NULL,0),(354,'','Add Project Category',NULL,'/dashboard/settings/site/project_interests/add_category','2017-12-13 12:15:10','2019-02-14 16:21:28',NULL,0),(355,'','Edit Project Category',NULL,'/dashboard/settings/site/project_interests/edit_category','2017-12-13 12:15:10','2019-02-14 16:21:28',NULL,0),(356,'','Add Project Location',NULL,'/dashboard/settings/site/project_interests/add_location','2017-12-13 12:15:10','2019-02-14 16:21:28',NULL,0),(357,'','Edit Project Location',NULL,'/dashboard/settings/site/project_interests/edit_location','2017-12-13 12:15:10','2019-02-14 16:21:28',NULL,0),(358,'','Question and Answer',NULL,'/dashboard/reports/qa','2018-02-22 14:37:09','2019-02-14 16:21:28',NULL,0),(359,'','Results',NULL,'/dashboard/reports/qa/results','2018-02-22 14:37:09','2019-02-14 16:21:29',NULL,0),(360,'','Budgeting',NULL,'/dashboard/reports/budgeting','2018-03-08 15:56:23','2019-02-14 16:21:29',NULL,0),(361,'','Results',NULL,'/dashboard/reports/budgeting/results','2018-03-08 15:56:23','2019-02-14 16:21:29',NULL,0),(362,'','Gather',NULL,'/dashboard/reports/stories','2018-04-26 13:57:36','2019-02-14 16:21:29',NULL,0),(363,'','Results',NULL,'/dashboard/reports/stories/results','2018-04-26 13:57:37','2019-02-14 16:21:29',NULL,0),(364,'','Comments',NULL,'/dashboard/reports/comments','2018-04-26 13:57:37','2019-02-14 16:21:29',NULL,0),(365,'','Results',NULL,'/dashboard/reports/comments/results','2018-04-26 13:57:37','2019-02-14 16:21:29',NULL,0),(366,'','Maintenance Mode',NULL,'/maintenance_mode','2018-05-24 13:23:46','2019-02-14 16:21:29',NULL,0),(367,'','People',NULL,'/dashboard/reports/people','2018-07-05 11:36:43','2019-02-14 16:21:29',NULL,0),(368,'','Follower Data',NULL,'/dashboard/reports/people/followers','2018-07-05 11:36:44','2019-02-14 16:21:29',NULL,0),(369,'','Privacy Consent',NULL,'/dashboard/settings/site/privacy','2018-07-05 11:36:48','2019-02-14 16:21:30',NULL,0),(370,'','Participant Data',NULL,'/dashboard/reports/people/participation','2018-10-04 09:59:03','2019-02-14 16:21:30',NULL,0),(371,'','Overview',NULL,'/dashboard/reports/forms/statistics','2018-10-04 09:59:03','2019-02-14 16:21:30',NULL,0),(372,'','Summary',NULL,'/dashboard/reports/forms/analysis','2018-10-04 09:59:03','2019-02-14 16:21:30',NULL,0),(373,'','Data',NULL,'/dashboard/reports/forms/responses','2018-10-04 09:59:03','2019-02-14 16:21:30',NULL,0),(374,'','Email Settings',NULL,'/unsubscribe','2018-12-06 10:51:08','2019-02-14 16:21:30',NULL,0),(375,'','Download Submission',NULL,'/download_submission','2019-02-07 14:23:50','2019-02-14 16:21:30',NULL,0),(376,'','Campaigns',NULL,'/dashboard/edm','2019-03-01 11:18:29','2019-03-01 11:18:29',NULL,0),(377,'','Campaigns',NULL,'/dashboard/edm/campaigns','2019-03-01 11:18:29','2019-03-01 11:18:29',NULL,0),(378,'','Add Campaign',NULL,'/dashboard/edm/campaigns/add','2019-03-01 11:18:30','2019-03-01 11:18:30',NULL,0),(379,'','Lists',NULL,'/dashboard/edm/lists','2019-03-01 11:18:30','2019-03-01 11:18:30',NULL,0),(380,'','Add List',NULL,'/dashboard/edm/lists/add','2019-03-01 11:18:30','2019-03-01 11:18:30',NULL,0),(381,'','Edit List',NULL,'/dashboard/edm/lists/edit','2019-03-01 11:18:31','2019-03-01 11:18:31',NULL,0),(382,'','Custom List',NULL,'/dashboard/edm/lists/custom','2019-03-01 11:18:31','2019-03-01 11:18:32',NULL,0),(383,'','Segmented List',NULL,'/dashboard/edm/lists/segment','2019-03-01 11:18:32','2019-03-01 11:18:32',NULL,0),(384,'','Edit Campaign',NULL,'/dashboard/edm/campaigns/edit','2019-03-01 11:18:32','2019-03-01 11:18:32',NULL,0),(385,'','Overview Campaign',NULL,'/dashboard/edm/campaigns/info','2019-03-01 11:18:32','2019-03-01 11:18:32',NULL,0);
/*!40000 ALTER TABLE `pagesearchindex` ENABLE KEYS */;
UNLOCK TABLES;

--
-- Table structure for table `pagetemplates`
--

DROP TABLE IF EXISTS `pagetemplates`;
/*!40101 SET @saved_cs_client     = @@character_set_client */;
/*!40101 SET character_set_client = utf8 */;
CREATE TABLE `pagetemplates` (
  `pTemplateID` int(10) unsigned NOT NULL AUTO_INCREMENT,
  `pTemplateHandle` varchar(32) COLLATE utf8_unicode_ci NOT NULL,
  `pTemplateIcon` varchar(128) COLLATE utf8_unicode_ci DEFAULT NULL,
  `pTemplateName` varchar(90) COLLATE utf8_unicode_ci NOT NULL,
  `pTemplateIsInternal` tinyint(1) NOT NULL DEFAULT '0',
  `pkgID` int(10) unsigned NOT NULL DEFAULT '0',
  PRIMARY KEY (`pTemplateID`),
  UNIQUE KEY `pTemplateHandle` (`pTemplateHandle`),
  KEY `pkgID` (`pkgID`)
) ENGINE=InnoDB AUTO_INCREMENT=19 DEFAULT CHARSET=utf8 COLLATE=utf8_unicode_ci;
/*!40101 SET character_set_client = @saved_cs_client */;

--
-- Dumping data for table `pagetemplates`
--

LOCK TABLES `pagetemplates` WRITE;
/*!40000 ALTER TABLE `pagetemplates` DISABLE KEYS */;
INSERT INTO `pagetemplates` VALUES (1,'core_stack','','Stack',1,0),(2,'dashboard_primary_five','','Dashboard Primary + Five',1,0),(3,'dashboard_header_four_col','','Dashboard Header + Four Column',1,0),(4,'dashboard_full','','Dashboard Full',1,0),(5,'full','full.png','Full',0,0),(13,'right_sidebar','right_sidebar.png','Right Sidebar',0,6),(14,'news_full','full.png','News Full',0,6),(15,'home','full.png','Home',0,0),(16,'left_sidebar','left_sidebar.png','Left Sidebar',0,0),(17,'narrow','full.png','Narrow',0,0),(18,'events_right_sidebar','right_sidebar.png','Events',0,9);
/*!40000 ALTER TABLE `pagetemplates` ENABLE KEYS */;
UNLOCK TABLES;

--
-- Table structure for table `pagethemecustomstyles`
--

DROP TABLE IF EXISTS `pagethemecustomstyles`;
/*!40101 SET @saved_cs_client     = @@character_set_client */;
/*!40101 SET character_set_client = utf8 */;
CREATE TABLE `pagethemecustomstyles` (
  `pThemeID` int(10) unsigned NOT NULL DEFAULT '0',
  `scvlID` int(10) unsigned DEFAULT '0',
  `preset` varchar(255) COLLATE utf8_unicode_ci DEFAULT NULL,
  `sccRecordID` int(10) unsigned DEFAULT '0',
  PRIMARY KEY (`pThemeID`),
  KEY `scvlID` (`scvlID`),
  KEY `sccRecordID` (`sccRecordID`)
) ENGINE=InnoDB DEFAULT CHARSET=utf8 COLLATE=utf8_unicode_ci;
/*!40101 SET character_set_client = @saved_cs_client */;

--
-- Dumping data for table `pagethemecustomstyles`
--

LOCK TABLES `pagethemecustomstyles` WRITE;
/*!40000 ALTER TABLE `pagethemecustomstyles` DISABLE KEYS */;
/*!40000 ALTER TABLE `pagethemecustomstyles` ENABLE KEYS */;
UNLOCK TABLES;

--
-- Table structure for table `pagethemes`
--

DROP TABLE IF EXISTS `pagethemes`;
/*!40101 SET @saved_cs_client     = @@character_set_client */;
/*!40101 SET character_set_client = utf8 */;
CREATE TABLE `pagethemes` (
  `pThemeID` int(10) unsigned NOT NULL AUTO_INCREMENT,
  `pThemeHandle` varchar(64) COLLATE utf8_unicode_ci NOT NULL,
  `pThemeName` varchar(255) COLLATE utf8_unicode_ci DEFAULT NULL,
  `pThemeDescription` text COLLATE utf8_unicode_ci,
  `pkgID` int(10) unsigned NOT NULL DEFAULT '0',
  `pThemeHasCustomClass` tinyint(1) NOT NULL DEFAULT '0',
  PRIMARY KEY (`pThemeID`),
  UNIQUE KEY `ptHandle` (`pThemeHandle`),
  KEY `pkgID` (`pkgID`)
) ENGINE=InnoDB AUTO_INCREMENT=5 DEFAULT CHARSET=utf8 COLLATE=utf8_unicode_ci;
/*!40101 SET character_set_client = @saved_cs_client */;

--
-- Dumping data for table `pagethemes`
--

LOCK TABLES `pagethemes` WRITE;
/*!40000 ALTER TABLE `pagethemes` DISABLE KEYS */;
INSERT INTO `pagethemes` VALUES (1,'elemental','Elemental','Elegant, spacious theme with support for blogs, portfolios, layouts and more.',0,1),(4,'the_hive','The Hive Premium','For those looking to take a single project to the web, the basic package provides access to a wide variety of great tools and functionality.',0,1);
/*!40000 ALTER TABLE `pagethemes` ENABLE KEYS */;
UNLOCK TABLES;

--
-- Table structure for table `pagetypecomposercontroltypes`
--

DROP TABLE IF EXISTS `pagetypecomposercontroltypes`;
/*!40101 SET @saved_cs_client     = @@character_set_client */;
/*!40101 SET character_set_client = utf8 */;
CREATE TABLE `pagetypecomposercontroltypes` (
  `ptComposerControlTypeID` int(10) unsigned NOT NULL AUTO_INCREMENT,
  `ptComposerControlTypeHandle` varchar(255) COLLATE utf8_unicode_ci DEFAULT NULL,
  `ptComposerControlTypeName` varchar(255) COLLATE utf8_unicode_ci DEFAULT NULL,
  `pkgID` int(10) unsigned NOT NULL DEFAULT '0',
  PRIMARY KEY (`ptComposerControlTypeID`),
  UNIQUE KEY `ptComposerControlTypeHandle` (`ptComposerControlTypeHandle`),
  KEY `pkgID` (`pkgID`)
) ENGINE=InnoDB AUTO_INCREMENT=4 DEFAULT CHARSET=utf8 COLLATE=utf8_unicode_ci;
/*!40101 SET character_set_client = @saved_cs_client */;

--
-- Dumping data for table `pagetypecomposercontroltypes`
--

LOCK TABLES `pagetypecomposercontroltypes` WRITE;
/*!40000 ALTER TABLE `pagetypecomposercontroltypes` DISABLE KEYS */;
INSERT INTO `pagetypecomposercontroltypes` VALUES (1,'core_page_property','Built-In Properties',0),(2,'collection_attribute','Custom Attributes',0),(3,'block','Block',0);
/*!40000 ALTER TABLE `pagetypecomposercontroltypes` ENABLE KEYS */;
UNLOCK TABLES;

--
-- Table structure for table `pagetypecomposerformlayoutsetcontrols`
--

DROP TABLE IF EXISTS `pagetypecomposerformlayoutsetcontrols`;
/*!40101 SET @saved_cs_client     = @@character_set_client */;
/*!40101 SET character_set_client = utf8 */;
CREATE TABLE `pagetypecomposerformlayoutsetcontrols` (
  `ptComposerFormLayoutSetControlID` int(10) unsigned NOT NULL AUTO_INCREMENT,
  `ptComposerFormLayoutSetID` int(10) unsigned DEFAULT '0',
  `ptComposerControlTypeID` int(10) unsigned DEFAULT '0',
  `ptComposerControlObject` longtext COLLATE utf8_unicode_ci,
  `ptComposerFormLayoutSetControlDisplayOrder` int(10) unsigned DEFAULT '0',
  `ptComposerFormLayoutSetControlCustomLabel` varchar(255) COLLATE utf8_unicode_ci DEFAULT NULL,
  `ptComposerFormLayoutSetControlCustomTemplate` varchar(255) COLLATE utf8_unicode_ci DEFAULT NULL,
  `ptComposerFormLayoutSetControlDescription` varchar(255) COLLATE utf8_unicode_ci DEFAULT NULL,
  `ptComposerFormLayoutSetControlRequired` int(11) DEFAULT '0',
  PRIMARY KEY (`ptComposerFormLayoutSetControlID`),
  KEY `ptComposerControlTypeID` (`ptComposerControlTypeID`)
) ENGINE=InnoDB AUTO_INCREMENT=80 DEFAULT CHARSET=utf8 COLLATE=utf8_unicode_ci;
/*!40101 SET character_set_client = @saved_cs_client */;

--
-- Dumping data for table `pagetypecomposerformlayoutsetcontrols`
--

LOCK TABLES `pagetypecomposerformlayoutsetcontrols` WRITE;
/*!40000 ALTER TABLE `pagetypecomposerformlayoutsetcontrols` DISABLE KEYS */;
INSERT INTO `pagetypecomposerformlayoutsetcontrols` VALUES (1,1,1,'O:78:\"Concrete\\Core\\Page\\Type\\Composer\\Control\\CorePageProperty\\NameCorePageProperty\":9:{s:37:\"\0*\0ptComposerControlRequiredByDefault\";b:1;s:17:\"\0*\0propertyHandle\";s:4:\"name\";s:30:\"\0*\0ptComposerControlTypeHandle\";s:18:\"core_page_property\";s:30:\"\0*\0ptComposerControlIdentifier\";s:4:\"name\";s:24:\"\0*\0ptComposerControlName\";s:9:\"Page Name\";s:27:\"\0*\0ptComposerControlIconSRC\";s:64:\"/hdp/participate-melbourne/5.7/concrete/attributes/text/icon.png\";s:20:\"\0*\0ptComposerControl\";N;s:41:\"\0*\0ptComposerControlRequiredOnThisRequest\";b:0;s:5:\"error\";s:0:\"\";}',0,'Page Name',NULL,NULL,1),(2,1,1,'O:85:\"Concrete\\Core\\Page\\Type\\Composer\\Control\\CorePageProperty\\DescriptionCorePageProperty\":9:{s:17:\"\0*\0propertyHandle\";s:11:\"description\";s:30:\"\0*\0ptComposerControlTypeHandle\";s:18:\"core_page_property\";s:30:\"\0*\0ptComposerControlIdentifier\";s:11:\"description\";s:24:\"\0*\0ptComposerControlName\";s:11:\"Description\";s:27:\"\0*\0ptComposerControlIconSRC\";s:68:\"/hdp/participate-melbourne/5.7/concrete/attributes/textarea/icon.png\";s:20:\"\0*\0ptComposerControl\";N;s:37:\"\0*\0ptComposerControlRequiredByDefault\";b:0;s:41:\"\0*\0ptComposerControlRequiredOnThisRequest\";b:0;s:5:\"error\";s:0:\"\";}',1,NULL,NULL,NULL,0),(3,1,1,'O:81:\"Concrete\\Core\\Page\\Type\\Composer\\Control\\CorePageProperty\\UrlSlugCorePageProperty\":9:{s:17:\"\0*\0propertyHandle\";s:8:\"url_slug\";s:30:\"\0*\0ptComposerControlTypeHandle\";s:18:\"core_page_property\";s:30:\"\0*\0ptComposerControlIdentifier\";s:8:\"url_slug\";s:24:\"\0*\0ptComposerControlName\";s:8:\"URL Slug\";s:27:\"\0*\0ptComposerControlIconSRC\";s:64:\"/hdp/participate-melbourne/5.7/concrete/attributes/text/icon.png\";s:20:\"\0*\0ptComposerControl\";N;s:37:\"\0*\0ptComposerControlRequiredByDefault\";b:0;s:41:\"\0*\0ptComposerControlRequiredOnThisRequest\";b:0;s:5:\"error\";s:0:\"\";}',2,NULL,NULL,NULL,0),(4,1,1,'O:86:\"Concrete\\Core\\Page\\Type\\Composer\\Control\\CorePageProperty\\PageTemplateCorePageProperty\":9:{s:17:\"\0*\0propertyHandle\";s:13:\"page_template\";s:30:\"\0*\0ptComposerControlTypeHandle\";s:18:\"core_page_property\";s:30:\"\0*\0ptComposerControlIdentifier\";s:13:\"page_template\";s:24:\"\0*\0ptComposerControlName\";s:13:\"Page Template\";s:27:\"\0*\0ptComposerControlIconSRC\";s:66:\"/hdp/participate-melbourne/5.7/concrete/attributes/select/icon.png\";s:20:\"\0*\0ptComposerControl\";N;s:37:\"\0*\0ptComposerControlRequiredByDefault\";b:0;s:41:\"\0*\0ptComposerControlRequiredOnThisRequest\";b:0;s:5:\"error\";s:0:\"\";}',3,NULL,NULL,NULL,0),(5,1,1,'O:87:\"Concrete\\Core\\Page\\Type\\Composer\\Control\\CorePageProperty\\PublishTargetCorePageProperty\":9:{s:17:\"\0*\0propertyHandle\";s:14:\"publish_target\";s:30:\"\0*\0ptComposerControlTypeHandle\";s:18:\"core_page_property\";s:30:\"\0*\0ptComposerControlIdentifier\";s:14:\"publish_target\";s:24:\"\0*\0ptComposerControlName\";s:13:\"Page Location\";s:27:\"\0*\0ptComposerControlIconSRC\";s:70:\"/hdp/participate-melbourne/5.7/concrete/attributes/image_file/icon.png\";s:20:\"\0*\0ptComposerControl\";N;s:37:\"\0*\0ptComposerControlRequiredByDefault\";b:0;s:41:\"\0*\0ptComposerControlRequiredOnThisRequest\";b:0;s:5:\"error\";s:0:\"\";}',4,NULL,NULL,NULL,0),(6,2,3,'O:53:\"Concrete\\Core\\Page\\Type\\Composer\\Control\\BlockControl\":11:{s:7:\"\0*\0btID\";i:12;s:30:\"\0*\0ptComposerControlTypeHandle\";s:5:\"block\";s:5:\"\0*\0bt\";b:0;s:4:\"\0*\0b\";b:0;s:30:\"\0*\0ptComposerControlIdentifier\";i:12;s:24:\"\0*\0ptComposerControlName\";s:7:\"Content\";s:27:\"\0*\0ptComposerControlIconSRC\";s:63:\"/hdp/participate-melbourne/5.7/concrete/blocks/content/icon.png\";s:20:\"\0*\0ptComposerControl\";N;s:37:\"\0*\0ptComposerControlRequiredByDefault\";b:0;s:41:\"\0*\0ptComposerControlRequiredOnThisRequest\";b:0;s:5:\"error\";s:0:\"\";}',0,'Body',NULL,NULL,0),(25,12,1,'O:78:\"Concrete\\Core\\Page\\Type\\Composer\\Control\\CorePageProperty\\NameCorePageProperty\":9:{s:37:\"\0*\0ptComposerControlRequiredByDefault\";b:1;s:17:\"\0*\0propertyHandle\";s:4:\"name\";s:30:\"\0*\0ptComposerControlTypeHandle\";s:18:\"core_page_property\";s:30:\"\0*\0ptComposerControlIdentifier\";s:4:\"name\";s:24:\"\0*\0ptComposerControlName\";s:9:\"Page Name\";s:27:\"\0*\0ptComposerControlIconSRC\";s:64:\"/hdp/participate-melbourne/5.7/concrete/attributes/text/icon.png\";s:20:\"\0*\0ptComposerControl\";N;s:41:\"\0*\0ptComposerControlRequiredOnThisRequest\";b:0;s:5:\"error\";s:0:\"\";}',0,'Project Name',NULL,'Please provide a name for your project.',0),(26,12,1,'O:81:\"Concrete\\Core\\Page\\Type\\Composer\\Control\\CorePageProperty\\UrlSlugCorePageProperty\":9:{s:17:\"\0*\0propertyHandle\";s:8:\"url_slug\";s:30:\"\0*\0ptComposerControlTypeHandle\";s:18:\"core_page_property\";s:30:\"\0*\0ptComposerControlIdentifier\";s:8:\"url_slug\";s:24:\"\0*\0ptComposerControlName\";s:8:\"URL Slug\";s:27:\"\0*\0ptComposerControlIconSRC\";s:64:\"/hdp/participate-melbourne/5.7/concrete/attributes/text/icon.png\";s:20:\"\0*\0ptComposerControl\";N;s:37:\"\0*\0ptComposerControlRequiredByDefault\";b:0;s:41:\"\0*\0ptComposerControlRequiredOnThisRequest\";b:0;s:5:\"error\";s:0:\"\";}',1,'Project URL',NULL,'Please create a URL for your project. The URL is the web address that will be used to direct traffic to your webiste. Remember that shorter URLs are easier to advertise.',0),(27,12,1,'O:85:\"Concrete\\Core\\Page\\Type\\Composer\\Control\\CorePageProperty\\DescriptionCorePageProperty\":9:{s:17:\"\0*\0propertyHandle\";s:11:\"description\";s:30:\"\0*\0ptComposerControlTypeHandle\";s:18:\"core_page_property\";s:30:\"\0*\0ptComposerControlIdentifier\";s:11:\"description\";s:24:\"\0*\0ptComposerControlName\";s:11:\"Description\";s:27:\"\0*\0ptComposerControlIconSRC\";s:68:\"/hdp/participate-melbourne/5.7/concrete/attributes/textarea/icon.png\";s:20:\"\0*\0ptComposerControl\";N;s:37:\"\0*\0ptComposerControlRequiredByDefault\";b:0;s:41:\"\0*\0ptComposerControlRequiredOnThisRequest\";b:0;s:5:\"error\";s:0:\"\";}',2,'Project Description',NULL,'Please provide a short description of your project. The description will appear on the front page as well as on the project homepage.',0),(28,13,2,'O:67:\"Concrete\\Core\\Page\\Type\\Composer\\Control\\CollectionAttributeControl\":10:{s:7:\"\0*\0akID\";s:2:\"20\";s:5:\"\0*\0ak\";b:0;s:30:\"\0*\0ptComposerControlTypeHandle\";s:20:\"collection_attribute\";s:30:\"\0*\0ptComposerControlIdentifier\";s:2:\"20\";s:24:\"\0*\0ptComposerControlName\";s:14:\"Project Status\";s:27:\"\0*\0ptComposerControlIconSRC\";s:66:\"/hdp/participate-melbourne/5.7/concrete/attributes/select/icon.png\";s:20:\"\0*\0ptComposerControl\";N;s:37:\"\0*\0ptComposerControlRequiredByDefault\";b:0;s:41:\"\0*\0ptComposerControlRequiredOnThisRequest\";b:0;s:5:\"error\";s:0:\"\";}',0,'Project Status',NULL,NULL,0),(31,15,1,'O:78:\"Concrete\\Core\\Page\\Type\\Composer\\Control\\CorePageProperty\\NameCorePageProperty\":9:{s:37:\"\0*\0ptComposerControlRequiredByDefault\";b:1;s:17:\"\0*\0propertyHandle\";s:4:\"name\";s:30:\"\0*\0ptComposerControlTypeHandle\";s:18:\"core_page_property\";s:30:\"\0*\0ptComposerControlIdentifier\";s:4:\"name\";s:24:\"\0*\0ptComposerControlName\";s:9:\"Page Name\";s:27:\"\0*\0ptComposerControlIconSRC\";s:64:\"/hdp/participate-melbourne/5.7/concrete/attributes/text/icon.png\";s:20:\"\0*\0ptComposerControl\";N;s:41:\"\0*\0ptComposerControlRequiredOnThisRequest\";b:0;s:5:\"error\";s:0:\"\";}',0,'News Title','','',1),(32,15,1,'O:81:\"Concrete\\Core\\Page\\Type\\Composer\\Control\\CorePageProperty\\UrlSlugCorePageProperty\":9:{s:17:\"\0*\0propertyHandle\";s:8:\"url_slug\";s:30:\"\0*\0ptComposerControlTypeHandle\";s:18:\"core_page_property\";s:30:\"\0*\0ptComposerControlIdentifier\";s:8:\"url_slug\";s:24:\"\0*\0ptComposerControlName\";s:8:\"URL Slug\";s:27:\"\0*\0ptComposerControlIconSRC\";s:64:\"/hdp/participate-melbourne/5.7/concrete/attributes/text/icon.png\";s:20:\"\0*\0ptComposerControl\";N;s:37:\"\0*\0ptComposerControlRequiredByDefault\";b:0;s:41:\"\0*\0ptComposerControlRequiredOnThisRequest\";b:0;s:5:\"error\";s:0:\"\";}',1,NULL,NULL,NULL,0),(33,15,1,'O:82:\"Concrete\\Core\\Page\\Type\\Composer\\Control\\CorePageProperty\\DateTimeCorePageProperty\":9:{s:17:\"\0*\0propertyHandle\";s:9:\"date_time\";s:30:\"\0*\0ptComposerControlTypeHandle\";s:18:\"core_page_property\";s:30:\"\0*\0ptComposerControlIdentifier\";s:9:\"date_time\";s:24:\"\0*\0ptComposerControlName\";s:16:\"Public Date/Time\";s:27:\"\0*\0ptComposerControlIconSRC\";s:69:\"/hdp/participate-melbourne/5.7/concrete/attributes/date_time/icon.png\";s:20:\"\0*\0ptComposerControl\";N;s:37:\"\0*\0ptComposerControlRequiredByDefault\";b:0;s:41:\"\0*\0ptComposerControlRequiredOnThisRequest\";b:0;s:5:\"error\";s:0:\"\";}',2,NULL,NULL,NULL,0),(34,15,1,'O:85:\"Concrete\\Core\\Page\\Type\\Composer\\Control\\CorePageProperty\\DescriptionCorePageProperty\":9:{s:17:\"\0*\0propertyHandle\";s:11:\"description\";s:30:\"\0*\0ptComposerControlTypeHandle\";s:18:\"core_page_property\";s:30:\"\0*\0ptComposerControlIdentifier\";s:11:\"description\";s:24:\"\0*\0ptComposerControlName\";s:11:\"Description\";s:27:\"\0*\0ptComposerControlIconSRC\";s:68:\"/hdp/participate-melbourne/5.7/concrete/attributes/textarea/icon.png\";s:20:\"\0*\0ptComposerControl\";N;s:37:\"\0*\0ptComposerControlRequiredByDefault\";b:0;s:41:\"\0*\0ptComposerControlRequiredOnThisRequest\";b:0;s:5:\"error\";s:0:\"\";}',3,NULL,NULL,'This text will be used as the description for the news item stub in the Newsfeed tool.',0),(35,1,2,'O:67:\"Concrete\\Core\\Page\\Type\\Composer\\Control\\CollectionAttributeControl\":10:{s:7:\"\0*\0akID\";s:1:\"5\";s:5:\"\0*\0ak\";b:0;s:30:\"\0*\0ptComposerControlTypeHandle\";s:20:\"collection_attribute\";s:30:\"\0*\0ptComposerControlIdentifier\";s:1:\"5\";s:24:\"\0*\0ptComposerControlName\";s:16:\"Exclude From Nav\";s:27:\"\0*\0ptComposerControlIconSRC\";s:53:\"/staging/calgary/concrete/attributes/boolean/icon.png\";s:20:\"\0*\0ptComposerControl\";N;s:37:\"\0*\0ptComposerControlRequiredByDefault\";b:0;s:41:\"\0*\0ptComposerControlRequiredOnThisRequest\";b:0;s:5:\"error\";s:0:\"\";}',5,NULL,NULL,NULL,0),(36,16,1,'O:78:\"Concrete\\Core\\Page\\Type\\Composer\\Control\\CorePageProperty\\NameCorePageProperty\":10:{s:37:\"\0*\0ptComposerControlRequiredByDefault\";b:1;s:17:\"\0*\0propertyHandle\";s:4:\"name\";s:30:\"\0*\0ptComposerControlTypeHandle\";s:18:\"core_page_property\";s:30:\"\0*\0ptComposerControlIdentifier\";s:4:\"name\";s:24:\"\0*\0ptComposerControlName\";s:9:\"Page Name\";s:27:\"\0*\0ptComposerControlIconSRC\";s:64:\"/hdp/participate-melbourne/5.7/concrete/attributes/text/icon.png\";s:20:\"\0*\0ptComposerControl\";N;s:41:\"\0*\0ptComposerControlRequiredOnThisRequest\";b:0;s:5:\"error\";s:0:\"\";s:36:\"ptComposerFormLayoutSetControlObject\";O:53:\"Concrete\\Core\\Page\\Type\\Composer\\FormLayoutSetControl\":11:{s:23:\"\0*\0ptTargetParentPageID\";i:0;s:5:\"error\";s:0:\"\";s:32:\"ptComposerFormLayoutSetControlID\";s:1:\"1\";s:25:\"ptComposerFormLayoutSetID\";s:1:\"1\";s:23:\"ptComposerControlTypeID\";s:1:\"1\";s:23:\"ptComposerControlObject\";r:1;s:42:\"ptComposerFormLayoutSetControlDisplayOrder\";s:1:\"0\";s:41:\"ptComposerFormLayoutSetControlCustomLabel\";s:9:\"Page Name\";s:44:\"ptComposerFormLayoutSetControlCustomTemplate\";N;s:41:\"ptComposerFormLayoutSetControlDescription\";N;s:38:\"ptComposerFormLayoutSetControlRequired\";s:1:\"1\";}}',0,'Page Name',NULL,NULL,1),(37,16,1,'O:85:\"Concrete\\Core\\Page\\Type\\Composer\\Control\\CorePageProperty\\DescriptionCorePageProperty\":10:{s:17:\"\0*\0propertyHandle\";s:11:\"description\";s:30:\"\0*\0ptComposerControlTypeHandle\";s:18:\"core_page_property\";s:30:\"\0*\0ptComposerControlIdentifier\";s:11:\"description\";s:24:\"\0*\0ptComposerControlName\";s:11:\"Description\";s:27:\"\0*\0ptComposerControlIconSRC\";s:68:\"/hdp/participate-melbourne/5.7/concrete/attributes/textarea/icon.png\";s:20:\"\0*\0ptComposerControl\";N;s:37:\"\0*\0ptComposerControlRequiredByDefault\";b:0;s:41:\"\0*\0ptComposerControlRequiredOnThisRequest\";b:0;s:5:\"error\";s:0:\"\";s:36:\"ptComposerFormLayoutSetControlObject\";O:53:\"Concrete\\Core\\Page\\Type\\Composer\\FormLayoutSetControl\":11:{s:23:\"\0*\0ptTargetParentPageID\";i:0;s:5:\"error\";s:0:\"\";s:32:\"ptComposerFormLayoutSetControlID\";s:1:\"2\";s:25:\"ptComposerFormLayoutSetID\";s:1:\"1\";s:23:\"ptComposerControlTypeID\";s:1:\"1\";s:23:\"ptComposerControlObject\";r:1;s:42:\"ptComposerFormLayoutSetControlDisplayOrder\";s:1:\"1\";s:41:\"ptComposerFormLayoutSetControlCustomLabel\";N;s:44:\"ptComposerFormLayoutSetControlCustomTemplate\";N;s:41:\"ptComposerFormLayoutSetControlDescription\";N;s:38:\"ptComposerFormLayoutSetControlRequired\";s:1:\"0\";}}',1,NULL,NULL,NULL,0),(38,16,1,'O:81:\"Concrete\\Core\\Page\\Type\\Composer\\Control\\CorePageProperty\\UrlSlugCorePageProperty\":10:{s:17:\"\0*\0propertyHandle\";s:8:\"url_slug\";s:30:\"\0*\0ptComposerControlTypeHandle\";s:18:\"core_page_property\";s:30:\"\0*\0ptComposerControlIdentifier\";s:8:\"url_slug\";s:24:\"\0*\0ptComposerControlName\";s:8:\"URL Slug\";s:27:\"\0*\0ptComposerControlIconSRC\";s:64:\"/hdp/participate-melbourne/5.7/concrete/attributes/text/icon.png\";s:20:\"\0*\0ptComposerControl\";N;s:37:\"\0*\0ptComposerControlRequiredByDefault\";b:0;s:41:\"\0*\0ptComposerControlRequiredOnThisRequest\";b:0;s:5:\"error\";s:0:\"\";s:36:\"ptComposerFormLayoutSetControlObject\";O:53:\"Concrete\\Core\\Page\\Type\\Composer\\FormLayoutSetControl\":11:{s:23:\"\0*\0ptTargetParentPageID\";i:0;s:5:\"error\";s:0:\"\";s:32:\"ptComposerFormLayoutSetControlID\";s:1:\"3\";s:25:\"ptComposerFormLayoutSetID\";s:1:\"1\";s:23:\"ptComposerControlTypeID\";s:1:\"1\";s:23:\"ptComposerControlObject\";r:1;s:42:\"ptComposerFormLayoutSetControlDisplayOrder\";s:1:\"2\";s:41:\"ptComposerFormLayoutSetControlCustomLabel\";N;s:44:\"ptComposerFormLayoutSetControlCustomTemplate\";N;s:41:\"ptComposerFormLayoutSetControlDescription\";N;s:38:\"ptComposerFormLayoutSetControlRequired\";s:1:\"0\";}}',2,NULL,NULL,NULL,0),(39,16,1,'O:86:\"Concrete\\Core\\Page\\Type\\Composer\\Control\\CorePageProperty\\PageTemplateCorePageProperty\":10:{s:17:\"\0*\0propertyHandle\";s:13:\"page_template\";s:30:\"\0*\0ptComposerControlTypeHandle\";s:18:\"core_page_property\";s:30:\"\0*\0ptComposerControlIdentifier\";s:13:\"page_template\";s:24:\"\0*\0ptComposerControlName\";s:13:\"Page Template\";s:27:\"\0*\0ptComposerControlIconSRC\";s:66:\"/hdp/participate-melbourne/5.7/concrete/attributes/select/icon.png\";s:20:\"\0*\0ptComposerControl\";N;s:37:\"\0*\0ptComposerControlRequiredByDefault\";b:0;s:41:\"\0*\0ptComposerControlRequiredOnThisRequest\";b:0;s:5:\"error\";s:0:\"\";s:36:\"ptComposerFormLayoutSetControlObject\";O:53:\"Concrete\\Core\\Page\\Type\\Composer\\FormLayoutSetControl\":11:{s:23:\"\0*\0ptTargetParentPageID\";i:0;s:5:\"error\";s:0:\"\";s:32:\"ptComposerFormLayoutSetControlID\";s:1:\"4\";s:25:\"ptComposerFormLayoutSetID\";s:1:\"1\";s:23:\"ptComposerControlTypeID\";s:1:\"1\";s:23:\"ptComposerControlObject\";r:1;s:42:\"ptComposerFormLayoutSetControlDisplayOrder\";s:1:\"3\";s:41:\"ptComposerFormLayoutSetControlCustomLabel\";N;s:44:\"ptComposerFormLayoutSetControlCustomTemplate\";N;s:41:\"ptComposerFormLayoutSetControlDescription\";N;s:38:\"ptComposerFormLayoutSetControlRequired\";s:1:\"0\";}}',3,NULL,NULL,NULL,0),(40,16,1,'O:87:\"Concrete\\Core\\Page\\Type\\Composer\\Control\\CorePageProperty\\PublishTargetCorePageProperty\":10:{s:17:\"\0*\0propertyHandle\";s:14:\"publish_target\";s:30:\"\0*\0ptComposerControlTypeHandle\";s:18:\"core_page_property\";s:30:\"\0*\0ptComposerControlIdentifier\";s:14:\"publish_target\";s:24:\"\0*\0ptComposerControlName\";s:13:\"Page Location\";s:27:\"\0*\0ptComposerControlIconSRC\";s:70:\"/hdp/participate-melbourne/5.7/concrete/attributes/image_file/icon.png\";s:20:\"\0*\0ptComposerControl\";N;s:37:\"\0*\0ptComposerControlRequiredByDefault\";b:0;s:41:\"\0*\0ptComposerControlRequiredOnThisRequest\";b:0;s:5:\"error\";s:0:\"\";s:36:\"ptComposerFormLayoutSetControlObject\";O:53:\"Concrete\\Core\\Page\\Type\\Composer\\FormLayoutSetControl\":11:{s:23:\"\0*\0ptTargetParentPageID\";i:0;s:5:\"error\";s:0:\"\";s:32:\"ptComposerFormLayoutSetControlID\";s:1:\"5\";s:25:\"ptComposerFormLayoutSetID\";s:1:\"1\";s:23:\"ptComposerControlTypeID\";s:1:\"1\";s:23:\"ptComposerControlObject\";r:1;s:42:\"ptComposerFormLayoutSetControlDisplayOrder\";s:1:\"4\";s:41:\"ptComposerFormLayoutSetControlCustomLabel\";N;s:44:\"ptComposerFormLayoutSetControlCustomTemplate\";N;s:41:\"ptComposerFormLayoutSetControlDescription\";N;s:38:\"ptComposerFormLayoutSetControlRequired\";s:1:\"0\";}}',4,NULL,NULL,NULL,0),(42,17,3,'O:53:\"Concrete\\Core\\Page\\Type\\Composer\\Control\\BlockControl\":13:{s:7:\"\0*\0btID\";i:12;s:30:\"\0*\0ptComposerControlTypeHandle\";s:5:\"block\";s:5:\"\0*\0bt\";b:0;s:4:\"\0*\0b\";b:0;s:13:\"\0*\0controller\";N;s:30:\"\0*\0ptComposerControlIdentifier\";i:12;s:24:\"\0*\0ptComposerControlName\";s:7:\"Content\";s:27:\"\0*\0ptComposerControlIconSRC\";s:63:\"/hdp/participate-melbourne/5.7/concrete/blocks/content/icon.png\";s:20:\"\0*\0ptComposerControl\";N;s:37:\"\0*\0ptComposerControlRequiredByDefault\";b:0;s:41:\"\0*\0ptComposerControlRequiredOnThisRequest\";b:0;s:5:\"error\";s:0:\"\";s:36:\"ptComposerFormLayoutSetControlObject\";O:53:\"Concrete\\Core\\Page\\Type\\Composer\\FormLayoutSetControl\":11:{s:23:\"\0*\0ptTargetParentPageID\";i:0;s:5:\"error\";s:0:\"\";s:32:\"ptComposerFormLayoutSetControlID\";s:1:\"6\";s:25:\"ptComposerFormLayoutSetID\";s:1:\"2\";s:23:\"ptComposerControlTypeID\";s:1:\"3\";s:23:\"ptComposerControlObject\";r:1;s:42:\"ptComposerFormLayoutSetControlDisplayOrder\";s:1:\"0\";s:41:\"ptComposerFormLayoutSetControlCustomLabel\";s:4:\"Body\";s:44:\"ptComposerFormLayoutSetControlCustomTemplate\";N;s:41:\"ptComposerFormLayoutSetControlDescription\";N;s:38:\"ptComposerFormLayoutSetControlRequired\";s:1:\"0\";}}',0,'Body',NULL,NULL,0),(43,18,1,'O:78:\"Concrete\\Core\\Page\\Type\\Composer\\Control\\CorePageProperty\\NameCorePageProperty\":10:{s:37:\"\0*\0ptComposerControlRequiredByDefault\";b:1;s:17:\"\0*\0propertyHandle\";s:4:\"name\";s:30:\"\0*\0ptComposerControlTypeHandle\";s:18:\"core_page_property\";s:30:\"\0*\0ptComposerControlIdentifier\";s:4:\"name\";s:24:\"\0*\0ptComposerControlName\";s:9:\"Page Name\";s:27:\"\0*\0ptComposerControlIconSRC\";s:64:\"/hdp/participate-melbourne/5.7/concrete/attributes/text/icon.png\";s:20:\"\0*\0ptComposerControl\";N;s:41:\"\0*\0ptComposerControlRequiredOnThisRequest\";b:0;s:5:\"error\";s:0:\"\";s:36:\"ptComposerFormLayoutSetControlObject\";O:53:\"Concrete\\Core\\Page\\Type\\Composer\\FormLayoutSetControl\":11:{s:23:\"\0*\0ptTargetParentPageID\";i:0;s:5:\"error\";s:0:\"\";s:32:\"ptComposerFormLayoutSetControlID\";s:1:\"1\";s:25:\"ptComposerFormLayoutSetID\";s:1:\"1\";s:23:\"ptComposerControlTypeID\";s:1:\"1\";s:23:\"ptComposerControlObject\";r:1;s:42:\"ptComposerFormLayoutSetControlDisplayOrder\";s:1:\"0\";s:41:\"ptComposerFormLayoutSetControlCustomLabel\";s:9:\"Page Name\";s:44:\"ptComposerFormLayoutSetControlCustomTemplate\";N;s:41:\"ptComposerFormLayoutSetControlDescription\";N;s:38:\"ptComposerFormLayoutSetControlRequired\";s:1:\"1\";}}',0,'Page Name',NULL,NULL,1),(44,18,1,'O:85:\"Concrete\\Core\\Page\\Type\\Composer\\Control\\CorePageProperty\\DescriptionCorePageProperty\":10:{s:17:\"\0*\0propertyHandle\";s:11:\"description\";s:30:\"\0*\0ptComposerControlTypeHandle\";s:18:\"core_page_property\";s:30:\"\0*\0ptComposerControlIdentifier\";s:11:\"description\";s:24:\"\0*\0ptComposerControlName\";s:11:\"Description\";s:27:\"\0*\0ptComposerControlIconSRC\";s:68:\"/hdp/participate-melbourne/5.7/concrete/attributes/textarea/icon.png\";s:20:\"\0*\0ptComposerControl\";N;s:37:\"\0*\0ptComposerControlRequiredByDefault\";b:0;s:41:\"\0*\0ptComposerControlRequiredOnThisRequest\";b:0;s:5:\"error\";s:0:\"\";s:36:\"ptComposerFormLayoutSetControlObject\";O:53:\"Concrete\\Core\\Page\\Type\\Composer\\FormLayoutSetControl\":11:{s:23:\"\0*\0ptTargetParentPageID\";i:0;s:5:\"error\";s:0:\"\";s:32:\"ptComposerFormLayoutSetControlID\";s:1:\"2\";s:25:\"ptComposerFormLayoutSetID\";s:1:\"1\";s:23:\"ptComposerControlTypeID\";s:1:\"1\";s:23:\"ptComposerControlObject\";r:1;s:42:\"ptComposerFormLayoutSetControlDisplayOrder\";s:1:\"1\";s:41:\"ptComposerFormLayoutSetControlCustomLabel\";N;s:44:\"ptComposerFormLayoutSetControlCustomTemplate\";N;s:41:\"ptComposerFormLayoutSetControlDescription\";N;s:38:\"ptComposerFormLayoutSetControlRequired\";s:1:\"0\";}}',1,NULL,NULL,NULL,0),(45,18,1,'O:81:\"Concrete\\Core\\Page\\Type\\Composer\\Control\\CorePageProperty\\UrlSlugCorePageProperty\":10:{s:17:\"\0*\0propertyHandle\";s:8:\"url_slug\";s:30:\"\0*\0ptComposerControlTypeHandle\";s:18:\"core_page_property\";s:30:\"\0*\0ptComposerControlIdentifier\";s:8:\"url_slug\";s:24:\"\0*\0ptComposerControlName\";s:8:\"URL Slug\";s:27:\"\0*\0ptComposerControlIconSRC\";s:64:\"/hdp/participate-melbourne/5.7/concrete/attributes/text/icon.png\";s:20:\"\0*\0ptComposerControl\";N;s:37:\"\0*\0ptComposerControlRequiredByDefault\";b:0;s:41:\"\0*\0ptComposerControlRequiredOnThisRequest\";b:0;s:5:\"error\";s:0:\"\";s:36:\"ptComposerFormLayoutSetControlObject\";O:53:\"Concrete\\Core\\Page\\Type\\Composer\\FormLayoutSetControl\":11:{s:23:\"\0*\0ptTargetParentPageID\";i:0;s:5:\"error\";s:0:\"\";s:32:\"ptComposerFormLayoutSetControlID\";s:1:\"3\";s:25:\"ptComposerFormLayoutSetID\";s:1:\"1\";s:23:\"ptComposerControlTypeID\";s:1:\"1\";s:23:\"ptComposerControlObject\";r:1;s:42:\"ptComposerFormLayoutSetControlDisplayOrder\";s:1:\"2\";s:41:\"ptComposerFormLayoutSetControlCustomLabel\";N;s:44:\"ptComposerFormLayoutSetControlCustomTemplate\";N;s:41:\"ptComposerFormLayoutSetControlDescription\";N;s:38:\"ptComposerFormLayoutSetControlRequired\";s:1:\"0\";}}',2,NULL,NULL,NULL,0),(46,18,1,'O:86:\"Concrete\\Core\\Page\\Type\\Composer\\Control\\CorePageProperty\\PageTemplateCorePageProperty\":10:{s:17:\"\0*\0propertyHandle\";s:13:\"page_template\";s:30:\"\0*\0ptComposerControlTypeHandle\";s:18:\"core_page_property\";s:30:\"\0*\0ptComposerControlIdentifier\";s:13:\"page_template\";s:24:\"\0*\0ptComposerControlName\";s:13:\"Page Template\";s:27:\"\0*\0ptComposerControlIconSRC\";s:66:\"/hdp/participate-melbourne/5.7/concrete/attributes/select/icon.png\";s:20:\"\0*\0ptComposerControl\";N;s:37:\"\0*\0ptComposerControlRequiredByDefault\";b:0;s:41:\"\0*\0ptComposerControlRequiredOnThisRequest\";b:0;s:5:\"error\";s:0:\"\";s:36:\"ptComposerFormLayoutSetControlObject\";O:53:\"Concrete\\Core\\Page\\Type\\Composer\\FormLayoutSetControl\":11:{s:23:\"\0*\0ptTargetParentPageID\";i:0;s:5:\"error\";s:0:\"\";s:32:\"ptComposerFormLayoutSetControlID\";s:1:\"4\";s:25:\"ptComposerFormLayoutSetID\";s:1:\"1\";s:23:\"ptComposerControlTypeID\";s:1:\"1\";s:23:\"ptComposerControlObject\";r:1;s:42:\"ptComposerFormLayoutSetControlDisplayOrder\";s:1:\"3\";s:41:\"ptComposerFormLayoutSetControlCustomLabel\";N;s:44:\"ptComposerFormLayoutSetControlCustomTemplate\";N;s:41:\"ptComposerFormLayoutSetControlDescription\";N;s:38:\"ptComposerFormLayoutSetControlRequired\";s:1:\"0\";}}',3,NULL,NULL,NULL,0),(47,18,1,'O:87:\"Concrete\\Core\\Page\\Type\\Composer\\Control\\CorePageProperty\\PublishTargetCorePageProperty\":10:{s:17:\"\0*\0propertyHandle\";s:14:\"publish_target\";s:30:\"\0*\0ptComposerControlTypeHandle\";s:18:\"core_page_property\";s:30:\"\0*\0ptComposerControlIdentifier\";s:14:\"publish_target\";s:24:\"\0*\0ptComposerControlName\";s:13:\"Page Location\";s:27:\"\0*\0ptComposerControlIconSRC\";s:70:\"/hdp/participate-melbourne/5.7/concrete/attributes/image_file/icon.png\";s:20:\"\0*\0ptComposerControl\";N;s:37:\"\0*\0ptComposerControlRequiredByDefault\";b:0;s:41:\"\0*\0ptComposerControlRequiredOnThisRequest\";b:0;s:5:\"error\";s:0:\"\";s:36:\"ptComposerFormLayoutSetControlObject\";O:53:\"Concrete\\Core\\Page\\Type\\Composer\\FormLayoutSetControl\":11:{s:23:\"\0*\0ptTargetParentPageID\";i:0;s:5:\"error\";s:0:\"\";s:32:\"ptComposerFormLayoutSetControlID\";s:1:\"5\";s:25:\"ptComposerFormLayoutSetID\";s:1:\"1\";s:23:\"ptComposerControlTypeID\";s:1:\"1\";s:23:\"ptComposerControlObject\";r:1;s:42:\"ptComposerFormLayoutSetControlDisplayOrder\";s:1:\"4\";s:41:\"ptComposerFormLayoutSetControlCustomLabel\";N;s:44:\"ptComposerFormLayoutSetControlCustomTemplate\";N;s:41:\"ptComposerFormLayoutSetControlDescription\";N;s:38:\"ptComposerFormLayoutSetControlRequired\";s:1:\"0\";}}',4,NULL,NULL,NULL,0),(48,18,2,'O:67:\"Concrete\\Core\\Page\\Type\\Composer\\Control\\CollectionAttributeControl\":11:{s:7:\"\0*\0akID\";s:1:\"5\";s:5:\"\0*\0ak\";O:41:\"Concrete\\Core\\Attribute\\Key\\CollectionKey\":15:{s:29:\"\0*\0searchIndexFieldDefinition\";a:2:{s:7:\"columns\";a:1:{i:0;a:3:{s:4:\"name\";s:3:\"cID\";s:4:\"type\";s:7:\"integer\";s:7:\"options\";a:3:{s:8:\"unsigned\";b:1;s:7:\"default\";i:0;s:7:\"notnull\";b:1;}}}s:7:\"primary\";a:1:{i:0;s:3:\"cID\";}}s:7:\"\0*\0akID\";s:1:\"5\";s:5:\"error\";s:0:\"\";s:8:\"akHandle\";s:11:\"exclude_nav\";s:6:\"akName\";s:16:\"Exclude From Nav\";s:12:\"akCategoryID\";s:1:\"1\";s:12:\"akIsInternal\";s:1:\"0\";s:12:\"akIsEditable\";s:1:\"1\";s:14:\"akIsSearchable\";s:1:\"1\";s:21:\"akIsSearchableIndexed\";s:1:\"1\";s:15:\"akIsAutoCreated\";s:1:\"1\";s:16:\"akIsColumnHeader\";s:1:\"0\";s:4:\"atID\";s:1:\"3\";s:8:\"atHandle\";s:7:\"boolean\";s:5:\"pkgID\";s:1:\"0\";}s:30:\"\0*\0ptComposerControlTypeHandle\";s:20:\"collection_attribute\";s:30:\"\0*\0ptComposerControlIdentifier\";s:1:\"5\";s:24:\"\0*\0ptComposerControlName\";s:16:\"Exclude From Nav\";s:27:\"\0*\0ptComposerControlIconSRC\";s:53:\"/staging/calgary/concrete/attributes/boolean/icon.png\";s:20:\"\0*\0ptComposerControl\";N;s:37:\"\0*\0ptComposerControlRequiredByDefault\";b:0;s:41:\"\0*\0ptComposerControlRequiredOnThisRequest\";b:0;s:5:\"error\";s:0:\"\";s:36:\"ptComposerFormLayoutSetControlObject\";O:53:\"Concrete\\Core\\Page\\Type\\Composer\\FormLayoutSetControl\":11:{s:23:\"\0*\0ptTargetParentPageID\";i:0;s:5:\"error\";s:0:\"\";s:32:\"ptComposerFormLayoutSetControlID\";s:2:\"35\";s:25:\"ptComposerFormLayoutSetID\";s:1:\"1\";s:23:\"ptComposerControlTypeID\";s:1:\"2\";s:23:\"ptComposerControlObject\";r:1;s:42:\"ptComposerFormLayoutSetControlDisplayOrder\";s:1:\"5\";s:41:\"ptComposerFormLayoutSetControlCustomLabel\";N;s:44:\"ptComposerFormLayoutSetControlCustomTemplate\";N;s:41:\"ptComposerFormLayoutSetControlDescription\";N;s:38:\"ptComposerFormLayoutSetControlRequired\";s:1:\"0\";}}',5,NULL,NULL,NULL,0),(49,19,3,'O:53:\"Concrete\\Core\\Page\\Type\\Composer\\Control\\BlockControl\":13:{s:7:\"\0*\0btID\";i:12;s:30:\"\0*\0ptComposerControlTypeHandle\";s:5:\"block\";s:5:\"\0*\0bt\";b:0;s:4:\"\0*\0b\";b:0;s:13:\"\0*\0controller\";N;s:30:\"\0*\0ptComposerControlIdentifier\";i:12;s:24:\"\0*\0ptComposerControlName\";s:7:\"Content\";s:27:\"\0*\0ptComposerControlIconSRC\";s:63:\"/hdp/participate-melbourne/5.7/concrete/blocks/content/icon.png\";s:20:\"\0*\0ptComposerControl\";N;s:37:\"\0*\0ptComposerControlRequiredByDefault\";b:0;s:41:\"\0*\0ptComposerControlRequiredOnThisRequest\";b:0;s:5:\"error\";s:0:\"\";s:36:\"ptComposerFormLayoutSetControlObject\";O:53:\"Concrete\\Core\\Page\\Type\\Composer\\FormLayoutSetControl\":11:{s:23:\"\0*\0ptTargetParentPageID\";i:0;s:5:\"error\";s:0:\"\";s:32:\"ptComposerFormLayoutSetControlID\";s:1:\"6\";s:25:\"ptComposerFormLayoutSetID\";s:1:\"2\";s:23:\"ptComposerControlTypeID\";s:1:\"3\";s:23:\"ptComposerControlObject\";r:1;s:42:\"ptComposerFormLayoutSetControlDisplayOrder\";s:1:\"0\";s:41:\"ptComposerFormLayoutSetControlCustomLabel\";s:4:\"Body\";s:44:\"ptComposerFormLayoutSetControlCustomTemplate\";N;s:41:\"ptComposerFormLayoutSetControlDescription\";N;s:38:\"ptComposerFormLayoutSetControlRequired\";s:1:\"0\";}}',0,'Body',NULL,NULL,0),(50,1,2,'O:67:\"Concrete\\Core\\Page\\Type\\Composer\\Control\\CollectionAttributeControl\":10:{s:7:\"\0*\0akID\";s:2:\"30\";s:5:\"\0*\0ak\";b:0;s:30:\"\0*\0ptComposerControlTypeHandle\";s:20:\"collection_attribute\";s:30:\"\0*\0ptComposerControlIdentifier\";s:2:\"30\";s:24:\"\0*\0ptComposerControlName\";s:17:\"Include in Footer\";s:27:\"\0*\0ptComposerControlIconSRC\";s:53:\"/staging/calgary/concrete/attributes/boolean/icon.png\";s:20:\"\0*\0ptComposerControl\";N;s:37:\"\0*\0ptComposerControlRequiredByDefault\";b:0;s:41:\"\0*\0ptComposerControlRequiredOnThisRequest\";b:0;s:5:\"error\";s:0:\"\";}',6,NULL,NULL,NULL,0),(51,15,1,'O:87:\"Concrete\\Core\\Page\\Type\\Composer\\Control\\CorePageProperty\\PublishTargetCorePageProperty\":9:{s:17:\"\0*\0propertyHandle\";s:14:\"publish_target\";s:30:\"\0*\0ptComposerControlTypeHandle\";s:18:\"core_page_property\";s:30:\"\0*\0ptComposerControlIdentifier\";s:14:\"publish_target\";s:24:\"\0*\0ptComposerControlName\";s:13:\"Page Location\";s:27:\"\0*\0ptComposerControlIconSRC\";s:56:\"/staging/calgary/concrete/attributes/image_file/icon.png\";s:20:\"\0*\0ptComposerControl\";N;s:37:\"\0*\0ptComposerControlRequiredByDefault\";b:0;s:41:\"\0*\0ptComposerControlRequiredOnThisRequest\";b:0;s:5:\"error\";s:0:\"\";}',4,NULL,NULL,NULL,0),(52,13,2,'O:67:\"Concrete\\Core\\Page\\Type\\Composer\\Control\\CollectionAttributeControl\":10:{s:7:\"\0*\0akID\";s:2:\"32\";s:5:\"\0*\0ak\";b:0;s:30:\"\0*\0ptComposerControlTypeHandle\";s:20:\"collection_attribute\";s:30:\"\0*\0ptComposerControlIdentifier\";s:2:\"32\";s:24:\"\0*\0ptComposerControlName\";s:17:\"Project Locations\";s:27:\"\0*\0ptComposerControlIconSRC\";s:45:\"/demo/dev/concrete/attributes/topics/icon.png\";s:20:\"\0*\0ptComposerControl\";N;s:37:\"\0*\0ptComposerControlRequiredByDefault\";b:0;s:41:\"\0*\0ptComposerControlRequiredOnThisRequest\";b:0;s:5:\"error\";s:0:\"\";}',2,NULL,NULL,NULL,0),(53,13,2,'O:67:\"Concrete\\Core\\Page\\Type\\Composer\\Control\\CollectionAttributeControl\":10:{s:7:\"\0*\0akID\";s:2:\"33\";s:5:\"\0*\0ak\";b:0;s:30:\"\0*\0ptComposerControlTypeHandle\";s:20:\"collection_attribute\";s:30:\"\0*\0ptComposerControlIdentifier\";s:2:\"33\";s:24:\"\0*\0ptComposerControlName\";s:18:\"Project Interests \";s:27:\"\0*\0ptComposerControlIconSRC\";s:45:\"/demo/dev/concrete/attributes/topics/icon.png\";s:20:\"\0*\0ptComposerControl\";N;s:37:\"\0*\0ptComposerControlRequiredByDefault\";b:0;s:41:\"\0*\0ptComposerControlRequiredOnThisRequest\";b:0;s:5:\"error\";s:0:\"\";}',3,NULL,NULL,NULL,0),(54,14,2,'O:67:\"Concrete\\Core\\Page\\Type\\Composer\\Control\\CollectionAttributeControl\":10:{s:7:\"\0*\0akID\";s:2:\"34\";s:5:\"\0*\0ak\";b:0;s:30:\"\0*\0ptComposerControlTypeHandle\";s:20:\"collection_attribute\";s:30:\"\0*\0ptComposerControlIdentifier\";s:2:\"34\";s:24:\"\0*\0ptComposerControlName\";s:13:\"Project Users\";s:27:\"\0*\0ptComposerControlIconSRC\";s:70:\"/demo/dev/packages/the_hive_projects/attributes/project_users/icon.png\";s:20:\"\0*\0ptComposerControl\";N;s:37:\"\0*\0ptComposerControlRequiredByDefault\";b:0;s:41:\"\0*\0ptComposerControlRequiredOnThisRequest\";b:0;s:5:\"error\";s:0:\"\";}',0,'Project Users',NULL,'This list will give access to nominated users. Use this to for assigning specific project managers or named stakeholders. Please note, users must first be added in the Members section before adding to the list.',0),(55,13,2,'O:67:\"Concrete\\Core\\Page\\Type\\Composer\\Control\\CollectionAttributeControl\":10:{s:7:\"\0*\0akID\";s:2:\"21\";s:5:\"\0*\0ak\";b:0;s:30:\"\0*\0ptComposerControlTypeHandle\";s:20:\"collection_attribute\";s:30:\"\0*\0ptComposerControlIdentifier\";s:2:\"21\";s:24:\"\0*\0ptComposerControlName\";s:12:\"Project Type\";s:27:\"\0*\0ptComposerControlIconSRC\";s:45:\"/demo/dev/concrete/attributes/select/icon.png\";s:20:\"\0*\0ptComposerControl\";N;s:37:\"\0*\0ptComposerControlRequiredByDefault\";b:0;s:41:\"\0*\0ptComposerControlRequiredOnThisRequest\";b:0;s:5:\"error\";s:0:\"\";}',1,NULL,NULL,NULL,0),(56,20,1,'O:78:\"Concrete\\Core\\Page\\Type\\Composer\\Control\\CorePageProperty\\NameCorePageProperty\":9:{s:37:\"\0*\0ptComposerControlRequiredByDefault\";b:1;s:17:\"\0*\0propertyHandle\";s:4:\"name\";s:30:\"\0*\0ptComposerControlTypeHandle\";s:18:\"core_page_property\";s:30:\"\0*\0ptComposerControlIdentifier\";s:4:\"name\";s:24:\"\0*\0ptComposerControlName\";s:9:\"Page Name\";s:27:\"\0*\0ptComposerControlIconSRC\";s:43:\"/demo/dev/concrete/attributes/text/icon.png\";s:20:\"\0*\0ptComposerControl\";N;s:41:\"\0*\0ptComposerControlRequiredOnThisRequest\";b:0;s:5:\"error\";s:0:\"\";}',0,NULL,NULL,NULL,1),(57,20,1,'O:87:\"Concrete\\Core\\Page\\Type\\Composer\\Control\\CorePageProperty\\PublishTargetCorePageProperty\":9:{s:17:\"\0*\0propertyHandle\";s:14:\"publish_target\";s:30:\"\0*\0ptComposerControlTypeHandle\";s:18:\"core_page_property\";s:30:\"\0*\0ptComposerControlIdentifier\";s:14:\"publish_target\";s:24:\"\0*\0ptComposerControlName\";s:13:\"Page Location\";s:27:\"\0*\0ptComposerControlIconSRC\";s:49:\"/demo/dev/concrete/attributes/image_file/icon.png\";s:20:\"\0*\0ptComposerControl\";N;s:37:\"\0*\0ptComposerControlRequiredByDefault\";b:0;s:41:\"\0*\0ptComposerControlRequiredOnThisRequest\";b:0;s:5:\"error\";s:0:\"\";}',2,NULL,NULL,NULL,0),(58,20,1,'O:85:\"Concrete\\Core\\Page\\Type\\Composer\\Control\\CorePageProperty\\DescriptionCorePageProperty\":9:{s:17:\"\0*\0propertyHandle\";s:11:\"description\";s:30:\"\0*\0ptComposerControlTypeHandle\";s:18:\"core_page_property\";s:30:\"\0*\0ptComposerControlIdentifier\";s:11:\"description\";s:24:\"\0*\0ptComposerControlName\";s:11:\"Description\";s:27:\"\0*\0ptComposerControlIconSRC\";s:47:\"/demo/dev/concrete/attributes/textarea/icon.png\";s:20:\"\0*\0ptComposerControl\";N;s:37:\"\0*\0ptComposerControlRequiredByDefault\";b:0;s:41:\"\0*\0ptComposerControlRequiredOnThisRequest\";b:0;s:5:\"error\";s:0:\"\";}',1,NULL,NULL,NULL,0),(59,15,2,'O:67:\"Concrete\\Core\\Page\\Type\\Composer\\Control\\CollectionAttributeControl\":12:{s:7:\"\0*\0akID\";s:2:\"47\";s:5:\"\0*\0ak\";b:0;s:30:\"\0*\0ptComposerControlTypeHandle\";s:20:\"collection_attribute\";s:30:\"\0*\0ptComposerControlIdentifier\";s:2:\"47\";s:24:\"\0*\0ptComposerControlName\";s:10:\"News Image\";s:27:\"\0*\0ptComposerControlIconSRC\";s:49:\"/updates//concrete/attributes/image_file/icon.png\";s:20:\"\0*\0ptComposerControl\";N;s:37:\"\0*\0ptComposerControlRequiredByDefault\";b:0;s:41:\"\0*\0ptComposerControlRequiredOnThisRequest\";b:0;s:31:\"\0*\0ptComposerControlCustomLabel\";N;s:31:\"\0*\0ptComposerControlDescription\";N;s:5:\"error\";s:0:\"\";}',5,'News Image',NULL,'This image will display as a thumbnail in the news item stub in the Newsfeed tool.',0),(61,21,2,'O:67:\"Concrete\\Core\\Page\\Type\\Composer\\Control\\CollectionAttributeControl\":12:{s:7:\"\0*\0akID\";s:2:\"48\";s:5:\"\0*\0ak\";b:0;s:30:\"\0*\0ptComposerControlTypeHandle\";s:20:\"collection_attribute\";s:30:\"\0*\0ptComposerControlIdentifier\";s:2:\"48\";s:24:\"\0*\0ptComposerControlName\";s:23:\"Send email notification\";s:27:\"\0*\0ptComposerControlIconSRC\";s:46:\"/updates//concrete/attributes/boolean/icon.png\";s:20:\"\0*\0ptComposerControl\";N;s:37:\"\0*\0ptComposerControlRequiredByDefault\";b:0;s:41:\"\0*\0ptComposerControlRequiredOnThisRequest\";b:0;s:31:\"\0*\0ptComposerControlCustomLabel\";N;s:31:\"\0*\0ptComposerControlDescription\";N;s:5:\"error\";s:0:\"\";}',0,'Send email notification','toggle_content.php',NULL,0),(62,21,2,'O:67:\"Concrete\\Core\\Page\\Type\\Composer\\Control\\CollectionAttributeControl\":12:{s:7:\"\0*\0akID\";s:2:\"46\";s:5:\"\0*\0ak\";b:0;s:30:\"\0*\0ptComposerControlTypeHandle\";s:20:\"collection_attribute\";s:30:\"\0*\0ptComposerControlIdentifier\";s:2:\"46\";s:24:\"\0*\0ptComposerControlName\";s:12:\"News Summary\";s:27:\"\0*\0ptComposerControlIconSRC\";s:47:\"/updates//concrete/attributes/textarea/icon.png\";s:20:\"\0*\0ptComposerControl\";N;s:37:\"\0*\0ptComposerControlRequiredByDefault\";b:0;s:41:\"\0*\0ptComposerControlRequiredOnThisRequest\";b:0;s:31:\"\0*\0ptComposerControlCustomLabel\";N;s:31:\"\0*\0ptComposerControlDescription\";N;s:5:\"error\";s:0:\"\";}',1,'Email Content','redactor_counter.php','This summary will be used in the email update to all project followers.',0),(63,13,2,'O:67:\"Concrete\\Core\\Page\\Type\\Composer\\Control\\CollectionAttributeControl\":12:{s:7:\"\0*\0akID\";s:2:\"45\";s:5:\"\0*\0ak\";b:0;s:30:\"\0*\0ptComposerControlTypeHandle\";s:20:\"collection_attribute\";s:30:\"\0*\0ptComposerControlIdentifier\";s:2:\"45\";s:24:\"\0*\0ptComposerControlName\";s:14:\"Project Groups\";s:27:\"\0*\0ptComposerControlIconSRC\";s:45:\"/updates//concrete/attributes/select/icon.png\";s:20:\"\0*\0ptComposerControl\";N;s:37:\"\0*\0ptComposerControlRequiredByDefault\";b:0;s:41:\"\0*\0ptComposerControlRequiredOnThisRequest\";b:0;s:31:\"\0*\0ptComposerControlCustomLabel\";N;s:31:\"\0*\0ptComposerControlDescription\";N;s:5:\"error\";s:0:\"\";}',4,NULL,NULL,NULL,0),(64,16,2,'O:67:\"Concrete\\Core\\Page\\Type\\Composer\\Control\\CollectionAttributeControl\":12:{s:7:\"\0*\0akID\";s:1:\"5\";s:5:\"\0*\0ak\";b:0;s:30:\"\0*\0ptComposerControlTypeHandle\";s:20:\"collection_attribute\";s:30:\"\0*\0ptComposerControlIdentifier\";s:1:\"5\";s:24:\"\0*\0ptComposerControlName\";s:16:\"Exclude From Nav\";s:27:\"\0*\0ptComposerControlIconSRC\";s:46:\"/updates//concrete/attributes/boolean/icon.png\";s:20:\"\0*\0ptComposerControl\";N;s:37:\"\0*\0ptComposerControlRequiredByDefault\";b:0;s:41:\"\0*\0ptComposerControlRequiredOnThisRequest\";b:0;s:31:\"\0*\0ptComposerControlCustomLabel\";N;s:31:\"\0*\0ptComposerControlDescription\";N;s:5:\"error\";s:0:\"\";}',5,'Exclude From Nav',NULL,'This will exclude this page from the Nav',0),(65,22,1,'O:78:\"Concrete\\Core\\Page\\Type\\Composer\\Control\\CorePageProperty\\NameCorePageProperty\":11:{s:37:\"\0*\0ptComposerControlRequiredByDefault\";b:1;s:17:\"\0*\0propertyHandle\";s:4:\"name\";s:30:\"\0*\0ptComposerControlTypeHandle\";s:18:\"core_page_property\";s:30:\"\0*\0ptComposerControlIdentifier\";s:4:\"name\";s:24:\"\0*\0ptComposerControlName\";N;s:27:\"\0*\0ptComposerControlIconSRC\";s:43:\"/updates//concrete/attributes/text/icon.png\";s:20:\"\0*\0ptComposerControl\";N;s:41:\"\0*\0ptComposerControlRequiredOnThisRequest\";b:0;s:31:\"\0*\0ptComposerControlCustomLabel\";N;s:31:\"\0*\0ptComposerControlDescription\";N;s:5:\"error\";s:0:\"\";}',0,'Event Title',NULL,NULL,1),(66,22,1,'O:81:\"Concrete\\Core\\Page\\Type\\Composer\\Control\\CorePageProperty\\UrlSlugCorePageProperty\":11:{s:17:\"\0*\0propertyHandle\";s:8:\"url_slug\";s:30:\"\0*\0ptComposerControlTypeHandle\";s:18:\"core_page_property\";s:30:\"\0*\0ptComposerControlIdentifier\";s:8:\"url_slug\";s:24:\"\0*\0ptComposerControlName\";N;s:27:\"\0*\0ptComposerControlIconSRC\";s:43:\"/updates//concrete/attributes/text/icon.png\";s:20:\"\0*\0ptComposerControl\";N;s:37:\"\0*\0ptComposerControlRequiredByDefault\";b:0;s:41:\"\0*\0ptComposerControlRequiredOnThisRequest\";b:0;s:31:\"\0*\0ptComposerControlCustomLabel\";N;s:31:\"\0*\0ptComposerControlDescription\";N;s:5:\"error\";s:0:\"\";}',1,'Event URL',NULL,NULL,0),(68,22,1,'O:85:\"Concrete\\Core\\Page\\Type\\Composer\\Control\\CorePageProperty\\DescriptionCorePageProperty\":11:{s:17:\"\0*\0propertyHandle\";s:11:\"description\";s:30:\"\0*\0ptComposerControlTypeHandle\";s:18:\"core_page_property\";s:30:\"\0*\0ptComposerControlIdentifier\";s:11:\"description\";s:24:\"\0*\0ptComposerControlName\";N;s:27:\"\0*\0ptComposerControlIconSRC\";s:47:\"/updates//concrete/attributes/textarea/icon.png\";s:20:\"\0*\0ptComposerControl\";N;s:37:\"\0*\0ptComposerControlRequiredByDefault\";b:0;s:41:\"\0*\0ptComposerControlRequiredOnThisRequest\";b:0;s:31:\"\0*\0ptComposerControlCustomLabel\";N;s:31:\"\0*\0ptComposerControlDescription\";N;s:5:\"error\";s:0:\"\";}',2,'Event Description',NULL,NULL,0),(69,22,1,'O:87:\"Concrete\\Core\\Page\\Type\\Composer\\Control\\CorePageProperty\\PublishTargetCorePageProperty\":11:{s:17:\"\0*\0propertyHandle\";s:14:\"publish_target\";s:30:\"\0*\0ptComposerControlTypeHandle\";s:18:\"core_page_property\";s:30:\"\0*\0ptComposerControlIdentifier\";s:14:\"publish_target\";s:24:\"\0*\0ptComposerControlName\";N;s:27:\"\0*\0ptComposerControlIconSRC\";s:49:\"/updates//concrete/attributes/image_file/icon.png\";s:20:\"\0*\0ptComposerControl\";N;s:37:\"\0*\0ptComposerControlRequiredByDefault\";b:0;s:41:\"\0*\0ptComposerControlRequiredOnThisRequest\";b:0;s:31:\"\0*\0ptComposerControlCustomLabel\";N;s:31:\"\0*\0ptComposerControlDescription\";N;s:5:\"error\";s:0:\"\";}',3,'Page Location',NULL,NULL,1),(70,22,2,'O:67:\"Concrete\\Core\\Page\\Type\\Composer\\Control\\CollectionAttributeControl\":12:{s:7:\"\0*\0akID\";s:2:\"52\";s:5:\"\0*\0ak\";b:0;s:30:\"\0*\0ptComposerControlTypeHandle\";s:20:\"collection_attribute\";s:30:\"\0*\0ptComposerControlIdentifier\";s:2:\"52\";s:24:\"\0*\0ptComposerControlName\";s:12:\"Events Image\";s:27:\"\0*\0ptComposerControlIconSRC\";s:49:\"/updates//concrete/attributes/image_file/icon.png\";s:20:\"\0*\0ptComposerControl\";N;s:37:\"\0*\0ptComposerControlRequiredByDefault\";b:0;s:41:\"\0*\0ptComposerControlRequiredOnThisRequest\";b:0;s:31:\"\0*\0ptComposerControlCustomLabel\";N;s:31:\"\0*\0ptComposerControlDescription\";N;s:5:\"error\";s:0:\"\";}',4,'Event Image',NULL,NULL,0),(71,22,2,'O:67:\"Concrete\\Core\\Page\\Type\\Composer\\Control\\CollectionAttributeControl\":12:{s:7:\"\0*\0akID\";s:2:\"61\";s:5:\"\0*\0ak\";b:0;s:30:\"\0*\0ptComposerControlTypeHandle\";s:20:\"collection_attribute\";s:30:\"\0*\0ptComposerControlIdentifier\";s:2:\"61\";s:24:\"\0*\0ptComposerControlName\";s:10:\"Event Type\";s:27:\"\0*\0ptComposerControlIconSRC\";s:45:\"/updates//concrete/attributes/select/icon.png\";s:20:\"\0*\0ptComposerControl\";N;s:37:\"\0*\0ptComposerControlRequiredByDefault\";b:0;s:41:\"\0*\0ptComposerControlRequiredOnThisRequest\";b:0;s:31:\"\0*\0ptComposerControlCustomLabel\";N;s:31:\"\0*\0ptComposerControlDescription\";N;s:5:\"error\";s:0:\"\";}',5,'Event Type',NULL,NULL,0),(72,22,2,'O:67:\"Concrete\\Core\\Page\\Type\\Composer\\Control\\CollectionAttributeControl\":12:{s:7:\"\0*\0akID\";s:2:\"57\";s:5:\"\0*\0ak\";b:0;s:30:\"\0*\0ptComposerControlTypeHandle\";s:20:\"collection_attribute\";s:30:\"\0*\0ptComposerControlIdentifier\";s:2:\"57\";s:24:\"\0*\0ptComposerControlName\";s:27:\"Event Start Date &amp; Time\";s:27:\"\0*\0ptComposerControlIconSRC\";s:48:\"/updates//concrete/attributes/date_time/icon.png\";s:20:\"\0*\0ptComposerControl\";N;s:37:\"\0*\0ptComposerControlRequiredByDefault\";b:0;s:41:\"\0*\0ptComposerControlRequiredOnThisRequest\";b:0;s:31:\"\0*\0ptComposerControlCustomLabel\";N;s:31:\"\0*\0ptComposerControlDescription\";N;s:5:\"error\";s:0:\"\";}',6,'Event Start Date & Time',NULL,NULL,1),(73,22,2,'O:67:\"Concrete\\Core\\Page\\Type\\Composer\\Control\\CollectionAttributeControl\":12:{s:7:\"\0*\0akID\";s:2:\"58\";s:5:\"\0*\0ak\";b:0;s:30:\"\0*\0ptComposerControlTypeHandle\";s:20:\"collection_attribute\";s:30:\"\0*\0ptComposerControlIdentifier\";s:2:\"58\";s:24:\"\0*\0ptComposerControlName\";s:25:\"Event End Date &amp; Time\";s:27:\"\0*\0ptComposerControlIconSRC\";s:48:\"/updates//concrete/attributes/date_time/icon.png\";s:20:\"\0*\0ptComposerControl\";N;s:37:\"\0*\0ptComposerControlRequiredByDefault\";b:0;s:41:\"\0*\0ptComposerControlRequiredOnThisRequest\";b:0;s:31:\"\0*\0ptComposerControlCustomLabel\";N;s:31:\"\0*\0ptComposerControlDescription\";N;s:5:\"error\";s:0:\"\";}',7,'Event End Date & Time',NULL,NULL,0),(74,22,2,'O:67:\"Concrete\\Core\\Page\\Type\\Composer\\Control\\CollectionAttributeControl\":12:{s:7:\"\0*\0akID\";s:2:\"53\";s:5:\"\0*\0ak\";b:0;s:30:\"\0*\0ptComposerControlTypeHandle\";s:20:\"collection_attribute\";s:30:\"\0*\0ptComposerControlIdentifier\";s:2:\"53\";s:24:\"\0*\0ptComposerControlName\";s:12:\"Events Venue\";s:27:\"\0*\0ptComposerControlIconSRC\";s:43:\"/updates//concrete/attributes/text/icon.png\";s:20:\"\0*\0ptComposerControl\";N;s:37:\"\0*\0ptComposerControlRequiredByDefault\";b:0;s:41:\"\0*\0ptComposerControlRequiredOnThisRequest\";b:0;s:31:\"\0*\0ptComposerControlCustomLabel\";N;s:31:\"\0*\0ptComposerControlDescription\";N;s:5:\"error\";s:0:\"\";}',8,'Event Venue',NULL,NULL,0),(75,22,2,'O:67:\"Concrete\\Core\\Page\\Type\\Composer\\Control\\CollectionAttributeControl\":12:{s:7:\"\0*\0akID\";s:2:\"54\";s:5:\"\0*\0ak\";b:0;s:30:\"\0*\0ptComposerControlTypeHandle\";s:20:\"collection_attribute\";s:30:\"\0*\0ptComposerControlIdentifier\";s:2:\"54\";s:24:\"\0*\0ptComposerControlName\";s:14:\"Events Address\";s:27:\"\0*\0ptComposerControlIconSRC\";s:59:\"/packages/the_hive_system/attributes/google_places/icon.png\";s:20:\"\0*\0ptComposerControl\";N;s:37:\"\0*\0ptComposerControlRequiredByDefault\";b:0;s:41:\"\0*\0ptComposerControlRequiredOnThisRequest\";b:0;s:31:\"\0*\0ptComposerControlCustomLabel\";N;s:31:\"\0*\0ptComposerControlDescription\";N;s:5:\"error\";s:0:\"\";}',9,'Event Address',NULL,NULL,1),(76,22,2,'O:67:\"Concrete\\Core\\Page\\Type\\Composer\\Control\\CollectionAttributeControl\":12:{s:7:\"\0*\0akID\";s:2:\"55\";s:5:\"\0*\0ak\";b:0;s:30:\"\0*\0ptComposerControlTypeHandle\";s:20:\"collection_attribute\";s:30:\"\0*\0ptComposerControlIdentifier\";s:2:\"55\";s:24:\"\0*\0ptComposerControlName\";s:15:\"Event RSVP Link\";s:27:\"\0*\0ptComposerControlIconSRC\";s:43:\"/updates//concrete/attributes/text/icon.png\";s:20:\"\0*\0ptComposerControl\";N;s:37:\"\0*\0ptComposerControlRequiredByDefault\";b:0;s:41:\"\0*\0ptComposerControlRequiredOnThisRequest\";b:0;s:31:\"\0*\0ptComposerControlCustomLabel\";N;s:31:\"\0*\0ptComposerControlDescription\";N;s:5:\"error\";s:0:\"\";}',10,'Event Call To Action link',NULL,NULL,0),(77,22,2,'O:67:\"Concrete\\Core\\Page\\Type\\Composer\\Control\\CollectionAttributeControl\":12:{s:7:\"\0*\0akID\";s:2:\"56\";s:5:\"\0*\0ak\";b:0;s:30:\"\0*\0ptComposerControlTypeHandle\";s:20:\"collection_attribute\";s:30:\"\0*\0ptComposerControlIdentifier\";s:2:\"56\";s:24:\"\0*\0ptComposerControlName\";s:15:\"Event RSVP Text\";s:27:\"\0*\0ptComposerControlIconSRC\";s:43:\"/updates//concrete/attributes/text/icon.png\";s:20:\"\0*\0ptComposerControl\";N;s:37:\"\0*\0ptComposerControlRequiredByDefault\";b:0;s:41:\"\0*\0ptComposerControlRequiredOnThisRequest\";b:0;s:31:\"\0*\0ptComposerControlCustomLabel\";N;s:31:\"\0*\0ptComposerControlDescription\";N;s:5:\"error\";s:0:\"\";}',11,'Event Call To Action link text',NULL,NULL,0),(78,23,2,'O:67:\"Concrete\\Core\\Page\\Type\\Composer\\Control\\CollectionAttributeControl\":12:{s:7:\"\0*\0akID\";s:2:\"59\";s:5:\"\0*\0ak\";b:0;s:30:\"\0*\0ptComposerControlTypeHandle\";s:20:\"collection_attribute\";s:30:\"\0*\0ptComposerControlIdentifier\";s:2:\"59\";s:24:\"\0*\0ptComposerControlName\";s:23:\"Send email notification\";s:27:\"\0*\0ptComposerControlIconSRC\";s:46:\"/updates//concrete/attributes/boolean/icon.png\";s:20:\"\0*\0ptComposerControl\";N;s:37:\"\0*\0ptComposerControlRequiredByDefault\";b:0;s:41:\"\0*\0ptComposerControlRequiredOnThisRequest\";b:0;s:31:\"\0*\0ptComposerControlCustomLabel\";N;s:31:\"\0*\0ptComposerControlDescription\";N;s:5:\"error\";s:0:\"\";}',0,'Send email notification','toggle_content.php',NULL,0),(79,23,2,'O:67:\"Concrete\\Core\\Page\\Type\\Composer\\Control\\CollectionAttributeControl\":12:{s:7:\"\0*\0akID\";s:2:\"60\";s:5:\"\0*\0ak\";b:0;s:30:\"\0*\0ptComposerControlTypeHandle\";s:20:\"collection_attribute\";s:30:\"\0*\0ptComposerControlIdentifier\";s:2:\"60\";s:24:\"\0*\0ptComposerControlName\";s:13:\"Email content\";s:27:\"\0*\0ptComposerControlIconSRC\";s:47:\"/updates//concrete/attributes/textarea/icon.png\";s:20:\"\0*\0ptComposerControl\";N;s:37:\"\0*\0ptComposerControlRequiredByDefault\";b:0;s:41:\"\0*\0ptComposerControlRequiredOnThisRequest\";b:0;s:31:\"\0*\0ptComposerControlCustomLabel\";N;s:31:\"\0*\0ptComposerControlDescription\";N;s:5:\"error\";s:0:\"\";}',1,'Email content','redactor_counter.php',NULL,0);
/*!40000 ALTER TABLE `pagetypecomposerformlayoutsetcontrols` ENABLE KEYS */;
UNLOCK TABLES;

--
-- Table structure for table `pagetypecomposerformlayoutsets`
--

DROP TABLE IF EXISTS `pagetypecomposerformlayoutsets`;
/*!40101 SET @saved_cs_client     = @@character_set_client */;
/*!40101 SET character_set_client = utf8 */;
CREATE TABLE `pagetypecomposerformlayoutsets` (
  `ptComposerFormLayoutSetID` int(10) unsigned NOT NULL AUTO_INCREMENT,
  `ptID` int(10) unsigned DEFAULT '0',
  `ptComposerFormLayoutSetName` varchar(255) COLLATE utf8_unicode_ci DEFAULT NULL,
  `ptComposerFormLayoutSetDescription` text COLLATE utf8_unicode_ci,
  `ptComposerFormLayoutSetDisplayOrder` int(10) unsigned DEFAULT '0',
  PRIMARY KEY (`ptComposerFormLayoutSetID`),
  KEY `ptID` (`ptID`)
) ENGINE=InnoDB AUTO_INCREMENT=24 DEFAULT CHARSET=utf8 COLLATE=utf8_unicode_ci;
/*!40101 SET character_set_client = @saved_cs_client */;

--
-- Dumping data for table `pagetypecomposerformlayoutsets`
--

LOCK TABLES `pagetypecomposerformlayoutsets` WRITE;
/*!40000 ALTER TABLE `pagetypecomposerformlayoutsets` DISABLE KEYS */;
INSERT INTO `pagetypecomposerformlayoutsets` VALUES (1,5,'Basics','',0),(2,5,'Content','',1),(12,14,'Basics','',0),(13,14,'Details','',1),(14,14,'Permitted Users','',2),(15,15,'Basic','',0),(16,18,'Basics','',0),(17,18,'Content','',1),(18,19,'Basics','',0),(19,19,'Content','',1),(20,16,'Basics','',0),(21,15,'Automated Email Notification','Enabling this feature will send an automated email notification to all \"project followers\" when this news page is published.',1),(22,20,'Basics','Basic events information',0),(23,20,'Automated Email Notification','Send email to users on events creation',1);
/*!40000 ALTER TABLE `pagetypecomposerformlayoutsets` ENABLE KEYS */;
UNLOCK TABLES;

--
-- Table structure for table `pagetypecomposeroutputblocks`
--

DROP TABLE IF EXISTS `pagetypecomposeroutputblocks`;
/*!40101 SET @saved_cs_client     = @@character_set_client */;
/*!40101 SET character_set_client = utf8 */;
CREATE TABLE `pagetypecomposeroutputblocks` (
  `ptComposerOutputBlockID` int(10) unsigned NOT NULL AUTO_INCREMENT,
  `cID` int(10) unsigned NOT NULL DEFAULT '0',
  `arHandle` varchar(255) COLLATE utf8_unicode_ci DEFAULT NULL,
  `cbDisplayOrder` int(10) unsigned DEFAULT '0',
  `ptComposerFormLayoutSetControlID` int(10) unsigned NOT NULL DEFAULT '0',
  `bID` int(10) unsigned DEFAULT '0',
  PRIMARY KEY (`ptComposerOutputBlockID`),
  KEY `cID` (`cID`),
  KEY `bID` (`bID`,`cID`),
  KEY `ptComposerFormLayoutSetControlID` (`ptComposerFormLayoutSetControlID`)
) ENGINE=InnoDB AUTO_INCREMENT=338 DEFAULT CHARSET=utf8 COLLATE=utf8_unicode_ci;
/*!40101 SET character_set_client = @saved_cs_client */;

--
-- Dumping data for table `pagetypecomposeroutputblocks`
--

LOCK TABLES `pagetypecomposeroutputblocks` WRITE;
/*!40000 ALTER TABLE `pagetypecomposeroutputblocks` DISABLE KEYS */;
INSERT INTO `pagetypecomposeroutputblocks` VALUES (4,188,'Main',1,6,46),(7,192,'Main',0,6,143),(23,191,'Main',2,6,162),(24,188,'Main',1,6,182),(25,188,'Main',1,6,183),(26,188,'Main',1,6,184),(44,197,'Main',0,6,204),(47,188,'Main',1,6,212),(56,198,'Main',0,6,228),(119,200,'Main',0,6,304),(149,203,'Main',0,6,359),(150,188,'Main',1,6,360),(164,205,'Main',0,6,376),(166,204,'Main',0,6,378),(330,206,'Main',0,6,542),(337,207,'Main',0,6,554);
/*!40000 ALTER TABLE `pagetypecomposeroutputblocks` ENABLE KEYS */;
UNLOCK TABLES;

--
-- Table structure for table `pagetypecomposeroutputcontrols`
--

DROP TABLE IF EXISTS `pagetypecomposeroutputcontrols`;
/*!40101 SET @saved_cs_client     = @@character_set_client */;
/*!40101 SET character_set_client = utf8 */;
CREATE TABLE `pagetypecomposeroutputcontrols` (
  `ptComposerOutputControlID` int(10) unsigned NOT NULL AUTO_INCREMENT,
  `pTemplateID` int(10) unsigned DEFAULT '0',
  `ptID` int(10) unsigned DEFAULT '0',
  `ptComposerFormLayoutSetControlID` int(10) unsigned DEFAULT '0',
  PRIMARY KEY (`ptComposerOutputControlID`),
  KEY `pTemplateID` (`pTemplateID`,`ptComposerFormLayoutSetControlID`),
  KEY `ptID` (`ptID`),
  KEY `ptComposerFormLayoutSetControlID` (`ptComposerFormLayoutSetControlID`)
) ENGINE=InnoDB AUTO_INCREMENT=21 DEFAULT CHARSET=utf8 COLLATE=utf8_unicode_ci;
/*!40101 SET character_set_client = @saved_cs_client */;

--
-- Dumping data for table `pagetypecomposeroutputcontrols`
--

LOCK TABLES `pagetypecomposeroutputcontrols` WRITE;
/*!40000 ALTER TABLE `pagetypecomposeroutputcontrols` DISABLE KEYS */;
INSERT INTO `pagetypecomposeroutputcontrols` VALUES (1,5,5,6),(2,6,5,6),(3,7,5,6),(4,8,5,6),(5,9,5,6),(6,10,5,6),(7,11,5,6),(8,12,5,6),(9,13,5,6),(10,14,5,6),(11,15,5,6),(12,16,5,6),(13,17,5,6),(14,5,18,42),(15,13,18,42),(16,17,18,42),(17,5,19,49),(18,13,19,49),(19,17,19,49),(20,15,19,49);
/*!40000 ALTER TABLE `pagetypecomposeroutputcontrols` ENABLE KEYS */;
UNLOCK TABLES;

--
-- Table structure for table `pagetypepagetemplatedefaultpages`
--

DROP TABLE IF EXISTS `pagetypepagetemplatedefaultpages`;
/*!40101 SET @saved_cs_client     = @@character_set_client */;
/*!40101 SET character_set_client = utf8 */;
CREATE TABLE `pagetypepagetemplatedefaultpages` (
  `pTemplateID` int(10) unsigned NOT NULL DEFAULT '0',
  `ptID` int(10) unsigned NOT NULL DEFAULT '0',
  `cID` int(10) unsigned DEFAULT '0',
  PRIMARY KEY (`pTemplateID`,`ptID`),
  KEY `ptID` (`ptID`),
  KEY `cID` (`cID`)
) ENGINE=InnoDB DEFAULT CHARSET=utf8 COLLATE=utf8_unicode_ci;
/*!40101 SET character_set_client = @saved_cs_client */;

--
-- Dumping data for table `pagetypepagetemplatedefaultpages`
--

LOCK TABLES `pagetypepagetemplatedefaultpages` WRITE;
/*!40000 ALTER TABLE `pagetypepagetemplatedefaultpages` DISABLE KEYS */;
INSERT INTO `pagetypepagetemplatedefaultpages` VALUES (5,5,142),(5,13,149),(5,11,155),(5,7,161),(5,14,163),(13,14,164),(5,6,165),(15,6,166),(14,6,167),(5,9,168),(13,6,168),(14,15,175),(17,5,214),(5,18,215),(13,18,216),(5,16,217),(17,18,218),(15,19,220),(17,14,238),(13,5,251),(17,16,252),(18,20,386);
/*!40000 ALTER TABLE `pagetypepagetemplatedefaultpages` ENABLE KEYS */;
UNLOCK TABLES;

--
-- Table structure for table `pagetypepagetemplates`
--

DROP TABLE IF EXISTS `pagetypepagetemplates`;
/*!40101 SET @saved_cs_client     = @@character_set_client */;
/*!40101 SET character_set_client = utf8 */;
CREATE TABLE `pagetypepagetemplates` (
  `ptID` int(10) unsigned NOT NULL DEFAULT '0',
  `pTemplateID` int(10) unsigned NOT NULL DEFAULT '0',
  PRIMARY KEY (`ptID`,`pTemplateID`),
  KEY `pTemplateID` (`pTemplateID`)
) ENGINE=InnoDB DEFAULT CHARSET=utf8 COLLATE=utf8_unicode_ci;
/*!40101 SET character_set_client = @saved_cs_client */;

--
-- Dumping data for table `pagetypepagetemplates`
--

LOCK TABLES `pagetypepagetemplates` WRITE;
/*!40000 ALTER TABLE `pagetypepagetemplates` DISABLE KEYS */;
INSERT INTO `pagetypepagetemplates` VALUES (5,5),(14,5),(18,5),(5,13),(14,13),(18,13),(15,14),(19,15),(5,17),(14,17),(16,17),(18,17),(20,18);
/*!40000 ALTER TABLE `pagetypepagetemplates` ENABLE KEYS */;
UNLOCK TABLES;

--
-- Table structure for table `pagetypepermissionassignments`
--

DROP TABLE IF EXISTS `pagetypepermissionassignments`;
/*!40101 SET @saved_cs_client     = @@character_set_client */;
/*!40101 SET character_set_client = utf8 */;
CREATE TABLE `pagetypepermissionassignments` (
  `ptID` int(10) unsigned NOT NULL DEFAULT '0',
  `pkID` int(10) unsigned NOT NULL DEFAULT '0',
  `paID` int(10) unsigned NOT NULL DEFAULT '0',
  PRIMARY KEY (`ptID`,`pkID`,`paID`),
  KEY `pkID` (`pkID`),
  KEY `ptID` (`ptID`)
) ENGINE=InnoDB DEFAULT CHARSET=utf8 COLLATE=utf8_unicode_ci;
/*!40101 SET character_set_client = @saved_cs_client */;

--
-- Dumping data for table `pagetypepermissionassignments`
--

LOCK TABLES `pagetypepermissionassignments` WRITE;
/*!40000 ALTER TABLE `pagetypepermissionassignments` DISABLE KEYS */;
INSERT INTO `pagetypepermissionassignments` VALUES (1,59,9),(2,59,9),(3,59,9),(4,59,9),(5,59,134),(6,59,9),(7,59,9),(8,59,9),(9,59,9),(10,59,9),(11,59,9),(12,59,9),(13,59,9),(14,59,31282),(15,59,31291),(16,59,9),(17,59,9),(18,59,31280),(19,59,9),(20,59,31414),(1,60,9),(2,60,9),(3,60,9),(4,60,9),(5,60,9),(6,60,9),(7,60,9),(8,60,9),(9,60,9),(10,60,9),(11,60,9),(12,60,9),(13,60,9),(14,60,9),(15,60,9),(16,60,9),(17,60,9),(18,60,9),(19,60,9),(20,60,31415),(1,61,9),(2,61,9),(3,61,9),(4,61,9),(5,61,134),(6,61,9),(7,61,9),(8,61,9),(9,61,9),(10,61,9),(11,61,9),(12,61,9),(13,61,9),(14,61,9),(15,61,31173),(16,61,9),(17,61,9),(18,61,31281),(19,61,9),(20,61,31416),(1,62,9),(2,62,9),(3,62,9),(4,62,9),(5,62,9),(6,62,9),(7,62,9),(8,62,9),(9,62,9),(10,62,9),(11,62,9),(12,62,9),(13,62,9),(14,62,9),(15,62,9),(16,62,9),(17,62,9),(18,62,9),(19,62,9),(20,62,31417),(1,63,25),(2,63,26),(3,63,27),(4,63,28),(5,63,134),(6,63,73),(7,63,74),(8,63,75),(9,63,76),(10,63,77),(11,63,78),(12,63,79),(13,63,80),(14,63,7075),(15,63,31174),(16,63,195),(17,63,138),(18,63,182),(19,63,200),(20,63,31413);
/*!40000 ALTER TABLE `pagetypepermissionassignments` ENABLE KEYS */;
UNLOCK TABLES;

--
-- Table structure for table `pagetypepublishtargettypes`
--

DROP TABLE IF EXISTS `pagetypepublishtargettypes`;
/*!40101 SET @saved_cs_client     = @@character_set_client */;
/*!40101 SET character_set_client = utf8 */;
CREATE TABLE `pagetypepublishtargettypes` (
  `ptPublishTargetTypeID` int(10) unsigned NOT NULL AUTO_INCREMENT,
  `ptPublishTargetTypeHandle` varchar(255) COLLATE utf8_unicode_ci DEFAULT NULL,
  `ptPublishTargetTypeName` varchar(255) COLLATE utf8_unicode_ci DEFAULT NULL,
  `pkgID` int(10) unsigned NOT NULL DEFAULT '0',
  PRIMARY KEY (`ptPublishTargetTypeID`),
  KEY `ptPublishTargetTypeHandle` (`ptPublishTargetTypeHandle`),
  KEY `pkgID` (`pkgID`)
) ENGINE=InnoDB AUTO_INCREMENT=4 DEFAULT CHARSET=utf8 COLLATE=utf8_unicode_ci;
/*!40101 SET character_set_client = @saved_cs_client */;

--
-- Dumping data for table `pagetypepublishtargettypes`
--

LOCK TABLES `pagetypepublishtargettypes` WRITE;
/*!40000 ALTER TABLE `pagetypepublishtargettypes` DISABLE KEYS */;
INSERT INTO `pagetypepublishtargettypes` VALUES (1,'parent_page','Always publish below a certain page',0),(2,'page_type','Choose from pages of a certain type',0),(3,'all','Choose from all pages when publishing',0);
/*!40000 ALTER TABLE `pagetypepublishtargettypes` ENABLE KEYS */;
UNLOCK TABLES;

--
-- Table structure for table `pagetypes`
--

DROP TABLE IF EXISTS `pagetypes`;
/*!40101 SET @saved_cs_client     = @@character_set_client */;
/*!40101 SET character_set_client = utf8 */;
CREATE TABLE `pagetypes` (
  `ptID` int(10) unsigned NOT NULL AUTO_INCREMENT,
  `ptName` varchar(255) COLLATE utf8_unicode_ci NOT NULL,
  `ptHandle` varchar(128) COLLATE utf8_unicode_ci NOT NULL,
  `ptPublishTargetTypeID` int(10) unsigned DEFAULT NULL,
  `ptDefaultPageTemplateID` int(10) unsigned DEFAULT NULL,
  `ptAllowedPageTemplates` varchar(1) COLLATE utf8_unicode_ci DEFAULT 'A',
  `ptIsInternal` tinyint(1) NOT NULL DEFAULT '0',
  `ptIsFrequentlyAdded` tinyint(1) NOT NULL DEFAULT '1',
  `ptDisplayOrder` int(10) unsigned DEFAULT NULL,
  `ptLaunchInComposer` tinyint(1) NOT NULL DEFAULT '0',
  `pkgID` int(10) unsigned NOT NULL DEFAULT '0',
  `ptPublishTargetObject` longtext COLLATE utf8_unicode_ci,
  PRIMARY KEY (`ptID`),
  UNIQUE KEY `ptHandle` (`ptHandle`),
  KEY `pkgID` (`pkgID`,`ptID`)
) ENGINE=InnoDB AUTO_INCREMENT=21 DEFAULT CHARSET=utf8 COLLATE=utf8_unicode_ci;
/*!40101 SET character_set_client = @saved_cs_client */;

--
-- Dumping data for table `pagetypes`
--

LOCK TABLES `pagetypes` WRITE;
/*!40000 ALTER TABLE `pagetypes` DISABLE KEYS */;
INSERT INTO `pagetypes` VALUES (1,'Stack','core_stack',NULL,0,'A',1,0,0,0,0,NULL),(2,'Dashboard Primary + Five','dashboard_primary_five',NULL,0,'A',1,0,1,0,0,NULL),(3,'Dashboard Header + Four Column','dashboard_header_four_col',NULL,0,'A',1,0,2,0,0,NULL),(4,'Dashboard Full','dashboard_full',NULL,0,'A',1,0,3,0,0,NULL),(5,'Site Sub-page','page',1,17,'C',0,0,0,1,0,'O:75:\"Concrete\\Core\\Page\\Type\\PublishTarget\\Configuration\\ParentPageConfiguration\":5:{s:12:\"\0*\0cParentID\";s:1:\"1\";s:5:\"error\";s:0:\"\";s:21:\"ptPublishTargetTypeID\";s:1:\"1\";s:25:\"ptPublishTargetTypeHandle\";s:11:\"parent_page\";s:9:\"pkgHandle\";b:0;}'),(14,'Project Page','project',1,13,'C',0,0,2,1,6,'O:75:\"Concrete\\Core\\Page\\Type\\PublishTarget\\Configuration\\ParentPageConfiguration\":5:{s:12:\"\0*\0cParentID\";s:1:\"1\";s:5:\"error\";s:0:\"\";s:21:\"ptPublishTargetTypeID\";s:1:\"1\";s:25:\"ptPublishTargetTypeHandle\";s:11:\"parent_page\";s:9:\"pkgHandle\";b:0;}'),(15,'News Page','news_full',2,14,'C',0,0,3,1,6,'O:73:\"Concrete\\Core\\Page\\Type\\PublishTarget\\Configuration\\PageTypeConfiguration\":6:{s:7:\"\0*\0ptID\";s:2:\"14\";s:21:\"\0*\0selectorFormFactor\";s:0:\"\";s:5:\"error\";s:0:\"\";s:21:\"ptPublishTargetTypeID\";s:1:\"2\";s:25:\"ptPublishTargetTypeHandle\";s:9:\"page_type\";s:9:\"pkgHandle\";b:0;}'),(16,'Forum Page','forum_topic',2,5,'C',0,0,3,0,8,'O:73:\"Concrete\\Core\\Page\\Type\\PublishTarget\\Configuration\\PageTypeConfiguration\":6:{s:7:\"\0*\0ptID\";s:2:\"14\";s:21:\"\0*\0selectorFormFactor\";s:15:\"sitemap_in_page\";s:5:\"error\";s:0:\"\";s:21:\"ptPublishTargetTypeID\";s:1:\"2\";s:25:\"ptPublishTargetTypeHandle\";s:9:\"page_type\";s:9:\"pkgHandle\";b:0;}'),(17,'Stack Category','core_stack_category',3,0,'A',1,0,4,0,0,'O:68:\"Concrete\\Core\\Page\\Type\\PublishTarget\\Configuration\\AllConfiguration\":4:{s:5:\"error\";s:0:\"\";s:21:\"ptPublishTargetTypeID\";s:1:\"3\";s:25:\"ptPublishTargetTypeHandle\";s:3:\"all\";s:9:\"pkgHandle\";b:0;}'),(18,'Project Sub-page','projectsubpage',2,17,'C',0,1,4,1,0,'O:73:\"Concrete\\Core\\Page\\Type\\PublishTarget\\Configuration\\PageTypeConfiguration\":6:{s:7:\"\0*\0ptID\";s:2:\"14\";s:21:\"\0*\0selectorFormFactor\";s:0:\"\";s:5:\"error\";s:0:\"\";s:21:\"ptPublishTargetTypeID\";s:1:\"2\";s:25:\"ptPublishTargetTypeHandle\";s:9:\"page_type\";s:9:\"pkgHandle\";b:0;}'),(19,'Homepage','Home',3,15,'C',0,1,5,0,0,'O:68:\"Concrete\\Core\\Page\\Type\\PublishTarget\\Configuration\\AllConfiguration\":5:{s:21:\"\0*\0selectorFormFactor\";s:0:\"\";s:5:\"error\";s:0:\"\";s:21:\"ptPublishTargetTypeID\";s:1:\"3\";s:25:\"ptPublishTargetTypeHandle\";s:3:\"all\";s:9:\"pkgHandle\";b:0;}'),(20,'Events Page','events_page',2,18,'C',0,0,6,1,9,'O:73:\"Concrete\\Core\\Page\\Type\\PublishTarget\\Configuration\\PageTypeConfiguration\":7:{s:7:\"\0*\0ptID\";s:2:\"14\";s:21:\"\0*\0selectorFormFactor\";N;s:20:\"\0*\0startingPointPage\";N;s:5:\"error\";s:0:\"\";s:21:\"ptPublishTargetTypeID\";s:1:\"2\";s:25:\"ptPublishTargetTypeHandle\";s:9:\"page_type\";s:9:\"pkgHandle\";b:0;}');
/*!40000 ALTER TABLE `pagetypes` ENABLE KEYS */;
UNLOCK TABLES;

--
-- Table structure for table `pageworkflowprogress`
--

DROP TABLE IF EXISTS `pageworkflowprogress`;
/*!40101 SET @saved_cs_client     = @@character_set_client */;
/*!40101 SET character_set_client = utf8 */;
CREATE TABLE `pageworkflowprogress` (
  `cID` int(10) unsigned NOT NULL DEFAULT '0',
  `wpID` int(10) unsigned NOT NULL DEFAULT '0',
  PRIMARY KEY (`cID`,`wpID`),
  KEY `wpID` (`wpID`)
) ENGINE=InnoDB DEFAULT CHARSET=utf8 COLLATE=utf8_unicode_ci;
/*!40101 SET character_set_client = @saved_cs_client */;

--
-- Dumping data for table `pageworkflowprogress`
--

LOCK TABLES `pageworkflowprogress` WRITE;
/*!40000 ALTER TABLE `pageworkflowprogress` DISABLE KEYS */;
INSERT INTO `pageworkflowprogress` VALUES (313,5),(313,6),(313,7),(313,8),(313,9),(313,10),(313,11),(313,12),(313,13),(313,14),(313,15),(313,16);
/*!40000 ALTER TABLE `pageworkflowprogress` ENABLE KEYS */;
UNLOCK TABLES;

--
-- Table structure for table `permissionaccess`
--

DROP TABLE IF EXISTS `permissionaccess`;
/*!40101 SET @saved_cs_client     = @@character_set_client */;
/*!40101 SET character_set_client = utf8 */;
CREATE TABLE `permissionaccess` (
  `paID` int(10) unsigned NOT NULL AUTO_INCREMENT,
  `paIsInUse` tinyint(1) NOT NULL DEFAULT '0',
  PRIMARY KEY (`paID`)
) ENGINE=InnoDB AUTO_INCREMENT=31418 DEFAULT CHARSET=utf8 COLLATE=utf8_unicode_ci;
/*!40101 SET character_set_client = @saved_cs_client */;

--
-- Dumping data for table `permissionaccess`
--

LOCK TABLES `permissionaccess` WRITE;
/*!40000 ALTER TABLE `permissionaccess` DISABLE KEYS */;
INSERT INTO `permissionaccess` VALUES (6,1),(9,1),(10,1),(12,1),(13,1),(14,1),(15,1),(16,1),(17,1),(18,1),(19,1),(20,1),(23,1),(24,1),(25,1),(26,1),(27,1),(28,1),(43,1),(46,1),(47,1),(48,1),(50,1),(56,1),(57,1),(58,1),(61,1),(62,1),(63,1),(64,1),(73,1),(74,1),(75,1),(76,1),(77,1),(78,1),(79,1),(80,1),(82,1),(84,1),(85,1),(86,1),(88,1),(89,1),(92,1),(93,1),(94,1),(95,1),(96,1),(97,1),(98,1),(100,1),(101,1),(102,1),(103,1),(104,1),(105,1),(107,1),(108,1),(109,1),(110,1),(111,1),(112,1),(113,1),(114,0),(115,1),(116,0),(117,1),(118,1),(121,0),(123,0),(129,1),(133,0),(134,1),(138,1),(140,1),(141,1),(143,0),(151,1),(154,1),(161,1),(163,1),(165,1),(166,1),(167,1),(169,1),(171,1),(176,1),(177,1),(178,1),(179,1),(182,1),(186,1),(187,1),(193,1),(194,1),(195,1),(196,1),(197,1),(199,1),(200,1),(201,1),(202,1),(203,1),(204,1),(205,1),(206,1),(207,1),(208,1),(211,1),(221,1),(230,1),(239,1),(248,1),(257,1),(266,1),(275,1),(284,1),(293,1),(302,1),(311,1),(320,1),(329,1),(338,1),(347,1),(356,1),(365,1),(374,1),(383,1),(392,1),(401,1),(404,1),(413,1),(422,1),(431,1),(440,1),(449,1),(458,1),(467,1),(476,1),(485,1),(494,1),(503,1),(512,1),(521,1),(530,1),(539,1),(548,1),(557,1),(566,1),(575,1),(584,1),(593,1),(602,1),(603,1),(606,1),(607,1),(608,1),(609,1),(610,1),(621,1),(628,1),(629,1),(630,1),(631,1),(632,1),(633,1),(634,1),(635,1),(638,1),(645,1),(5372,1),(5373,1),(5374,1),(5375,1),(5376,1),(5377,1),(5378,1),(5379,1),(5391,1),(5392,1),(5393,1),(5394,1),(5395,1),(5396,1),(5397,1),(5398,1),(5411,1),(7069,1),(7070,1),(7071,1),(7072,1),(7073,0),(7074,1),(7075,1),(7096,1),(8065,1),(8078,1),(8079,1),(8080,1),(8081,1),(8082,1),(8083,1),(8084,1),(8085,1),(8121,1),(8177,1),(8178,1),(8179,1),(8180,1),(8181,1),(8182,1),(8183,1),(8184,1),(11017,1),(11018,1),(11019,1),(11020,1),(11021,1),(11022,1),(11023,1),(11024,1),(11055,1),(11056,1),(11057,1),(11058,1),(11059,1),(11060,1),(11061,1),(11062,1),(11073,1),(11074,1),(11075,1),(11076,1),(11077,1),(11078,1),(11079,1),(11080,1),(11081,1),(11092,1),(11093,1),(11094,1),(11095,1),(11096,1),(11097,1),(11098,1),(11099,1),(11210,1),(11211,1),(11212,1),(11213,1),(11214,1),(11215,1),(11216,1),(11217,1),(11288,1),(11289,1),(11290,1),(11291,1),(11292,1),(11293,1),(11294,1),(11295,1),(11916,1),(11917,1),(11918,1),(11919,1),(11920,1),(11921,1),(11922,1),(11923,1),(12064,1),(12065,1),(12066,1),(12067,1),(12068,1),(12069,1),(12070,1),(12071,1),(12082,1),(12083,1),(12084,1),(12085,1),(12086,1),(12087,1),(12088,1),(12089,1),(12130,1),(12131,1),(12132,1),(12133,1),(12134,1),(12135,1),(12136,1),(12137,1),(12588,1),(12589,1),(12590,1),(12591,1),(12592,1),(12593,1),(12594,1),(12595,1),(12616,1),(12617,1),(12618,1),(12619,1),(12620,1),(12621,1),(12622,1),(12623,1),(15600,1),(15601,1),(15602,1),(15603,1),(15604,1),(15605,1),(15606,1),(15607,1),(15694,1),(15695,1),(15696,1),(15697,1),(15698,1),(15699,1),(15700,1),(15701,1),(15772,1),(15773,1),(15774,1),(15775,1),(15776,1),(15777,1),(15778,1),(15779,1),(15821,1),(15822,1),(15823,1),(15824,1),(15825,1),(15826,1),(15827,1),(15828,1),(15829,1),(15870,1),(15871,1),(15872,1),(15873,1),(15874,1),(15875,1),(15876,1),(15877,1),(15938,1),(15939,1),(15940,1),(15941,1),(15942,1),(15943,1),(15944,1),(15945,1),(15946,1),(15947,1),(31163,1),(31164,0),(31165,0),(31166,0),(31167,1),(31168,1),(31169,1),(31170,0),(31171,1),(31172,0),(31173,1),(31174,1),(31175,1),(31176,1),(31177,1),(31178,1),(31179,1),(31180,1),(31181,1),(31182,1),(31183,1),(31184,1),(31185,1),(31186,1),(31187,1),(31188,1),(31189,1),(31190,1),(31191,1),(31192,1),(31193,1),(31194,1),(31195,1),(31196,1),(31197,1),(31198,1),(31199,1),(31200,1),(31201,0),(31202,0),(31203,1),(31204,1),(31205,1),(31206,1),(31207,1),(31208,1),(31209,1),(31210,1),(31211,1),(31212,1),(31213,1),(31214,1),(31215,1),(31216,1),(31217,1),(31218,1),(31219,1),(31220,1),(31221,1),(31222,1),(31223,1),(31224,1),(31225,1),(31226,1),(31227,1),(31228,1),(31229,0),(31230,0),(31231,0),(31232,1),(31233,1),(31234,1),(31235,1),(31236,1),(31237,1),(31238,1),(31239,1),(31240,1),(31241,1),(31242,1),(31243,1),(31244,1),(31245,1),(31246,1),(31247,1),(31248,1),(31249,1),(31250,1),(31251,1),(31252,1),(31253,1),(31254,1),(31255,1),(31256,1),(31257,1),(31258,1),(31259,1),(31260,1),(31261,1),(31262,1),(31263,1),(31264,1),(31265,1),(31266,1),(31267,1),(31268,1),(31269,1),(31270,1),(31271,1),(31272,1),(31273,1),(31274,1),(31275,1),(31276,1),(31277,1),(31278,1),(31279,1),(31280,1),(31281,1),(31282,1),(31283,1),(31284,1),(31285,1),(31286,1),(31287,1),(31288,1),(31289,1),(31290,1),(31291,1),(31292,1),(31293,1),(31294,1),(31295,1),(31296,1),(31297,1),(31298,1),(31299,1),(31300,1),(31301,1),(31302,1),(31303,1),(31304,1),(31305,1),(31306,1),(31307,1),(31308,1),(31309,1),(31310,1),(31311,1),(31312,1),(31313,1),(31314,1),(31315,1),(31316,1),(31317,1),(31318,1),(31319,1),(31320,1),(31321,1),(31322,1),(31323,1),(31324,1),(31325,1),(31326,1),(31327,1),(31328,1),(31329,1),(31330,1),(31331,1),(31332,1),(31333,1),(31334,1),(31335,1),(31336,1),(31337,1),(31338,1),(31339,1),(31340,1),(31341,1),(31342,1),(31343,1),(31344,1),(31345,1),(31346,1),(31347,1),(31348,1),(31349,1),(31350,1),(31351,1),(31352,1),(31353,1),(31354,1),(31355,1),(31356,1),(31357,1),(31358,1),(31359,1),(31360,1),(31361,1),(31362,0),(31363,0),(31364,0),(31365,1),(31366,1),(31367,1),(31368,1),(31369,1),(31370,1),(31371,1),(31372,1),(31373,1),(31374,1),(31375,1),(31376,1),(31377,1),(31378,1),(31379,1),(31380,1),(31381,1),(31382,1),(31383,1),(31384,1),(31385,1),(31386,0),(31387,0),(31388,0),(31389,0),(31390,1),(31391,1),(31392,1),(31393,1),(31394,0),(31395,1),(31396,0),(31397,0),(31398,1),(31399,0),(31400,0),(31401,0),(31402,0),(31403,0),(31404,0),(31405,0),(31406,0),(31407,0),(31408,0),(31409,0),(31410,1),(31411,1),(31412,1),(31413,1),(31414,1),(31415,1),(31416,1),(31417,1);
/*!40000 ALTER TABLE `permissionaccess` ENABLE KEYS */;
UNLOCK TABLES;

--
-- Table structure for table `permissionaccessentities`
--

DROP TABLE IF EXISTS `permissionaccessentities`;
/*!40101 SET @saved_cs_client     = @@character_set_client */;
/*!40101 SET character_set_client = utf8 */;
CREATE TABLE `permissionaccessentities` (
  `peID` int(10) unsigned NOT NULL AUTO_INCREMENT,
  `petID` int(10) unsigned DEFAULT NULL,
  PRIMARY KEY (`peID`),
  KEY `petID` (`petID`)
) ENGINE=InnoDB AUTO_INCREMENT=17 DEFAULT CHARSET=utf8 COLLATE=utf8_unicode_ci;
/*!40101 SET character_set_client = @saved_cs_client */;

--
-- Dumping data for table `permissionaccessentities`
--

LOCK TABLES `permissionaccessentities` WRITE;
/*!40000 ALTER TABLE `permissionaccessentities` DISABLE KEYS */;
INSERT INTO `permissionaccessentities` VALUES (1,1),(3,1),(5,1),(7,1),(8,1),(11,1),(12,1),(16,1),(10,2),(13,2),(14,2),(15,2),(2,5),(6,6),(4,7),(9,8);
/*!40000 ALTER TABLE `permissionaccessentities` ENABLE KEYS */;
UNLOCK TABLES;

--
-- Table structure for table `permissionaccessentitygroups`
--

DROP TABLE IF EXISTS `permissionaccessentitygroups`;
/*!40101 SET @saved_cs_client     = @@character_set_client */;
/*!40101 SET character_set_client = utf8 */;
CREATE TABLE `permissionaccessentitygroups` (
  `pegID` int(10) unsigned NOT NULL AUTO_INCREMENT,
  `peID` int(10) unsigned NOT NULL DEFAULT '0',
  `gID` int(10) unsigned NOT NULL DEFAULT '0',
  PRIMARY KEY (`pegID`),
  KEY `peID` (`peID`),
  KEY `gID` (`gID`)
) ENGINE=InnoDB AUTO_INCREMENT=9 DEFAULT CHARSET=utf8 COLLATE=utf8_unicode_ci;
/*!40101 SET character_set_client = @saved_cs_client */;

--
-- Dumping data for table `permissionaccessentitygroups`
--

LOCK TABLES `permissionaccessentitygroups` WRITE;
/*!40000 ALTER TABLE `permissionaccessentitygroups` DISABLE KEYS */;
INSERT INTO `permissionaccessentitygroups` VALUES (1,1,3),(2,3,1),(3,5,2),(4,7,9),(5,8,10),(6,11,6),(7,12,7),(8,16,14);
/*!40000 ALTER TABLE `permissionaccessentitygroups` ENABLE KEYS */;
UNLOCK TABLES;

--
-- Table structure for table `permissionaccessentitygroupsets`
--

DROP TABLE IF EXISTS `permissionaccessentitygroupsets`;
/*!40101 SET @saved_cs_client     = @@character_set_client */;
/*!40101 SET character_set_client = utf8 */;
CREATE TABLE `permissionaccessentitygroupsets` (
  `peID` int(10) unsigned NOT NULL DEFAULT '0',
  `gsID` int(10) unsigned NOT NULL DEFAULT '0',
  PRIMARY KEY (`peID`,`gsID`),
  KEY `gsID` (`gsID`)
) ENGINE=InnoDB DEFAULT CHARSET=utf8 COLLATE=utf8_unicode_ci;
/*!40101 SET character_set_client = @saved_cs_client */;

--
-- Dumping data for table `permissionaccessentitygroupsets`
--

LOCK TABLES `permissionaccessentitygroupsets` WRITE;
/*!40000 ALTER TABLE `permissionaccessentitygroupsets` DISABLE KEYS */;
/*!40000 ALTER TABLE `permissionaccessentitygroupsets` ENABLE KEYS */;
UNLOCK TABLES;

--
-- Table structure for table `permissionaccessentitytypecategories`
--

DROP TABLE IF EXISTS `permissionaccessentitytypecategories`;
/*!40101 SET @saved_cs_client     = @@character_set_client */;
/*!40101 SET character_set_client = utf8 */;
CREATE TABLE `permissionaccessentitytypecategories` (
  `petID` int(10) unsigned NOT NULL DEFAULT '0',
  `pkCategoryID` int(10) unsigned NOT NULL DEFAULT '0',
  PRIMARY KEY (`petID`,`pkCategoryID`),
  KEY `pkCategoryID` (`pkCategoryID`)
) ENGINE=InnoDB DEFAULT CHARSET=utf8 COLLATE=utf8_unicode_ci;
/*!40101 SET character_set_client = @saved_cs_client */;

--
-- Dumping data for table `permissionaccessentitytypecategories`
--

LOCK TABLES `permissionaccessentitytypecategories` WRITE;
/*!40000 ALTER TABLE `permissionaccessentitytypecategories` DISABLE KEYS */;
INSERT INTO `permissionaccessentitytypecategories` VALUES (1,1),(2,1),(3,1),(4,1),(5,1),(1,4),(2,4),(3,4),(4,4),(1,5),(2,5),(3,5),(4,5),(6,5),(1,6),(2,6),(3,6),(4,6),(6,6),(1,7),(2,7),(3,7),(4,7),(1,8),(2,8),(3,8),(4,8),(1,9),(2,9),(3,9),(4,9),(1,10),(2,10),(3,10),(4,10),(1,11),(2,11),(3,11),(4,11),(1,12),(2,12),(3,12),(4,12),(1,13),(2,13),(3,13),(4,13),(8,13),(1,14),(2,14),(3,14),(4,14),(5,14),(1,15),(2,15),(3,15),(4,15),(1,16),(2,16),(3,16),(4,16),(1,17),(2,17),(3,17),(4,17),(1,18),(2,18),(3,18),(4,18),(1,19),(2,19),(3,19),(4,19),(7,19),(1,20),(2,20),(3,20),(4,20),(7,20),(1,21),(2,21),(4,21),(1,22),(2,22),(3,22),(4,22),(1,23),(2,23),(3,23),(4,23);
/*!40000 ALTER TABLE `permissionaccessentitytypecategories` ENABLE KEYS */;
UNLOCK TABLES;

--
-- Table structure for table `permissionaccessentitytypes`
--

DROP TABLE IF EXISTS `permissionaccessentitytypes`;
/*!40101 SET @saved_cs_client     = @@character_set_client */;
/*!40101 SET character_set_client = utf8 */;
CREATE TABLE `permissionaccessentitytypes` (
  `petID` int(10) unsigned NOT NULL AUTO_INCREMENT,
  `petHandle` varchar(255) COLLATE utf8_unicode_ci NOT NULL,
  `petName` varchar(255) COLLATE utf8_unicode_ci NOT NULL,
  `pkgID` int(10) unsigned DEFAULT NULL,
  PRIMARY KEY (`petID`),
  UNIQUE KEY `petHandle` (`petHandle`),
  KEY `pkgID` (`pkgID`)
) ENGINE=InnoDB AUTO_INCREMENT=9 DEFAULT CHARSET=utf8 COLLATE=utf8_unicode_ci;
/*!40101 SET character_set_client = @saved_cs_client */;

--
-- Dumping data for table `permissionaccessentitytypes`
--

LOCK TABLES `permissionaccessentitytypes` WRITE;
/*!40000 ALTER TABLE `permissionaccessentitytypes` DISABLE KEYS */;
INSERT INTO `permissionaccessentitytypes` VALUES (1,'group','Group',0),(2,'user','User',0),(3,'group_set','Group Set',0),(4,'group_combination','Group Combination',0),(5,'page_owner','Page Owner',0),(6,'file_uploader','File Uploader',0),(7,'conversation_message_author','Message Author',0),(8,'requester','Requester',0);
/*!40000 ALTER TABLE `permissionaccessentitytypes` ENABLE KEYS */;
UNLOCK TABLES;

--
-- Table structure for table `permissionaccessentityusers`
--

DROP TABLE IF EXISTS `permissionaccessentityusers`;
/*!40101 SET @saved_cs_client     = @@character_set_client */;
/*!40101 SET character_set_client = utf8 */;
CREATE TABLE `permissionaccessentityusers` (
  `peID` int(10) unsigned NOT NULL DEFAULT '0',
  `uID` int(10) unsigned NOT NULL DEFAULT '0',
  PRIMARY KEY (`peID`,`uID`),
  KEY `uID` (`uID`)
) ENGINE=InnoDB DEFAULT CHARSET=utf8 COLLATE=utf8_unicode_ci;
/*!40101 SET character_set_client = @saved_cs_client */;

--
-- Dumping data for table `permissionaccessentityusers`
--

LOCK TABLES `permissionaccessentityusers` WRITE;
/*!40000 ALTER TABLE `permissionaccessentityusers` DISABLE KEYS */;
INSERT INTO `permissionaccessentityusers` VALUES (10,1),(13,18),(14,19),(15,21);
/*!40000 ALTER TABLE `permissionaccessentityusers` ENABLE KEYS */;
UNLOCK TABLES;

--
-- Table structure for table `permissionaccesslist`
--

DROP TABLE IF EXISTS `permissionaccesslist`;
/*!40101 SET @saved_cs_client     = @@character_set_client */;
/*!40101 SET character_set_client = utf8 */;
CREATE TABLE `permissionaccesslist` (
  `paID` int(10) unsigned NOT NULL DEFAULT '0',
  `peID` int(10) unsigned NOT NULL DEFAULT '0',
  `pdID` int(10) unsigned NOT NULL DEFAULT '0',
  `accessType` smallint(6) NOT NULL DEFAULT '0',
  PRIMARY KEY (`paID`,`peID`),
  KEY `accessType` (`accessType`),
  KEY `peID` (`peID`),
  KEY `peID_accessType` (`peID`,`accessType`),
  KEY `pdID` (`pdID`),
  KEY `permissionAccessDuration` (`paID`,`pdID`)
) ENGINE=InnoDB DEFAULT CHARSET=utf8 COLLATE=utf8_unicode_ci;
/*!40101 SET character_set_client = @saved_cs_client */;

--
-- Dumping data for table `permissionaccesslist`
--

LOCK TABLES `permissionaccesslist` WRITE;
/*!40000 ALTER TABLE `permissionaccesslist` DISABLE KEYS */;
INSERT INTO `permissionaccesslist` VALUES (6,1,0,10),(9,1,0,10),(10,1,0,10),(12,1,0,10),(13,1,0,10),(14,1,0,10),(15,1,0,10),(16,1,0,10),(17,1,0,10),(18,1,0,10),(19,1,0,10),(20,1,0,10),(23,1,0,10),(24,1,0,10),(25,2,0,10),(26,2,0,10),(27,2,0,10),(28,2,0,10),(43,1,0,10),(46,1,0,10),(47,1,0,10),(48,1,0,10),(50,1,0,10),(56,1,0,10),(57,3,0,10),(58,3,0,10),(61,1,0,10),(62,1,0,10),(63,1,0,10),(64,1,0,10),(73,2,0,10),(74,2,0,10),(75,2,0,10),(76,2,0,10),(77,2,0,10),(78,2,0,10),(79,2,0,10),(80,2,0,10),(82,2,0,10),(84,1,0,10),(84,7,0,10),(84,8,0,10),(85,1,0,10),(85,8,0,10),(86,1,0,10),(86,7,0,10),(86,8,0,10),(88,1,0,10),(88,7,0,10),(88,8,0,10),(89,1,0,10),(89,8,0,10),(92,1,0,10),(92,8,0,10),(93,1,0,10),(93,7,0,10),(93,8,0,10),(94,1,0,10),(94,8,0,10),(95,1,0,10),(95,8,0,10),(96,7,0,10),(97,1,0,10),(97,8,0,10),(98,1,0,10),(100,1,0,10),(100,8,0,10),(101,1,0,10),(101,8,0,10),(102,1,0,10),(103,1,0,10),(104,1,0,10),(105,1,0,10),(107,1,0,10),(108,1,0,10),(109,1,0,10),(110,1,0,10),(111,1,0,10),(112,1,0,10),(112,7,0,10),(112,8,0,10),(113,1,0,10),(113,7,0,10),(113,8,0,10),(114,1,0,10),(114,7,0,10),(114,8,0,10),(115,1,0,10),(115,7,0,10),(115,8,0,10),(116,1,0,10),(116,7,0,10),(116,8,0,10),(117,1,0,10),(118,1,0,10),(118,8,0,10),(121,1,0,10),(121,7,0,10),(121,8,0,10),(123,1,0,10),(123,7,0,10),(123,8,0,10),(129,1,0,10),(129,7,0,10),(129,8,0,10),(133,1,0,10),(133,7,0,10),(133,8,0,10),(134,1,0,10),(134,8,0,10),(138,2,0,10),(140,1,0,10),(141,1,0,10),(141,7,0,10),(141,8,0,10),(143,1,0,10),(143,7,0,10),(143,8,0,10),(151,1,0,10),(151,7,0,10),(151,8,0,10),(151,10,0,10),(154,1,0,10),(154,7,0,10),(154,8,0,10),(154,10,0,10),(161,9,0,10),(163,1,0,10),(163,7,0,10),(163,8,0,10),(163,11,0,10),(165,1,0,10),(165,7,0,10),(165,8,0,10),(166,3,0,10),(167,1,0,10),(169,1,0,10),(169,5,0,10),(171,1,0,10),(171,7,0,10),(171,8,0,10),(176,7,0,10),(176,8,0,10),(177,7,0,10),(177,8,0,10),(178,1,0,10),(178,7,0,10),(178,8,0,10),(179,1,0,10),(179,7,0,10),(179,8,0,10),(182,1,0,10),(182,8,0,10),(186,1,0,10),(186,7,0,10),(186,8,0,10),(187,1,0,10),(187,8,0,10),(193,3,0,10),(194,1,0,10),(194,7,0,10),(194,8,0,10),(195,1,0,10),(195,8,0,10),(196,3,0,10),(197,1,0,10),(197,7,0,10),(197,8,0,10),(199,3,0,10),(200,1,0,10),(200,8,0,10),(201,7,0,10),(201,8,0,10),(201,13,0,10),(202,7,0,10),(202,8,0,10),(202,13,0,10),(203,7,0,10),(203,8,0,10),(203,13,0,10),(204,7,0,10),(204,8,0,10),(204,13,0,10),(205,7,0,10),(205,8,0,10),(205,13,0,10),(206,7,0,10),(206,8,0,10),(206,13,0,10),(207,7,0,10),(207,8,0,10),(207,13,0,10),(208,7,0,10),(208,8,0,10),(208,13,0,10),(211,1,0,10),(211,7,0,10),(211,8,0,10),(211,13,0,10),(221,1,0,10),(221,7,0,10),(221,8,0,10),(221,13,0,10),(230,1,0,10),(230,7,0,10),(230,8,0,10),(230,13,0,10),(239,1,0,10),(239,7,0,10),(239,8,0,10),(239,13,0,10),(248,1,0,10),(248,7,0,10),(248,8,0,10),(248,13,0,10),(257,1,0,10),(257,7,0,10),(257,8,0,10),(257,13,0,10),(266,1,0,10),(266,7,0,10),(266,8,0,10),(266,13,0,10),(275,1,0,10),(275,7,0,10),(275,8,0,10),(275,13,0,10),(284,1,0,10),(284,7,0,10),(284,8,0,10),(284,13,0,10),(293,1,0,10),(293,7,0,10),(293,8,0,10),(293,13,0,10),(302,1,0,10),(302,7,0,10),(302,8,0,10),(302,13,0,10),(311,1,0,10),(311,7,0,10),(311,8,0,10),(311,13,0,10),(320,1,0,10),(320,7,0,10),(320,8,0,10),(320,13,0,10),(329,1,0,10),(329,7,0,10),(329,8,0,10),(329,13,0,10),(338,1,0,10),(338,7,0,10),(338,8,0,10),(338,13,0,10),(347,1,0,10),(347,7,0,10),(347,8,0,10),(347,13,0,10),(356,1,0,10),(356,7,0,10),(356,8,0,10),(356,13,0,10),(365,1,0,10),(365,7,0,10),(365,8,0,10),(365,13,0,10),(374,1,0,10),(374,7,0,10),(374,8,0,10),(374,13,0,10),(383,1,0,10),(383,7,0,10),(383,8,0,10),(383,13,0,10),(392,1,0,10),(392,7,0,10),(392,8,0,10),(392,13,0,10),(401,1,0,10),(401,8,0,10),(404,1,0,10),(404,7,0,10),(404,8,0,10),(404,13,0,10),(413,1,0,10),(413,7,0,10),(413,8,0,10),(413,13,0,10),(422,1,0,10),(422,7,0,10),(422,8,0,10),(422,13,0,10),(431,1,0,10),(431,7,0,10),(431,8,0,10),(431,13,0,10),(440,1,0,10),(440,7,0,10),(440,8,0,10),(440,13,0,10),(449,1,0,10),(449,7,0,10),(449,8,0,10),(449,13,0,10),(458,1,0,10),(458,7,0,10),(458,8,0,10),(458,13,0,10),(467,1,0,10),(467,7,0,10),(467,8,0,10),(467,13,0,10),(476,1,0,10),(476,7,0,10),(476,8,0,10),(476,13,0,10),(485,1,0,10),(485,7,0,10),(485,8,0,10),(485,13,0,10),(494,1,0,10),(494,7,0,10),(494,8,0,10),(494,13,0,10),(503,1,0,10),(503,7,0,10),(503,8,0,10),(503,13,0,10),(512,1,0,10),(512,7,0,10),(512,8,0,10),(512,13,0,10),(521,1,0,10),(521,7,0,10),(521,8,0,10),(521,13,0,10),(530,1,0,10),(530,7,0,10),(530,8,0,10),(530,13,0,10),(539,1,0,10),(539,7,0,10),(539,8,0,10),(539,13,0,10),(548,1,0,10),(548,7,0,10),(548,8,0,10),(548,13,0,10),(557,1,0,10),(557,7,0,10),(557,8,0,10),(557,13,0,10),(566,1,0,10),(566,7,0,10),(566,8,0,10),(566,13,0,10),(575,1,0,10),(575,7,0,10),(575,8,0,10),(575,13,0,10),(584,1,0,10),(584,7,0,10),(584,8,0,10),(584,13,0,10),(593,1,0,10),(593,7,0,10),(593,8,0,10),(593,13,0,10),(593,14,0,10),(602,1,0,10),(602,7,0,10),(602,8,0,10),(603,1,0,10),(603,7,0,10),(603,8,0,10),(606,1,0,10),(606,7,0,10),(606,8,0,10),(607,1,0,10),(607,7,0,10),(607,8,0,10),(608,1,0,10),(608,7,0,10),(608,8,0,10),(609,1,0,10),(609,4,0,10),(609,8,0,10),(610,1,0,10),(610,7,0,10),(610,8,0,10),(621,1,0,10),(621,7,0,10),(621,8,0,10),(621,13,0,10),(628,7,0,10),(628,8,0,10),(628,13,0,10),(629,7,0,10),(629,8,0,10),(629,13,0,10),(630,7,0,10),(630,8,0,10),(630,13,0,10),(631,7,0,10),(631,8,0,10),(631,13,0,10),(632,7,0,10),(632,8,0,10),(632,13,0,10),(633,7,0,10),(633,8,0,10),(633,13,0,10),(634,7,0,10),(634,8,0,10),(634,13,0,10),(635,7,0,10),(635,8,0,10),(635,13,0,10),(638,1,0,10),(638,7,0,10),(638,8,0,10),(638,13,0,10),(645,3,0,10),(5372,7,0,10),(5372,8,0,10),(5372,14,0,10),(5373,7,0,10),(5373,8,0,10),(5373,14,0,10),(5374,7,0,10),(5374,8,0,10),(5374,14,0,10),(5375,7,0,10),(5375,8,0,10),(5375,14,0,10),(5376,7,0,10),(5376,8,0,10),(5376,14,0,10),(5377,7,0,10),(5377,8,0,10),(5377,14,0,10),(5378,7,0,10),(5378,8,0,10),(5378,14,0,10),(5379,7,0,10),(5379,8,0,10),(5379,14,0,10),(5391,7,0,10),(5391,8,0,10),(5391,14,0,10),(5392,7,0,10),(5392,8,0,10),(5392,14,0,10),(5393,7,0,10),(5393,8,0,10),(5393,14,0,10),(5394,7,0,10),(5394,8,0,10),(5394,14,0,10),(5395,7,0,10),(5395,8,0,10),(5395,14,0,10),(5396,7,0,10),(5396,8,0,10),(5396,14,0,10),(5397,7,0,10),(5397,8,0,10),(5397,14,0,10),(5398,7,0,10),(5398,8,0,10),(5398,14,0,10),(5411,1,0,10),(5411,7,0,10),(5411,8,0,10),(7069,3,0,10),(7070,3,0,10),(7071,1,0,10),(7071,7,0,10),(7071,8,0,10),(7072,3,0,10),(7072,7,0,10),(7072,8,0,10),(7073,1,0,10),(7073,7,0,10),(7073,8,0,10),(7074,1,0,10),(7074,7,0,10),(7074,8,0,10),(7075,1,0,10),(7075,2,0,10),(7075,8,0,10),(7096,3,0,10),(8065,1,0,10),(8065,8,0,10),(8078,3,0,10),(8078,7,0,10),(8078,8,0,10),(8078,14,0,10),(8079,7,0,10),(8079,8,0,10),(8079,14,0,10),(8080,7,0,10),(8080,8,0,10),(8080,14,0,10),(8081,7,0,10),(8081,8,0,10),(8081,14,0,10),(8082,7,0,10),(8082,8,0,10),(8082,14,0,10),(8083,7,0,10),(8083,8,0,10),(8083,14,0,10),(8084,7,0,10),(8084,8,0,10),(8084,14,0,10),(8085,7,0,10),(8085,8,0,10),(8085,14,0,10),(8121,1,0,10),(8121,7,0,10),(8121,8,0,10),(8177,3,0,10),(8177,7,0,10),(8177,8,0,10),(8178,7,0,10),(8178,8,0,10),(8179,7,0,10),(8179,8,0,10),(8180,7,0,10),(8180,8,0,10),(8181,7,0,10),(8181,8,0,10),(8182,7,0,10),(8182,8,0,10),(8183,7,0,10),(8183,8,0,10),(8184,7,0,10),(8184,8,0,10),(11017,3,0,10),(11017,7,0,10),(11017,8,0,10),(11018,7,0,10),(11018,8,0,10),(11019,7,0,10),(11019,8,0,10),(11020,7,0,10),(11020,8,0,10),(11021,7,0,10),(11021,8,0,10),(11022,7,0,10),(11022,8,0,10),(11023,7,0,10),(11023,8,0,10),(11024,7,0,10),(11024,8,0,10),(11055,3,0,10),(11055,7,0,10),(11055,8,0,10),(11056,7,0,10),(11056,8,0,10),(11057,7,0,10),(11057,8,0,10),(11058,7,0,10),(11058,8,0,10),(11059,7,0,10),(11059,8,0,10),(11060,7,0,10),(11060,8,0,10),(11061,7,0,10),(11061,8,0,10),(11062,7,0,10),(11062,8,0,10),(11073,1,0,10),(11073,3,0,10),(11073,8,0,10),(11074,3,0,10),(11074,7,0,10),(11074,8,0,10),(11074,15,0,10),(11075,7,0,10),(11075,8,0,10),(11075,15,0,10),(11076,7,0,10),(11076,8,0,10),(11076,15,0,10),(11077,7,0,10),(11077,8,0,10),(11077,15,0,10),(11078,7,0,10),(11078,8,0,10),(11078,15,0,10),(11079,7,0,10),(11079,8,0,10),(11079,15,0,10),(11080,7,0,10),(11080,8,0,10),(11080,15,0,10),(11081,7,0,10),(11081,8,0,10),(11081,15,0,10),(11092,3,0,10),(11092,7,0,10),(11092,8,0,10),(11092,15,0,10),(11093,7,0,10),(11093,8,0,10),(11093,15,0,10),(11094,7,0,10),(11094,8,0,10),(11094,15,0,10),(11095,7,0,10),(11095,8,0,10),(11095,15,0,10),(11096,7,0,10),(11096,8,0,10),(11096,15,0,10),(11097,7,0,10),(11097,8,0,10),(11097,15,0,10),(11098,7,0,10),(11098,8,0,10),(11098,15,0,10),(11099,7,0,10),(11099,8,0,10),(11099,15,0,10),(11210,3,0,10),(11210,7,0,10),(11210,8,0,10),(11210,15,0,10),(11211,7,0,10),(11211,8,0,10),(11211,15,0,10),(11212,7,0,10),(11212,8,0,10),(11212,15,0,10),(11213,7,0,10),(11213,8,0,10),(11213,15,0,10),(11214,7,0,10),(11214,8,0,10),(11214,15,0,10),(11215,7,0,10),(11215,8,0,10),(11215,15,0,10),(11216,7,0,10),(11216,8,0,10),(11216,15,0,10),(11217,7,0,10),(11217,8,0,10),(11217,15,0,10),(11288,3,0,10),(11288,7,0,10),(11288,8,0,10),(11288,15,0,10),(11289,7,0,10),(11289,8,0,10),(11289,15,0,10),(11290,7,0,10),(11290,8,0,10),(11290,15,0,10),(11291,7,0,10),(11291,8,0,10),(11291,15,0,10),(11292,7,0,10),(11292,8,0,10),(11292,15,0,10),(11293,7,0,10),(11293,8,0,10),(11293,15,0,10),(11294,7,0,10),(11294,8,0,10),(11294,15,0,10),(11295,7,0,10),(11295,8,0,10),(11295,15,0,10),(11916,3,0,10),(11916,7,0,10),(11916,8,0,10),(11917,7,0,10),(11917,8,0,10),(11918,7,0,10),(11918,8,0,10),(11919,7,0,10),(11919,8,0,10),(11920,7,0,10),(11920,8,0,10),(11921,7,0,10),(11921,8,0,10),(11922,7,0,10),(11922,8,0,10),(11923,7,0,10),(11923,8,0,10),(12064,3,0,10),(12064,7,0,10),(12064,8,0,10),(12064,15,0,10),(12065,7,0,10),(12065,8,0,10),(12065,15,0,10),(12066,7,0,10),(12066,8,0,10),(12066,15,0,10),(12067,7,0,10),(12067,8,0,10),(12067,15,0,10),(12068,7,0,10),(12068,8,0,10),(12068,15,0,10),(12069,7,0,10),(12069,8,0,10),(12069,15,0,10),(12070,7,0,10),(12070,8,0,10),(12070,15,0,10),(12071,7,0,10),(12071,8,0,10),(12071,15,0,10),(12082,3,0,10),(12082,7,0,10),(12082,8,0,10),(12083,7,0,10),(12083,8,0,10),(12084,7,0,10),(12084,8,0,10),(12085,7,0,10),(12085,8,0,10),(12086,7,0,10),(12086,8,0,10),(12087,7,0,10),(12087,8,0,10),(12088,7,0,10),(12088,8,0,10),(12089,7,0,10),(12089,8,0,10),(12130,3,0,10),(12130,7,0,10),(12130,8,0,10),(12130,13,0,10),(12131,7,0,10),(12131,8,0,10),(12131,13,0,10),(12132,7,0,10),(12132,8,0,10),(12132,13,0,10),(12133,7,0,10),(12133,8,0,10),(12133,13,0,10),(12134,7,0,10),(12134,8,0,10),(12134,13,0,10),(12135,7,0,10),(12135,8,0,10),(12135,13,0,10),(12136,7,0,10),(12136,8,0,10),(12136,13,0,10),(12137,7,0,10),(12137,8,0,10),(12137,13,0,10),(12588,3,0,10),(12588,7,0,10),(12588,8,0,10),(12589,7,0,10),(12589,8,0,10),(12590,7,0,10),(12590,8,0,10),(12591,7,0,10),(12591,8,0,10),(12592,7,0,10),(12592,8,0,10),(12593,7,0,10),(12593,8,0,10),(12594,7,0,10),(12594,8,0,10),(12595,7,0,10),(12595,8,0,10),(12616,3,0,10),(12616,7,0,10),(12616,8,0,10),(12617,7,0,10),(12617,8,0,10),(12618,7,0,10),(12618,8,0,10),(12619,7,0,10),(12619,8,0,10),(12620,7,0,10),(12620,8,0,10),(12621,7,0,10),(12621,8,0,10),(12622,7,0,10),(12622,8,0,10),(12623,7,0,10),(12623,8,0,10),(15600,3,0,10),(15600,7,0,10),(15600,8,0,10),(15601,7,0,10),(15601,8,0,10),(15602,7,0,10),(15602,8,0,10),(15603,7,0,10),(15603,8,0,10),(15604,7,0,10),(15604,8,0,10),(15605,7,0,10),(15605,8,0,10),(15606,7,0,10),(15606,8,0,10),(15607,7,0,10),(15607,8,0,10),(15694,3,0,10),(15694,7,0,10),(15694,8,0,10),(15695,7,0,10),(15695,8,0,10),(15696,7,0,10),(15696,8,0,10),(15697,7,0,10),(15697,8,0,10),(15698,7,0,10),(15698,8,0,10),(15699,7,0,10),(15699,8,0,10),(15700,7,0,10),(15700,8,0,10),(15701,7,0,10),(15701,8,0,10),(15772,3,0,10),(15772,7,0,10),(15772,8,0,10),(15773,7,0,10),(15773,8,0,10),(15774,7,0,10),(15774,8,0,10),(15775,7,0,10),(15775,8,0,10),(15776,7,0,10),(15776,8,0,10),(15777,7,0,10),(15777,8,0,10),(15778,7,0,10),(15778,8,0,10),(15779,7,0,10),(15779,8,0,10),(15821,1,0,10),(15821,3,0,10),(15821,8,0,10),(15822,3,0,10),(15822,7,0,10),(15822,8,0,10),(15823,7,0,10),(15823,8,0,10),(15824,7,0,10),(15824,8,0,10),(15825,7,0,10),(15825,8,0,10),(15826,7,0,10),(15826,8,0,10),(15827,7,0,10),(15827,8,0,10),(15828,7,0,10),(15828,8,0,10),(15829,7,0,10),(15829,8,0,10),(15870,3,0,10),(15870,7,0,10),(15870,8,0,10),(15871,7,0,10),(15871,8,0,10),(15872,7,0,10),(15872,8,0,10),(15873,7,0,10),(15873,8,0,10),(15874,7,0,10),(15874,8,0,10),(15875,7,0,10),(15875,8,0,10),(15876,7,0,10),(15876,8,0,10),(15877,7,0,10),(15877,8,0,10),(15938,1,0,10),(15938,8,0,10),(15938,14,0,10),(15939,1,0,10),(15939,8,0,10),(15939,14,0,10),(15940,1,0,10),(15940,8,0,10),(15940,14,0,10),(15941,1,0,10),(15941,8,0,10),(15941,14,0,10),(15942,1,0,10),(15942,8,0,10),(15942,14,0,10),(15943,1,0,10),(15943,8,0,10),(15943,14,0,10),(15944,1,0,10),(15944,8,0,10),(15944,14,0,10),(15945,1,0,10),(15945,3,0,10),(15945,8,0,10),(15945,14,0,10),(15946,1,0,10),(15946,7,0,10),(15946,8,0,10),(15946,14,0,10),(15947,1,0,10),(15947,8,0,10),(15947,14,0,10),(31163,3,0,10),(31164,1,0,10),(31164,7,0,10),(31164,8,0,10),(31165,1,0,10),(31165,7,0,10),(31165,8,0,10),(31165,11,0,10),(31166,1,0,10),(31166,7,0,10),(31166,8,0,10),(31166,11,0,10),(31167,1,0,10),(31168,1,0,10),(31168,7,0,10),(31168,8,0,10),(31168,11,0,10),(31169,1,0,10),(31169,7,0,10),(31169,8,0,10),(31170,1,0,10),(31170,7,0,10),(31170,8,0,10),(31171,1,0,10),(31171,7,0,10),(31171,8,0,10),(31172,1,0,10),(31172,7,0,10),(31172,8,0,10),(31173,1,0,10),(31173,8,0,10),(31174,1,0,10),(31174,2,0,10),(31174,8,0,10),(31177,1,0,10),(31177,8,0,10),(31178,1,0,10),(31178,8,0,10),(31179,1,0,10),(31179,8,0,10),(31179,11,0,10),(31180,1,0,10),(31180,8,0,10),(31181,1,0,10),(31181,8,0,10),(31181,11,0,10),(31182,1,0,10),(31182,8,0,10),(31183,1,0,10),(31183,3,0,10),(31183,7,0,10),(31183,8,0,10),(31183,14,0,10),(31184,1,0,10),(31184,8,0,10),(31185,1,0,10),(31186,1,0,10),(31186,3,0,10),(31186,8,0,10),(31187,1,0,10),(31187,3,0,10),(31187,8,0,10),(31188,1,0,10),(31188,3,0,10),(31188,8,0,10),(31189,1,0,10),(31189,3,0,10),(31189,8,0,10),(31190,1,0,10),(31190,3,0,10),(31190,8,0,10),(31191,1,0,10),(31191,3,0,10),(31191,8,0,10),(31192,1,0,10),(31192,3,0,10),(31192,8,0,10),(31193,1,0,10),(31193,3,0,10),(31193,8,0,10),(31194,1,0,10),(31194,3,0,10),(31194,8,0,10),(31195,1,0,10),(31195,3,0,10),(31195,8,0,10),(31196,1,0,10),(31196,3,0,10),(31196,8,0,10),(31197,1,0,10),(31197,3,0,10),(31197,8,0,10),(31198,1,0,10),(31198,3,0,10),(31198,8,0,10),(31199,1,0,10),(31199,3,0,10),(31199,8,0,10),(31200,1,0,10),(31200,8,0,10),(31201,1,0,10),(31201,8,0,10),(31202,1,0,10),(31202,3,0,10),(31202,7,0,10),(31202,8,0,10),(31202,14,0,10),(31203,1,0,10),(31203,3,0,10),(31203,7,0,10),(31203,8,0,10),(31204,1,0,10),(31204,7,0,10),(31204,8,0,10),(31205,1,0,10),(31205,2,0,10),(31205,8,0,10),(31206,1,0,10),(31207,1,0,10),(31207,7,0,10),(31207,8,0,10),(31208,1,0,10),(31208,2,0,10),(31208,7,0,10),(31208,8,0,10),(31209,1,0,10),(31210,1,0,10),(31210,7,0,10),(31210,8,0,10),(31211,1,0,10),(31211,7,0,10),(31211,8,0,10),(31212,1,0,10),(31212,7,0,10),(31212,8,0,10),(31213,1,0,10),(31213,7,0,10),(31213,8,0,10),(31214,1,0,10),(31214,8,0,10),(31215,1,0,10),(31215,8,0,10),(31216,1,0,10),(31217,1,0,10),(31217,7,0,10),(31217,8,0,10),(31218,1,0,10),(31218,8,0,10),(31219,1,0,10),(31219,8,0,10),(31220,1,0,10),(31220,8,0,10),(31221,1,0,10),(31222,3,0,10),(31223,7,0,10),(31224,8,0,10),(31226,1,0,10),(31226,8,0,10),(31227,1,0,10),(31228,1,0,10),(31228,7,0,10),(31228,8,0,10),(31229,1,0,10),(31229,7,0,10),(31229,8,0,10),(31230,1,0,10),(31230,7,0,10),(31230,8,0,10),(31231,1,0,10),(31231,7,0,10),(31231,8,0,10),(31232,1,0,10),(31232,2,0,10),(31232,7,0,10),(31233,1,0,10),(31233,2,0,10),(31233,8,0,10),(31234,1,0,10),(31234,2,0,10),(31234,8,0,10),(31235,1,0,10),(31235,2,0,10),(31235,8,0,10),(31236,1,0,10),(31236,2,0,10),(31236,8,0,10),(31237,1,0,10),(31237,2,0,10),(31237,8,0,10),(31238,1,0,10),(31238,2,0,10),(31238,8,0,10),(31239,1,0,10),(31239,2,0,10),(31239,8,0,10),(31240,1,0,10),(31240,2,0,10),(31240,8,0,10),(31241,1,0,10),(31241,2,0,10),(31241,8,0,10),(31242,1,0,10),(31242,2,0,10),(31242,8,0,10),(31243,1,0,10),(31244,1,0,10),(31245,1,0,10),(31246,1,0,10),(31247,1,0,10),(31248,1,0,10),(31249,1,0,10),(31250,1,0,10),(31250,8,0,10),(31251,1,0,10),(31251,8,0,10),(31251,11,0,10),(31252,1,0,10),(31252,8,0,10),(31252,11,0,10),(31253,1,0,10),(31253,8,0,10),(31254,1,0,10),(31254,8,0,10),(31255,1,0,10),(31255,8,0,10),(31256,1,0,10),(31256,8,0,10),(31257,1,0,10),(31257,8,0,10),(31258,1,0,10),(31258,8,0,10),(31259,1,0,10),(31260,1,0,10),(31261,1,0,10),(31261,8,0,10),(31262,1,0,10),(31263,1,0,10),(31263,8,0,10),(31264,3,0,10),(31265,1,0,10),(31265,7,0,10),(31266,1,0,10),(31266,7,0,10),(31267,1,0,10),(31267,8,0,10),(31268,1,0,10),(31268,8,0,10),(31269,1,0,10),(31270,1,0,10),(31271,1,0,10),(31271,8,0,10),(31272,1,0,10),(31272,7,0,10),(31273,1,0,10),(31273,7,0,10),(31273,8,0,10),(31274,1,0,10),(31274,7,0,10),(31274,8,0,10),(31274,11,0,10),(31275,1,0,10),(31275,7,0,10),(31275,8,0,10),(31276,8,0,10),(31277,1,0,10),(31277,8,0,10),(31277,16,0,10),(31278,1,0,10),(31278,7,0,10),(31278,8,0,10),(31279,1,0,10),(31280,1,0,10),(31280,7,0,10),(31280,8,0,10),(31281,1,0,10),(31281,8,0,10),(31282,1,0,10),(31282,8,0,10),(31282,16,0,10),(31283,1,0,10),(31284,1,0,10),(31285,1,0,10),(31285,7,0,10),(31285,8,0,10),(31286,1,0,10),(31286,7,0,10),(31286,8,0,10),(31287,1,0,10),(31287,7,0,10),(31287,8,0,10),(31288,1,0,10),(31289,1,0,10),(31290,3,0,10),(31291,1,0,10),(31291,7,0,10),(31291,8,0,10),(31292,1,0,10),(31292,7,0,10),(31292,8,0,10),(31293,1,0,10),(31293,7,0,10),(31293,8,0,10),(31294,1,0,10),(31294,7,0,10),(31294,8,0,10),(31297,1,0,10),(31297,7,0,10),(31297,8,0,10),(31298,7,0,10),(31298,8,0,10),(31299,7,0,10),(31299,8,0,10),(31302,1,0,10),(31302,8,0,10),(31302,11,0,10),(31303,1,0,10),(31303,8,0,10),(31304,1,0,10),(31304,8,0,10),(31304,11,0,10),(31305,1,0,10),(31305,8,0,10),(31306,1,0,10),(31306,8,0,10),(31307,1,0,10),(31307,8,0,10),(31308,1,0,10),(31309,1,0,10),(31310,1,0,10),(31310,2,0,10),(31310,8,0,10),(31311,1,0,10),(31311,2,0,10),(31311,8,0,10),(31312,1,0,10),(31312,2,0,10),(31312,7,0,10),(31312,8,0,10),(31313,1,0,10),(31314,1,0,10),(31314,2,0,10),(31314,8,0,10),(31315,1,0,10),(31315,2,0,10),(31315,8,0,10),(31316,1,0,10),(31317,1,0,10),(31318,1,0,10),(31318,2,0,10),(31318,8,0,10),(31319,1,0,10),(31320,1,0,10),(31321,1,0,10),(31321,2,0,10),(31321,8,0,10),(31322,1,0,10),(31322,2,0,10),(31322,8,0,10),(31323,1,0,10),(31323,2,0,10),(31323,8,0,10),(31324,1,0,10),(31324,2,0,10),(31324,8,0,10),(31325,1,0,10),(31326,1,0,10),(31327,1,0,10),(31327,8,0,10),(31328,1,0,10),(31329,1,0,10),(31329,7,0,10),(31329,8,0,10),(31330,1,0,10),(31330,8,0,10),(31330,16,0,10),(31331,1,0,10),(31331,8,0,10),(31332,1,0,10),(31332,8,0,10),(31333,1,0,10),(31333,8,0,10),(31334,1,0,10),(31334,8,0,10),(31335,1,0,10),(31335,8,0,10),(31336,1,0,10),(31336,8,0,10),(31337,1,0,10),(31337,8,0,10),(31338,1,0,10),(31338,8,0,10),(31339,1,0,10),(31339,8,0,10),(31340,1,0,10),(31340,8,0,10),(31341,1,0,10),(31342,1,0,10),(31343,1,0,10),(31344,1,0,10),(31345,1,0,10),(31346,1,0,10),(31347,1,0,10),(31347,8,0,10),(31348,1,0,10),(31349,1,0,10),(31350,1,0,10),(31351,1,0,10),(31355,1,0,10),(31356,1,0,10),(31357,1,0,10),(31357,7,0,10),(31357,8,0,10),(31358,1,0,10),(31359,3,0,10),(31360,3,0,10),(31361,1,0,10),(31361,8,0,10),(31362,1,0,10),(31362,7,0,10),(31362,8,0,10),(31363,1,0,10),(31363,7,0,10),(31363,8,0,10),(31364,1,0,10),(31364,7,0,10),(31364,8,0,10),(31365,1,0,10),(31365,8,0,10),(31366,1,0,10),(31369,1,0,10),(31371,1,0,10),(31376,1,0,10),(31380,1,0,10),(31381,1,0,10),(31382,1,0,10),(31383,1,0,10),(31384,1,0,10),(31385,1,0,10),(31385,8,0,10),(31386,1,0,10),(31386,7,0,10),(31386,8,0,10),(31387,1,0,10),(31387,7,0,10),(31387,8,0,10),(31388,1,0,10),(31388,7,0,10),(31388,8,0,10),(31389,1,0,10),(31389,7,0,10),(31389,8,0,10),(31390,1,0,10),(31391,1,0,10),(31391,8,0,10),(31392,1,0,10),(31392,8,0,10),(31393,1,0,10),(31393,8,0,10),(31394,1,0,10),(31394,7,0,10),(31394,8,0,10),(31395,1,0,10),(31395,7,0,10),(31395,8,0,10),(31396,1,0,10),(31396,7,0,10),(31396,8,0,10),(31397,1,0,10),(31397,7,0,10),(31397,8,0,10),(31398,1,0,10),(31398,8,0,10),(31399,1,0,10),(31399,7,0,10),(31399,8,0,10),(31400,1,0,10),(31400,8,0,10),(31401,1,0,10),(31401,8,0,10),(31402,1,0,10),(31402,8,0,10),(31403,1,0,10),(31403,8,0,10),(31404,1,0,10),(31404,8,0,10),(31405,1,0,10),(31405,8,0,10),(31406,1,0,10),(31406,8,0,10),(31407,1,0,10),(31407,8,0,10),(31408,1,0,10),(31408,8,0,10),(31409,1,0,10),(31409,8,0,10),(31410,5,0,10),(31411,3,0,10),(31412,1,0,10),(31413,1,0,10),(31413,2,0,10),(31413,8,0,10),(31414,1,0,10),(31414,7,0,10),(31414,8,0,10),(31415,1,0,10),(31416,1,0,10),(31417,1,0,10);
/*!40000 ALTER TABLE `permissionaccesslist` ENABLE KEYS */;
UNLOCK TABLES;

--
-- Table structure for table `permissionaccessworkflows`
--

DROP TABLE IF EXISTS `permissionaccessworkflows`;
/*!40101 SET @saved_cs_client     = @@character_set_client */;
/*!40101 SET character_set_client = utf8 */;
CREATE TABLE `permissionaccessworkflows` (
  `paID` int(10) unsigned NOT NULL DEFAULT '0',
  `wfID` int(10) unsigned NOT NULL DEFAULT '0',
  PRIMARY KEY (`paID`,`wfID`),
  KEY `wfID` (`wfID`)
) ENGINE=InnoDB DEFAULT CHARSET=utf8 COLLATE=utf8_unicode_ci;
/*!40101 SET character_set_client = @saved_cs_client */;

--
-- Dumping data for table `permissionaccessworkflows`
--

LOCK TABLES `permissionaccessworkflows` WRITE;
/*!40000 ALTER TABLE `permissionaccessworkflows` DISABLE KEYS */;
INSERT INTO `permissionaccessworkflows` VALUES (8065,1);
/*!40000 ALTER TABLE `permissionaccessworkflows` ENABLE KEYS */;
UNLOCK TABLES;

--
-- Table structure for table `permissionassignments`
--

DROP TABLE IF EXISTS `permissionassignments`;
/*!40101 SET @saved_cs_client     = @@character_set_client */;
/*!40101 SET character_set_client = utf8 */;
CREATE TABLE `permissionassignments` (
  `paID` int(10) unsigned NOT NULL DEFAULT '0',
  `pkID` int(10) unsigned NOT NULL DEFAULT '0',
  PRIMARY KEY (`paID`,`pkID`),
  KEY `pkID` (`pkID`)
) ENGINE=InnoDB DEFAULT CHARSET=utf8 COLLATE=utf8_unicode_ci;
/*!40101 SET character_set_client = @saved_cs_client */;

--
-- Dumping data for table `permissionassignments`
--

LOCK TABLES `permissionassignments` WRITE;
/*!40000 ALTER TABLE `permissionassignments` DISABLE KEYS */;
INSERT INTO `permissionassignments` VALUES (31357,19),(140,20),(95,55),(96,57),(96,58),(85,74),(85,75),(85,76),(6,78),(85,79),(85,80),(9,86),(10,87),(84,89),(12,90),(13,91),(14,92),(15,93),(16,94),(17,95),(18,96),(19,97),(20,98),(85,99),(85,100),(23,101),(24,102),(117,103),(31302,104),(31303,105),(31304,106),(31305,107),(31306,108),(31277,109);
/*!40000 ALTER TABLE `permissionassignments` ENABLE KEYS */;
UNLOCK TABLES;

--
-- Table structure for table `permissiondurationobjects`
--

DROP TABLE IF EXISTS `permissiondurationobjects`;
/*!40101 SET @saved_cs_client     = @@character_set_client */;
/*!40101 SET character_set_client = utf8 */;
CREATE TABLE `permissiondurationobjects` (
  `pdID` int(10) unsigned NOT NULL AUTO_INCREMENT,
  `pdObject` text COLLATE utf8_unicode_ci NOT NULL,
  PRIMARY KEY (`pdID`)
) ENGINE=InnoDB DEFAULT CHARSET=utf8 COLLATE=utf8_unicode_ci;
/*!40101 SET character_set_client = @saved_cs_client */;

--
-- Dumping data for table `permissiondurationobjects`
--

LOCK TABLES `permissiondurationobjects` WRITE;
/*!40000 ALTER TABLE `permissiondurationobjects` DISABLE KEYS */;
/*!40000 ALTER TABLE `permissiondurationobjects` ENABLE KEYS */;
UNLOCK TABLES;

--
-- Table structure for table `permissionkeycategories`
--

DROP TABLE IF EXISTS `permissionkeycategories`;
/*!40101 SET @saved_cs_client     = @@character_set_client */;
/*!40101 SET character_set_client = utf8 */;
CREATE TABLE `permissionkeycategories` (
  `pkCategoryID` int(10) unsigned NOT NULL AUTO_INCREMENT,
  `pkCategoryHandle` varchar(255) COLLATE utf8_unicode_ci NOT NULL,
  `pkgID` int(10) unsigned DEFAULT NULL,
  PRIMARY KEY (`pkCategoryID`),
  UNIQUE KEY `pkCategoryHandle` (`pkCategoryHandle`),
  KEY `pkgID` (`pkgID`)
) ENGINE=InnoDB AUTO_INCREMENT=24 DEFAULT CHARSET=utf8 COLLATE=utf8_unicode_ci;
/*!40101 SET character_set_client = @saved_cs_client */;

--
-- Dumping data for table `permissionkeycategories`
--

LOCK TABLES `permissionkeycategories` WRITE;
/*!40000 ALTER TABLE `permissionkeycategories` DISABLE KEYS */;
INSERT INTO `permissionkeycategories` VALUES (1,'page',NULL),(2,'single_page',NULL),(3,'stack',NULL),(4,'user',NULL),(5,'file_set',NULL),(6,'file',NULL),(7,'area',NULL),(8,'block_type',NULL),(9,'block',NULL),(10,'admin',NULL),(11,'sitemap',NULL),(12,'marketplace_newsflow',NULL),(13,'basic_workflow',NULL),(14,'page_type',NULL),(15,'gathering',NULL),(16,'group_tree_node',NULL),(17,'topic_category_tree_node',NULL),(18,'topic_tree_node',NULL),(19,'conversation',NULL),(20,'conversation_message',NULL),(21,'multilingual_section',NULL),(22,'moderation',6),(23,'project',6);
/*!40000 ALTER TABLE `permissionkeycategories` ENABLE KEYS */;
UNLOCK TABLES;

--
-- Table structure for table `permissionkeys`
--

DROP TABLE IF EXISTS `permissionkeys`;
/*!40101 SET @saved_cs_client     = @@character_set_client */;
/*!40101 SET character_set_client = utf8 */;
CREATE TABLE `permissionkeys` (
  `pkID` int(10) unsigned NOT NULL AUTO_INCREMENT,
  `pkHandle` varchar(255) COLLATE utf8_unicode_ci NOT NULL,
  `pkName` varchar(255) COLLATE utf8_unicode_ci NOT NULL,
  `pkCanTriggerWorkflow` tinyint(1) NOT NULL DEFAULT '0',
  `pkHasCustomClass` tinyint(1) NOT NULL DEFAULT '0',
  `pkDescription` varchar(255) COLLATE utf8_unicode_ci DEFAULT NULL,
  `pkCategoryID` int(10) unsigned DEFAULT NULL,
  `pkgID` int(10) unsigned DEFAULT NULL,
  PRIMARY KEY (`pkID`),
  UNIQUE KEY `akHandle` (`pkHandle`),
  KEY `pkCategoryID` (`pkCategoryID`),
  KEY `pkgID` (`pkgID`)
) ENGINE=InnoDB AUTO_INCREMENT=112 DEFAULT CHARSET=utf8 COLLATE=utf8_unicode_ci;
/*!40101 SET character_set_client = @saved_cs_client */;

--
-- Dumping data for table `permissionkeys`
--

LOCK TABLES `permissionkeys` WRITE;
/*!40000 ALTER TABLE `permissionkeys` DISABLE KEYS */;
INSERT INTO `permissionkeys` VALUES (1,'view_page','View',0,0,'Can see a page exists and read its content.',1,0),(2,'view_page_versions','View Versions',0,0,'Can view the page versions dialog and read past versions of a page.',1,0),(3,'view_page_in_sitemap','View Page in Sitemap',0,0,'Controls whether a user can see a page in the sitemap or intelligent search.',1,0),(4,'preview_page_as_user','Preview Page As User',0,0,'Ability to see what this page will look like at a specific time in the future as a specific user.',1,0),(5,'edit_page_properties','Edit Properties',0,1,'Ability to change anything in the Page Properties menu.',1,0),(6,'edit_page_contents','Edit Contents',0,0,'Ability to make edits to at least some of the content in the page. You can lock down different block areas and specific blocks by clicking Permissions on them as well. ',1,0),(7,'edit_page_speed_settings','Edit Speed Settings',0,0,'Ability to change caching settings.',1,0),(8,'edit_page_theme','Change Theme',0,1,'Ability to change just the theme for this page.',1,0),(9,'edit_page_template','Change Page Template',0,0,'Ability to change just the page template for this page.',1,0),(10,'edit_page_page_type','Edit Page Type',0,0,'Change the type of an existing page.',1,0),(11,'edit_page_permissions','Edit Permissions',1,0,'Ability to change permissions for this page. Warning: by granting this a user could give themselves more access.',1,0),(12,'delete_page','Delete',1,0,'Ability to move this page to the site\'s Trash.',1,0),(13,'delete_page_versions','Delete Versions',1,0,'Ability to remove old versions of this page.',1,0),(14,'approve_page_versions','Approve Changes',1,0,'Can publish an unapproved version of the page.',1,0),(15,'add_subpage','Add Sub-Page',0,1,'Can add a page beneath the current page.',1,0),(16,'move_or_copy_page','Move or Copy Page',1,0,'Can move or copy this page to another location.',1,0),(17,'schedule_page_contents_guest_access','Schedule Guest Access',0,0,'Can control scheduled guest access to this page.',1,0),(18,'edit_page_multilingual_settings','Edit Multilingual Settings',0,0,'Controls whether a user can see the multilingual settings menu, re-map a page or set a page as ignored in multilingual settings.',1,0),(19,'add_block','Add Block',0,1,'Can add a block to any area on the site. If someone is added here they can add blocks to any area (unless that area has permissions that override these global permissions.)',8,0),(20,'add_stack','Add Stack',0,0,'Can add a stack or block from a stack to any area on the site. If someone is added here they can add stacks to any area (unless that area has permissions that override these global permissions.)',8,0),(21,'view_area','View Area',0,0,'Can view the area and its contents.',7,0),(22,'edit_area_contents','Edit Area Contents',0,0,'Can edit blocks within this area.',7,0),(23,'add_block_to_area','Add Block to Area',0,1,'Can add blocks to this area. This setting overrides the global Add Block permission for this area.',7,0),(24,'add_stack_to_area','Add Stack to Area',0,0,'Can add stacks to this area. This setting overrides the global Add Stack permission for this area.',7,0),(25,'add_layout_to_area','Add Layouts to Area',0,0,'Controls whether users get the ability to add layouts to a particular area.',7,0),(26,'edit_area_design','Edit Area Design',0,0,'Controls whether users see design controls and can modify an area\'s custom CSS.',7,0),(27,'edit_area_permissions','Edit Area Permissions',0,0,'Controls whether users can access the permissions on an area. Custom area permissions could override those of the page.',7,0),(28,'delete_area_contents','Delete Area Contents',0,0,'Controls whether users can delete blocks from this area.',7,0),(29,'schedule_area_contents_guest_access','Schedule Guest Access',0,0,'Controls whether users can schedule guest access permissions on blocks in this area. Guest Access is a shortcut for granting permissions just to the Guest Group.',7,0),(30,'view_block','View Block',0,0,'Controls whether users can view this block in the page.',9,0),(31,'edit_block','Edit Block',0,0,'Controls whether users can edit this block. This overrides any area or page permissions.',9,0),(32,'edit_block_custom_template','Change Custom Template',0,0,'Controls whether users can change the custom template on this block. This overrides any area or page permissions.',9,0),(33,'edit_block_cache_settings','Edit Cache Settings',0,0,'Controls whether users can change the block cache settings for this block instance.',9,0),(34,'edit_block_name','Edit Name',0,0,'Controls whether users can change the block\'s name (rarely used.)',9,0),(35,'delete_block','Delete Block',0,0,'Controls whether users can delete this block. This overrides any area or page permissions.',9,0),(36,'edit_block_design','Edit Design',0,0,'Controls whether users can set custom design properties or CSS on this block.',9,0),(37,'edit_block_permissions','Edit Permissions',0,0,'Controls whether users can change permissions on this block, potentially granting themselves or others greater access.',9,0),(38,'schedule_guest_access','Schedule Guest Access',0,0,'Controls whether users can schedule guest access permissions on this block. Guest Access is a shortcut for granting permissions just to the Guest Group.',9,0),(39,'view_file_set_file','View Files',0,0,'Can view and download files in the site.',5,0),(40,'search_file_set','Search Files in File Manager',0,0,'Can access the file manager',5,0),(41,'edit_file_set_file_properties','Edit File Properties',0,0,'Can edit a file\'s properties.',5,0),(42,'edit_file_set_file_contents','Edit File Contents',0,0,'Can edit or replace files in set.',5,0),(43,'copy_file_set_files','Copy File',0,0,'Can copy files in file set.',5,0),(44,'edit_file_set_permissions','Edit File Access',0,0,'Can edit access to file sets.',5,0),(45,'delete_file_set','Delete File Set',0,0,'Can delete file set.',5,0),(46,'delete_file_set_files','Delete File',0,0,'Can delete files in set.',5,0),(47,'add_file','Add File',0,1,'Can add files to set.',5,0),(48,'view_file','View Files',0,0,'Can view and download files.',6,0),(49,'view_file_in_file_manager','View File in File Manager',0,0,'Can access the File Manager.',6,0),(50,'edit_file_properties','Edit File Properties',0,0,'Can edit a file\'s properties.',6,0),(51,'edit_file_contents','Edit File Contents',0,0,'Can edit or replace files.',6,0),(52,'copy_file','Copy File',0,0,'Can copy file.',6,0),(53,'edit_file_permissions','Edit File Access',0,0,'Can edit access to file.',6,0),(54,'delete_file','Delete File',0,0,'Can delete file.',6,0),(55,'approve_basic_workflow_action','Approve or Deny',0,0,'Grant ability to approve workflow.',13,0),(56,'notify_on_basic_workflow_entry','Notify on Entry',0,0,'Notify approvers that a change has entered the workflow.',13,0),(57,'notify_on_basic_workflow_approve','Notify on Approve',0,0,'Notify approvers that a change has been approved.',13,0),(58,'notify_on_basic_workflow_deny','Notify on Deny',0,0,'Notify approvers that a change has been denied.',13,0),(59,'add_page_type','Add Pages of This Type',0,0,'',14,0),(60,'edit_page_type','Edit Page Type',0,0,'',14,0),(61,'delete_page_type','Delete Page Type',0,0,'',14,0),(62,'edit_page_type_permissions','Edit Page Type Permissions',0,0,'',14,0),(63,'edit_page_type_drafts','Edit Page Type Drafts',0,0,'',14,0),(64,'view_topic_tree_node','View Topic Tree Node',0,0,'',18,0),(65,'view_topic_category_tree_node','View Topic Category Tree Node',0,0,'',17,0),(66,'add_conversation_message','Add Message to Conversation',0,1,'',19,0),(67,'add_conversation_message_attachments','Add Message Attachments',0,0,'',19,0),(68,'edit_conversation_permissions','Edit Conversation Permissions',0,0,'',19,0),(69,'delete_conversation_message','Delete Message',0,0,'',19,0),(70,'edit_conversation_message','Edit Message',0,0,'',19,0),(71,'rate_conversation_message','Rate Message',0,0,'',19,0),(72,'flag_conversation_message','Flag Message',0,0,'',19,0),(73,'approve_conversation_message','Approve Message',0,0,'',19,0),(74,'edit_user_properties','Edit User Details',0,1,NULL,4,0),(75,'view_user_attributes','View User Attributes',0,1,NULL,4,0),(76,'activate_user','Activate/Deactivate User',0,0,NULL,4,0),(77,'sudo','Sign in as User',0,0,NULL,4,0),(78,'upgrade','Upgrade concrete5',0,0,NULL,10,0),(79,'access_group_search','Access Group Search',0,0,NULL,4,0),(80,'delete_user','Delete User',0,0,NULL,4,0),(81,'search_users_in_group','Search User Group',0,0,NULL,16,0),(82,'edit_group','Edit Group',0,0,NULL,16,0),(83,'assign_group','Assign Group',0,0,NULL,16,0),(84,'add_sub_group','Add Child Group',0,0,NULL,16,0),(85,'edit_group_permissions','Edit Group Permissions',0,0,NULL,16,0),(86,'access_page_type_permissions','Access Page Type Permissions',0,0,NULL,10,0),(87,'backup','Perform Backups',0,0,NULL,10,0),(88,'access_task_permissions','Access Task Permissions',0,0,NULL,10,0),(89,'access_sitemap','Access Sitemap',0,0,NULL,11,0),(90,'access_page_defaults','Access Page Type Defaults',0,0,NULL,10,0),(91,'customize_themes','Customize Themes',0,0,NULL,10,0),(92,'manage_layout_presets','Manage Layout Presets',0,0,NULL,10,0),(93,'empty_trash','Empty Trash',0,0,NULL,10,0),(94,'add_topic_tree','Add Topic Tree',0,0,NULL,10,0),(95,'remove_topic_tree','Remove Topic Tree',0,0,NULL,10,0),(96,'uninstall_packages','Uninstall Packages',0,0,NULL,12,0),(97,'install_packages','Install Packages',0,0,NULL,12,0),(98,'view_newsflow','View Newsflow',0,0,NULL,12,0),(99,'access_user_search_export','Export Site Users',0,0,'Controls whether a user can export site users or not',4,0),(100,'access_user_search','Access User Search',0,0,'Controls whether a user can view the search user interface.',4,0),(101,'edit_gatherings','Edit Gatherings',0,0,'Can edit the footprint and items in all gatherings.',10,0),(102,'edit_gathering_items','Edit Gathering Items',0,0,'',15,0),(103,'view_in_maintenance_mode','View Site in Maintenance Mode',0,0,'Controls whether a user can access the website when its under maintenance.',10,0),(104,'approve_feedback','Approve Feedback',0,0,'Controls whether a user can mark a submission as Approved',22,6),(105,'reject_feedback','Reject Feedback',0,0,'Controls whether a user can mark a submission as Rejected',22,6),(106,'moderate_referred_feedback','Moderate Referred Feedback',0,0,'Controls whether a user can moderate (approve/reject) a submission that has been referred',22,6),(107,'view_personal_details','View Personal Details',0,0,'Controls whether a user can view personal details of submissions',22,6),(108,'view_moderation_log','View Moderation Log',0,0,'Controls whether a user can view moderation log of submissions',22,6),(109,'launch_new_project','Launch New Project',0,0,'Controls whether a user can launch a new project',23,6),(110,'approve_draft','Approve or Deny Draft',0,0,'',13,6),(111,'view_project_report','View Project Report',0,0,'',1,6);
/*!40000 ALTER TABLE `permissionkeys` ENABLE KEYS */;
UNLOCK TABLES;

--
-- Table structure for table `pilecontents`
--

DROP TABLE IF EXISTS `pilecontents`;
/*!40101 SET @saved_cs_client     = @@character_set_client */;
/*!40101 SET character_set_client = utf8 */;
CREATE TABLE `pilecontents` (
  `pcID` int(10) unsigned NOT NULL AUTO_INCREMENT,
  `pID` int(10) unsigned NOT NULL DEFAULT '0',
  `itemID` int(10) unsigned NOT NULL DEFAULT '0',
  `itemType` varchar(64) COLLATE utf8_unicode_ci NOT NULL,
  `quantity` int(10) unsigned NOT NULL DEFAULT '1',
  `timestamp` timestamp NOT NULL DEFAULT CURRENT_TIMESTAMP,
  `displayOrder` int(10) unsigned NOT NULL DEFAULT '0',
  PRIMARY KEY (`pcID`),
  KEY `pID` (`pID`,`displayOrder`),
  KEY `itemID` (`itemID`),
  KEY `itemType` (`itemType`,`itemID`,`pID`)
) ENGINE=InnoDB DEFAULT CHARSET=utf8 COLLATE=utf8_unicode_ci;
/*!40101 SET character_set_client = @saved_cs_client */;

--
-- Dumping data for table `pilecontents`
--

LOCK TABLES `pilecontents` WRITE;
/*!40000 ALTER TABLE `pilecontents` DISABLE KEYS */;
/*!40000 ALTER TABLE `pilecontents` ENABLE KEYS */;
UNLOCK TABLES;

--
-- Table structure for table `piles`
--

DROP TABLE IF EXISTS `piles`;
/*!40101 SET @saved_cs_client     = @@character_set_client */;
/*!40101 SET character_set_client = utf8 */;
CREATE TABLE `piles` (
  `pID` int(10) unsigned NOT NULL AUTO_INCREMENT,
  `uID` int(10) unsigned DEFAULT NULL,
  `isDefault` tinyint(1) NOT NULL DEFAULT '0',
  `timestamp` timestamp NOT NULL DEFAULT CURRENT_TIMESTAMP,
  `name` varchar(255) COLLATE utf8_unicode_ci DEFAULT NULL,
  `state` varchar(64) COLLATE utf8_unicode_ci NOT NULL,
  PRIMARY KEY (`pID`),
  KEY `uID` (`uID`,`name`)
) ENGINE=InnoDB AUTO_INCREMENT=2 DEFAULT CHARSET=utf8 COLLATE=utf8_unicode_ci;
/*!40101 SET character_set_client = @saved_cs_client */;

--
-- Dumping data for table `piles`
--

LOCK TABLES `piles` WRITE;
/*!40000 ALTER TABLE `piles` DISABLE KEYS */;
INSERT INTO `piles` VALUES (1,1,1,'2016-09-29 00:21:58',NULL,'READY');
/*!40000 ALTER TABLE `piles` ENABLE KEYS */;
UNLOCK TABLES;

--
-- Table structure for table `queuemessages`
--

DROP TABLE IF EXISTS `queuemessages`;
/*!40101 SET @saved_cs_client     = @@character_set_client */;
/*!40101 SET character_set_client = utf8 */;
CREATE TABLE `queuemessages` (
  `message_id` int(10) unsigned NOT NULL AUTO_INCREMENT,
  `queue_id` int(10) unsigned NOT NULL,
  `handle` varchar(32) COLLATE utf8_unicode_ci DEFAULT NULL,
  `body` longtext COLLATE utf8_unicode_ci NOT NULL,
  `md5` varchar(32) COLLATE utf8_unicode_ci NOT NULL,
  `timeout` decimal(14,0) DEFAULT NULL,
  `created` int(10) unsigned NOT NULL,
  PRIMARY KEY (`message_id`),
  UNIQUE KEY `message_handle` (`handle`),
  KEY `message_queueid` (`queue_id`),
  CONSTRAINT `queuemessages_ibfk_1` FOREIGN KEY (`queue_id`) REFERENCES `queues` (`queue_id`) ON DELETE CASCADE ON UPDATE CASCADE
) ENGINE=InnoDB AUTO_INCREMENT=248 DEFAULT CHARSET=utf8 COLLATE=utf8_unicode_ci;
/*!40101 SET character_set_client = @saved_cs_client */;

--
-- Dumping data for table `queuemessages`
--

LOCK TABLES `queuemessages` WRITE;
/*!40000 ALTER TABLE `queuemessages` DISABLE KEYS */;
/*!40000 ALTER TABLE `queuemessages` ENABLE KEYS */;
UNLOCK TABLES;

--
-- Table structure for table `queuepageduplicationrelations`
--

DROP TABLE IF EXISTS `queuepageduplicationrelations`;
/*!40101 SET @saved_cs_client     = @@character_set_client */;
/*!40101 SET character_set_client = utf8 */;
CREATE TABLE `queuepageduplicationrelations` (
  `queue_name` varchar(255) COLLATE utf8_unicode_ci NOT NULL,
  `cID` int(10) unsigned NOT NULL DEFAULT '0',
  `originalCID` int(10) unsigned NOT NULL DEFAULT '0',
  PRIMARY KEY (`cID`,`originalCID`),
  KEY `originalCID` (`originalCID`,`queue_name`)
) ENGINE=InnoDB DEFAULT CHARSET=utf8 COLLATE=utf8_unicode_ci;
/*!40101 SET character_set_client = @saved_cs_client */;

--
-- Dumping data for table `queuepageduplicationrelations`
--

LOCK TABLES `queuepageduplicationrelations` WRITE;
/*!40000 ALTER TABLE `queuepageduplicationrelations` DISABLE KEYS */;
/*!40000 ALTER TABLE `queuepageduplicationrelations` ENABLE KEYS */;
UNLOCK TABLES;

--
-- Table structure for table `queues`
--

DROP TABLE IF EXISTS `queues`;
/*!40101 SET @saved_cs_client     = @@character_set_client */;
/*!40101 SET character_set_client = utf8 */;
CREATE TABLE `queues` (
  `queue_id` int(10) unsigned NOT NULL AUTO_INCREMENT,
  `queue_name` varchar(100) COLLATE utf8_unicode_ci NOT NULL,
  `timeout` int(10) unsigned NOT NULL DEFAULT '30',
  PRIMARY KEY (`queue_id`),
  KEY `queue_name` (`queue_name`)
) ENGINE=InnoDB AUTO_INCREMENT=5 DEFAULT CHARSET=utf8 COLLATE=utf8_unicode_ci;
/*!40101 SET character_set_client = @saved_cs_client */;

--
-- Dumping data for table `queues`
--

LOCK TABLES `queues` WRITE;
/*!40000 ALTER TABLE `queues` DISABLE KEYS */;
/*!40000 ALTER TABLE `queues` ENABLE KEYS */;
UNLOCK TABLES;

--
-- Table structure for table `sessions`
--

DROP TABLE IF EXISTS `sessions`;
/*!40101 SET @saved_cs_client     = @@character_set_client */;
/*!40101 SET character_set_client = utf8 */;
CREATE TABLE `sessions` (
  `sessionID` varchar(255) COLLATE utf8_unicode_ci NOT NULL,
  `sessionValue` mediumtext COLLATE utf8_unicode_ci NOT NULL,
  `sessionTime` int(10) unsigned NOT NULL,
  PRIMARY KEY (`sessionID`)
) ENGINE=InnoDB DEFAULT CHARSET=utf8 COLLATE=utf8_unicode_ci;
/*!40101 SET character_set_client = @saved_cs_client */;

--
-- Dumping data for table `sessions`
--

LOCK TABLES `sessions` WRITE;
/*!40000 ALTER TABLE `sessions` DISABLE KEYS */;
INSERT INTO `sessions` VALUES ('03vu63ufrbbhnmqt9ku9tjampn','X3NmMl9hdHRyaWJ1dGVzfGE6MTQ6e3M6MzoidUlEIjtzOjE6IjEiO3M6NToidU5hbWUiO3M6NToiYWRtaW4iO3M6MTQ6InVCbG9ja1R5cGVzU2V0IjtiOjA7czoxMToidUxhc3RPbmxpbmUiO2k6MTUyMDU0OTUxNztzOjk6InVUaW1lem9uZSI7TjtzOjE2OiJ1RGVmYXVsdExhbmd1YWdlIjtOO3M6MTk6InVMYXN0UGFzc3dvcmRDaGFuZ2UiO3M6MTk6IjIwMTUtMDMtMTMgMDU6MTA6MjAiO3M6MTQ6ImRhc2hib2FyZE1lbnVzIjthOjE6e3M6NToiZW5fVVMiO3M6Mzg3NjY6IiAgICAgICAgICAgIDxkaXYgaWQ9ImNjbS1pbnRlbGxpZ2VudC1zZWFyY2gtcmVzdWx0cyI+ICAgICAgICAgICAgICAgICAgICAgICAgICAgIDxkaXYgY2xhc3M9ImNjbS1pbnRlbGxpZ2VudC1zZWFyY2gtcmVzdWx0cy1tb2R1bGUgY2NtLWludGVsbGlnZW50LXNlYXJjaC1yZXN1bHRzLW1vZHVsZS1vbnNpdGUiPiAgICAgICAgICAgICAgICA8aDE+V29ya2Zsb3c8L2gxPiAgICAgICAgICAgICAgICA8dWwgY2xhc3M9ImNjbS1pbnRlbGxpZ2VudC1zZWFyY2gtcmVzdWx0cy1saXN0Ij4gICAgICAgICAgICAgICAgICAgICAgICAgICAgICAgICAgICAgICAgICAgICAgICAgICAgPGxpPjxhIGhyZWY9Imh0dHA6Ly92YW5pbGxhLmhpdmUtdGVtcGxhdGUubG9jYWwuZmUxLnN0Zy5oYXJ2ZXN0ZHAuYW5jaG9yLm5ldC5hdS9pbmRleC5waHAvZGFzaGJvYXJkL3dvcmtmbG93L3dvcmtmbG93cyI+V29ya2Zsb3cgTGlzdDwvYT48c3Bhbj5Xb3JrZmxvdyBhZGQgd29ya2Zsb3csIHJlbW92ZSB3b3JrZmxvdyBXb3JrZmxvdyBMaXN0IDwvc3Bhbj48L2xpPiAgICAgICAgICAgICAgICAgICAgICAgICAgICAgICAgICAgICAgICA8bGk+PGEgaHJlZj0iaHR0cDovL3ZhbmlsbGEuaGl2ZS10ZW1wbGF0ZS5sb2NhbC5mZTEuc3RnLmhhcnZlc3RkcC5hbmNob3IubmV0LmF1L2luZGV4LnBocC9kYXNoYm9hcmQvd29ya2Zsb3cvbWUiPldhaXRpbmcgZm9yIE1lPC9hPjxzcGFuPldvcmtmbG93IGFkZCB3b3JrZmxvdywgcmVtb3ZlIHdvcmtmbG93IFdhaXRpbmcgZm9yIE1lIDwvc3Bhbj48L2xpPiAgICAgICAgICAgICAgICAgICAgICAgICAgICAgICAgICAgIDwvdWw+ICAgICAgICAgICAgICAgIDwvZGl2PiAgICAgICAgICAgICAgICAgICAgICAgICAgICAgICAgPGRpdiBjbGFzcz0iY2NtLWludGVsbGlnZW50LXNlYXJjaC1yZXN1bHRzLW1vZHVsZSBjY20taW50ZWxsaWdlbnQtc2VhcmNoLXJlc3VsdHMtbW9kdWxlLW9uc2l0ZSI+ICAgICAgICAgICAgICAgIDxoMT5Nb2RlcmF0aW9uPC9oMT4gICAgICAgICAgICAgICAgPHVsIGNsYXNzPSJjY20taW50ZWxsaWdlbnQtc2VhcmNoLXJlc3VsdHMtbGlzdCI+ICAgICAgICAgICAgICAgICAgICAgICAgICAgICAgICAgICAgPGxpPjxhIGhyZWY9Imh0dHA6Ly92YW5pbGxhLmhpdmUtdGVtcGxhdGUubG9jYWwuZmUxLnN0Zy5oYXJ2ZXN0ZHAuYW5jaG9yLm5ldC5hdS9pbmRleC5waHAvZGFzaGJvYXJkL21vZGVyYXRpb24iPk1vZGVyYXRpb248L2E+PHNwYW4+TW9kZXJhdGlvbiA8L3NwYW4+PC9saT4gICAgICAgICAgICAgICAgICAgICAgICAgICAgICAgICAgICAgICAgICAgICAgICAgICAgPC91bD4gICAgICAgICAgICAgICAgPC9kaXY+ICAgICAgICAgICAgICAgICAgICAgICAgICAgICAgICA8ZGl2IGNsYXNzPSJjY20taW50ZWxsaWdlbnQtc2VhcmNoLXJlc3VsdHMtbW9kdWxlIGNjbS1pbnRlbGxpZ2VudC1zZWFyY2gtcmVzdWx0cy1tb2R1bGUtb25zaXRlIj4gICAgICAgICAgICAgICAgPGgxPlByb2plY3RzPC9oMT4gICAgICAgICAgICAgICAgPHVsIGNsYXNzPSJjY20taW50ZWxsaWdlbnQtc2VhcmNoLXJlc3VsdHMtbGlzdCI+ICAgICAgICAgICAgICAgICAgICAgICAgICAgICAgICAgICAgICAgICAgICAgICAgICAgIDxsaT48YSBocmVmPSJodHRwOi8vdmFuaWxsYS5oaXZlLXRlbXBsYXRlLmxvY2FsLmZlMS5zdGcuaGFydmVzdGRwLmFuY2hvci5uZXQuYXUvaW5kZXgucGhwL2Rhc2hib2FyZC9wcm9qZWN0cy9sYXVuY2giPkxhdW5jaCBOZXcgUHJvamVjdDwvYT48c3Bhbj5Qcm9qZWN0cyAgTGF1bmNoIE5ldyBQcm9qZWN0IDwvc3Bhbj48L2xpPiAgICAgICAgICAgICAgICAgICAgICAgICAgICAgICAgICAgICAgICA8bGk+PGEgaHJlZj0iaHR0cDovL3ZhbmlsbGEuaGl2ZS10ZW1wbGF0ZS5sb2NhbC5mZTEuc3RnLmhhcnZlc3RkcC5hbmNob3IubmV0LmF1L2luZGV4LnBocC9kYXNoYm9hcmQvcHJvamVjdHMvc2V0dGluZ3MiPlByb2plY3QgU2V0dGluZ3M8L2E+PHNwYW4+UHJvamVjdHMgIFByb2plY3QgU2V0dGluZ3MgPC9zcGFuPjwvbGk+ICAgICAgICAgICAgICAgICAgICAgICAgICAgICAgICAgICAgPC91bD4gICAgICAgICAgICAgICAgPC9kaXY+ICAgICAgICAgICAgICAgICAgICAgICAgICAgICAgICA8ZGl2IGNsYXNzPSJjY20taW50ZWxsaWdlbnQtc2VhcmNoLXJlc3VsdHMtbW9kdWxlIGNjbS1pbnRlbGxpZ2VudC1zZWFyY2gtcmVzdWx0cy1tb2R1bGUtb25zaXRlIj4gICAgICAgICAgICAgICAgPGgxPlJlcG9ydHM8L2gxPiAgICAgICAgICAgICAgICA8dWwgY2xhc3M9ImNjbS1pbnRlbGxpZ2VudC1zZWFyY2gtcmVzdWx0cy1saXN0Ij4gICAgICAgICAgICAgICAgICAgICAgICAgICAgICAgICAgICAgICAgICAgICAgICAgICAgPGxpPjxhIGhyZWY9Imh0dHA6Ly92YW5pbGxhLmhpdmUtdGVtcGxhdGUubG9jYWwuZmUxLnN0Zy5oYXJ2ZXN0ZHAuYW5jaG9yLm5ldC5hdS9pbmRleC5waHAvZGFzaGJvYXJkL3JlcG9ydHMvY29udmVyc2F0aW9ucyI+Q29udmVyc2F0aW9uczwvYT48c3Bhbj5SZXBvcnRzICBDb252ZXJzYXRpb25zIGNvbnZlcnNhdGlvbiwgZGlzY3Vzc2lvbiwgZm9ydW0sIGd1ZXN0Ym9vazwvc3Bhbj48L2xpPiAgICAgICAgICAgICAgICAgICAgICAgICAgICAgICAgICAgICAgICA8bGk+PGEgaHJlZj0iaHR0cDovL3ZhbmlsbGEuaGl2ZS10ZW1wbGF0ZS5sb2NhbC5mZTEuc3RnLmhhcnZlc3RkcC5hbmNob3IubmV0LmF1L2luZGV4LnBocC9kYXNoYm9hcmQvcmVwb3J0cy9mb3JtcyI+Rm9ybXM8L2E+PHNwYW4+UmVwb3J0cyAgRm9ybXMgZm9ybXMsIHF1ZXN0aW9ucywgcmVzcG9uc2UsIGRhdGE8L3NwYW4+PC9saT4gICAgICAgICAgICAgICAgICAgICAgICAgICAgICAgICAgICAgICAgPGxpPjxhIGhyZWY9Imh0dHA6Ly92YW5pbGxhLmhpdmUtdGVtcGxhdGUubG9jYWwuZmUxLnN0Zy5oYXJ2ZXN0ZHAuYW5jaG9yLm5ldC5hdS9pbmRleC5waHAvZGFzaGJvYXJkL3JlcG9ydHMvc3VydmV5cyI+UG9sbHM8L2E+PHNwYW4+UmVwb3J0cyAgUG9sbHMgcXVlc3Rpb25zLCBxdWl6LCByZXNwb25zZTwvc3Bhbj48L2xpPiAgICAgICAgICAgICAgICAgICAgICAgICAgICAgICAgICAgICAgICA8bGk+PGEgaHJlZj0iaHR0cDovL3ZhbmlsbGEuaGl2ZS10ZW1wbGF0ZS5sb2NhbC5mZTEuc3RnLmhhcnZlc3RkcC5hbmNob3IubmV0LmF1L2luZGV4LnBocC9kYXNoYm9hcmQvcmVwb3J0cy9zdWJzY3JpcHRpb25zIj5TdWJzY3JpcHRpb25zPC9hPjxzcGFuPlJlcG9ydHMgIFN1YnNjcmlwdGlvbnMgPC9zcGFuPjwvbGk+ICAgICAgICAgICAgICAgICAgICAgICAgICAgICAgICAgICAgICAgIDxsaT48YSBocmVmPSJodHRwOi8vdmFuaWxsYS5oaXZlLXRlbXBsYXRlLmxvY2FsLmZlMS5zdGcuaGFydmVzdGRwLmFuY2hvci5uZXQuYXUvaW5kZXgucGhwL2Rhc2hib2FyZC9yZXBvcnRzL3NvY2lhbF9tYXBzIj5Tb2NpYWwgTWFwcGluZzwvYT48c3Bhbj5SZXBvcnRzICBTb2NpYWwgTWFwcGluZyA8L3NwYW4+PC9saT4gICAgICAgICAgICAgICAgICAgICAgICAgICAgICAgICAgICAgICAgPGxpPjxhIGhyZWY9Imh0dHA6Ly92YW5pbGxhLmhpdmUtdGVtcGxhdGUubG9jYWwuZmUxLnN0Zy5oYXJ2ZXN0ZHAuYW5jaG9yLm5ldC5hdS9pbmRleC5waHAvZGFzaGJvYXJkL3JlcG9ydHMvdmlzaW9ucyI+VmlzaW9uaW5nPC9hPjxzcGFuPlJlcG9ydHMgIFZpc2lvbmluZyA8L3NwYW4+PC9saT4gICAgICAgICAgICAgICAgICAgICAgICAgICAgICAgICAgICAgICAgPGxpPjxhIGhyZWY9Imh0dHA6Ly92YW5pbGxhLmhpdmUtdGVtcGxhdGUubG9jYWwuZmUxLnN0Zy5oYXJ2ZXN0ZHAuYW5jaG9yLm5ldC5hdS9pbmRleC5waHAvZGFzaGJvYXJkL3JlcG9ydHMvbG9ncyI+TG9nczwvYT48c3Bhbj5SZXBvcnRzICBMb2dzIGZvcm1zLCBsb2csIGVycm9yLCBlbWFpbCwgbXlzcWwsIGV4Y2VwdGlvbiwgc3VydmV5LCBoaXN0b3J5PC9zcGFuPjwvbGk+ICAgICAgICAgICAgICAgICAgICAgICAgICAgICAgICAgICAgICAgIDxsaT48YSBocmVmPSJodHRwOi8vdmFuaWxsYS5oaXZlLXRlbXBsYXRlLmxvY2FsLmZlMS5zdGcuaGFydmVzdGRwLmFuY2hvci5uZXQuYXUvaW5kZXgucGhwL2Rhc2hib2FyZC9yZXBvcnRzL292ZXJ2aWV3Ij5PdmVydmlldzwvYT48c3Bhbj5SZXBvcnRzICBPdmVydmlldyA8L3NwYW4+PC9saT4gICAgICAgICAgICAgICAgICAgICAgICAgICAgICAgICAgICAgICAgPGxpPjxhIGhyZWY9Imh0dHA6Ly92YW5pbGxhLmhpdmUtdGVtcGxhdGUubG9jYWwuZmUxLnN0Zy5oYXJ2ZXN0ZHAuYW5jaG9yLm5ldC5hdS9pbmRleC5waHAvZGFzaGJvYXJkL3JlcG9ydHMvYXVkaWVuY2UiPkF1ZGllbmNlPC9hPjxzcGFuPlJlcG9ydHMgIEF1ZGllbmNlIDwvc3Bhbj48L2xpPiAgICAgICAgICAgICAgICAgICAgICAgICAgICAgICAgICAgICAgICA8bGk+PGEgaHJlZj0iaHR0cDovL3ZhbmlsbGEuaGl2ZS10ZW1wbGF0ZS5sb2NhbC5mZTEuc3RnLmhhcnZlc3RkcC5hbmNob3IubmV0LmF1L2luZGV4LnBocC9kYXNoYm9hcmQvcmVwb3J0cy9yZXN1bHRzIj5SZXN1bHRzPC9hPjxzcGFuPlJlcG9ydHMgIFJlc3VsdHMgPC9zcGFuPjwvbGk+ICAgICAgICAgICAgICAgICAgICAgICAgICAgICAgICAgICAgICAgIDxsaT48YSBocmVmPSJodHRwOi8vdmFuaWxsYS5oaXZlLXRlbXBsYXRlLmxvY2FsLmZlMS5zdGcuaGFydmVzdGRwLmFuY2hvci5uZXQuYXUvaW5kZXgucGhwL2Rhc2hib2FyZC9yZXBvcnRzL2JlaGF2aW91ciI+QmVoYXZpb3VyPC9hPjxzcGFuPlJlcG9ydHMgIEJlaGF2aW91ciA8L3NwYW4+PC9saT4gICAgICAgICAgICAgICAgICAgICAgICAgICAgICAgICAgICAgICAgPGxpPjxhIGhyZWY9Imh0dHA6Ly92YW5pbGxhLmhpdmUtdGVtcGxhdGUubG9jYWwuZmUxLnN0Zy5oYXJ2ZXN0ZHAuYW5jaG9yLm5ldC5hdS9pbmRleC5waHAvZGFzaGJvYXJkL3JlcG9ydHMvYWNxdWlzaXRpb24iPkFjcXVpc2l0aW9uPC9hPjxzcGFuPlJlcG9ydHMgIEFjcXVpc2l0aW9uIDwvc3Bhbj48L2xpPiAgICAgICAgICAgICAgICAgICAgICAgICAgICAgICAgICAgICAgICA8bGk+PGEgaHJlZj0iaHR0cDovL3ZhbmlsbGEuaGl2ZS10ZW1wbGF0ZS5sb2NhbC5mZTEuc3RnLmhhcnZlc3RkcC5hbmNob3IubmV0LmF1L2luZGV4LnBocC9kYXNoYm9hcmQvcmVwb3J0cy9xYSI+UXVlc3Rpb24gYW5kIEFuc3dlcjwvYT48c3Bhbj5SZXBvcnRzICBRdWVzdGlvbiBhbmQgQW5zd2VyIDwvc3Bhbj48L2xpPiAgICAgICAgICAgICAgICAgICAgICAgICAgICAgICAgICAgICAgICA8bGk+PGEgaHJlZj0iaHR0cDovL3ZhbmlsbGEuaGl2ZS10ZW1wbGF0ZS5sb2NhbC5mZTEuc3RnLmhhcnZlc3RkcC5hbmNob3IubmV0LmF1L2luZGV4LnBocC9kYXNoYm9hcmQvcmVwb3J0cy9idWRnZXRpbmciPkJ1ZGdldGluZzwvYT48c3Bhbj5SZXBvcnRzICBCdWRnZXRpbmcgPC9zcGFuPjwvbGk+ICAgICAgICAgICAgICAgICAgICAgICAgICAgICAgICAgICAgPC91bD4gICAgICAgICAgICAgICAgPC9kaXY+ICAgICAgICAgICAgICAgICAgICAgICAgICAgICAgICA8ZGl2IGNsYXNzPSJjY20taW50ZWxsaWdlbnQtc2VhcmNoLXJlc3VsdHMtbW9kdWxlIGNjbS1pbnRlbGxpZ2VudC1zZWFyY2gtcmVzdWx0cy1tb2R1bGUtb25zaXRlIj4gICAgICAgICAgICAgICAgPGgxPkFuYWx5dGljczwvaDE+ICAgICAgICAgICAgICAgIDx1bCBjbGFzcz0iY2NtLWludGVsbGlnZW50LXNlYXJjaC1yZXN1bHRzLWxpc3QiPiAgICAgICAgICAgICAgICAgICAgICAgICAgICAgICAgICAgICAgICAgICAgICAgICAgICA8bGk+PGEgaHJlZj0iaHR0cDovL3ZhbmlsbGEuaGl2ZS10ZW1wbGF0ZS5sb2NhbC5mZTEuc3RnLmhhcnZlc3RkcC5hbmNob3IubmV0LmF1L2luZGV4LnBocC9kYXNoYm9hcmQvYW5hbHl0aWNzL3Nlc3Npb25zIj5TZXNzaW9uczwvYT48c3Bhbj5BbmFseXRpY3MgZm9ybXMsIGxvZywgZXJyb3IsIGVtYWlsLCBteXNxbCwgZXhjZXB0aW9uLCBzdXJ2ZXkgU2Vzc2lvbnMgPC9zcGFuPjwvbGk+ICAgICAgICAgICAgICAgICAgICAgICAgICAgICAgICAgICAgICAgIDxsaT48YSBocmVmPSJodHRwOi8vdmFuaWxsYS5oaXZlLXRlbXBsYXRlLmxvY2FsLmZlMS5zdGcuaGFydmVzdGRwLmFuY2hvci5uZXQuYXUvaW5kZXgucGhwL2Rhc2hib2FyZC9hbmFseXRpY3MvdmlzaXRvcnMiPlZpc2l0b3JzPC9hPjxzcGFuPkFuYWx5dGljcyBmb3JtcywgbG9nLCBlcnJvciwgZW1haWwsIG15c3FsLCBleGNlcHRpb24sIHN1cnZleSBWaXNpdG9ycyA8L3NwYW4+PC9saT4gICAgICAgICAgICAgICAgICAgICAgICAgICAgICAgICAgICA8L3VsPiAgICAgICAgICAgICAgICA8L2Rpdj4gICAgICAgICAgICAgICAgICAgICAgICAgICAgICAgIDxkaXYgY2xhc3M9ImNjbS1pbnRlbGxpZ2VudC1zZWFyY2gtcmVzdWx0cy1tb2R1bGUgY2NtLWludGVsbGlnZW50LXNlYXJjaC1yZXN1bHRzLW1vZHVsZS1vbnNpdGUiPiAgICAgICAgICAgICAgICA8aDE+RmlsZXM8L2gxPiAgICAgICAgICAgICAgICA8dWwgY2xhc3M9ImNjbS1pbnRlbGxpZ2VudC1zZWFyY2gtcmVzdWx0cy1saXN0Ij4gICAgICAgICAgICAgICAgICAgICAgICAgICAgICAgICAgICAgICAgICAgICAgICAgICAgPGxpPjxhIGhyZWY9Imh0dHA6Ly92YW5pbGxhLmhpdmUtdGVtcGxhdGUubG9jYWwuZmUxLnN0Zy5oYXJ2ZXN0ZHAuYW5jaG9yLm5ldC5hdS9pbmRleC5waHAvZGFzaGJvYXJkL2ZpbGVzL3NlYXJjaCI+RmlsZSBNYW5hZ2VyPC9hPjxzcGFuPkZpbGVzICBGaWxlIE1hbmFnZXIgYWRkIGZpbGUsIGRlbGV0ZSBmaWxlLCBjb3B5LCBtb3ZlLCBhbGlhcywgcmVzaXplLCBjcm9wLCByZW5hbWUsIGltYWdlcywgdGl0bGUsIGF0dHJpYnV0ZTwvc3Bhbj48L2xpPiAgICAgICAgICAgICAgICAgICAgICAgICAgICAgICAgICAgICAgICA8bGk+PGEgaHJlZj0iaHR0cDovL3ZhbmlsbGEuaGl2ZS10ZW1wbGF0ZS5sb2NhbC5mZTEuc3RnLmhhcnZlc3RkcC5hbmNob3IubmV0LmF1L2luZGV4LnBocC9kYXNoYm9hcmQvZmlsZXMvYXR0cmlidXRlcyI+QXR0cmlidXRlczwvYT48c3Bhbj5GaWxlcyAgQXR0cmlidXRlcyBmaWxlLCBmaWxlIGF0dHJpYnV0ZXMsIHRpdGxlLCBhdHRyaWJ1dGUsIGRlc2NyaXB0aW9uLCByZW5hbWU8L3NwYW4+PC9saT4gICAgICAgICAgICAgICAgICAgICAgICAgICAgICAgICAgICAgICAgPGxpPjxhIGhyZWY9Imh0dHA6Ly92YW5pbGxhLmhpdmUtdGVtcGxhdGUubG9jYWwuZmUxLnN0Zy5oYXJ2ZXN0ZHAuYW5jaG9yLm5ldC5hdS9pbmRleC5waHAvZGFzaGJvYXJkL2ZpbGVzL3NldHMiPkZpbGUgU2V0czwvYT48c3Bhbj5GaWxlcyAgRmlsZSBTZXRzIGZpbGVzLCBjYXRlZ29yeSwgY2F0ZWdvcmllczwvc3Bhbj48L2xpPiAgICAgICAgICAgICAgICAgICAgICAgICAgICAgICAgICAgICAgICA8bGk+PGEgaHJlZj0iaHR0cDovL3ZhbmlsbGEuaGl2ZS10ZW1wbGF0ZS5sb2NhbC5mZTEuc3RnLmhhcnZlc3RkcC5hbmNob3IubmV0LmF1L2luZGV4LnBocC9kYXNoYm9hcmQvZmlsZXMvYWRkX3NldCI+QWRkIEZpbGUgU2V0PC9hPjxzcGFuPkZpbGVzICBBZGQgRmlsZSBTZXQgbmV3IGZpbGUgc2V0PC9zcGFuPjwvbGk+ICAgICAgICAgICAgICAgICAgICAgICAgICAgICAgICAgICAgPC91bD4gICAgICAgICAgICAgICAgPC9kaXY+ICAgICAgICAgICAgICAgICAgICAgICAgICAgICAgICA8ZGl2IGNsYXNzPSJjY20taW50ZWxsaWdlbnQtc2VhcmNoLXJlc3VsdHMtbW9kdWxlIGNjbS1pbnRlbGxpZ2VudC1zZWFyY2gtcmVzdWx0cy1tb2R1bGUtb25zaXRlIj4gICAgICAgICAgICAgICAgPGgxPk1lbWJlcnM8L2gxPiAgICAgICAgICAgICAgICA8dWwgY2xhc3M9ImNjbS1pbnRlbGxpZ2VudC1zZWFyY2gtcmVzdWx0cy1saXN0Ij4gICAgICAgICAgICAgICAgICAgICAgICAgICAgICAgICAgICAgICAgICAgICAgICAgICAgPGxpPjxhIGhyZWY9Imh0dHA6Ly92YW5pbGxhLmhpdmUtdGVtcGxhdGUubG9jYWwuZmUxLnN0Zy5oYXJ2ZXN0ZHAuYW5jaG9yLm5ldC5hdS9pbmRleC5waHAvZGFzaGJvYXJkL3VzZXJzL2NvbW11bml0eSI+Q29tbXVuaXR5IE1lbWJlcnM8L2E+PHNwYW4+TWVtYmVycyB1c2VycywgZ3JvdXBzLCBwZW9wbGUsIGZpbmQsIGRlbGV0ZSB1c2VyLCByZW1vdmUgdXNlciwgY2hhbmdlIHBhc3N3b3JkLCBwYXNzd29yZCBDb21tdW5pdHkgTWVtYmVycyA8L3NwYW4+PC9saT4gICAgICAgICAgICAgICAgICAgICAgICAgICAgICAgICAgICAgICAgPGxpPjxhIGhyZWY9Imh0dHA6Ly92YW5pbGxhLmhpdmUtdGVtcGxhdGUubG9jYWwuZmUxLnN0Zy5oYXJ2ZXN0ZHAuYW5jaG9yLm5ldC5hdS9pbmRleC5waHAvZGFzaGJvYXJkL3VzZXJzL3NpdGUiPlNpdGUgVXNlcnM8L2E+PHNwYW4+TWVtYmVycyB1c2VycywgZ3JvdXBzLCBwZW9wbGUsIGZpbmQsIGRlbGV0ZSB1c2VyLCByZW1vdmUgdXNlciwgY2hhbmdlIHBhc3N3b3JkLCBwYXNzd29yZCBTaXRlIFVzZXJzIDwvc3Bhbj48L2xpPiAgICAgICAgICAgICAgICAgICAgICAgICAgICAgICAgICAgICAgICA8bGk+PGEgaHJlZj0iaHR0cDovL3ZhbmlsbGEuaGl2ZS10ZW1wbGF0ZS5sb2NhbC5mZTEuc3RnLmhhcnZlc3RkcC5hbmNob3IubmV0LmF1L2luZGV4LnBocC9kYXNoYm9hcmQvdXNlcnMvaW50ZXJuYWwiPkludGVybmFsIFVzZXJzPC9hPjxzcGFuPk1lbWJlcnMgdXNlcnMsIGdyb3VwcywgcGVvcGxlLCBmaW5kLCBkZWxldGUgdXNlciwgcmVtb3ZlIHVzZXIsIGNoYW5nZSBwYXNzd29yZCwgcGFzc3dvcmQgSW50ZXJuYWwgVXNlcnMgPC9zcGFuPjwvbGk+ICAgICAgICAgICAgICAgICAgICAgICAgICAgICAgICAgICAgICAgIDxsaT48YSBocmVmPSJodHRwOi8vdmFuaWxsYS5oaXZlLXRlbXBsYXRlLmxvY2FsLmZlMS5zdGcuaGFydmVzdGRwLmFuY2hvci5uZXQuYXUvaW5kZXgucGhwL2Rhc2hib2FyZC91c2Vycy9zZWFyY2giPkFsbCBVc2VyczwvYT48c3Bhbj5NZW1iZXJzIHVzZXJzLCBncm91cHMsIHBlb3BsZSwgZmluZCwgZGVsZXRlIHVzZXIsIHJlbW92ZSB1c2VyLCBjaGFuZ2UgcGFzc3dvcmQsIHBhc3N3b3JkIEFsbCBVc2VycyBmaW5kLCBzZWFyY2gsIHBlb3BsZSwgZGVsZXRlIHVzZXIsIHJlbW92ZSB1c2VyLCBjaGFuZ2UgcGFzc3dvcmQsIHBhc3N3b3JkPC9zcGFuPjwvbGk+ICAgICAgICAgICAgICAgICAgICAgICAgICAgICAgICAgICAgICAgIDxsaT48YSBocmVmPSJodHRwOi8vdmFuaWxsYS5oaXZlLXRlbXBsYXRlLmxvY2FsLmZlMS5zdGcuaGFydmVzdGRwLmFuY2hvci5uZXQuYXUvaW5kZXgucGhwL2Rhc2hib2FyZC91c2Vycy9ncm91cHMiPlVzZXIgR3JvdXBzPC9hPjxzcGFuPk1lbWJlcnMgdXNlcnMsIGdyb3VwcywgcGVvcGxlLCBmaW5kLCBkZWxldGUgdXNlciwgcmVtb3ZlIHVzZXIsIGNoYW5nZSBwYXNzd29yZCwgcGFzc3dvcmQgVXNlciBHcm91cHMgdXNlciwgZ3JvdXAsIHBlb3BsZSwgcGVybWlzc2lvbnMsIGV4cGlyZSwgYmFkZ2VzPC9zcGFuPjwvbGk+ICAgICAgICAgICAgICAgICAgICAgICAgICAgICAgICAgICAgICAgIDxsaT48YSBocmVmPSJodHRwOi8vdmFuaWxsYS5oaXZlLXRlbXBsYXRlLmxvY2FsLmZlMS5zdGcuaGFydmVzdGRwLmFuY2hvci5uZXQuYXUvaW5kZXgucGhwL2Rhc2hib2FyZC91c2Vycy9hdHRyaWJ1dGVzIj5BdHRyaWJ1dGVzPC9hPjxzcGFuPk1lbWJlcnMgdXNlcnMsIGdyb3VwcywgcGVvcGxlLCBmaW5kLCBkZWxldGUgdXNlciwgcmVtb3ZlIHVzZXIsIGNoYW5nZSBwYXNzd29yZCwgcGFzc3dvcmQgQXR0cmlidXRlcyB1c2VyIGF0dHJpYnV0ZXMsIHVzZXIgZGF0YSwgZ2F0aGVyIGRhdGEsIHJlZ2lzdHJhdGlvbiBkYXRhPC9zcGFuPjwvbGk+ICAgICAgICAgICAgICAgICAgICAgICAgICAgICAgICAgICAgICAgIDxsaT48YSBocmVmPSJodHRwOi8vdmFuaWxsYS5oaXZlLXRlbXBsYXRlLmxvY2FsLmZlMS5zdGcuaGFydmVzdGRwLmFuY2hvci5uZXQuYXUvaW5kZXgucGhwL2Rhc2hib2FyZC91c2Vycy9hZGQiPkFkZCBVc2VyPC9hPjxzcGFuPk1lbWJlcnMgdXNlcnMsIGdyb3VwcywgcGVvcGxlLCBmaW5kLCBkZWxldGUgdXNlciwgcmVtb3ZlIHVzZXIsIGNoYW5nZSBwYXNzd29yZCwgcGFzc3dvcmQgQWRkIFVzZXIgbmV3IHVzZXIsIGNyZWF0ZTwvc3Bhbj48L2xpPiAgICAgICAgICAgICAgICAgICAgICAgICAgICAgICAgICAgICAgICA8bGk+PGEgaHJlZj0iaHR0cDovL3ZhbmlsbGEuaGl2ZS10ZW1wbGF0ZS5sb2NhbC5mZTEuc3RnLmhhcnZlc3RkcC5hbmNob3IubmV0LmF1L2luZGV4LnBocC9kYXNoYm9hcmQvdXNlcnMvYWRkX2dyb3VwIj5BZGQgR3JvdXA8L2E+PHNwYW4+TWVtYmVycyB1c2VycywgZ3JvdXBzLCBwZW9wbGUsIGZpbmQsIGRlbGV0ZSB1c2VyLCByZW1vdmUgdXNlciwgY2hhbmdlIHBhc3N3b3JkLCBwYXNzd29yZCBBZGQgR3JvdXAgbmV3IHVzZXIgZ3JvdXAsIG5ldyBncm91cCwgZ3JvdXAsIGNyZWF0ZTwvc3Bhbj48L2xpPiAgICAgICAgICAgICAgICAgICAgICAgICAgICAgICAgICAgICAgICA8bGk+PGEgaHJlZj0iaHR0cDovL3ZhbmlsbGEuaGl2ZS10ZW1wbGF0ZS5sb2NhbC5mZTEuc3RnLmhhcnZlc3RkcC5hbmNob3IubmV0LmF1L2luZGV4LnBocC9kYXNoYm9hcmQvdXNlcnMvZ3JvdXBfc2V0cyI+R3JvdXAgU2V0czwvYT48c3Bhbj5NZW1iZXJzIHVzZXJzLCBncm91cHMsIHBlb3BsZSwgZmluZCwgZGVsZXRlIHVzZXIsIHJlbW92ZSB1c2VyLCBjaGFuZ2UgcGFzc3dvcmQsIHBhc3N3b3JkIEdyb3VwIFNldHMgZ3JvdXAgc2V0PC9zcGFuPjwvbGk+ICAgICAgICAgICAgICAgICAgICAgICAgICAgICAgICAgICAgICAgIDxsaT48YSBocmVmPSJodHRwOi8vdmFuaWxsYS5oaXZlLXRlbXBsYXRlLmxvY2FsLmZlMS5zdGcuaGFydmVzdGRwLmFuY2hvci5uZXQuYXUvaW5kZXgucGhwL2Rhc2hib2FyZC91c2Vycy9wb2ludHMiPkNvbW11bml0eSBQb2ludHM8L2E+PHNwYW4+TWVtYmVycyB1c2VycywgZ3JvdXBzLCBwZW9wbGUsIGZpbmQsIGRlbGV0ZSB1c2VyLCByZW1vdmUgdXNlciwgY2hhbmdlIHBhc3N3b3JkLCBwYXNzd29yZCBDb21tdW5pdHkgUG9pbnRzIGNvbW11bml0eSwgcG9pbnRzLCBrYXJtYTwvc3Bhbj48L2xpPiAgICAgICAgICAgICAgICAgICAgICAgICAgICAgICAgICAgIDwvdWw+ICAgICAgICAgICAgICAgIDwvZGl2PiAgICAgICAgICAgICAgICAgICAgICAgICAgICAgICAgPGRpdiBjbGFzcz0iY2NtLWludGVsbGlnZW50LXNlYXJjaC1yZXN1bHRzLW1vZHVsZSBjY20taW50ZWxsaWdlbnQtc2VhcmNoLXJlc3VsdHMtbW9kdWxlLW9uc2l0ZSI+ICAgICAgICAgICAgICAgIDxoMT5TaXRlbWFwPC9oMT4gICAgICAgICAgICAgICAgPHVsIGNsYXNzPSJjY20taW50ZWxsaWdlbnQtc2VhcmNoLXJlc3VsdHMtbGlzdCI+ICAgICAgICAgICAgICAgICAgICAgICAgICAgICAgICAgICAgICAgICAgICAgICAgICAgIDxsaT48YSBocmVmPSJodHRwOi8vdmFuaWxsYS5oaXZlLXRlbXBsYXRlLmxvY2FsLmZlMS5zdGcuaGFydmVzdGRwLmFuY2hvci5uZXQuYXUvaW5kZXgucGhwL2Rhc2hib2FyZC9zaXRlbWFwL2Z1bGwiPkZ1bGwgU2l0ZW1hcDwvYT48c3Bhbj5TaXRlbWFwIHBhZ2VzLCBhZGQgcGFnZSwgZGVsZXRlIHBhZ2UsIGNvcHksIG1vdmUsIGFsaWFzIEZ1bGwgU2l0ZW1hcCBwYWdlcywgYWRkIHBhZ2UsIGRlbGV0ZSBwYWdlLCBjb3B5LCBtb3ZlLCBhbGlhczwvc3Bhbj48L2xpPiAgICAgICAgICAgICAgICAgICAgICAgICAgICAgICAgICAgICAgICA8bGk+PGEgaHJlZj0iaHR0cDovL3ZhbmlsbGEuaGl2ZS10ZW1wbGF0ZS5sb2NhbC5mZTEuc3RnLmhhcnZlc3RkcC5hbmNob3IubmV0LmF1L2luZGV4LnBocC9kYXNoYm9hcmQvc2l0ZW1hcC9leHBsb3JlIj5GbGF0IFZpZXc8L2E+PHNwYW4+U2l0ZW1hcCBwYWdlcywgYWRkIHBhZ2UsIGRlbGV0ZSBwYWdlLCBjb3B5LCBtb3ZlLCBhbGlhcyBGbGF0IFZpZXcgcGFnZXMsIGFkZCBwYWdlLCBkZWxldGUgcGFnZSwgY29weSwgbW92ZSwgYWxpYXMsIGJ1bGs8L3NwYW4+PC9saT4gICAgICAgICAgICAgICAgICAgICAgICAgICAgICAgICAgICAgICAgPGxpPjxhIGhyZWY9Imh0dHA6Ly92YW5pbGxhLmhpdmUtdGVtcGxhdGUubG9jYWwuZmUxLnN0Zy5oYXJ2ZXN0ZHAuYW5jaG9yLm5ldC5hdS9pbmRleC5waHAvZGFzaGJvYXJkL3NpdGVtYXAvc2VhcmNoIj5QYWdlIFNlYXJjaDwvYT48c3Bhbj5TaXRlbWFwIHBhZ2VzLCBhZGQgcGFnZSwgZGVsZXRlIHBhZ2UsIGNvcHksIG1vdmUsIGFsaWFzIFBhZ2UgU2VhcmNoIGZpbmQgcGFnZSwgc2VhcmNoIHBhZ2UsIHNlYXJjaCwgZmluZCwgcGFnZXMsIHNpdGVtYXA8L3NwYW4+PC9saT4gICAgICAgICAgICAgICAgICAgICAgICAgICAgICAgICAgICA8L3VsPiAgICAgICAgICAgICAgICA8L2Rpdj4gICAgICAgICAgICAgICAgICAgICAgICAgICAgICAgIDxkaXYgY2xhc3M9ImNjbS1pbnRlbGxpZ2VudC1zZWFyY2gtcmVzdWx0cy1tb2R1bGUgY2NtLWludGVsbGlnZW50LXNlYXJjaC1yZXN1bHRzLW1vZHVsZS1vbnNpdGUiPiAgICAgICAgICAgICAgICA8aDE+UGFnZXMgJiBUaGVtZXM8L2gxPiAgICAgICAgICAgICAgICA8dWwgY2xhc3M9ImNjbS1pbnRlbGxpZ2VudC1zZWFyY2gtcmVzdWx0cy1saXN0Ij4gICAgICAgICAgICAgICAgICAgICAgICAgICAgICAgICAgICAgICAgICAgICAgICAgICAgPGxpPjxhIGhyZWY9Imh0dHA6Ly92YW5pbGxhLmhpdmUtdGVtcGxhdGUubG9jYWwuZmUxLnN0Zy5oYXJ2ZXN0ZHAuYW5jaG9yLm5ldC5hdS9pbmRleC5waHAvZGFzaGJvYXJkL3BhZ2VzL3RoZW1lcyI+VGhlbWVzPC9hPjxzcGFuPlBhZ2VzICYgVGhlbWVzICBUaGVtZXMgbmV3IHRoZW1lLCB0aGVtZSwgYWN0aXZlIHRoZW1lLCBjaGFuZ2UgdGhlbWUsIHRlbXBsYXRlLCBjc3M8L3NwYW4+PC9saT4gICAgICAgICAgICAgICAgICAgICAgICAgICAgICAgICAgICAgICAgPGxpPjxhIGhyZWY9Imh0dHA6Ly92YW5pbGxhLmhpdmUtdGVtcGxhdGUubG9jYWwuZmUxLnN0Zy5oYXJ2ZXN0ZHAuYW5jaG9yLm5ldC5hdS9pbmRleC5waHAvZGFzaGJvYXJkL3BhZ2VzL3R5cGVzIj5QYWdlIFR5cGVzPC9hPjxzcGFuPlBhZ2VzICYgVGhlbWVzICBQYWdlIFR5cGVzIDwvc3Bhbj48L2xpPiAgICAgICAgICAgICAgICAgICAgICAgICAgICAgICAgICAgICAgICA8bGk+PGEgaHJlZj0iaHR0cDovL3ZhbmlsbGEuaGl2ZS10ZW1wbGF0ZS5sb2NhbC5mZTEuc3RnLmhhcnZlc3RkcC5hbmNob3IubmV0LmF1L2luZGV4LnBocC9kYXNoYm9hcmQvcGFnZXMvdGVtcGxhdGVzIj5QYWdlIFRlbXBsYXRlczwvYT48c3Bhbj5QYWdlcyAmIFRoZW1lcyAgUGFnZSBUZW1wbGF0ZXMgPC9zcGFuPjwvbGk+ICAgICAgICAgICAgICAgICAgICAgICAgICAgICAgICAgICAgICAgIDxsaT48YSBocmVmPSJodHRwOi8vdmFuaWxsYS5oaXZlLXRlbXBsYXRlLmxvY2FsLmZlMS5zdGcuaGFydmVzdGRwLmFuY2hvci5uZXQuYXUvaW5kZXgucGhwL2Rhc2hib2FyZC9wYWdlcy9hdHRyaWJ1dGVzIj5BdHRyaWJ1dGVzPC9hPjxzcGFuPlBhZ2VzICYgVGhlbWVzICBBdHRyaWJ1dGVzIHBhZ2UgYXR0cmlidXRlcywgY3VzdG9tPC9zcGFuPjwvbGk+ICAgICAgICAgICAgICAgICAgICAgICAgICAgICAgICAgICAgICAgIDxsaT48YSBocmVmPSJodHRwOi8vdmFuaWxsYS5oaXZlLXRlbXBsYXRlLmxvY2FsLmZlMS5zdGcuaGFydmVzdGRwLmFuY2hvci5uZXQuYXUvaW5kZXgucGhwL2Rhc2hib2FyZC9wYWdlcy9zaW5nbGUiPlNpbmdsZSBQYWdlczwvYT48c3Bhbj5QYWdlcyAmIFRoZW1lcyAgU2luZ2xlIFBhZ2VzIHNpbmdsZSwgcGFnZSwgY3VzdG9tLCBhcHBsaWNhdGlvbjwvc3Bhbj48L2xpPiAgICAgICAgICAgICAgICAgICAgICAgICAgICAgICAgICAgICAgICA8bGk+PGEgaHJlZj0iaHR0cDovL3ZhbmlsbGEuaGl2ZS10ZW1wbGF0ZS5sb2NhbC5mZTEuc3RnLmhhcnZlc3RkcC5hbmNob3IubmV0LmF1L2luZGV4LnBocC9kYXNoYm9hcmQvcGFnZXMvZmVlZHMiPlJTUyBGZWVkczwvYT48c3Bhbj5QYWdlcyAmIFRoZW1lcyAgUlNTIEZlZWRzIGF0b20sIHJzcywgZmVlZCwgc3luZGljYXRpb248L3NwYW4+PC9saT4gICAgICAgICAgICAgICAgICAgICAgICAgICAgICAgICAgICA8L3VsPiAgICAgICAgICAgICAgICA8L2Rpdj4gICAgICAgICAgICAgICAgICAgICAgICAgICAgICAgIDxkaXYgY2xhc3M9ImNjbS1pbnRlbGxpZ2VudC1zZWFyY2gtcmVzdWx0cy1tb2R1bGUgY2NtLWludGVsbGlnZW50LXNlYXJjaC1yZXN1bHRzLW1vZHVsZS1vbnNpdGUiPiAgICAgICAgICAgICAgICA8aDE+Q29udmVyc2F0aW9uczwvaDE+ICAgICAgICAgICAgICAgIDx1bCBjbGFzcz0iY2NtLWludGVsbGlnZW50LXNlYXJjaC1yZXN1bHRzLWxpc3QiPiAgICAgICAgICAgICAgICAgICAgICAgICAgICAgICAgICAgICAgICAgICAgICAgICAgICA8bGk+PGEgaHJlZj0iaHR0cDovL3ZhbmlsbGEuaGl2ZS10ZW1wbGF0ZS5sb2NhbC5mZTEuc3RnLmhhcnZlc3RkcC5hbmNob3IubmV0LmF1L2luZGV4LnBocC9kYXNoYm9hcmQvY29udmVyc2F0aW9ucy9tZXNzYWdlcyI+TWVzc2FnZXM8L2E+PHNwYW4+Q29udmVyc2F0aW9ucyAgTWVzc2FnZXMgPC9zcGFuPjwvbGk+ICAgICAgICAgICAgICAgICAgICAgICAgICAgICAgICAgICAgPC91bD4gICAgICAgICAgICAgICAgPC9kaXY+ICAgICAgICAgICAgICAgICAgICAgICAgICAgICAgICA8ZGl2IGNsYXNzPSJjY20taW50ZWxsaWdlbnQtc2VhcmNoLXJlc3VsdHMtbW9kdWxlIGNjbS1pbnRlbGxpZ2VudC1zZWFyY2gtcmVzdWx0cy1tb2R1bGUtb25zaXRlIj4gICAgICAgICAgICAgICAgPGgxPlN0YWNrcyAmIEJsb2NrczwvaDE+ICAgICAgICAgICAgICAgIDx1bCBjbGFzcz0iY2NtLWludGVsbGlnZW50LXNlYXJjaC1yZXN1bHRzLWxpc3QiPiAgICAgICAgICAgICAgICAgICAgICAgICAgICAgICAgICAgICAgICAgICAgICAgICAgICA8bGk+PGEgaHJlZj0iaHR0cDovL3ZhbmlsbGEuaGl2ZS10ZW1wbGF0ZS5sb2NhbC5mZTEuc3RnLmhhcnZlc3RkcC5hbmNob3IubmV0LmF1L2luZGV4LnBocC9kYXNoYm9hcmQvYmxvY2tzL3N0YWNrcyI+U3RhY2tzPC9hPjxzcGFuPlN0YWNrcyAmIEJsb2NrcyAgU3RhY2tzIHN0YWNrcywgcmV1c2FibGUgY29udGVudCwgc2NyYXBib29rLCBjb3B5LCBwYXN0ZSwgcGFzdGUgYmxvY2ssIGNvcHkgYmxvY2ssIHNpdGUgbmFtZSwgbG9nbzwvc3Bhbj48L2xpPiAgICAgICAgICAgICAgICAgICAgICAgICAgICAgICAgICAgICAgICA8bGk+PGEgaHJlZj0iaHR0cDovL3ZhbmlsbGEuaGl2ZS10ZW1wbGF0ZS5sb2NhbC5mZTEuc3RnLmhhcnZlc3RkcC5hbmNob3IubmV0LmF1L2luZGV4LnBocC9kYXNoYm9hcmQvYmxvY2tzL3Blcm1pc3Npb25zIj5CbG9jayAmIFN0YWNrIFBlcm1pc3Npb25zPC9hPjxzcGFuPlN0YWNrcyAmIEJsb2NrcyAgQmxvY2sgJiBTdGFjayBQZXJtaXNzaW9ucyA8L3NwYW4+PC9saT4gICAgICAgICAgICAgICAgICAgICAgICAgICAgICAgICAgICAgICAgPGxpPjxhIGhyZWY9Imh0dHA6Ly92YW5pbGxhLmhpdmUtdGVtcGxhdGUubG9jYWwuZmUxLnN0Zy5oYXJ2ZXN0ZHAuYW5jaG9yLm5ldC5hdS9pbmRleC5waHAvZGFzaGJvYXJkL2Jsb2Nrcy90eXBlcyI+QmxvY2sgVHlwZXM8L2E+PHNwYW4+U3RhY2tzICYgQmxvY2tzICBCbG9jayBUeXBlcyBibG9jaywgcmVmcmVzaCwgY3VzdG9tPC9zcGFuPjwvbGk+ICAgICAgICAgICAgICAgICAgICAgICAgICAgICAgICAgICAgPC91bD4gICAgICAgICAgICAgICAgPC9kaXY+ICAgICAgICAgICAgICAgICAgICAgICAgICAgICAgICA8ZGl2IGNsYXNzPSJjY20taW50ZWxsaWdlbnQtc2VhcmNoLXJlc3VsdHMtbW9kdWxlIGNjbS1pbnRlbGxpZ2VudC1zZWFyY2gtcmVzdWx0cy1tb2R1bGUtb25zaXRlIj4gICAgICAgICAgICAgICAgPGgxPkV4dGVuZCBUaGUgSGl2ZTwvaDE+ICAgICAgICAgICAgICAgIDx1bCBjbGFzcz0iY2NtLWludGVsbGlnZW50LXNlYXJjaC1yZXN1bHRzLWxpc3QiPiAgICAgICAgICAgICAgICAgICAgICAgICAgICAgICAgICAgICAgICAgICAgICAgICAgICA8bGk+PGEgaHJlZj0iaHR0cDovL3ZhbmlsbGEuaGl2ZS10ZW1wbGF0ZS5sb2NhbC5mZTEuc3RnLmhhcnZlc3RkcC5hbmNob3IubmV0LmF1L2luZGV4LnBocC9kYXNoYm9hcmQvZXh0ZW5kL2luc3RhbGwiPkFkZCBGdW5jdGlvbmFsaXR5PC9hPjxzcGFuPkV4dGVuZCBUaGUgSGl2ZSBhZGQtb24sIGFkZG9uLCBhZGQgb24sIHBhY2thZ2UsIGFwcCwgZWNvbW1lcmNlLCBkaXNjdXNzaW9ucywgZm9ydW1zLCB0aGVtZXMsIHRlbXBsYXRlcywgYmxvY2tzIEFkZCBGdW5jdGlvbmFsaXR5IGFkZC1vbiwgYWRkb24sIGVjb21tZXJjZSwgaW5zdGFsbCwgZGlzY3Vzc2lvbnMsIGZvcnVtcywgdGhlbWVzLCB0ZW1wbGF0ZXMsIGJsb2Nrczwvc3Bhbj48L2xpPiAgICAgICAgICAgICAgICAgICAgICAgICAgICAgICAgICAgICAgICA8bGk+PGEgaHJlZj0iaHR0cDovL3ZhbmlsbGEuaGl2ZS10ZW1wbGF0ZS5sb2NhbC5mZTEuc3RnLmhhcnZlc3RkcC5hbmNob3IubmV0LmF1L2luZGV4LnBocC9kYXNoYm9hcmQvZXh0ZW5kL3VwZGF0ZSI+VXBkYXRlIEFkZC1PbnM8L2E+PHNwYW4+RXh0ZW5kIFRoZSBIaXZlIGFkZC1vbiwgYWRkb24sIGFkZCBvbiwgcGFja2FnZSwgYXBwLCBlY29tbWVyY2UsIGRpc2N1c3Npb25zLCBmb3J1bXMsIHRoZW1lcywgdGVtcGxhdGVzLCBibG9ja3MgVXBkYXRlIEFkZC1PbnMgdXBkYXRlLCB1cGdyYWRlPC9zcGFuPjwvbGk+ICAgICAgICAgICAgICAgICAgICAgICAgICAgICAgICAgICAgICAgIDxsaT48YSBocmVmPSJodHRwOi8vdmFuaWxsYS5oaXZlLXRlbXBsYXRlLmxvY2FsLmZlMS5zdGcuaGFydmVzdGRwLmFuY2hvci5uZXQuYXUvaW5kZXgucGhwL2Rhc2hib2FyZC9leHRlbmQvY29ubmVjdCI+Q29ubmVjdCB0byB0aGUgQ29tbXVuaXR5PC9hPjxzcGFuPkV4dGVuZCBUaGUgSGl2ZSBhZGQtb24sIGFkZG9uLCBhZGQgb24sIHBhY2thZ2UsIGFwcCwgZWNvbW1lcmNlLCBkaXNjdXNzaW9ucywgZm9ydW1zLCB0aGVtZXMsIHRlbXBsYXRlcywgYmxvY2tzIENvbm5lY3QgdG8gdGhlIENvbW11bml0eSBjb25jcmV0ZTUub3JnLCBteSBhY2NvdW50LCBtYXJrZXRwbGFjZTwvc3Bhbj48L2xpPiAgICAgICAgICAgICAgICAgICAgICAgICAgICAgICAgICAgICAgICA8bGk+PGEgaHJlZj0iaHR0cDovL3ZhbmlsbGEuaGl2ZS10ZW1wbGF0ZS5sb2NhbC5mZTEuc3RnLmhhcnZlc3RkcC5hbmNob3IubmV0LmF1L2luZGV4LnBocC9kYXNoYm9hcmQvZXh0ZW5kL3RoZW1lcyI+R2V0IE1vcmUgVGhlbWVzPC9hPjxzcGFuPkV4dGVuZCBUaGUgSGl2ZSBhZGQtb24sIGFkZG9uLCBhZGQgb24sIHBhY2thZ2UsIGFwcCwgZWNvbW1lcmNlLCBkaXNjdXNzaW9ucywgZm9ydW1zLCB0aGVtZXMsIHRlbXBsYXRlcywgYmxvY2tzIEdldCBNb3JlIFRoZW1lcyBidXkgdGhlbWUsIG5ldyB0aGVtZSwgbWFya2V0cGxhY2UsIHRlbXBsYXRlPC9zcGFuPjwvbGk+ICAgICAgICAgICAgICAgICAgICAgICAgICAgICAgICAgICAgICAgIDxsaT48YSBocmVmPSJodHRwOi8vdmFuaWxsYS5oaXZlLXRlbXBsYXRlLmxvY2FsLmZlMS5zdGcuaGFydmVzdGRwLmFuY2hvci5uZXQuYXUvaW5kZXgucGhwL2Rhc2hib2FyZC9leHRlbmQvYWRkb25zIj5HZXQgTW9yZSBBZGQtT25zPC9hPjxzcGFuPkV4dGVuZCBUaGUgSGl2ZSBhZGQtb24sIGFkZG9uLCBhZGQgb24sIHBhY2thZ2UsIGFwcCwgZWNvbW1lcmNlLCBkaXNjdXNzaW9ucywgZm9ydW1zLCB0aGVtZXMsIHRlbXBsYXRlcywgYmxvY2tzIEdldCBNb3JlIEFkZC1PbnMgYnV5IGFkZG9uLCBidXkgYWRkIG9uLCBidXkgYWRkLW9uLCBwdXJjaGFzZSBhZGRvbiwgcHVyY2hhc2UgYWRkIG9uLCBwdXJjaGFzZSBhZGQtb24sIGZpbmQgYWRkb24sIG5ldyBhZGRvbiwgbWFya2V0cGxhY2U8L3NwYW4+PC9saT4gICAgICAgICAgICAgICAgICAgICAgICAgICAgICAgICAgICA8L3VsPiAgICAgICAgICAgICAgICA8L2Rpdj4gICAgICAgICAgICAgICAgICAgICAgICAgICAgICAgIDxkaXYgY2xhc3M9ImNjbS1pbnRlbGxpZ2VudC1zZWFyY2gtcmVzdWx0cy1tb2R1bGUgY2NtLWludGVsbGlnZW50LXNlYXJjaC1yZXN1bHRzLW1vZHVsZS1vbnNpdGUiPiAgICAgICAgICAgICAgICA8aDE+RGFzaGJvYXJkPC9oMT4gICAgICAgICAgICAgICAgPHVsIGNsYXNzPSJjY20taW50ZWxsaWdlbnQtc2VhcmNoLXJlc3VsdHMtbGlzdCI+ICAgICAgICAgICAgICAgICAgICAgICAgICAgICAgICAgICAgPGxpPjxhIGhyZWY9Imh0dHA6Ly92YW5pbGxhLmhpdmUtdGVtcGxhdGUubG9jYWwuZmUxLnN0Zy5oYXJ2ZXN0ZHAuYW5jaG9yLm5ldC5hdS9pbmRleC5waHAvZGFzaGJvYXJkL25ld3MiPkRhc2hib2FyZDwvYT48c3Bhbj5EYXNoYm9hcmQgPC9zcGFuPjwvbGk+ICAgICAgICAgICAgICAgICAgICAgICAgICAgICAgICAgICAgICAgICAgICAgICAgICAgIDwvdWw+ICAgICAgICAgICAgICAgIDwvZGl2PiAgICAgICAgICAgICAgICAgICAgICAgICAgICAgICAgPGRpdiBjbGFzcz0iY2NtLWludGVsbGlnZW50LXNlYXJjaC1yZXN1bHRzLW1vZHVsZSBjY20taW50ZWxsaWdlbnQtc2VhcmNoLXJlc3VsdHMtbW9kdWxlLW9uc2l0ZSI+ICAgICAgICAgICAgICAgIDxoMT5TeXN0ZW0gJiBTZXR0aW5nczwvaDE+ICAgICAgICAgICAgICAgIDx1bCBjbGFzcz0iY2NtLWludGVsbGlnZW50LXNlYXJjaC1yZXN1bHRzLWxpc3QiPiAgICAgICAgICAgICAgICAgICAgICAgICAgICAgICAgICAgICAgICAgICAgICAgICAgICA8bGk+PGEgaHJlZj0iaHR0cDovL3ZhbmlsbGEuaGl2ZS10ZW1wbGF0ZS5sb2NhbC5mZTEuc3RnLmhhcnZlc3RkcC5hbmNob3IubmV0LmF1L2luZGV4LnBocC9kYXNoYm9hcmQvc3lzdGVtIj5WaWV3IEFsbDwvYT48c3Bhbj5TeXN0ZW0gJiBTZXR0aW5ncyBkYXNoYm9hcmQsIGNvbmZpZ3VyYXRpb248L3NwYW4+PC9saT4gICAgICAgICAgICAgICAgICAgICAgICAgICAgICAgICAgICAgICAgPGxpPjxhIGhyZWY9Imh0dHA6Ly92YW5pbGxhLmhpdmUtdGVtcGxhdGUubG9jYWwuZmUxLnN0Zy5oYXJ2ZXN0ZHAuYW5jaG9yLm5ldC5hdS9pbmRleC5waHAvZGFzaGJvYXJkL3N5c3RlbS9iYXNpY3MiPkJhc2ljczwvYT48c3Bhbj5CYXNpY3MgPC9zcGFuPjwvbGk+ICAgICAgICAgICAgICAgICAgICAgICAgICAgICAgICAgICAgICAgIDxsaT48YSBocmVmPSJodHRwOi8vdmFuaWxsYS5oaXZlLXRlbXBsYXRlLmxvY2FsLmZlMS5zdGcuaGFydmVzdGRwLmFuY2hvci5uZXQuYXUvaW5kZXgucGhwL2Rhc2hib2FyZC9zeXN0ZW0vYmFzaWNzL25hbWUiPlNpdGUgTmFtZTwvYT48c3Bhbj5TaXRlIE5hbWUgd2Vic2l0ZSBuYW1lLCB0aXRsZTwvc3Bhbj48L2xpPiAgICAgICAgICAgICAgICAgICAgICAgICAgICAgICAgICAgICAgICA8bGk+PGEgaHJlZj0iaHR0cDovL3ZhbmlsbGEuaGl2ZS10ZW1wbGF0ZS5sb2NhbC5mZTEuc3RnLmhhcnZlc3RkcC5hbmNob3IubmV0LmF1L2luZGV4LnBocC9kYXNoYm9hcmQvc3lzdGVtL2Jhc2ljcy9hY2Nlc3NpYmlsaXR5Ij5BY2Nlc3NpYmlsaXR5PC9hPjxzcGFuPkFjY2Vzc2liaWxpdHkgYWNjZXNzaWJpbGl0eSwgZWFzeSBtb2RlPC9zcGFuPjwvbGk+ICAgICAgICAgICAgICAgICAgICAgICAgICAgICAgICAgICAgICAgIDxsaT48YSBocmVmPSJodHRwOi8vdmFuaWxsYS5oaXZlLXRlbXBsYXRlLmxvY2FsLmZlMS5zdGcuaGFydmVzdGRwLmFuY2hvci5uZXQuYXUvaW5kZXgucGhwL2Rhc2hib2FyZC9zeXN0ZW0vYmFzaWNzL3NvY2lhbCI+U29jaWFsIExpbmtzPC9hPjxzcGFuPlNvY2lhbCBMaW5rcyBzaGFyaW5nLCBmYWNlYm9vaywgdHdpdHRlcjwvc3Bhbj48L2xpPiAgICAgICAgICAgICAgICAgICAgICAgICAgICAgICAgICAgICAgICA8bGk+PGEgaHJlZj0iaHR0cDovL3ZhbmlsbGEuaGl2ZS10ZW1wbGF0ZS5sb2NhbC5mZTEuc3RnLmhhcnZlc3RkcC5hbmNob3IubmV0LmF1L2luZGV4LnBocC9kYXNoYm9hcmQvc3lzdGVtL2Jhc2ljcy9pY29ucyI+Qm9va21hcmsgSWNvbnM8L2E+PHNwYW4+Qm9va21hcmsgSWNvbnMgbG9nbywgZmF2aWNvbiwgaXBob25lLCBpY29uLCBib29rbWFyazwvc3Bhbj48L2xpPiAgICAgICAgICAgICAgICAgICAgICAgICAgICAgICAgICAgICAgICA8bGk+PGEgaHJlZj0iaHR0cDovL3ZhbmlsbGEuaGl2ZS10ZW1wbGF0ZS5sb2NhbC5mZTEuc3RnLmhhcnZlc3RkcC5hbmNob3IubmV0LmF1L2luZGV4LnBocC9kYXNoYm9hcmQvc3lzdGVtL2Jhc2ljcy9lZGl0b3IiPlJpY2ggVGV4dCBFZGl0b3I8L2E+PHNwYW4+UmljaCBUZXh0IEVkaXRvciB0aW55bWNlLCBjb250ZW50IGJsb2NrLCBmb250cywgZWRpdG9yLCBjb250ZW50LCBvdmVybGF5PC9zcGFuPjwvbGk+ICAgICAgICAgICAgICAgICAgICAgICAgICAgICAgICAgICAgICAgIDxsaT48YSBocmVmPSJodHRwOi8vdmFuaWxsYS5oaXZlLXRlbXBsYXRlLmxvY2FsLmZlMS5zdGcuaGFydmVzdGRwLmFuY2hvci5uZXQuYXUvaW5kZXgucGhwL2Rhc2hib2FyZC9zeXN0ZW0vYmFzaWNzL211bHRpbGluZ3VhbCI+TGFuZ3VhZ2VzPC9hPjxzcGFuPkxhbmd1YWdlcyB0cmFuc2xhdGUsIHRyYW5zbGF0aW9uLCBpbnRlcm5hdGlvbmFsaXphdGlvbiwgbXVsdGlsaW5ndWFsPC9zcGFuPjwvbGk+ICAgICAgICAgICAgICAgICAgICAgICAgICAgICAgICAgICAgICAgIDxsaT48YSBocmVmPSJodHRwOi8vdmFuaWxsYS5oaXZlLXRlbXBsYXRlLmxvY2FsLmZlMS5zdGcuaGFydmVzdGRwLmFuY2hvci5uZXQuYXUvaW5kZXgucGhwL2Rhc2hib2FyZC9zeXN0ZW0vYmFzaWNzL3RpbWV6b25lIj5UaW1lIFpvbmU8L2E+PHNwYW4+VGltZSBab25lIHRpbWV6b25lLCBwcm9maWxlLCBsb2NhbGU8L3NwYW4+PC9saT4gICAgICAgICAgICAgICAgICAgICAgICAgICAgICAgICAgICAgICAgPGxpPjxhIGhyZWY9Imh0dHA6Ly92YW5pbGxhLmhpdmUtdGVtcGxhdGUubG9jYWwuZmUxLnN0Zy5oYXJ2ZXN0ZHAuYW5jaG9yLm5ldC5hdS9pbmRleC5waHAvZGFzaGJvYXJkL3N5c3RlbS9iYXNpY3MvYXBpIj5BUEkga2V5czwvYT48c3Bhbj5BUEkga2V5cyA8L3NwYW4+PC9saT4gICAgICAgICAgICAgICAgICAgICAgICAgICAgICAgICAgICAgICAgPGxpPjxhIGhyZWY9Imh0dHA6Ly92YW5pbGxhLmhpdmUtdGVtcGxhdGUubG9jYWwuZmUxLnN0Zy5oYXJ2ZXN0ZHAuYW5jaG9yLm5ldC5hdS9pbmRleC5waHAvZGFzaGJvYXJkL3N5c3RlbS9tdWx0aWxpbmd1YWwiPk11bHRpbGluZ3VhbDwvYT48c3Bhbj5NdWx0aWxpbmd1YWwgbXVsdGlsaW5ndWFsLCBsb2NhbGl6YXRpb24sIGludGVybmF0aW9uYWxpemF0aW9uLCBpMThuPC9zcGFuPjwvbGk+ICAgICAgICAgICAgICAgICAgICAgICAgICAgICAgICAgICAgICAgIDxsaT48YSBocmVmPSJodHRwOi8vdmFuaWxsYS5oaXZlLXRlbXBsYXRlLmxvY2FsLmZlMS5zdGcuaGFydmVzdGRwLmFuY2hvci5uZXQuYXUvaW5kZXgucGhwL2Rhc2hib2FyZC9zeXN0ZW0vbXVsdGlsaW5ndWFsL3NldHVwIj5NdWx0aWxpbmd1YWwgU2V0dXA8L2E+PHNwYW4+TXVsdGlsaW5ndWFsIFNldHVwIDwvc3Bhbj48L2xpPiAgICAgICAgICAgICAgICAgICAgICAgICAgICAgICAgICAgICAgICA8bGk+PGEgaHJlZj0iaHR0cDovL3ZhbmlsbGEuaGl2ZS10ZW1wbGF0ZS5sb2NhbC5mZTEuc3RnLmhhcnZlc3RkcC5hbmNob3IubmV0LmF1L2luZGV4LnBocC9kYXNoYm9hcmQvc3lzdGVtL211bHRpbGluZ3VhbC9wYWdlX3JlcG9ydCI+UGFnZSBSZXBvcnQ8L2E+PHNwYW4+UGFnZSBSZXBvcnQgPC9zcGFuPjwvbGk+ICAgICAgICAgICAgICAgICAgICAgICAgICAgICAgICAgICAgICAgIDxsaT48YSBocmVmPSJodHRwOi8vdmFuaWxsYS5oaXZlLXRlbXBsYXRlLmxvY2FsLmZlMS5zdGcuaGFydmVzdGRwLmFuY2hvci5uZXQuYXUvaW5kZXgucGhwL2Rhc2hib2FyZC9zeXN0ZW0vbXVsdGlsaW5ndWFsL3RyYW5zbGF0ZV9pbnRlcmZhY2UiPlRyYW5zbGF0ZSBTaXRlIEludGVyZmFjZTwvYT48c3Bhbj5UcmFuc2xhdGUgU2l0ZSBJbnRlcmZhY2UgPC9zcGFuPjwvbGk+ICAgICAgICAgICAgICAgICAgICAgICAgICAgICAgICAgICAgICAgIDxsaT48YSBocmVmPSJodHRwOi8vdmFuaWxsYS5oaXZlLXRlbXBsYXRlLmxvY2FsLmZlMS5zdGcuaGFydmVzdGRwLmFuY2hvci5uZXQuYXUvaW5kZXgucGhwL2Rhc2hib2FyZC9zeXN0ZW0vbXVsdGlsaW5ndWFsL2NvcHkiPkNvcHkgTGFuZ3VhZ2VzPC9hPjxzcGFuPkNvcHkgTGFuZ3VhZ2VzIDwvc3Bhbj48L2xpPiAgICAgICAgICAgICAgICAgICAgICAgICAgICAgICAgICAgICAgICA8bGk+PGEgaHJlZj0iaHR0cDovL3ZhbmlsbGEuaGl2ZS10ZW1wbGF0ZS5sb2NhbC5mZTEuc3RnLmhhcnZlc3RkcC5hbmNob3IubmV0LmF1L2luZGV4LnBocC9kYXNoYm9hcmQvc3lzdGVtL3NlbyI+U0VPICYgU3RhdGlzdGljczwvYT48c3Bhbj5TRU8gJiBTdGF0aXN0aWNzIDwvc3Bhbj48L2xpPiAgICAgICAgICAgICAgICAgICAgICAgICAgICAgICAgICAgICAgICA8bGk+PGEgaHJlZj0iaHR0cDovL3ZhbmlsbGEuaGl2ZS10ZW1wbGF0ZS5sb2NhbC5mZTEuc3RnLmhhcnZlc3RkcC5hbmNob3IubmV0LmF1L2luZGV4LnBocC9kYXNoYm9hcmQvc3lzdGVtL3Nlby91cmxzIj5VUkxzIGFuZCBSZWRpcmVjdGlvbjwvYT48c3Bhbj5VUkxzIGFuZCBSZWRpcmVjdGlvbiB2YW5pdHksIHByZXR0eSB1cmwsIHNlbywgcGFnZXZpZXcsIHZpZXc8L3NwYW4+PC9saT4gICAgICAgICAgICAgICAgICAgICAgICAgICAgICAgICAgICAgICAgPGxpPjxhIGhyZWY9Imh0dHA6Ly92YW5pbGxhLmhpdmUtdGVtcGxhdGUubG9jYWwuZmUxLnN0Zy5oYXJ2ZXN0ZHAuYW5jaG9yLm5ldC5hdS9pbmRleC5waHAvZGFzaGJvYXJkL3N5c3RlbS9zZW8vYnVsayI+QnVsayBTRU8gVXBkYXRlcjwvYT48c3Bhbj5CdWxrIFNFTyBVcGRhdGVyIGJ1bGssIHNlbywgY2hhbmdlIGtleXdvcmRzLCBlbmdpbmUsIG9wdGltaXphdGlvbiwgc2VhcmNoPC9zcGFuPjwvbGk+ICAgICAgICAgICAgICAgICAgICAgICAgICAgICAgICAgICAgICAgIDxsaT48YSBocmVmPSJodHRwOi8vdmFuaWxsYS5oaXZlLXRlbXBsYXRlLmxvY2FsLmZlMS5zdGcuaGFydmVzdGRwLmFuY2hvci5uZXQuYXUvaW5kZXgucGhwL2Rhc2hib2FyZC9zeXN0ZW0vc2VvL2NvZGVzIj5UcmFja2luZyBDb2RlczwvYT48c3Bhbj5UcmFja2luZyBDb2RlcyB0cmFmZmljLCBzdGF0aXN0aWNzLCBnb29nbGUgYW5hbHl0aWNzLCBxdWFudCwgcGFnZXZpZXdzLCBoaXRzPC9zcGFuPjwvbGk+ICAgICAgICAgICAgICAgICAgICAgICAgICAgICAgICAgICAgICAgIDxsaT48YSBocmVmPSJodHRwOi8vdmFuaWxsYS5oaXZlLXRlbXBsYXRlLmxvY2FsLmZlMS5zdGcuaGFydmVzdGRwLmFuY2hvci5uZXQuYXUvaW5kZXgucGhwL2Rhc2hib2FyZC9zeXN0ZW0vc2VvL2V4Y2x1ZGVkIj5FeGNsdWRlZCBVUkwgV29yZCBMaXN0PC9hPjxzcGFuPkV4Y2x1ZGVkIFVSTCBXb3JkIExpc3QgcHJldHR5LCBzbHVnPC9zcGFuPjwvbGk+ICAgICAgICAgICAgICAgICAgICAgICAgICAgICAgICAgICAgICAgIDxsaT48YSBocmVmPSJodHRwOi8vdmFuaWxsYS5oaXZlLXRlbXBsYXRlLmxvY2FsLmZlMS5zdGcuaGFydmVzdGRwLmFuY2hvci5uZXQuYXUvaW5kZXgucGhwL2Rhc2hib2FyZC9zeXN0ZW0vc2VvL3NlYXJjaGluZGV4Ij5TZWFyY2ggSW5kZXg8L2E+PHNwYW4+U2VhcmNoIEluZGV4IGNvbmZpZ3VyZSBzZWFyY2gsIHNpdGUgc2VhcmNoLCBzZWFyY2ggb3B0aW9uPC9zcGFuPjwvbGk+ICAgICAgICAgICAgICAgICAgICAgICAgICAgICAgICAgICAgICAgIDxsaT48YSBocmVmPSJodHRwOi8vdmFuaWxsYS5oaXZlLXRlbXBsYXRlLmxvY2FsLmZlMS5zdGcuaGFydmVzdGRwLmFuY2hvci5uZXQuYXUvaW5kZXgucGhwL2Rhc2hib2FyZC9zeXN0ZW0vZmlsZXMiPkZpbGVzPC9hPjxzcGFuPkZpbGVzIDwvc3Bhbj48L2xpPiAgICAgICAgICAgICAgICAgICAgICAgICAgICAgICAgICAgICAgICA8bGk+PGEgaHJlZj0iaHR0cDovL3ZhbmlsbGEuaGl2ZS10ZW1wbGF0ZS5sb2NhbC5mZTEuc3RnLmhhcnZlc3RkcC5hbmNob3IubmV0LmF1L2luZGV4LnBocC9kYXNoYm9hcmQvc3lzdGVtL2ZpbGVzL3Blcm1pc3Npb25zIj5GaWxlIE1hbmFnZXIgUGVybWlzc2lvbnM8L2E+PHNwYW4+RmlsZSBNYW5hZ2VyIFBlcm1pc3Npb25zIGZpbGUgb3B0aW9ucywgZmlsZSBtYW5hZ2VyLCB1cGxvYWQsIG1vZGlmeTwvc3Bhbj48L2xpPiAgICAgICAgICAgICAgICAgICAgICAgICAgICAgICAgICAgICAgICA8bGk+PGEgaHJlZj0iaHR0cDovL3ZhbmlsbGEuaGl2ZS10ZW1wbGF0ZS5sb2NhbC5mZTEuc3RnLmhhcnZlc3RkcC5hbmNob3IubmV0LmF1L2luZGV4LnBocC9kYXNoYm9hcmQvc3lzdGVtL2ZpbGVzL2ZpbGV0eXBlcyI+QWxsb3dlZCBGaWxlIFR5cGVzPC9hPjxzcGFuPkFsbG93ZWQgRmlsZSBUeXBlcyBzZWN1cml0eSwgZmlsZXMsIG1lZGlhLCBleHRlbnNpb24sIG1hbmFnZXIsIHVwbG9hZDwvc3Bhbj48L2xpPiAgICAgICAgICAgICAgICAgICAgICAgICAgICAgICAgICAgICAgICA8bGk+PGEgaHJlZj0iaHR0cDovL3ZhbmlsbGEuaGl2ZS10ZW1wbGF0ZS5sb2NhbC5mZTEuc3RnLmhhcnZlc3RkcC5hbmNob3IubmV0LmF1L2luZGV4LnBocC9kYXNoYm9hcmQvc3lzdGVtL2ZpbGVzL3RodW1ibmFpbHMiPlRodW1ibmFpbHM8L2E+PHNwYW4+VGh1bWJuYWlscyBpbWFnZXMsIHBpY3R1cmUsIHJlc3BvbnNpdmUsIHJldGluYTwvc3Bhbj48L2xpPiAgICAgICAgICAgICAgICAgICAgICAgICAgICAgICAgICAgICAgICA8bGk+PGEgaHJlZj0iaHR0cDovL3ZhbmlsbGEuaGl2ZS10ZW1wbGF0ZS5sb2NhbC5mZTEuc3RnLmhhcnZlc3RkcC5hbmNob3IubmV0LmF1L2luZGV4LnBocC9kYXNoYm9hcmQvc3lzdGVtL2ZpbGVzL3N0b3JhZ2UiPkZpbGUgU3RvcmFnZSBMb2NhdGlvbnM8L2E+PHNwYW4+RmlsZSBTdG9yYWdlIExvY2F0aW9ucyBzZWN1cml0eSwgYWx0ZXJuYXRlIHN0b3JhZ2UsIGhpZGUgZmlsZXM8L3NwYW4+PC9saT4gICAgICAgICAgICAgICAgICAgICAgICAgICAgICAgICAgICAgICAgPGxpPjxhIGhyZWY9Imh0dHA6Ly92YW5pbGxhLmhpdmUtdGVtcGxhdGUubG9jYWwuZmUxLnN0Zy5oYXJ2ZXN0ZHAuYW5jaG9yLm5ldC5hdS9pbmRleC5waHAvZGFzaGJvYXJkL3N5c3RlbS9maWxlcy9pbWFnZV91cGxvYWRpbmciPkltYWdlIFVwbG9hZGluZzwvYT48c3Bhbj5JbWFnZSBVcGxvYWRpbmcgPC9zcGFuPjwvbGk+ICAgICAgICAgICAgICAgICAgICAgICAgICAgICAgICAgICAgICAgIDxsaT48YSBocmVmPSJodHRwOi8vdmFuaWxsYS5oaXZlLXRlbXBsYXRlLmxvY2FsLmZlMS5zdGcuaGFydmVzdGRwLmFuY2hvci5uZXQuYXUvaW5kZXgucGhwL2Rhc2hib2FyZC9zeXN0ZW0vb3B0aW1pemF0aW9uIj5PcHRpbWl6YXRpb248L2E+PHNwYW4+T3B0aW1pemF0aW9uIDwvc3Bhbj48L2xpPiAgICAgICAgICAgICAgICAgICAgICAgICAgICAgICAgICAgICAgICA8bGk+PGEgaHJlZj0iaHR0cDovL3ZhbmlsbGEuaGl2ZS10ZW1wbGF0ZS5sb2NhbC5mZTEuc3RnLmhhcnZlc3RkcC5hbmNob3IubmV0LmF1L2luZGV4LnBocC9kYXNoYm9hcmQvc3lzdGVtL29wdGltaXphdGlvbi9jYWNoZSI+Q2FjaGUgJiBTcGVlZCBTZXR0aW5nczwvYT48c3Bhbj5DYWNoZSAmIFNwZWVkIFNldHRpbmdzIGNhY2hlIG9wdGlvbiwgY2hhbmdlIGNhY2hlLCBvdmVycmlkZSwgdHVybiBvbiBjYWNoZSwgdHVybiBvZmYgY2FjaGUsIG5vIGNhY2hlLCBwYWdlIGNhY2hlLCBjYWNoaW5nPC9zcGFuPjwvbGk+ICAgICAgICAgICAgICAgICAgICAgICAgICAgICAgICAgICAgICAgIDxsaT48YSBocmVmPSJodHRwOi8vdmFuaWxsYS5oaXZlLXRlbXBsYXRlLmxvY2FsLmZlMS5zdGcuaGFydmVzdGRwLmFuY2hvci5uZXQuYXUvaW5kZXgucGhwL2Rhc2hib2FyZC9zeXN0ZW0vb3B0aW1pemF0aW9uL2NsZWFyY2FjaGUiPkNsZWFyIENhY2hlPC9hPjxzcGFuPkNsZWFyIENhY2hlIGNhY2hlIG9wdGlvbiwgdHVybiBvZmYgY2FjaGUsIG5vIGNhY2hlLCBwYWdlIGNhY2hlLCBjYWNoaW5nPC9zcGFuPjwvbGk+ICAgICAgICAgICAgICAgICAgICAgICAgICAgICAgICAgICAgICAgIDxsaT48YSBocmVmPSJodHRwOi8vdmFuaWxsYS5oaXZlLXRlbXBsYXRlLmxvY2FsLmZlMS5zdGcuaGFydmVzdGRwLmFuY2hvci5uZXQuYXUvaW5kZXgucGhwL2Rhc2hib2FyZC9zeXN0ZW0vb3B0aW1pemF0aW9uL2pvYnMiPkF1dG9tYXRlZCBKb2JzPC9hPjxzcGFuPkF1dG9tYXRlZCBKb2JzIGluZGV4IHNlYXJjaCwgcmVpbmRleCBzZWFyY2gsIGJ1aWxkIHNpdGVtYXAsIHNpdGVtYXAueG1sLCBjbGVhciBvbGQgdmVyc2lvbnMsIHBhZ2UgdmVyc2lvbnMsIHJlbW92ZSBvbGQ8L3NwYW4+PC9saT4gICAgICAgICAgICAgICAgICAgICAgICAgICAgICAgICAgICAgICAgPGxpPjxhIGhyZWY9Imh0dHA6Ly92YW5pbGxhLmhpdmUtdGVtcGxhdGUubG9jYWwuZmUxLnN0Zy5oYXJ2ZXN0ZHAuYW5jaG9yLm5ldC5hdS9pbmRleC5waHAvZGFzaGJvYXJkL3N5c3RlbS9vcHRpbWl6YXRpb24vcXVlcnlfbG9nIj5EYXRhYmFzZSBRdWVyeSBMb2c8L2E+PHNwYW4+RGF0YWJhc2UgUXVlcnkgTG9nIHF1ZXJpZXMsIGRhdGFiYXNlLCBteXNxbDwvc3Bhbj48L2xpPiAgICAgICAgICAgICAgICAgICAgICAgICAgICAgICAgICAgICAgICA8bGk+PGEgaHJlZj0iaHR0cDovL3ZhbmlsbGEuaGl2ZS10ZW1wbGF0ZS5sb2NhbC5mZTEuc3RnLmhhcnZlc3RkcC5hbmNob3IubmV0LmF1L2luZGV4LnBocC9kYXNoYm9hcmQvc3lzdGVtL3Blcm1pc3Npb25zIj5QZXJtaXNzaW9ucyAmIEFjY2VzczwvYT48c3Bhbj5QZXJtaXNzaW9ucyAmIEFjY2VzcyA8L3NwYW4+PC9saT4gICAgICAgICAgICAgICAgICAgICAgICAgICAgICAgICAgICAgICAgPGxpPjxhIGhyZWY9Imh0dHA6Ly92YW5pbGxhLmhpdmUtdGVtcGxhdGUubG9jYWwuZmUxLnN0Zy5oYXJ2ZXN0ZHAuYW5jaG9yLm5ldC5hdS9pbmRleC5waHAvZGFzaGJvYXJkL3N5c3RlbS9wZXJtaXNzaW9ucy9zaXRlIj5TaXRlIEFjY2VzczwvYT48c3Bhbj5TaXRlIEFjY2VzcyBlZGl0b3JzLCBoaWRlIHNpdGUsIG9mZmxpbmUsIHByaXZhdGUsIHB1YmxpYywgYWNjZXNzPC9zcGFuPjwvbGk+ICAgICAgICAgICAgICAgICAgICAgICAgICAgICAgICAgICAgICAgIDxsaT48YSBocmVmPSJodHRwOi8vdmFuaWxsYS5oaXZlLXRlbXBsYXRlLmxvY2FsLmZlMS5zdGcuaGFydmVzdGRwLmFuY2hvci5uZXQuYXUvaW5kZXgucGhwL2Rhc2hib2FyZC9zeXN0ZW0vcGVybWlzc2lvbnMvdGFza3MiPlRhc2sgUGVybWlzc2lvbnM8L2E+PHNwYW4+VGFzayBQZXJtaXNzaW9ucyBzZWN1cml0eSwgYWN0aW9ucywgYWRtaW5pc3RyYXRvciwgYWRtaW4sIHBhY2thZ2UsIG1hcmtldHBsYWNlLCBzZWFyY2g8L3NwYW4+PC9saT4gICAgICAgICAgICAgICAgICAgICAgICAgICAgICAgICAgICAgICAgPGxpPjxhIGhyZWY9Imh0dHA6Ly92YW5pbGxhLmhpdmUtdGVtcGxhdGUubG9jYWwuZmUxLnN0Zy5oYXJ2ZXN0ZHAuYW5jaG9yLm5ldC5hdS9pbmRleC5waHAvZGFzaGJvYXJkL3N5c3RlbS9wZXJtaXNzaW9ucy91c2VycyI+VXNlciBQZXJtaXNzaW9uczwvYT48c3Bhbj5Vc2VyIFBlcm1pc3Npb25zIDwvc3Bhbj48L2xpPiAgICAgICAgICAgICAgICAgICAgICAgICAgICAgICAgICAgICAgICA8bGk+PGEgaHJlZj0iaHR0cDovL3ZhbmlsbGEuaGl2ZS10ZW1wbGF0ZS5sb2NhbC5mZTEuc3RnLmhhcnZlc3RkcC5hbmNob3IubmV0LmF1L2luZGV4LnBocC9kYXNoYm9hcmQvc3lzdGVtL3Blcm1pc3Npb25zL2FkdmFuY2VkIj5BZHZhbmNlZCBQZXJtaXNzaW9uczwvYT48c3Bhbj5BZHZhbmNlZCBQZXJtaXNzaW9ucyA8L3NwYW4+PC9saT4gICAgICAgICAgICAgICAgICAgICAgICAgICAgICAgICAgICAgICAgPGxpPjxhIGhyZWY9Imh0dHA6Ly92YW5pbGxhLmhpdmUtdGVtcGxhdGUubG9jYWwuZmUxLnN0Zy5oYXJ2ZXN0ZHAuYW5jaG9yLm5ldC5hdS9pbmRleC5waHAvZGFzaGJvYXJkL3N5c3RlbS9wZXJtaXNzaW9ucy9ibGFja2xpc3QiPklQIEJsYWNrbGlzdDwvYT48c3Bhbj5JUCBCbGFja2xpc3Qgc2VjdXJpdHksIGxvY2sgaXAsIGxvY2sgb3V0LCBibG9jayBpcCwgYWRkcmVzcywgcmVzdHJpY3QsIGFjY2Vzczwvc3Bhbj48L2xpPiAgICAgICAgICAgICAgICAgICAgICAgICAgICAgICAgICAgICAgICA8bGk+PGEgaHJlZj0iaHR0cDovL3ZhbmlsbGEuaGl2ZS10ZW1wbGF0ZS5sb2NhbC5mZTEuc3RnLmhhcnZlc3RkcC5hbmNob3IubmV0LmF1L2luZGV4LnBocC9kYXNoYm9hcmQvc3lzdGVtL3Blcm1pc3Npb25zL2NhcHRjaGEiPkNhcHRjaGEgU2V0dXA8L2E+PHNwYW4+Q2FwdGNoYSBTZXR1cCBzZWN1cml0eSwgcmVnaXN0cmF0aW9uPC9zcGFuPjwvbGk+ICAgICAgICAgICAgICAgICAgICAgICAgICAgICAgICAgICAgICAgIDxsaT48YSBocmVmPSJodHRwOi8vdmFuaWxsYS5oaXZlLXRlbXBsYXRlLmxvY2FsLmZlMS5zdGcuaGFydmVzdGRwLmFuY2hvci5uZXQuYXUvaW5kZXgucGhwL2Rhc2hib2FyZC9zeXN0ZW0vcGVybWlzc2lvbnMvYW50aXNwYW0iPlNwYW0gQ29udHJvbDwvYT48c3Bhbj5TcGFtIENvbnRyb2wgYW50aXNwYW0sIGJsb2NrIHNwYW0sIHNlY3VyaXR5PC9zcGFuPjwvbGk+ICAgICAgICAgICAgICAgICAgICAgICAgICAgICAgICAgICAgICAgIDxsaT48YSBocmVmPSJodHRwOi8vdmFuaWxsYS5oaXZlLXRlbXBsYXRlLmxvY2FsLmZlMS5zdGcuaGFydmVzdGRwLmFuY2hvci5uZXQuYXUvaW5kZXgucGhwL2Rhc2hib2FyZC9zeXN0ZW0vcGVybWlzc2lvbnMvbWFpbnRlbmFuY2UiPk1haW50ZW5hbmNlIE1vZGU8L2E+PHNwYW4+TWFpbnRlbmFuY2UgTW9kZSBsb2NrIHNpdGUsIHVuZGVyIGNvbnN0cnVjdGlvbiwgaGlkZSwgaGlkZGVuPC9zcGFuPjwvbGk+ICAgICAgICAgICAgICAgICAgICAgICAgICAgICAgICAgICAgICAgIDxsaT48YSBocmVmPSJodHRwOi8vdmFuaWxsYS5oaXZlLXRlbXBsYXRlLmxvY2FsLmZlMS5zdGcuaGFydmVzdGRwLmFuY2hvci5uZXQuYXUvaW5kZXgucGhwL2Rhc2hib2FyZC9zeXN0ZW0vcmVnaXN0cmF0aW9uIj5Mb2dpbiAmIFJlZ2lzdHJhdGlvbjwvYT48c3Bhbj5Mb2dpbiAmIFJlZ2lzdHJhdGlvbiA8L3NwYW4+PC9saT4gICAgICAgICAgICAgICAgICAgICAgICAgICAgICAgICAgICAgICAgPGxpPjxhIGhyZWY9Imh0dHA6Ly92YW5pbGxhLmhpdmUtdGVtcGxhdGUubG9jYWwuZmUxLnN0Zy5oYXJ2ZXN0ZHAuYW5jaG9yLm5ldC5hdS9pbmRleC5waHAvZGFzaGJvYXJkL3N5c3RlbS9yZWdpc3RyYXRpb24vcG9zdGxvZ2luIj5Mb2dpbiBEZXN0aW5hdGlvbjwvYT48c3Bhbj5Mb2dpbiBEZXN0aW5hdGlvbiBwcm9maWxlLCBsb2dpbiwgcmVkaXJlY3QsIHNwZWNpZmljLCBkYXNoYm9hcmQsIGFkbWluaXN0cmF0b3JzPC9zcGFuPjwvbGk+ICAgICAgICAgICAgICAgICAgICAgICAgICAgICAgICAgICAgICAgIDxsaT48YSBocmVmPSJodHRwOi8vdmFuaWxsYS5oaXZlLXRlbXBsYXRlLmxvY2FsLmZlMS5zdGcuaGFydmVzdGRwLmFuY2hvci5uZXQuYXUvaW5kZXgucGhwL2Rhc2hib2FyZC9zeXN0ZW0vcmVnaXN0cmF0aW9uL3Byb2ZpbGVzIj5QdWJsaWMgUHJvZmlsZXM8L2E+PHNwYW4+UHVibGljIFByb2ZpbGVzIG1lbWJlciBwcm9maWxlLCBtZW1iZXIgcGFnZSwgY29tbXVuaXR5LCBmb3J1bXMsIHNvY2lhbCwgYXZhdGFyPC9zcGFuPjwvbGk+ICAgICAgICAgICAgICAgICAgICAgICAgICAgICAgICAgICAgICAgIDxsaT48YSBocmVmPSJodHRwOi8vdmFuaWxsYS5oaXZlLXRlbXBsYXRlLmxvY2FsLmZlMS5zdGcuaGFydmVzdGRwLmFuY2hvci5uZXQuYXUvaW5kZXgucGhwL2Rhc2hib2FyZC9zeXN0ZW0vcmVnaXN0cmF0aW9uL29wZW4iPlB1YmxpYyBSZWdpc3RyYXRpb248L2E+PHNwYW4+UHVibGljIFJlZ2lzdHJhdGlvbiBzaWdudXAsIG5ldyB1c2VyLCBjb21tdW5pdHksIHB1YmxpYyByZWdpc3RyYXRpb24sIHB1YmxpYywgcmVnaXN0cmF0aW9uPC9zcGFuPjwvbGk+ICAgICAgICAgICAgICAgICAgICAgICAgICAgICAgICAgICAgICAgIDxsaT48YSBocmVmPSJodHRwOi8vdmFuaWxsYS5oaXZlLXRlbXBsYXRlLmxvY2FsLmZlMS5zdGcuaGFydmVzdGRwLmFuY2hvci5uZXQuYXUvaW5kZXgucGhwL2Rhc2hib2FyZC9zeXN0ZW0vcmVnaXN0cmF0aW9uL2F1dGhlbnRpY2F0aW9uIj5BdXRoZW50aWNhdGlvbiBUeXBlczwvYT48c3Bhbj5BdXRoZW50aWNhdGlvbiBUeXBlcyBhdXRoLCBhdXRoZW50aWNhdGlvbiwgdHlwZXMsIG9hdXRoLCBmYWNlYm9vaywgbG9naW4sIHJlZ2lzdHJhdGlvbjwvc3Bhbj48L2xpPiAgICAgICAgICAgICAgICAgICAgICAgICAgICAgICAgICAgICAgICA8bGk+PGEgaHJlZj0iaHR0cDovL3ZhbmlsbGEuaGl2ZS10ZW1wbGF0ZS5sb2NhbC5mZTEuc3RnLmhhcnZlc3RkcC5hbmNob3IubmV0LmF1L2luZGV4LnBocC9kYXNoYm9hcmQvc3lzdGVtL21haWwiPkVtYWlsPC9hPjxzcGFuPkVtYWlsIHNtdHAsIG1haWwgc2V0dGluZ3M8L3NwYW4+PC9saT4gICAgICAgICAgICAgICAgICAgICAgICAgICAgICAgICAgICAgICAgPGxpPjxhIGhyZWY9Imh0dHA6Ly92YW5pbGxhLmhpdmUtdGVtcGxhdGUubG9jYWwuZmUxLnN0Zy5oYXJ2ZXN0ZHAuYW5jaG9yLm5ldC5hdS9pbmRleC5waHAvZGFzaGJvYXJkL3N5c3RlbS9tYWlsL21ldGhvZCI+U01UUCBNZXRob2Q8L2E+PHNwYW4+U01UUCBNZXRob2QgZW1haWwgc2VydmVyLCBtYWlsIHNldHRpbmdzLCBtYWlsIGNvbmZpZ3VyYXRpb24sIGV4dGVybmFsLCBpbnRlcm5hbDwvc3Bhbj48L2xpPiAgICAgICAgICAgICAgICAgICAgICAgICAgICAgICAgICAgICAgICA8bGk+PGEgaHJlZj0iaHR0cDovL3ZhbmlsbGEuaGl2ZS10ZW1wbGF0ZS5sb2NhbC5mZTEuc3RnLmhhcnZlc3RkcC5hbmNob3IubmV0LmF1L2luZGV4LnBocC9kYXNoYm9hcmQvc3lzdGVtL21haWwvbWV0aG9kL3Rlc3QiPlRlc3QgTWFpbCBTZXR0aW5nczwvYT48c3Bhbj5UZXN0IE1haWwgU2V0dGluZ3MgdGVzdCBzbXRwLCB0ZXN0IG1haWw8L3NwYW4+PC9saT4gICAgICAgICAgICAgICAgICAgICAgICAgICAgICAgICAgICAgICAgPGxpPjxhIGhyZWY9Imh0dHA6Ly92YW5pbGxhLmhpdmUtdGVtcGxhdGUubG9jYWwuZmUxLnN0Zy5oYXJ2ZXN0ZHAuYW5jaG9yLm5ldC5hdS9pbmRleC5waHAvZGFzaGJvYXJkL3N5c3RlbS9tYWlsL2ltcG9ydGVycyI+RW1haWwgSW1wb3J0ZXJzPC9hPjxzcGFuPkVtYWlsIEltcG9ydGVycyBlbWFpbCBzZXJ2ZXIsIG1haWwgc2V0dGluZ3MsIG1haWwgY29uZmlndXJhdGlvbiwgcHJpdmF0ZSBtZXNzYWdlLCBtZXNzYWdlIHN5c3RlbSwgaW1wb3J0LCBlbWFpbCwgbWVzc2FnZTwvc3Bhbj48L2xpPiAgICAgICAgICAgICAgICAgICAgICAgICAgICAgICAgICAgICAgICA8bGk+PGEgaHJlZj0iaHR0cDovL3ZhbmlsbGEuaGl2ZS10ZW1wbGF0ZS5sb2NhbC5mZTEuc3RnLmhhcnZlc3RkcC5hbmNob3IubmV0LmF1L2luZGV4LnBocC9kYXNoYm9hcmQvc3lzdGVtL2NvbnZlcnNhdGlvbnMiPkNvbnZlcnNhdGlvbnM8L2E+PHNwYW4+Q29udmVyc2F0aW9ucyBjb252ZXJzYXRpb25zPC9zcGFuPjwvbGk+ICAgICAgICAgICAgICAgICAgICAgICAgICAgICAgICAgICAgICAgIDxsaT48YSBocmVmPSJodHRwOi8vdmFuaWxsYS5oaXZlLXRlbXBsYXRlLmxvY2FsLmZlMS5zdGcuaGFydmVzdGRwLmFuY2hvci5uZXQuYXUvaW5kZXgucGhwL2Rhc2hib2FyZC9zeXN0ZW0vY29udmVyc2F0aW9ucy9zZXR0aW5ncyI+U2V0dGluZ3M8L2E+PHNwYW4+U2V0dGluZ3MgY29udmVyc2F0aW9uczwvc3Bhbj48L2xpPiAgICAgICAgICAgICAgICAgICAgICAgICAgICAgICAgICAgICAgICA8bGk+PGEgaHJlZj0iaHR0cDovL3ZhbmlsbGEuaGl2ZS10ZW1wbGF0ZS5sb2NhbC5mZTEuc3RnLmhhcnZlc3RkcC5hbmNob3IubmV0LmF1L2luZGV4LnBocC9kYXNoYm9hcmQvc3lzdGVtL2NvbnZlcnNhdGlvbnMvcG9pbnRzIj5Db21tdW5pdHkgUG9pbnRzPC9hPjxzcGFuPkNvbW11bml0eSBQb2ludHMgY29udmVyc2F0aW9ucyByYXRpbmdzLCByYXRpbmdzLCBjb21tdW5pdHksIGNvbW11bml0eSBwb2ludHM8L3NwYW4+PC9saT4gICAgICAgICAgICAgICAgICAgICAgICAgICAgICAgICAgICAgICAgPGxpPjxhIGhyZWY9Imh0dHA6Ly92YW5pbGxhLmhpdmUtdGVtcGxhdGUubG9jYWwuZmUxLnN0Zy5oYXJ2ZXN0ZHAuYW5jaG9yLm5ldC5hdS9pbmRleC5waHAvZGFzaGJvYXJkL3N5c3RlbS9jb252ZXJzYXRpb25zL2Jhbm5lZHdvcmRzIj5CYW5uZWQgV29yZHM8L2E+PHNwYW4+QmFubmVkIFdvcmRzIGNvbnZlcnNhdGlvbnMgYmFkIHdvcmRzLCBiYW5uZWQgd29yZHMsIGJhbm5lZCwgYmFkIHdvcmRzLCBiYWQsIHdvcmRzLCBsaXN0PC9zcGFuPjwvbGk+ICAgICAgICAgICAgICAgICAgICAgICAgICAgICAgICAgICAgICAgIDxsaT48YSBocmVmPSJodHRwOi8vdmFuaWxsYS5oaXZlLXRlbXBsYXRlLmxvY2FsLmZlMS5zdGcuaGFydmVzdGRwLmFuY2hvci5uZXQuYXUvaW5kZXgucGhwL2Rhc2hib2FyZC9zeXN0ZW0vY29udmVyc2F0aW9ucy9wZXJtaXNzaW9ucyI+Q29udmVyc2F0aW9uIFBlcm1pc3Npb25zPC9hPjxzcGFuPkNvbnZlcnNhdGlvbiBQZXJtaXNzaW9ucyA8L3NwYW4+PC9saT4gICAgICAgICAgICAgICAgICAgICAgICAgICAgICAgICAgICAgICAgPGxpPjxhIGhyZWY9Imh0dHA6Ly92YW5pbGxhLmhpdmUtdGVtcGxhdGUubG9jYWwuZmUxLnN0Zy5oYXJ2ZXN0ZHAuYW5jaG9yLm5ldC5hdS9pbmRleC5waHAvZGFzaGJvYXJkL3N5c3RlbS9hdHRyaWJ1dGVzIj5BdHRyaWJ1dGVzPC9hPjxzcGFuPkF0dHJpYnV0ZXMgYXR0cmlidXRlIGNvbmZpZ3VyYXRpb248L3NwYW4+PC9saT4gICAgICAgICAgICAgICAgICAgICAgICAgICAgICAgICAgICAgICAgPGxpPjxhIGhyZWY9Imh0dHA6Ly92YW5pbGxhLmhpdmUtdGVtcGxhdGUubG9jYWwuZmUxLnN0Zy5oYXJ2ZXN0ZHAuYW5jaG9yLm5ldC5hdS9pbmRleC5waHAvZGFzaGJvYXJkL3N5c3RlbS9hdHRyaWJ1dGVzL3NldHMiPlNldHM8L2E+PHNwYW4+U2V0cyBhdHRyaWJ1dGVzLCBzZXRzPC9zcGFuPjwvbGk+ICAgICAgICAgICAgICAgICAgICAgICAgICAgICAgICAgICAgICAgIDxsaT48YSBocmVmPSJodHRwOi8vdmFuaWxsYS5oaXZlLXRlbXBsYXRlLmxvY2FsLmZlMS5zdGcuaGFydmVzdGRwLmFuY2hvci5uZXQuYXUvaW5kZXgucGhwL2Rhc2hib2FyZC9zeXN0ZW0vYXR0cmlidXRlcy90eXBlcyI+VHlwZXM8L2E+PHNwYW4+VHlwZXMgYXR0cmlidXRlcywgdHlwZXM8L3NwYW4+PC9saT4gICAgICAgICAgICAgICAgICAgICAgICAgICAgICAgICAgICAgICAgPGxpPjxhIGhyZWY9Imh0dHA6Ly92YW5pbGxhLmhpdmUtdGVtcGxhdGUubG9jYWwuZmUxLnN0Zy5oYXJ2ZXN0ZHAuYW5jaG9yLm5ldC5hdS9pbmRleC5waHAvZGFzaGJvYXJkL3N5c3RlbS9hdHRyaWJ1dGVzL3RvcGljcyI+VG9waWNzPC9hPjxzcGFuPlRvcGljcyB0b3BpY3MsIHRhZ3MsIHRheG9ub215PC9zcGFuPjwvbGk+ICAgICAgICAgICAgICAgICAgICAgICAgICAgICAgICAgICAgICAgIDxsaT48YSBocmVmPSJodHRwOi8vdmFuaWxsYS5oaXZlLXRlbXBsYXRlLmxvY2FsLmZlMS5zdGcuaGFydmVzdGRwLmFuY2hvci5uZXQuYXUvaW5kZXgucGhwL2Rhc2hib2FyZC9zeXN0ZW0vYXR0cmlidXRlcy90b3BpY3MvYWRkIj5BZGQgVG9waWMgVHJlZTwvYT48c3Bhbj5BZGQgVG9waWMgVHJlZSA8L3NwYW4+PC9saT4gICAgICAgICAgICAgICAgICAgICAgICAgICAgICAgICAgICAgICAgPGxpPjxhIGhyZWY9Imh0dHA6Ly92YW5pbGxhLmhpdmUtdGVtcGxhdGUubG9jYWwuZmUxLnN0Zy5oYXJ2ZXN0ZHAuYW5jaG9yLm5ldC5hdS9pbmRleC5waHAvZGFzaGJvYXJkL3N5c3RlbS9lbnZpcm9ubWVudC9pbmZvIj5FbnZpcm9ubWVudCBJbmZvcm1hdGlvbjwvYT48c3Bhbj5FbnZpcm9ubWVudCBJbmZvcm1hdGlvbiBvdmVycmlkZXMsIHN5c3RlbSBpbmZvLCBkZWJ1Zywgc3VwcG9ydCwgaGVscDwvc3Bhbj48L2xpPiAgICAgICAgICAgICAgICAgICAgICAgICAgICAgICAgICAgICAgICA8bGk+PGEgaHJlZj0iaHR0cDovL3ZhbmlsbGEuaGl2ZS10ZW1wbGF0ZS5sb2NhbC5mZTEuc3RnLmhhcnZlc3RkcC5hbmNob3IubmV0LmF1L2luZGV4LnBocC9kYXNoYm9hcmQvc3lzdGVtL2Vudmlyb25tZW50L2RlYnVnIj5EZWJ1ZyBTZXR0aW5nczwvYT48c3Bhbj5EZWJ1ZyBTZXR0aW5ncyBlcnJvcnMsIGV4Y2VwdGlvbnMsIGRldmVsb3AsIHN1cHBvcnQsIGhlbHA8L3NwYW4+PC9saT4gICAgICAgICAgICAgICAgICAgICAgICAgICAgICAgICAgICAgICAgPGxpPjxhIGhyZWY9Imh0dHA6Ly92YW5pbGxhLmhpdmUtdGVtcGxhdGUubG9jYWwuZmUxLnN0Zy5oYXJ2ZXN0ZHAuYW5jaG9yLm5ldC5hdS9pbmRleC5waHAvZGFzaGJvYXJkL3N5c3RlbS9lbnZpcm9ubWVudC9sb2dnaW5nIj5Mb2dnaW5nIFNldHRpbmdzPC9hPjxzcGFuPkxvZ2dpbmcgU2V0dGluZ3MgZW1haWwsIGxvZ2dpbmcsIGxvZ3MsIHNtdHAsIHBvcCwgZXJyb3JzLCBteXNxbCwgbG9nPC9zcGFuPjwvbGk+ICAgICAgICAgICAgICAgICAgICAgICAgICAgICAgICAgICAgICAgIDxsaT48YSBocmVmPSJodHRwOi8vdmFuaWxsYS5oaXZlLXRlbXBsYXRlLmxvY2FsLmZlMS5zdGcuaGFydmVzdGRwLmFuY2hvci5uZXQuYXUvaW5kZXgucGhwL2Rhc2hib2FyZC9zeXN0ZW0vZW52aXJvbm1lbnQvcHJveHkiPlByb3h5IFNlcnZlcjwvYT48c3Bhbj5Qcm94eSBTZXJ2ZXIgbmV0d29yaywgcHJveHkgc2VydmVyPC9zcGFuPjwvbGk+ICAgICAgICAgICAgICAgICAgICAgICAgICAgICAgICAgICAgICAgIDxsaT48YSBocmVmPSJodHRwOi8vdmFuaWxsYS5oaXZlLXRlbXBsYXRlLmxvY2FsLmZlMS5zdGcuaGFydmVzdGRwLmFuY2hvci5uZXQuYXUvaW5kZXgucGhwL2Rhc2hib2FyZC9zeXN0ZW0vZW52aXJvbm1lbnQvZW50aXRpZXMiPkRhdGFiYXNlIEVudGl0aWVzPC9hPjxzcGFuPkRhdGFiYXNlIEVudGl0aWVzIGRhdGFiYXNlLCBlbnRpdGllcywgZG9jdHJpbmUsIG9ybTwvc3Bhbj48L2xpPiAgICAgICAgICAgICAgICAgICAgICAgICAgICAgICAgICAgICAgICA8bGk+PGEgaHJlZj0iaHR0cDovL3ZhbmlsbGEuaGl2ZS10ZW1wbGF0ZS5sb2NhbC5mZTEuc3RnLmhhcnZlc3RkcC5hbmNob3IubmV0LmF1L2luZGV4LnBocC9kYXNoYm9hcmQvc3lzdGVtL2JhY2t1cCI+QmFja3VwICYgUmVzdG9yZTwvYT48c3Bhbj5CYWNrdXAgJiBSZXN0b3JlIGV4cG9ydCwgYmFja3VwLCBkYXRhYmFzZSwgc3FsLCBteXNxbCwgZW5jcnlwdGlvbiwgcmVzdG9yZTwvc3Bhbj48L2xpPiAgICAgICAgICAgICAgICAgICAgICAgICAgICAgICAgICAgICAgICA8bGk+PGEgaHJlZj0iaHR0cDovL3ZhbmlsbGEuaGl2ZS10ZW1wbGF0ZS5sb2NhbC5mZTEuc3RnLmhhcnZlc3RkcC5hbmNob3IubmV0LmF1L2luZGV4LnBocC9kYXNoYm9hcmQvc3lzdGVtL2JhY2t1cC9iYWNrdXAiPkJhY2t1cCBEYXRhYmFzZTwvYT48c3Bhbj5CYWNrdXAgRGF0YWJhc2UgPC9zcGFuPjwvbGk+ICAgICAgICAgICAgICAgICAgICAgICAgICAgICAgICAgICAgICAgIDxsaT48YSBocmVmPSJodHRwOi8vdmFuaWxsYS5oaXZlLXRlbXBsYXRlLmxvY2FsLmZlMS5zdGcuaGFydmVzdGRwLmFuY2hvci5uZXQuYXUvaW5kZXgucGhwL2Rhc2hib2FyZC9zeXN0ZW0vYmFja3VwL3VwZGF0ZSI+VXBkYXRlIGNvbmNyZXRlNTwvYT48c3Bhbj5VcGRhdGUgY29uY3JldGU1IHVwZ3JhZGUsIG5ldyB2ZXJzaW9uLCB1cGRhdGU8L3NwYW4+PC9saT4gICAgICAgICAgICAgICAgICAgICAgICAgICAgICAgICAgICAgICAgPGxpPjxhIGhyZWY9Imh0dHA6Ly92YW5pbGxhLmhpdmUtdGVtcGxhdGUubG9jYWwuZmUxLnN0Zy5oYXJ2ZXN0ZHAuYW5jaG9yLm5ldC5hdS9pbmRleC5waHAvZGFzaGJvYXJkL3N5c3RlbS9tb2RlcmF0aW9uIj5Nb2RlcmF0aW9uPC9hPjxzcGFuPk1vZGVyYXRpb24gPC9zcGFuPjwvbGk+ICAgICAgICAgICAgICAgICAgICAgICAgICAgICAgICAgICAgICAgIDxsaT48YSBocmVmPSJodHRwOi8vdmFuaWxsYS5oaXZlLXRlbXBsYXRlLmxvY2FsLmZlMS5zdGcuaGFydmVzdGRwLmFuY2hvci5uZXQuYXUvaW5kZXgucGhwL2Rhc2hib2FyZC9zeXN0ZW0vbW9kZXJhdGlvbi9yZWFzb24iPlJlYXNvbjwvYT48c3Bhbj5SZWFzb24gPC9zcGFuPjwvbGk+ICAgICAgICAgICAgICAgICAgICAgICAgICAgICAgICAgICAgICAgIDxsaT48YSBocmVmPSJodHRwOi8vdmFuaWxsYS5oaXZlLXRlbXBsYXRlLmxvY2FsLmZlMS5zdGcuaGFydmVzdGRwLmFuY2hvci5uZXQuYXUvaW5kZXgucGhwL2Rhc2hib2FyZC9zeXN0ZW0vbW9kZXJhdGlvbi9wZXJtaXNzaW9ucyI+TW9kZXJhdGlvbiBQZXJtaXNzaW9uczwvYT48c3Bhbj5Nb2RlcmF0aW9uIFBlcm1pc3Npb25zIDwvc3Bhbj48L2xpPiAgICAgICAgICAgICAgICAgICAgICAgICAgICAgICAgICAgICAgICA8bGk+PGEgaHJlZj0iaHR0cDovL3ZhbmlsbGEuaGl2ZS10ZW1wbGF0ZS5sb2NhbC5mZTEuc3RnLmhhcnZlc3RkcC5hbmNob3IubmV0LmF1L2luZGV4LnBocC9kYXNoYm9hcmQvc3lzdGVtL21vZGVyYXRpb24vc2V0dGluZ3MiPlNldHRpbmdzPC9hPjxzcGFuPlNldHRpbmdzIDwvc3Bhbj48L2xpPiAgICAgICAgICAgICAgICAgICAgICAgICAgICAgICAgICAgIDwvdWw+ICAgICAgICAgICAgICAgIDwvZGl2PiAgICAgICAgICAgICAgICAgICAgICAgICAgICAgICAgPGRpdiBjbGFzcz0iY2NtLWludGVsbGlnZW50LXNlYXJjaC1yZXN1bHRzLW1vZHVsZSBjY20taW50ZWxsaWdlbnQtc2VhcmNoLXJlc3VsdHMtbW9kdWxlLW9uc2l0ZSI+ICAgICAgICAgICAgICAgIDxoMT5IaXZlIFNldHRpbmdzPC9oMT4gICAgICAgICAgICAgICAgPHVsIGNsYXNzPSJjY20taW50ZWxsaWdlbnQtc2VhcmNoLXJlc3VsdHMtbGlzdCI+ICAgICAgICAgICAgICAgICAgICAgICAgICAgICAgICAgICAgICAgICAgICAgICAgICAgIDxsaT48YSBocmVmPSJodHRwOi8vdmFuaWxsYS5oaXZlLXRlbXBsYXRlLmxvY2FsLmZlMS5zdGcuaGFydmVzdGRwLmFuY2hvci5uZXQuYXUvaW5kZXgucGhwL2Rhc2hib2FyZC9zZXR0aW5ncy9zaXRlIj5TaXRlPC9hPjxzcGFuPkhpdmUgU2V0dGluZ3MgIFNpdGUgPC9zcGFuPjwvbGk+ICAgICAgICAgICAgICAgICAgICAgICAgICAgICAgICAgICAgICAgIDxsaT48YSBocmVmPSJodHRwOi8vdmFuaWxsYS5oaXZlLXRlbXBsYXRlLmxvY2FsLmZlMS5zdGcuaGFydmVzdGRwLmFuY2hvci5uZXQuYXUvaW5kZXgucGhwL2Rhc2hib2FyZC9zZXR0aW5ncy91c2VycyI+VXNlcnM8L2E+PHNwYW4+SGl2ZSBTZXR0aW5ncyAgVXNlcnMgPC9zcGFuPjwvbGk+ICAgICAgICAgICAgICAgICAgICAgICAgICAgICAgICAgICAgICAgIDxsaT48YSBocmVmPSJodHRwOi8vdmFuaWxsYS5oaXZlLXRlbXBsYXRlLmxvY2FsLmZlMS5zdGcuaGFydmVzdGRwLmFuY2hvci5uZXQuYXUvaW5kZXgucGhwL2Rhc2hib2FyZC9zZXR0aW5ncy9tb2RlcmF0aW9uIj5Nb2RlcmF0aW9uPC9hPjxzcGFuPkhpdmUgU2V0dGluZ3MgIE1vZGVyYXRpb24gPC9zcGFuPjwvbGk+ICAgICAgICAgICAgICAgICAgICAgICAgICAgICAgICAgICAgICAgIDxsaT48YSBocmVmPSJodHRwOi8vdmFuaWxsYS5oaXZlLXRlbXBsYXRlLmxvY2FsLmZlMS5zdGcuaGFydmVzdGRwLmFuY2hvci5uZXQuYXUvaW5kZXgucGhwL2Rhc2hib2FyZC9zZXR0aW5ncy9lbWFpbCI+RW1haWw8L2E+PHNwYW4+SGl2ZSBTZXR0aW5ncyAgRW1haWwgPC9zcGFuPjwvbGk+ICAgICAgICAgICAgICAgICAgICAgICAgICAgICAgICAgICAgICAgIDxsaT48YSBocmVmPSJodHRwOi8vdmFuaWxsYS5oaXZlLXRlbXBsYXRlLmxvY2FsLmZlMS5zdGcuaGFydmVzdGRwLmFuY2hvci5uZXQuYXUvaW5kZXgucGhwL2Rhc2hib2FyZC9zZXR0aW5ncy9wcm9qZWN0cyI+UHJvamVjdHM8L2E+PHNwYW4+SGl2ZSBTZXR0aW5ncyAgUHJvamVjdHMgPC9zcGFuPjwvbGk+ICAgICAgICAgICAgICAgICAgICAgICAgICAgICAgICAgICAgPC91bD4gICAgICAgICAgICAgICAgPC9kaXY+ICAgICAgICAgICAgICAgICAgICAgICAgICAgIDxkaXYgY2xhc3M9ImNjbS1pbnRlbGxpZ2VudC1zZWFyY2gtcmVzdWx0cy1tb2R1bGUgY2NtLWludGVsbGlnZW50LXNlYXJjaC1yZXN1bHRzLW1vZHVsZS1vbnNpdGUiPiAgICAgICAgICAgIDxoMT5EYXNoYm9hcmQgSG9tZTwvaDE+ICAgICAgICAgICAgPHVsIGNsYXNzPSJjY20taW50ZWxsaWdlbnQtc2VhcmNoLXJlc3VsdHMtbGlzdCI+ICAgICAgICAgICAgICAgIDxsaT48YSBocmVmPSJodHRwOi8vdmFuaWxsYS5oaXZlLXRlbXBsYXRlLmxvY2FsLmZlMS5zdGcuaGFydmVzdGRwLmFuY2hvci5uZXQuYXUvaW5kZXgucGhwL2Rhc2hib2FyZC9ob21lIj5DdXN0b21pemUgPHNwYW4+Q3VzdG9taXplIERhc2hib2FyZCBIb21lPC9zcGFuPjwvYT48L2xpPiAgICAgICAgICAgIDwvdWw+ICAgICAgICAgICAgPC9kaXY+ICAgICAgICAgICAgICAgICAgICAgICAgPGRpdiBjbGFzcz0iY2NtLWludGVsbGlnZW50LXNlYXJjaC1yZXN1bHRzLW1vZHVsZSI+ICAgICAgICAgICAgPGgxPllvdXIgU2l0ZTwvaDE+ICAgICAgICAgICAgPGRpdiBjbGFzcz0ibG9hZGVyIj4gICAgICAgICAgICAgICAgPGRpdiBjbGFzcz0iZG90IGRvdDEiPjwvZGl2PiAgICAgICAgICAgICAgICA8ZGl2IGNsYXNzPSJkb3QgZG90MiI+PC9kaXY+ICAgICAgICAgICAgICAgIDxkaXYgY2xhc3M9ImRvdCBkb3QzIj48L2Rpdj4gICAgICAgICAgICAgICAgPGRpdiBjbGFzcz0iZG90IGRvdDQiPjwvZGl2PiAgICAgICAgICAgIDwvZGl2PiAgICAgICAgICAgIDx1bCBjbGFzcz0iY2NtLWludGVsbGlnZW50LXNlYXJjaC1yZXN1bHRzLWxpc3QiIGlkPSJjY20taW50ZWxsaWdlbnQtc2VhcmNoLXJlc3VsdHMtbGlzdC15b3VyLXNpdGUiPiAgICAgICAgICAgIDwvdWw+ICAgICAgICAgICAgPC9kaXY+ICAgICAgICAgICAgICAgICAgICAgICAgICAgICAgICA8L2Rpdj4gICAgICAgICI7fXM6MTg6IkNMSUVOVF9SRU1PVEVfQUREUiI7czoxNToiMjAzLjIwNi4xNDIuMjMyIjtzOjIyOiJDTElFTlRfSFRUUF9VU0VSX0FHRU5UIjtzOjExNToiTW96aWxsYS81LjAgKFdpbmRvd3MgTlQgMTAuMDsgV2luNjQ7IHg2NCkgQXBwbGVXZWJLaXQvNTM3LjM2IChLSFRNTCwgbGlrZSBHZWNrbykgQ2hyb21lLzY0LjAuMzI4Mi4xODYgU2FmYXJpLzUzNy4zNiI7czoxMjoidU9ubGluZUNoZWNrIjtpOjE1MjA1NDk1NjM7czo4OiJtY0VkaXRJRCI7czozOiIxNjQiO3M6NzoiZWRpdENJRCI7czozOiIxNjQiO3M6NzoidUdyb3VwcyI7YTozOntpOjI7czoxOiIyIjtpOjEyO3M6MjoiMTIiO2k6MTtzOjE6IjEiO319X3NmMl9mbGFzaGVzfGE6MDp7fV9zZjJfbWV0YXxhOjM6e3M6MToidSI7aToxNTIwNTQ5NTYzO3M6MToiYyI7aToxNTIwNTQ5MzM2O3M6MToibCI7czo0OiI3MjAwIjt9',1520549563),('3d5j6ahhtolfjlr9p0f58gi0tm','X3NmMl9hdHRyaWJ1dGVzfGE6Mzp7czo3OiJ1R3JvdXBzIjthOjE6e2k6MTtzOjE6IjEiO31zOjE0OiJhY2Nlc3NFbnRpdGllcyI7YToxOntpOjA7Tzo1MDoiQ29uY3JldGVcQ29yZVxQZXJtaXNzaW9uXEFjY2Vzc1xFbnRpdHlcR3JvdXBFbnRpdHkiOjY6e3M6ODoiACoAZ3JvdXAiO086MzA6IkNvbmNyZXRlXENvcmVcVXNlclxHcm91cFxHcm91cCI6MjI6e3M6NDoiY3RJRCI7TjtzOjEzOiJwZXJtaXNzaW9uU2V0IjtOO3M6NDM6IgBDb25jcmV0ZVxDb3JlXFVzZXJcR3JvdXBcR3JvdXAAcGVybWlzc2lvbnMiO2E6MDp7fXM6NToiZXJyb3IiO3M6MDoiIjtzOjM6ImdJRCI7czoxOiIxIjtzOjU6ImdOYW1lIjtzOjU6Ikd1ZXN0IjtzOjEyOiJnRGVzY3JpcHRpb24iO3M6NjI6IlRoZSBndWVzdCBncm91cCByZXByZXNlbnRzIHVucmVnaXN0ZXJlZCB2aXNpdG9ycyB0byB5b3VyIHNpdGUuIjtzOjI0OiJnVXNlckV4cGlyYXRpb25Jc0VuYWJsZWQiO3M6MToiMCI7czoyMToiZ1VzZXJFeHBpcmF0aW9uTWV0aG9kIjtOO3M6MjY6ImdVc2VyRXhwaXJhdGlvblNldERhdGVUaW1lIjtOO3M6MjM6ImdVc2VyRXhwaXJhdGlvbkludGVydmFsIjtzOjE6IjAiO3M6MjE6ImdVc2VyRXhwaXJhdGlvbkFjdGlvbiI7TjtzOjg6ImdJc0JhZGdlIjtzOjE6IjAiO3M6OToiZ0JhZGdlRklEIjtzOjE6IjAiO3M6MTc6ImdCYWRnZURlc2NyaXB0aW9uIjtOO3M6MjU6ImdCYWRnZUNvbW11bml0eVBvaW50VmFsdWUiO3M6MToiMCI7czoxMjoiZ0lzQXV0b21hdGVkIjtzOjE6IjAiO3M6MjY6ImdDaGVja0F1dG9tYXRpb25PblJlZ2lzdGVyIjtzOjE6IjAiO3M6MjM6ImdDaGVja0F1dG9tYXRpb25PbkxvZ2luIjtzOjE6IjAiO3M6MjQ6ImdDaGVja0F1dG9tYXRpb25PbkpvYlJ1biI7czoxOiIwIjtzOjU6ImdQYXRoIjtzOjY6Ii9HdWVzdCI7czo1OiJwa2dJRCI7czoxOiIwIjt9czo1OiJwZXRJRCI7czoxOiIxIjtzOjk6InBldEhhbmRsZSI7czo1OiJncm91cCI7czo0OiJwZUlEIjtzOjE6IjMiO3M6NToibGFiZWwiO3M6NToiR3Vlc3QiO3M6NToiZXJyb3IiO3M6MDoiIjt9fXM6MjE6ImFjY2Vzc0VudGl0aWVzVXBkYXRlZCI7aToxNTQ5NTE2NDkzO31fc2YyX2ZsYXNoZXN8YTowOnt9X3NmMl9tZXRhfGE6Mzp7czoxOiJ1IjtpOjE1NDk1MTY0OTM7czoxOiJjIjtpOjE1NDk1MTY0OTM7czoxOiJsIjtzOjE6IjAiO30=',1549516496),('3u8vn5ijpgajapokvajqoqmr73','X3NmMl9hdHRyaWJ1dGVzfGE6MTc6e3M6MjE6ImFjY2Vzc0VudGl0aWVzVXBkYXRlZCI7aToxNTIyMjAyMjMxO3M6NDoicmNJRCI7czoxOiIzIjtzOjc6InVHcm91cHMiO2E6Mzp7aToyO3M6MToiMiI7aToxMjtzOjI6IjEyIjtpOjE7czoxOiIxIjt9czozOiJ1SUQiO3M6MToiMSI7czo1OiJ1TmFtZSI7czo1OiJhZG1pbiI7czoxNDoidUJsb2NrVHlwZXNTZXQiO2I6MDtzOjExOiJ1TGFzdE9ubGluZSI7aToxNTIyMjAyMzkxO3M6OToidVRpbWV6b25lIjtOO3M6MTY6InVEZWZhdWx0TGFuZ3VhZ2UiO047czoxOToidUxhc3RQYXNzd29yZENoYW5nZSI7czoxOToiMjAxNS0wMy0xMyAwNToxMDoyMCI7czoxNDoiZGFzaGJvYXJkTWVudXMiO2E6MTp7czo1OiJlbl9VUyI7czozODc2NjoiICAgICAgICAgICAgPGRpdiBpZD0iY2NtLWludGVsbGlnZW50LXNlYXJjaC1yZXN1bHRzIj4gICAgICAgICAgICAgICAgICAgICAgICAgICAgPGRpdiBjbGFzcz0iY2NtLWludGVsbGlnZW50LXNlYXJjaC1yZXN1bHRzLW1vZHVsZSBjY20taW50ZWxsaWdlbnQtc2VhcmNoLXJlc3VsdHMtbW9kdWxlLW9uc2l0ZSI+ICAgICAgICAgICAgICAgIDxoMT5Xb3JrZmxvdzwvaDE+ICAgICAgICAgICAgICAgIDx1bCBjbGFzcz0iY2NtLWludGVsbGlnZW50LXNlYXJjaC1yZXN1bHRzLWxpc3QiPiAgICAgICAgICAgICAgICAgICAgICAgICAgICAgICAgICAgICAgICAgICAgICAgICAgICA8bGk+PGEgaHJlZj0iaHR0cDovL3ZhbmlsbGEuaGl2ZS10ZW1wbGF0ZS5sb2NhbC5mZTEuc3RnLmhhcnZlc3RkcC5hbmNob3IubmV0LmF1L2luZGV4LnBocC9kYXNoYm9hcmQvd29ya2Zsb3cvd29ya2Zsb3dzIj5Xb3JrZmxvdyBMaXN0PC9hPjxzcGFuPldvcmtmbG93IGFkZCB3b3JrZmxvdywgcmVtb3ZlIHdvcmtmbG93IFdvcmtmbG93IExpc3QgPC9zcGFuPjwvbGk+ICAgICAgICAgICAgICAgICAgICAgICAgICAgICAgICAgICAgICAgIDxsaT48YSBocmVmPSJodHRwOi8vdmFuaWxsYS5oaXZlLXRlbXBsYXRlLmxvY2FsLmZlMS5zdGcuaGFydmVzdGRwLmFuY2hvci5uZXQuYXUvaW5kZXgucGhwL2Rhc2hib2FyZC93b3JrZmxvdy9tZSI+V2FpdGluZyBmb3IgTWU8L2E+PHNwYW4+V29ya2Zsb3cgYWRkIHdvcmtmbG93LCByZW1vdmUgd29ya2Zsb3cgV2FpdGluZyBmb3IgTWUgPC9zcGFuPjwvbGk+ICAgICAgICAgICAgICAgICAgICAgICAgICAgICAgICAgICAgPC91bD4gICAgICAgICAgICAgICAgPC9kaXY+ICAgICAgICAgICAgICAgICAgICAgICAgICAgICAgICA8ZGl2IGNsYXNzPSJjY20taW50ZWxsaWdlbnQtc2VhcmNoLXJlc3VsdHMtbW9kdWxlIGNjbS1pbnRlbGxpZ2VudC1zZWFyY2gtcmVzdWx0cy1tb2R1bGUtb25zaXRlIj4gICAgICAgICAgICAgICAgPGgxPk1vZGVyYXRpb248L2gxPiAgICAgICAgICAgICAgICA8dWwgY2xhc3M9ImNjbS1pbnRlbGxpZ2VudC1zZWFyY2gtcmVzdWx0cy1saXN0Ij4gICAgICAgICAgICAgICAgICAgICAgICAgICAgICAgICAgICA8bGk+PGEgaHJlZj0iaHR0cDovL3ZhbmlsbGEuaGl2ZS10ZW1wbGF0ZS5sb2NhbC5mZTEuc3RnLmhhcnZlc3RkcC5hbmNob3IubmV0LmF1L2luZGV4LnBocC9kYXNoYm9hcmQvbW9kZXJhdGlvbiI+TW9kZXJhdGlvbjwvYT48c3Bhbj5Nb2RlcmF0aW9uIDwvc3Bhbj48L2xpPiAgICAgICAgICAgICAgICAgICAgICAgICAgICAgICAgICAgICAgICAgICAgICAgICAgICA8L3VsPiAgICAgICAgICAgICAgICA8L2Rpdj4gICAgICAgICAgICAgICAgICAgICAgICAgICAgICAgIDxkaXYgY2xhc3M9ImNjbS1pbnRlbGxpZ2VudC1zZWFyY2gtcmVzdWx0cy1tb2R1bGUgY2NtLWludGVsbGlnZW50LXNlYXJjaC1yZXN1bHRzLW1vZHVsZS1vbnNpdGUiPiAgICAgICAgICAgICAgICA8aDE+UHJvamVjdHM8L2gxPiAgICAgICAgICAgICAgICA8dWwgY2xhc3M9ImNjbS1pbnRlbGxpZ2VudC1zZWFyY2gtcmVzdWx0cy1saXN0Ij4gICAgICAgICAgICAgICAgICAgICAgICAgICAgICAgICAgICAgICAgICAgICAgICAgICAgPGxpPjxhIGhyZWY9Imh0dHA6Ly92YW5pbGxhLmhpdmUtdGVtcGxhdGUubG9jYWwuZmUxLnN0Zy5oYXJ2ZXN0ZHAuYW5jaG9yLm5ldC5hdS9pbmRleC5waHAvZGFzaGJvYXJkL3Byb2plY3RzL2xhdW5jaCI+TGF1bmNoIE5ldyBQcm9qZWN0PC9hPjxzcGFuPlByb2plY3RzICBMYXVuY2ggTmV3IFByb2plY3QgPC9zcGFuPjwvbGk+ICAgICAgICAgICAgICAgICAgICAgICAgICAgICAgICAgICAgICAgIDxsaT48YSBocmVmPSJodHRwOi8vdmFuaWxsYS5oaXZlLXRlbXBsYXRlLmxvY2FsLmZlMS5zdGcuaGFydmVzdGRwLmFuY2hvci5uZXQuYXUvaW5kZXgucGhwL2Rhc2hib2FyZC9wcm9qZWN0cy9zZXR0aW5ncyI+UHJvamVjdCBTZXR0aW5nczwvYT48c3Bhbj5Qcm9qZWN0cyAgUHJvamVjdCBTZXR0aW5ncyA8L3NwYW4+PC9saT4gICAgICAgICAgICAgICAgICAgICAgICAgICAgICAgICAgICA8L3VsPiAgICAgICAgICAgICAgICA8L2Rpdj4gICAgICAgICAgICAgICAgICAgICAgICAgICAgICAgIDxkaXYgY2xhc3M9ImNjbS1pbnRlbGxpZ2VudC1zZWFyY2gtcmVzdWx0cy1tb2R1bGUgY2NtLWludGVsbGlnZW50LXNlYXJjaC1yZXN1bHRzLW1vZHVsZS1vbnNpdGUiPiAgICAgICAgICAgICAgICA8aDE+UmVwb3J0czwvaDE+ICAgICAgICAgICAgICAgIDx1bCBjbGFzcz0iY2NtLWludGVsbGlnZW50LXNlYXJjaC1yZXN1bHRzLWxpc3QiPiAgICAgICAgICAgICAgICAgICAgICAgICAgICAgICAgICAgICAgICAgICAgICAgICAgICA8bGk+PGEgaHJlZj0iaHR0cDovL3ZhbmlsbGEuaGl2ZS10ZW1wbGF0ZS5sb2NhbC5mZTEuc3RnLmhhcnZlc3RkcC5hbmNob3IubmV0LmF1L2luZGV4LnBocC9kYXNoYm9hcmQvcmVwb3J0cy9jb252ZXJzYXRpb25zIj5Db252ZXJzYXRpb25zPC9hPjxzcGFuPlJlcG9ydHMgIENvbnZlcnNhdGlvbnMgY29udmVyc2F0aW9uLCBkaXNjdXNzaW9uLCBmb3J1bSwgZ3Vlc3Rib29rPC9zcGFuPjwvbGk+ICAgICAgICAgICAgICAgICAgICAgICAgICAgICAgICAgICAgICAgIDxsaT48YSBocmVmPSJodHRwOi8vdmFuaWxsYS5oaXZlLXRlbXBsYXRlLmxvY2FsLmZlMS5zdGcuaGFydmVzdGRwLmFuY2hvci5uZXQuYXUvaW5kZXgucGhwL2Rhc2hib2FyZC9yZXBvcnRzL2Zvcm1zIj5Gb3JtczwvYT48c3Bhbj5SZXBvcnRzICBGb3JtcyBmb3JtcywgcXVlc3Rpb25zLCByZXNwb25zZSwgZGF0YTwvc3Bhbj48L2xpPiAgICAgICAgICAgICAgICAgICAgICAgICAgICAgICAgICAgICAgICA8bGk+PGEgaHJlZj0iaHR0cDovL3ZhbmlsbGEuaGl2ZS10ZW1wbGF0ZS5sb2NhbC5mZTEuc3RnLmhhcnZlc3RkcC5hbmNob3IubmV0LmF1L2luZGV4LnBocC9kYXNoYm9hcmQvcmVwb3J0cy9zdXJ2ZXlzIj5Qb2xsczwvYT48c3Bhbj5SZXBvcnRzICBQb2xscyBxdWVzdGlvbnMsIHF1aXosIHJlc3BvbnNlPC9zcGFuPjwvbGk+ICAgICAgICAgICAgICAgICAgICAgICAgICAgICAgICAgICAgICAgIDxsaT48YSBocmVmPSJodHRwOi8vdmFuaWxsYS5oaXZlLXRlbXBsYXRlLmxvY2FsLmZlMS5zdGcuaGFydmVzdGRwLmFuY2hvci5uZXQuYXUvaW5kZXgucGhwL2Rhc2hib2FyZC9yZXBvcnRzL3N1YnNjcmlwdGlvbnMiPlN1YnNjcmlwdGlvbnM8L2E+PHNwYW4+UmVwb3J0cyAgU3Vic2NyaXB0aW9ucyA8L3NwYW4+PC9saT4gICAgICAgICAgICAgICAgICAgICAgICAgICAgICAgICAgICAgICAgPGxpPjxhIGhyZWY9Imh0dHA6Ly92YW5pbGxhLmhpdmUtdGVtcGxhdGUubG9jYWwuZmUxLnN0Zy5oYXJ2ZXN0ZHAuYW5jaG9yLm5ldC5hdS9pbmRleC5waHAvZGFzaGJvYXJkL3JlcG9ydHMvc29jaWFsX21hcHMiPlNvY2lhbCBNYXBwaW5nPC9hPjxzcGFuPlJlcG9ydHMgIFNvY2lhbCBNYXBwaW5nIDwvc3Bhbj48L2xpPiAgICAgICAgICAgICAgICAgICAgICAgICAgICAgICAgICAgICAgICA8bGk+PGEgaHJlZj0iaHR0cDovL3ZhbmlsbGEuaGl2ZS10ZW1wbGF0ZS5sb2NhbC5mZTEuc3RnLmhhcnZlc3RkcC5hbmNob3IubmV0LmF1L2luZGV4LnBocC9kYXNoYm9hcmQvcmVwb3J0cy92aXNpb25zIj5WaXNpb25pbmc8L2E+PHNwYW4+UmVwb3J0cyAgVmlzaW9uaW5nIDwvc3Bhbj48L2xpPiAgICAgICAgICAgICAgICAgICAgICAgICAgICAgICAgICAgICAgICA8bGk+PGEgaHJlZj0iaHR0cDovL3ZhbmlsbGEuaGl2ZS10ZW1wbGF0ZS5sb2NhbC5mZTEuc3RnLmhhcnZlc3RkcC5hbmNob3IubmV0LmF1L2luZGV4LnBocC9kYXNoYm9hcmQvcmVwb3J0cy9sb2dzIj5Mb2dzPC9hPjxzcGFuPlJlcG9ydHMgIExvZ3MgZm9ybXMsIGxvZywgZXJyb3IsIGVtYWlsLCBteXNxbCwgZXhjZXB0aW9uLCBzdXJ2ZXksIGhpc3Rvcnk8L3NwYW4+PC9saT4gICAgICAgICAgICAgICAgICAgICAgICAgICAgICAgICAgICAgICAgPGxpPjxhIGhyZWY9Imh0dHA6Ly92YW5pbGxhLmhpdmUtdGVtcGxhdGUubG9jYWwuZmUxLnN0Zy5oYXJ2ZXN0ZHAuYW5jaG9yLm5ldC5hdS9pbmRleC5waHAvZGFzaGJvYXJkL3JlcG9ydHMvb3ZlcnZpZXciPk92ZXJ2aWV3PC9hPjxzcGFuPlJlcG9ydHMgIE92ZXJ2aWV3IDwvc3Bhbj48L2xpPiAgICAgICAgICAgICAgICAgICAgICAgICAgICAgICAgICAgICAgICA8bGk+PGEgaHJlZj0iaHR0cDovL3ZhbmlsbGEuaGl2ZS10ZW1wbGF0ZS5sb2NhbC5mZTEuc3RnLmhhcnZlc3RkcC5hbmNob3IubmV0LmF1L2luZGV4LnBocC9kYXNoYm9hcmQvcmVwb3J0cy9hdWRpZW5jZSI+QXVkaWVuY2U8L2E+PHNwYW4+UmVwb3J0cyAgQXVkaWVuY2UgPC9zcGFuPjwvbGk+ICAgICAgICAgICAgICAgICAgICAgICAgICAgICAgICAgICAgICAgIDxsaT48YSBocmVmPSJodHRwOi8vdmFuaWxsYS5oaXZlLXRlbXBsYXRlLmxvY2FsLmZlMS5zdGcuaGFydmVzdGRwLmFuY2hvci5uZXQuYXUvaW5kZXgucGhwL2Rhc2hib2FyZC9yZXBvcnRzL3Jlc3VsdHMiPlJlc3VsdHM8L2E+PHNwYW4+UmVwb3J0cyAgUmVzdWx0cyA8L3NwYW4+PC9saT4gICAgICAgICAgICAgICAgICAgICAgICAgICAgICAgICAgICAgICAgPGxpPjxhIGhyZWY9Imh0dHA6Ly92YW5pbGxhLmhpdmUtdGVtcGxhdGUubG9jYWwuZmUxLnN0Zy5oYXJ2ZXN0ZHAuYW5jaG9yLm5ldC5hdS9pbmRleC5waHAvZGFzaGJvYXJkL3JlcG9ydHMvYmVoYXZpb3VyIj5CZWhhdmlvdXI8L2E+PHNwYW4+UmVwb3J0cyAgQmVoYXZpb3VyIDwvc3Bhbj48L2xpPiAgICAgICAgICAgICAgICAgICAgICAgICAgICAgICAgICAgICAgICA8bGk+PGEgaHJlZj0iaHR0cDovL3ZhbmlsbGEuaGl2ZS10ZW1wbGF0ZS5sb2NhbC5mZTEuc3RnLmhhcnZlc3RkcC5hbmNob3IubmV0LmF1L2luZGV4LnBocC9kYXNoYm9hcmQvcmVwb3J0cy9hY3F1aXNpdGlvbiI+QWNxdWlzaXRpb248L2E+PHNwYW4+UmVwb3J0cyAgQWNxdWlzaXRpb24gPC9zcGFuPjwvbGk+ICAgICAgICAgICAgICAgICAgICAgICAgICAgICAgICAgICAgICAgIDxsaT48YSBocmVmPSJodHRwOi8vdmFuaWxsYS5oaXZlLXRlbXBsYXRlLmxvY2FsLmZlMS5zdGcuaGFydmVzdGRwLmFuY2hvci5uZXQuYXUvaW5kZXgucGhwL2Rhc2hib2FyZC9yZXBvcnRzL3FhIj5RdWVzdGlvbiBhbmQgQW5zd2VyPC9hPjxzcGFuPlJlcG9ydHMgIFF1ZXN0aW9uIGFuZCBBbnN3ZXIgPC9zcGFuPjwvbGk+ICAgICAgICAgICAgICAgICAgICAgICAgICAgICAgICAgICAgICAgIDxsaT48YSBocmVmPSJodHRwOi8vdmFuaWxsYS5oaXZlLXRlbXBsYXRlLmxvY2FsLmZlMS5zdGcuaGFydmVzdGRwLmFuY2hvci5uZXQuYXUvaW5kZXgucGhwL2Rhc2hib2FyZC9yZXBvcnRzL2J1ZGdldGluZyI+QnVkZ2V0aW5nPC9hPjxzcGFuPlJlcG9ydHMgIEJ1ZGdldGluZyA8L3NwYW4+PC9saT4gICAgICAgICAgICAgICAgICAgICAgICAgICAgICAgICAgICA8L3VsPiAgICAgICAgICAgICAgICA8L2Rpdj4gICAgICAgICAgICAgICAgICAgICAgICAgICAgICAgIDxkaXYgY2xhc3M9ImNjbS1pbnRlbGxpZ2VudC1zZWFyY2gtcmVzdWx0cy1tb2R1bGUgY2NtLWludGVsbGlnZW50LXNlYXJjaC1yZXN1bHRzLW1vZHVsZS1vbnNpdGUiPiAgICAgICAgICAgICAgICA8aDE+QW5hbHl0aWNzPC9oMT4gICAgICAgICAgICAgICAgPHVsIGNsYXNzPSJjY20taW50ZWxsaWdlbnQtc2VhcmNoLXJlc3VsdHMtbGlzdCI+ICAgICAgICAgICAgICAgICAgICAgICAgICAgICAgICAgICAgICAgICAgICAgICAgICAgIDxsaT48YSBocmVmPSJodHRwOi8vdmFuaWxsYS5oaXZlLXRlbXBsYXRlLmxvY2FsLmZlMS5zdGcuaGFydmVzdGRwLmFuY2hvci5uZXQuYXUvaW5kZXgucGhwL2Rhc2hib2FyZC9hbmFseXRpY3Mvc2Vzc2lvbnMiPlNlc3Npb25zPC9hPjxzcGFuPkFuYWx5dGljcyBmb3JtcywgbG9nLCBlcnJvciwgZW1haWwsIG15c3FsLCBleGNlcHRpb24sIHN1cnZleSBTZXNzaW9ucyA8L3NwYW4+PC9saT4gICAgICAgICAgICAgICAgICAgICAgICAgICAgICAgICAgICAgICAgPGxpPjxhIGhyZWY9Imh0dHA6Ly92YW5pbGxhLmhpdmUtdGVtcGxhdGUubG9jYWwuZmUxLnN0Zy5oYXJ2ZXN0ZHAuYW5jaG9yLm5ldC5hdS9pbmRleC5waHAvZGFzaGJvYXJkL2FuYWx5dGljcy92aXNpdG9ycyI+VmlzaXRvcnM8L2E+PHNwYW4+QW5hbHl0aWNzIGZvcm1zLCBsb2csIGVycm9yLCBlbWFpbCwgbXlzcWwsIGV4Y2VwdGlvbiwgc3VydmV5IFZpc2l0b3JzIDwvc3Bhbj48L2xpPiAgICAgICAgICAgICAgICAgICAgICAgICAgICAgICAgICAgIDwvdWw+ICAgICAgICAgICAgICAgIDwvZGl2PiAgICAgICAgICAgICAgICAgICAgICAgICAgICAgICAgPGRpdiBjbGFzcz0iY2NtLWludGVsbGlnZW50LXNlYXJjaC1yZXN1bHRzLW1vZHVsZSBjY20taW50ZWxsaWdlbnQtc2VhcmNoLXJlc3VsdHMtbW9kdWxlLW9uc2l0ZSI+ICAgICAgICAgICAgICAgIDxoMT5GaWxlczwvaDE+ICAgICAgICAgICAgICAgIDx1bCBjbGFzcz0iY2NtLWludGVsbGlnZW50LXNlYXJjaC1yZXN1bHRzLWxpc3QiPiAgICAgICAgICAgICAgICAgICAgICAgICAgICAgICAgICAgICAgICAgICAgICAgICAgICA8bGk+PGEgaHJlZj0iaHR0cDovL3ZhbmlsbGEuaGl2ZS10ZW1wbGF0ZS5sb2NhbC5mZTEuc3RnLmhhcnZlc3RkcC5hbmNob3IubmV0LmF1L2luZGV4LnBocC9kYXNoYm9hcmQvZmlsZXMvc2VhcmNoIj5GaWxlIE1hbmFnZXI8L2E+PHNwYW4+RmlsZXMgIEZpbGUgTWFuYWdlciBhZGQgZmlsZSwgZGVsZXRlIGZpbGUsIGNvcHksIG1vdmUsIGFsaWFzLCByZXNpemUsIGNyb3AsIHJlbmFtZSwgaW1hZ2VzLCB0aXRsZSwgYXR0cmlidXRlPC9zcGFuPjwvbGk+ICAgICAgICAgICAgICAgICAgICAgICAgICAgICAgICAgICAgICAgIDxsaT48YSBocmVmPSJodHRwOi8vdmFuaWxsYS5oaXZlLXRlbXBsYXRlLmxvY2FsLmZlMS5zdGcuaGFydmVzdGRwLmFuY2hvci5uZXQuYXUvaW5kZXgucGhwL2Rhc2hib2FyZC9maWxlcy9hdHRyaWJ1dGVzIj5BdHRyaWJ1dGVzPC9hPjxzcGFuPkZpbGVzICBBdHRyaWJ1dGVzIGZpbGUsIGZpbGUgYXR0cmlidXRlcywgdGl0bGUsIGF0dHJpYnV0ZSwgZGVzY3JpcHRpb24sIHJlbmFtZTwvc3Bhbj48L2xpPiAgICAgICAgICAgICAgICAgICAgICAgICAgICAgICAgICAgICAgICA8bGk+PGEgaHJlZj0iaHR0cDovL3ZhbmlsbGEuaGl2ZS10ZW1wbGF0ZS5sb2NhbC5mZTEuc3RnLmhhcnZlc3RkcC5hbmNob3IubmV0LmF1L2luZGV4LnBocC9kYXNoYm9hcmQvZmlsZXMvc2V0cyI+RmlsZSBTZXRzPC9hPjxzcGFuPkZpbGVzICBGaWxlIFNldHMgZmlsZXMsIGNhdGVnb3J5LCBjYXRlZ29yaWVzPC9zcGFuPjwvbGk+ICAgICAgICAgICAgICAgICAgICAgICAgICAgICAgICAgICAgICAgIDxsaT48YSBocmVmPSJodHRwOi8vdmFuaWxsYS5oaXZlLXRlbXBsYXRlLmxvY2FsLmZlMS5zdGcuaGFydmVzdGRwLmFuY2hvci5uZXQuYXUvaW5kZXgucGhwL2Rhc2hib2FyZC9maWxlcy9hZGRfc2V0Ij5BZGQgRmlsZSBTZXQ8L2E+PHNwYW4+RmlsZXMgIEFkZCBGaWxlIFNldCBuZXcgZmlsZSBzZXQ8L3NwYW4+PC9saT4gICAgICAgICAgICAgICAgICAgICAgICAgICAgICAgICAgICA8L3VsPiAgICAgICAgICAgICAgICA8L2Rpdj4gICAgICAgICAgICAgICAgICAgICAgICAgICAgICAgIDxkaXYgY2xhc3M9ImNjbS1pbnRlbGxpZ2VudC1zZWFyY2gtcmVzdWx0cy1tb2R1bGUgY2NtLWludGVsbGlnZW50LXNlYXJjaC1yZXN1bHRzLW1vZHVsZS1vbnNpdGUiPiAgICAgICAgICAgICAgICA8aDE+TWVtYmVyczwvaDE+ICAgICAgICAgICAgICAgIDx1bCBjbGFzcz0iY2NtLWludGVsbGlnZW50LXNlYXJjaC1yZXN1bHRzLWxpc3QiPiAgICAgICAgICAgICAgICAgICAgICAgICAgICAgICAgICAgICAgICAgICAgICAgICAgICA8bGk+PGEgaHJlZj0iaHR0cDovL3ZhbmlsbGEuaGl2ZS10ZW1wbGF0ZS5sb2NhbC5mZTEuc3RnLmhhcnZlc3RkcC5hbmNob3IubmV0LmF1L2luZGV4LnBocC9kYXNoYm9hcmQvdXNlcnMvY29tbXVuaXR5Ij5Db21tdW5pdHkgTWVtYmVyczwvYT48c3Bhbj5NZW1iZXJzIHVzZXJzLCBncm91cHMsIHBlb3BsZSwgZmluZCwgZGVsZXRlIHVzZXIsIHJlbW92ZSB1c2VyLCBjaGFuZ2UgcGFzc3dvcmQsIHBhc3N3b3JkIENvbW11bml0eSBNZW1iZXJzIDwvc3Bhbj48L2xpPiAgICAgICAgICAgICAgICAgICAgICAgICAgICAgICAgICAgICAgICA8bGk+PGEgaHJlZj0iaHR0cDovL3ZhbmlsbGEuaGl2ZS10ZW1wbGF0ZS5sb2NhbC5mZTEuc3RnLmhhcnZlc3RkcC5hbmNob3IubmV0LmF1L2luZGV4LnBocC9kYXNoYm9hcmQvdXNlcnMvc2l0ZSI+U2l0ZSBVc2VyczwvYT48c3Bhbj5NZW1iZXJzIHVzZXJzLCBncm91cHMsIHBlb3BsZSwgZmluZCwgZGVsZXRlIHVzZXIsIHJlbW92ZSB1c2VyLCBjaGFuZ2UgcGFzc3dvcmQsIHBhc3N3b3JkIFNpdGUgVXNlcnMgPC9zcGFuPjwvbGk+ICAgICAgICAgICAgICAgICAgICAgICAgICAgICAgICAgICAgICAgIDxsaT48YSBocmVmPSJodHRwOi8vdmFuaWxsYS5oaXZlLXRlbXBsYXRlLmxvY2FsLmZlMS5zdGcuaGFydmVzdGRwLmFuY2hvci5uZXQuYXUvaW5kZXgucGhwL2Rhc2hib2FyZC91c2Vycy9pbnRlcm5hbCI+SW50ZXJuYWwgVXNlcnM8L2E+PHNwYW4+TWVtYmVycyB1c2VycywgZ3JvdXBzLCBwZW9wbGUsIGZpbmQsIGRlbGV0ZSB1c2VyLCByZW1vdmUgdXNlciwgY2hhbmdlIHBhc3N3b3JkLCBwYXNzd29yZCBJbnRlcm5hbCBVc2VycyA8L3NwYW4+PC9saT4gICAgICAgICAgICAgICAgICAgICAgICAgICAgICAgICAgICAgICAgPGxpPjxhIGhyZWY9Imh0dHA6Ly92YW5pbGxhLmhpdmUtdGVtcGxhdGUubG9jYWwuZmUxLnN0Zy5oYXJ2ZXN0ZHAuYW5jaG9yLm5ldC5hdS9pbmRleC5waHAvZGFzaGJvYXJkL3VzZXJzL3NlYXJjaCI+QWxsIFVzZXJzPC9hPjxzcGFuPk1lbWJlcnMgdXNlcnMsIGdyb3VwcywgcGVvcGxlLCBmaW5kLCBkZWxldGUgdXNlciwgcmVtb3ZlIHVzZXIsIGNoYW5nZSBwYXNzd29yZCwgcGFzc3dvcmQgQWxsIFVzZXJzIGZpbmQsIHNlYXJjaCwgcGVvcGxlLCBkZWxldGUgdXNlciwgcmVtb3ZlIHVzZXIsIGNoYW5nZSBwYXNzd29yZCwgcGFzc3dvcmQ8L3NwYW4+PC9saT4gICAgICAgICAgICAgICAgICAgICAgICAgICAgICAgICAgICAgICAgPGxpPjxhIGhyZWY9Imh0dHA6Ly92YW5pbGxhLmhpdmUtdGVtcGxhdGUubG9jYWwuZmUxLnN0Zy5oYXJ2ZXN0ZHAuYW5jaG9yLm5ldC5hdS9pbmRleC5waHAvZGFzaGJvYXJkL3VzZXJzL2dyb3VwcyI+VXNlciBHcm91cHM8L2E+PHNwYW4+TWVtYmVycyB1c2VycywgZ3JvdXBzLCBwZW9wbGUsIGZpbmQsIGRlbGV0ZSB1c2VyLCByZW1vdmUgdXNlciwgY2hhbmdlIHBhc3N3b3JkLCBwYXNzd29yZCBVc2VyIEdyb3VwcyB1c2VyLCBncm91cCwgcGVvcGxlLCBwZXJtaXNzaW9ucywgZXhwaXJlLCBiYWRnZXM8L3NwYW4+PC9saT4gICAgICAgICAgICAgICAgICAgICAgICAgICAgICAgICAgICAgICAgPGxpPjxhIGhyZWY9Imh0dHA6Ly92YW5pbGxhLmhpdmUtdGVtcGxhdGUubG9jYWwuZmUxLnN0Zy5oYXJ2ZXN0ZHAuYW5jaG9yLm5ldC5hdS9pbmRleC5waHAvZGFzaGJvYXJkL3VzZXJzL2F0dHJpYnV0ZXMiPkF0dHJpYnV0ZXM8L2E+PHNwYW4+TWVtYmVycyB1c2VycywgZ3JvdXBzLCBwZW9wbGUsIGZpbmQsIGRlbGV0ZSB1c2VyLCByZW1vdmUgdXNlciwgY2hhbmdlIHBhc3N3b3JkLCBwYXNzd29yZCBBdHRyaWJ1dGVzIHVzZXIgYXR0cmlidXRlcywgdXNlciBkYXRhLCBnYXRoZXIgZGF0YSwgcmVnaXN0cmF0aW9uIGRhdGE8L3NwYW4+PC9saT4gICAgICAgICAgICAgICAgICAgICAgICAgICAgICAgICAgICAgICAgPGxpPjxhIGhyZWY9Imh0dHA6Ly92YW5pbGxhLmhpdmUtdGVtcGxhdGUubG9jYWwuZmUxLnN0Zy5oYXJ2ZXN0ZHAuYW5jaG9yLm5ldC5hdS9pbmRleC5waHAvZGFzaGJvYXJkL3VzZXJzL2FkZCI+QWRkIFVzZXI8L2E+PHNwYW4+TWVtYmVycyB1c2VycywgZ3JvdXBzLCBwZW9wbGUsIGZpbmQsIGRlbGV0ZSB1c2VyLCByZW1vdmUgdXNlciwgY2hhbmdlIHBhc3N3b3JkLCBwYXNzd29yZCBBZGQgVXNlciBuZXcgdXNlciwgY3JlYXRlPC9zcGFuPjwvbGk+ICAgICAgICAgICAgICAgICAgICAgICAgICAgICAgICAgICAgICAgIDxsaT48YSBocmVmPSJodHRwOi8vdmFuaWxsYS5oaXZlLXRlbXBsYXRlLmxvY2FsLmZlMS5zdGcuaGFydmVzdGRwLmFuY2hvci5uZXQuYXUvaW5kZXgucGhwL2Rhc2hib2FyZC91c2Vycy9hZGRfZ3JvdXAiPkFkZCBHcm91cDwvYT48c3Bhbj5NZW1iZXJzIHVzZXJzLCBncm91cHMsIHBlb3BsZSwgZmluZCwgZGVsZXRlIHVzZXIsIHJlbW92ZSB1c2VyLCBjaGFuZ2UgcGFzc3dvcmQsIHBhc3N3b3JkIEFkZCBHcm91cCBuZXcgdXNlciBncm91cCwgbmV3IGdyb3VwLCBncm91cCwgY3JlYXRlPC9zcGFuPjwvbGk+ICAgICAgICAgICAgICAgICAgICAgICAgICAgICAgICAgICAgICAgIDxsaT48YSBocmVmPSJodHRwOi8vdmFuaWxsYS5oaXZlLXRlbXBsYXRlLmxvY2FsLmZlMS5zdGcuaGFydmVzdGRwLmFuY2hvci5uZXQuYXUvaW5kZXgucGhwL2Rhc2hib2FyZC91c2Vycy9ncm91cF9zZXRzIj5Hcm91cCBTZXRzPC9hPjxzcGFuPk1lbWJlcnMgdXNlcnMsIGdyb3VwcywgcGVvcGxlLCBmaW5kLCBkZWxldGUgdXNlciwgcmVtb3ZlIHVzZXIsIGNoYW5nZSBwYXNzd29yZCwgcGFzc3dvcmQgR3JvdXAgU2V0cyBncm91cCBzZXQ8L3NwYW4+PC9saT4gICAgICAgICAgICAgICAgICAgICAgICAgICAgICAgICAgICAgICAgPGxpPjxhIGhyZWY9Imh0dHA6Ly92YW5pbGxhLmhpdmUtdGVtcGxhdGUubG9jYWwuZmUxLnN0Zy5oYXJ2ZXN0ZHAuYW5jaG9yLm5ldC5hdS9pbmRleC5waHAvZGFzaGJvYXJkL3VzZXJzL3BvaW50cyI+Q29tbXVuaXR5IFBvaW50czwvYT48c3Bhbj5NZW1iZXJzIHVzZXJzLCBncm91cHMsIHBlb3BsZSwgZmluZCwgZGVsZXRlIHVzZXIsIHJlbW92ZSB1c2VyLCBjaGFuZ2UgcGFzc3dvcmQsIHBhc3N3b3JkIENvbW11bml0eSBQb2ludHMgY29tbXVuaXR5LCBwb2ludHMsIGthcm1hPC9zcGFuPjwvbGk+ICAgICAgICAgICAgICAgICAgICAgICAgICAgICAgICAgICAgPC91bD4gICAgICAgICAgICAgICAgPC9kaXY+ICAgICAgICAgICAgICAgICAgICAgICAgICAgICAgICA8ZGl2IGNsYXNzPSJjY20taW50ZWxsaWdlbnQtc2VhcmNoLXJlc3VsdHMtbW9kdWxlIGNjbS1pbnRlbGxpZ2VudC1zZWFyY2gtcmVzdWx0cy1tb2R1bGUtb25zaXRlIj4gICAgICAgICAgICAgICAgPGgxPlNpdGVtYXA8L2gxPiAgICAgICAgICAgICAgICA8dWwgY2xhc3M9ImNjbS1pbnRlbGxpZ2VudC1zZWFyY2gtcmVzdWx0cy1saXN0Ij4gICAgICAgICAgICAgICAgICAgICAgICAgICAgICAgICAgICAgICAgICAgICAgICAgICAgPGxpPjxhIGhyZWY9Imh0dHA6Ly92YW5pbGxhLmhpdmUtdGVtcGxhdGUubG9jYWwuZmUxLnN0Zy5oYXJ2ZXN0ZHAuYW5jaG9yLm5ldC5hdS9pbmRleC5waHAvZGFzaGJvYXJkL3NpdGVtYXAvZnVsbCI+RnVsbCBTaXRlbWFwPC9hPjxzcGFuPlNpdGVtYXAgcGFnZXMsIGFkZCBwYWdlLCBkZWxldGUgcGFnZSwgY29weSwgbW92ZSwgYWxpYXMgRnVsbCBTaXRlbWFwIHBhZ2VzLCBhZGQgcGFnZSwgZGVsZXRlIHBhZ2UsIGNvcHksIG1vdmUsIGFsaWFzPC9zcGFuPjwvbGk+ICAgICAgICAgICAgICAgICAgICAgICAgICAgICAgICAgICAgICAgIDxsaT48YSBocmVmPSJodHRwOi8vdmFuaWxsYS5oaXZlLXRlbXBsYXRlLmxvY2FsLmZlMS5zdGcuaGFydmVzdGRwLmFuY2hvci5uZXQuYXUvaW5kZXgucGhwL2Rhc2hib2FyZC9zaXRlbWFwL2V4cGxvcmUiPkZsYXQgVmlldzwvYT48c3Bhbj5TaXRlbWFwIHBhZ2VzLCBhZGQgcGFnZSwgZGVsZXRlIHBhZ2UsIGNvcHksIG1vdmUsIGFsaWFzIEZsYXQgVmlldyBwYWdlcywgYWRkIHBhZ2UsIGRlbGV0ZSBwYWdlLCBjb3B5LCBtb3ZlLCBhbGlhcywgYnVsazwvc3Bhbj48L2xpPiAgICAgICAgICAgICAgICAgICAgICAgICAgICAgICAgICAgICAgICA8bGk+PGEgaHJlZj0iaHR0cDovL3ZhbmlsbGEuaGl2ZS10ZW1wbGF0ZS5sb2NhbC5mZTEuc3RnLmhhcnZlc3RkcC5hbmNob3IubmV0LmF1L2luZGV4LnBocC9kYXNoYm9hcmQvc2l0ZW1hcC9zZWFyY2giPlBhZ2UgU2VhcmNoPC9hPjxzcGFuPlNpdGVtYXAgcGFnZXMsIGFkZCBwYWdlLCBkZWxldGUgcGFnZSwgY29weSwgbW92ZSwgYWxpYXMgUGFnZSBTZWFyY2ggZmluZCBwYWdlLCBzZWFyY2ggcGFnZSwgc2VhcmNoLCBmaW5kLCBwYWdlcywgc2l0ZW1hcDwvc3Bhbj48L2xpPiAgICAgICAgICAgICAgICAgICAgICAgICAgICAgICAgICAgIDwvdWw+ICAgICAgICAgICAgICAgIDwvZGl2PiAgICAgICAgICAgICAgICAgICAgICAgICAgICAgICAgPGRpdiBjbGFzcz0iY2NtLWludGVsbGlnZW50LXNlYXJjaC1yZXN1bHRzLW1vZHVsZSBjY20taW50ZWxsaWdlbnQtc2VhcmNoLXJlc3VsdHMtbW9kdWxlLW9uc2l0ZSI+ICAgICAgICAgICAgICAgIDxoMT5QYWdlcyAmIFRoZW1lczwvaDE+ICAgICAgICAgICAgICAgIDx1bCBjbGFzcz0iY2NtLWludGVsbGlnZW50LXNlYXJjaC1yZXN1bHRzLWxpc3QiPiAgICAgICAgICAgICAgICAgICAgICAgICAgICAgICAgICAgICAgICAgICAgICAgICAgICA8bGk+PGEgaHJlZj0iaHR0cDovL3ZhbmlsbGEuaGl2ZS10ZW1wbGF0ZS5sb2NhbC5mZTEuc3RnLmhhcnZlc3RkcC5hbmNob3IubmV0LmF1L2luZGV4LnBocC9kYXNoYm9hcmQvcGFnZXMvdGhlbWVzIj5UaGVtZXM8L2E+PHNwYW4+UGFnZXMgJiBUaGVtZXMgIFRoZW1lcyBuZXcgdGhlbWUsIHRoZW1lLCBhY3RpdmUgdGhlbWUsIGNoYW5nZSB0aGVtZSwgdGVtcGxhdGUsIGNzczwvc3Bhbj48L2xpPiAgICAgICAgICAgICAgICAgICAgICAgICAgICAgICAgICAgICAgICA8bGk+PGEgaHJlZj0iaHR0cDovL3ZhbmlsbGEuaGl2ZS10ZW1wbGF0ZS5sb2NhbC5mZTEuc3RnLmhhcnZlc3RkcC5hbmNob3IubmV0LmF1L2luZGV4LnBocC9kYXNoYm9hcmQvcGFnZXMvdHlwZXMiPlBhZ2UgVHlwZXM8L2E+PHNwYW4+UGFnZXMgJiBUaGVtZXMgIFBhZ2UgVHlwZXMgPC9zcGFuPjwvbGk+ICAgICAgICAgICAgICAgICAgICAgICAgICAgICAgICAgICAgICAgIDxsaT48YSBocmVmPSJodHRwOi8vdmFuaWxsYS5oaXZlLXRlbXBsYXRlLmxvY2FsLmZlMS5zdGcuaGFydmVzdGRwLmFuY2hvci5uZXQuYXUvaW5kZXgucGhwL2Rhc2hib2FyZC9wYWdlcy90ZW1wbGF0ZXMiPlBhZ2UgVGVtcGxhdGVzPC9hPjxzcGFuPlBhZ2VzICYgVGhlbWVzICBQYWdlIFRlbXBsYXRlcyA8L3NwYW4+PC9saT4gICAgICAgICAgICAgICAgICAgICAgICAgICAgICAgICAgICAgICAgPGxpPjxhIGhyZWY9Imh0dHA6Ly92YW5pbGxhLmhpdmUtdGVtcGxhdGUubG9jYWwuZmUxLnN0Zy5oYXJ2ZXN0ZHAuYW5jaG9yLm5ldC5hdS9pbmRleC5waHAvZGFzaGJvYXJkL3BhZ2VzL2F0dHJpYnV0ZXMiPkF0dHJpYnV0ZXM8L2E+PHNwYW4+UGFnZXMgJiBUaGVtZXMgIEF0dHJpYnV0ZXMgcGFnZSBhdHRyaWJ1dGVzLCBjdXN0b208L3NwYW4+PC9saT4gICAgICAgICAgICAgICAgICAgICAgICAgICAgICAgICAgICAgICAgPGxpPjxhIGhyZWY9Imh0dHA6Ly92YW5pbGxhLmhpdmUtdGVtcGxhdGUubG9jYWwuZmUxLnN0Zy5oYXJ2ZXN0ZHAuYW5jaG9yLm5ldC5hdS9pbmRleC5waHAvZGFzaGJvYXJkL3BhZ2VzL3NpbmdsZSI+U2luZ2xlIFBhZ2VzPC9hPjxzcGFuPlBhZ2VzICYgVGhlbWVzICBTaW5nbGUgUGFnZXMgc2luZ2xlLCBwYWdlLCBjdXN0b20sIGFwcGxpY2F0aW9uPC9zcGFuPjwvbGk+ICAgICAgICAgICAgICAgICAgICAgICAgICAgICAgICAgICAgICAgIDxsaT48YSBocmVmPSJodHRwOi8vdmFuaWxsYS5oaXZlLXRlbXBsYXRlLmxvY2FsLmZlMS5zdGcuaGFydmVzdGRwLmFuY2hvci5uZXQuYXUvaW5kZXgucGhwL2Rhc2hib2FyZC9wYWdlcy9mZWVkcyI+UlNTIEZlZWRzPC9hPjxzcGFuPlBhZ2VzICYgVGhlbWVzICBSU1MgRmVlZHMgYXRvbSwgcnNzLCBmZWVkLCBzeW5kaWNhdGlvbjwvc3Bhbj48L2xpPiAgICAgICAgICAgICAgICAgICAgICAgICAgICAgICAgICAgIDwvdWw+ICAgICAgICAgICAgICAgIDwvZGl2PiAgICAgICAgICAgICAgICAgICAgICAgICAgICAgICAgPGRpdiBjbGFzcz0iY2NtLWludGVsbGlnZW50LXNlYXJjaC1yZXN1bHRzLW1vZHVsZSBjY20taW50ZWxsaWdlbnQtc2VhcmNoLXJlc3VsdHMtbW9kdWxlLW9uc2l0ZSI+ICAgICAgICAgICAgICAgIDxoMT5Db252ZXJzYXRpb25zPC9oMT4gICAgICAgICAgICAgICAgPHVsIGNsYXNzPSJjY20taW50ZWxsaWdlbnQtc2VhcmNoLXJlc3VsdHMtbGlzdCI+ICAgICAgICAgICAgICAgICAgICAgICAgICAgICAgICAgICAgICAgICAgICAgICAgICAgIDxsaT48YSBocmVmPSJodHRwOi8vdmFuaWxsYS5oaXZlLXRlbXBsYXRlLmxvY2FsLmZlMS5zdGcuaGFydmVzdGRwLmFuY2hvci5uZXQuYXUvaW5kZXgucGhwL2Rhc2hib2FyZC9jb252ZXJzYXRpb25zL21lc3NhZ2VzIj5NZXNzYWdlczwvYT48c3Bhbj5Db252ZXJzYXRpb25zICBNZXNzYWdlcyA8L3NwYW4+PC9saT4gICAgICAgICAgICAgICAgICAgICAgICAgICAgICAgICAgICA8L3VsPiAgICAgICAgICAgICAgICA8L2Rpdj4gICAgICAgICAgICAgICAgICAgICAgICAgICAgICAgIDxkaXYgY2xhc3M9ImNjbS1pbnRlbGxpZ2VudC1zZWFyY2gtcmVzdWx0cy1tb2R1bGUgY2NtLWludGVsbGlnZW50LXNlYXJjaC1yZXN1bHRzLW1vZHVsZS1vbnNpdGUiPiAgICAgICAgICAgICAgICA8aDE+U3RhY2tzICYgQmxvY2tzPC9oMT4gICAgICAgICAgICAgICAgPHVsIGNsYXNzPSJjY20taW50ZWxsaWdlbnQtc2VhcmNoLXJlc3VsdHMtbGlzdCI+ICAgICAgICAgICAgICAgICAgICAgICAgICAgICAgICAgICAgICAgICAgICAgICAgICAgIDxsaT48YSBocmVmPSJodHRwOi8vdmFuaWxsYS5oaXZlLXRlbXBsYXRlLmxvY2FsLmZlMS5zdGcuaGFydmVzdGRwLmFuY2hvci5uZXQuYXUvaW5kZXgucGhwL2Rhc2hib2FyZC9ibG9ja3Mvc3RhY2tzIj5TdGFja3M8L2E+PHNwYW4+U3RhY2tzICYgQmxvY2tzICBTdGFja3Mgc3RhY2tzLCByZXVzYWJsZSBjb250ZW50LCBzY3JhcGJvb2ssIGNvcHksIHBhc3RlLCBwYXN0ZSBibG9jaywgY29weSBibG9jaywgc2l0ZSBuYW1lLCBsb2dvPC9zcGFuPjwvbGk+ICAgICAgICAgICAgICAgICAgICAgICAgICAgICAgICAgICAgICAgIDxsaT48YSBocmVmPSJodHRwOi8vdmFuaWxsYS5oaXZlLXRlbXBsYXRlLmxvY2FsLmZlMS5zdGcuaGFydmVzdGRwLmFuY2hvci5uZXQuYXUvaW5kZXgucGhwL2Rhc2hib2FyZC9ibG9ja3MvcGVybWlzc2lvbnMiPkJsb2NrICYgU3RhY2sgUGVybWlzc2lvbnM8L2E+PHNwYW4+U3RhY2tzICYgQmxvY2tzICBCbG9jayAmIFN0YWNrIFBlcm1pc3Npb25zIDwvc3Bhbj48L2xpPiAgICAgICAgICAgICAgICAgICAgICAgICAgICAgICAgICAgICAgICA8bGk+PGEgaHJlZj0iaHR0cDovL3ZhbmlsbGEuaGl2ZS10ZW1wbGF0ZS5sb2NhbC5mZTEuc3RnLmhhcnZlc3RkcC5hbmNob3IubmV0LmF1L2luZGV4LnBocC9kYXNoYm9hcmQvYmxvY2tzL3R5cGVzIj5CbG9jayBUeXBlczwvYT48c3Bhbj5TdGFja3MgJiBCbG9ja3MgIEJsb2NrIFR5cGVzIGJsb2NrLCByZWZyZXNoLCBjdXN0b208L3NwYW4+PC9saT4gICAgICAgICAgICAgICAgICAgICAgICAgICAgICAgICAgICA8L3VsPiAgICAgICAgICAgICAgICA8L2Rpdj4gICAgICAgICAgICAgICAgICAgICAgICAgICAgICAgIDxkaXYgY2xhc3M9ImNjbS1pbnRlbGxpZ2VudC1zZWFyY2gtcmVzdWx0cy1tb2R1bGUgY2NtLWludGVsbGlnZW50LXNlYXJjaC1yZXN1bHRzLW1vZHVsZS1vbnNpdGUiPiAgICAgICAgICAgICAgICA8aDE+RXh0ZW5kIFRoZSBIaXZlPC9oMT4gICAgICAgICAgICAgICAgPHVsIGNsYXNzPSJjY20taW50ZWxsaWdlbnQtc2VhcmNoLXJlc3VsdHMtbGlzdCI+ICAgICAgICAgICAgICAgICAgICAgICAgICAgICAgICAgICAgICAgICAgICAgICAgICAgIDxsaT48YSBocmVmPSJodHRwOi8vdmFuaWxsYS5oaXZlLXRlbXBsYXRlLmxvY2FsLmZlMS5zdGcuaGFydmVzdGRwLmFuY2hvci5uZXQuYXUvaW5kZXgucGhwL2Rhc2hib2FyZC9leHRlbmQvaW5zdGFsbCI+QWRkIEZ1bmN0aW9uYWxpdHk8L2E+PHNwYW4+RXh0ZW5kIFRoZSBIaXZlIGFkZC1vbiwgYWRkb24sIGFkZCBvbiwgcGFja2FnZSwgYXBwLCBlY29tbWVyY2UsIGRpc2N1c3Npb25zLCBmb3J1bXMsIHRoZW1lcywgdGVtcGxhdGVzLCBibG9ja3MgQWRkIEZ1bmN0aW9uYWxpdHkgYWRkLW9uLCBhZGRvbiwgZWNvbW1lcmNlLCBpbnN0YWxsLCBkaXNjdXNzaW9ucywgZm9ydW1zLCB0aGVtZXMsIHRlbXBsYXRlcywgYmxvY2tzPC9zcGFuPjwvbGk+ICAgICAgICAgICAgICAgICAgICAgICAgICAgICAgICAgICAgICAgIDxsaT48YSBocmVmPSJodHRwOi8vdmFuaWxsYS5oaXZlLXRlbXBsYXRlLmxvY2FsLmZlMS5zdGcuaGFydmVzdGRwLmFuY2hvci5uZXQuYXUvaW5kZXgucGhwL2Rhc2hib2FyZC9leHRlbmQvdXBkYXRlIj5VcGRhdGUgQWRkLU9uczwvYT48c3Bhbj5FeHRlbmQgVGhlIEhpdmUgYWRkLW9uLCBhZGRvbiwgYWRkIG9uLCBwYWNrYWdlLCBhcHAsIGVjb21tZXJjZSwgZGlzY3Vzc2lvbnMsIGZvcnVtcywgdGhlbWVzLCB0ZW1wbGF0ZXMsIGJsb2NrcyBVcGRhdGUgQWRkLU9ucyB1cGRhdGUsIHVwZ3JhZGU8L3NwYW4+PC9saT4gICAgICAgICAgICAgICAgICAgICAgICAgICAgICAgICAgICAgICAgPGxpPjxhIGhyZWY9Imh0dHA6Ly92YW5pbGxhLmhpdmUtdGVtcGxhdGUubG9jYWwuZmUxLnN0Zy5oYXJ2ZXN0ZHAuYW5jaG9yLm5ldC5hdS9pbmRleC5waHAvZGFzaGJvYXJkL2V4dGVuZC9jb25uZWN0Ij5Db25uZWN0IHRvIHRoZSBDb21tdW5pdHk8L2E+PHNwYW4+RXh0ZW5kIFRoZSBIaXZlIGFkZC1vbiwgYWRkb24sIGFkZCBvbiwgcGFja2FnZSwgYXBwLCBlY29tbWVyY2UsIGRpc2N1c3Npb25zLCBmb3J1bXMsIHRoZW1lcywgdGVtcGxhdGVzLCBibG9ja3MgQ29ubmVjdCB0byB0aGUgQ29tbXVuaXR5IGNvbmNyZXRlNS5vcmcsIG15IGFjY291bnQsIG1hcmtldHBsYWNlPC9zcGFuPjwvbGk+ICAgICAgICAgICAgICAgICAgICAgICAgICAgICAgICAgICAgICAgIDxsaT48YSBocmVmPSJodHRwOi8vdmFuaWxsYS5oaXZlLXRlbXBsYXRlLmxvY2FsLmZlMS5zdGcuaGFydmVzdGRwLmFuY2hvci5uZXQuYXUvaW5kZXgucGhwL2Rhc2hib2FyZC9leHRlbmQvdGhlbWVzIj5HZXQgTW9yZSBUaGVtZXM8L2E+PHNwYW4+RXh0ZW5kIFRoZSBIaXZlIGFkZC1vbiwgYWRkb24sIGFkZCBvbiwgcGFja2FnZSwgYXBwLCBlY29tbWVyY2UsIGRpc2N1c3Npb25zLCBmb3J1bXMsIHRoZW1lcywgdGVtcGxhdGVzLCBibG9ja3MgR2V0IE1vcmUgVGhlbWVzIGJ1eSB0aGVtZSwgbmV3IHRoZW1lLCBtYXJrZXRwbGFjZSwgdGVtcGxhdGU8L3NwYW4+PC9saT4gICAgICAgICAgICAgICAgICAgICAgICAgICAgICAgICAgICAgICAgPGxpPjxhIGhyZWY9Imh0dHA6Ly92YW5pbGxhLmhpdmUtdGVtcGxhdGUubG9jYWwuZmUxLnN0Zy5oYXJ2ZXN0ZHAuYW5jaG9yLm5ldC5hdS9pbmRleC5waHAvZGFzaGJvYXJkL2V4dGVuZC9hZGRvbnMiPkdldCBNb3JlIEFkZC1PbnM8L2E+PHNwYW4+RXh0ZW5kIFRoZSBIaXZlIGFkZC1vbiwgYWRkb24sIGFkZCBvbiwgcGFja2FnZSwgYXBwLCBlY29tbWVyY2UsIGRpc2N1c3Npb25zLCBmb3J1bXMsIHRoZW1lcywgdGVtcGxhdGVzLCBibG9ja3MgR2V0IE1vcmUgQWRkLU9ucyBidXkgYWRkb24sIGJ1eSBhZGQgb24sIGJ1eSBhZGQtb24sIHB1cmNoYXNlIGFkZG9uLCBwdXJjaGFzZSBhZGQgb24sIHB1cmNoYXNlIGFkZC1vbiwgZmluZCBhZGRvbiwgbmV3IGFkZG9uLCBtYXJrZXRwbGFjZTwvc3Bhbj48L2xpPiAgICAgICAgICAgICAgICAgICAgICAgICAgICAgICAgICAgIDwvdWw+ICAgICAgICAgICAgICAgIDwvZGl2PiAgICAgICAgICAgICAgICAgICAgICAgICAgICAgICAgPGRpdiBjbGFzcz0iY2NtLWludGVsbGlnZW50LXNlYXJjaC1yZXN1bHRzLW1vZHVsZSBjY20taW50ZWxsaWdlbnQtc2VhcmNoLXJlc3VsdHMtbW9kdWxlLW9uc2l0ZSI+ICAgICAgICAgICAgICAgIDxoMT5EYXNoYm9hcmQ8L2gxPiAgICAgICAgICAgICAgICA8dWwgY2xhc3M9ImNjbS1pbnRlbGxpZ2VudC1zZWFyY2gtcmVzdWx0cy1saXN0Ij4gICAgICAgICAgICAgICAgICAgICAgICAgICAgICAgICAgICA8bGk+PGEgaHJlZj0iaHR0cDovL3ZhbmlsbGEuaGl2ZS10ZW1wbGF0ZS5sb2NhbC5mZTEuc3RnLmhhcnZlc3RkcC5hbmNob3IubmV0LmF1L2luZGV4LnBocC9kYXNoYm9hcmQvbmV3cyI+RGFzaGJvYXJkPC9hPjxzcGFuPkRhc2hib2FyZCA8L3NwYW4+PC9saT4gICAgICAgICAgICAgICAgICAgICAgICAgICAgICAgICAgICAgICAgICAgICAgICAgICAgPC91bD4gICAgICAgICAgICAgICAgPC9kaXY+ICAgICAgICAgICAgICAgICAgICAgICAgICAgICAgICA8ZGl2IGNsYXNzPSJjY20taW50ZWxsaWdlbnQtc2VhcmNoLXJlc3VsdHMtbW9kdWxlIGNjbS1pbnRlbGxpZ2VudC1zZWFyY2gtcmVzdWx0cy1tb2R1bGUtb25zaXRlIj4gICAgICAgICAgICAgICAgPGgxPlN5c3RlbSAmIFNldHRpbmdzPC9oMT4gICAgICAgICAgICAgICAgPHVsIGNsYXNzPSJjY20taW50ZWxsaWdlbnQtc2VhcmNoLXJlc3VsdHMtbGlzdCI+ICAgICAgICAgICAgICAgICAgICAgICAgICAgICAgICAgICAgICAgICAgICAgICAgICAgIDxsaT48YSBocmVmPSJodHRwOi8vdmFuaWxsYS5oaXZlLXRlbXBsYXRlLmxvY2FsLmZlMS5zdGcuaGFydmVzdGRwLmFuY2hvci5uZXQuYXUvaW5kZXgucGhwL2Rhc2hib2FyZC9zeXN0ZW0iPlZpZXcgQWxsPC9hPjxzcGFuPlN5c3RlbSAmIFNldHRpbmdzIGRhc2hib2FyZCwgY29uZmlndXJhdGlvbjwvc3Bhbj48L2xpPiAgICAgICAgICAgICAgICAgICAgICAgICAgICAgICAgICAgICAgICA8bGk+PGEgaHJlZj0iaHR0cDovL3ZhbmlsbGEuaGl2ZS10ZW1wbGF0ZS5sb2NhbC5mZTEuc3RnLmhhcnZlc3RkcC5hbmNob3IubmV0LmF1L2luZGV4LnBocC9kYXNoYm9hcmQvc3lzdGVtL2Jhc2ljcyI+QmFzaWNzPC9hPjxzcGFuPkJhc2ljcyA8L3NwYW4+PC9saT4gICAgICAgICAgICAgICAgICAgICAgICAgICAgICAgICAgICAgICAgPGxpPjxhIGhyZWY9Imh0dHA6Ly92YW5pbGxhLmhpdmUtdGVtcGxhdGUubG9jYWwuZmUxLnN0Zy5oYXJ2ZXN0ZHAuYW5jaG9yLm5ldC5hdS9pbmRleC5waHAvZGFzaGJvYXJkL3N5c3RlbS9iYXNpY3MvbmFtZSI+U2l0ZSBOYW1lPC9hPjxzcGFuPlNpdGUgTmFtZSB3ZWJzaXRlIG5hbWUsIHRpdGxlPC9zcGFuPjwvbGk+ICAgICAgICAgICAgICAgICAgICAgICAgICAgICAgICAgICAgICAgIDxsaT48YSBocmVmPSJodHRwOi8vdmFuaWxsYS5oaXZlLXRlbXBsYXRlLmxvY2FsLmZlMS5zdGcuaGFydmVzdGRwLmFuY2hvci5uZXQuYXUvaW5kZXgucGhwL2Rhc2hib2FyZC9zeXN0ZW0vYmFzaWNzL2FjY2Vzc2liaWxpdHkiPkFjY2Vzc2liaWxpdHk8L2E+PHNwYW4+QWNjZXNzaWJpbGl0eSBhY2Nlc3NpYmlsaXR5LCBlYXN5IG1vZGU8L3NwYW4+PC9saT4gICAgICAgICAgICAgICAgICAgICAgICAgICAgICAgICAgICAgICAgPGxpPjxhIGhyZWY9Imh0dHA6Ly92YW5pbGxhLmhpdmUtdGVtcGxhdGUubG9jYWwuZmUxLnN0Zy5oYXJ2ZXN0ZHAuYW5jaG9yLm5ldC5hdS9pbmRleC5waHAvZGFzaGJvYXJkL3N5c3RlbS9iYXNpY3Mvc29jaWFsIj5Tb2NpYWwgTGlua3M8L2E+PHNwYW4+U29jaWFsIExpbmtzIHNoYXJpbmcsIGZhY2Vib29rLCB0d2l0dGVyPC9zcGFuPjwvbGk+ICAgICAgICAgICAgICAgICAgICAgICAgICAgICAgICAgICAgICAgIDxsaT48YSBocmVmPSJodHRwOi8vdmFuaWxsYS5oaXZlLXRlbXBsYXRlLmxvY2FsLmZlMS5zdGcuaGFydmVzdGRwLmFuY2hvci5uZXQuYXUvaW5kZXgucGhwL2Rhc2hib2FyZC9zeXN0ZW0vYmFzaWNzL2ljb25zIj5Cb29rbWFyayBJY29uczwvYT48c3Bhbj5Cb29rbWFyayBJY29ucyBsb2dvLCBmYXZpY29uLCBpcGhvbmUsIGljb24sIGJvb2ttYXJrPC9zcGFuPjwvbGk+ICAgICAgICAgICAgICAgICAgICAgICAgICAgICAgICAgICAgICAgIDxsaT48YSBocmVmPSJodHRwOi8vdmFuaWxsYS5oaXZlLXRlbXBsYXRlLmxvY2FsLmZlMS5zdGcuaGFydmVzdGRwLmFuY2hvci5uZXQuYXUvaW5kZXgucGhwL2Rhc2hib2FyZC9zeXN0ZW0vYmFzaWNzL2VkaXRvciI+UmljaCBUZXh0IEVkaXRvcjwvYT48c3Bhbj5SaWNoIFRleHQgRWRpdG9yIHRpbnltY2UsIGNvbnRlbnQgYmxvY2ssIGZvbnRzLCBlZGl0b3IsIGNvbnRlbnQsIG92ZXJsYXk8L3NwYW4+PC9saT4gICAgICAgICAgICAgICAgICAgICAgICAgICAgICAgICAgICAgICAgPGxpPjxhIGhyZWY9Imh0dHA6Ly92YW5pbGxhLmhpdmUtdGVtcGxhdGUubG9jYWwuZmUxLnN0Zy5oYXJ2ZXN0ZHAuYW5jaG9yLm5ldC5hdS9pbmRleC5waHAvZGFzaGJvYXJkL3N5c3RlbS9iYXNpY3MvbXVsdGlsaW5ndWFsIj5MYW5ndWFnZXM8L2E+PHNwYW4+TGFuZ3VhZ2VzIHRyYW5zbGF0ZSwgdHJhbnNsYXRpb24sIGludGVybmF0aW9uYWxpemF0aW9uLCBtdWx0aWxpbmd1YWw8L3NwYW4+PC9saT4gICAgICAgICAgICAgICAgICAgICAgICAgICAgICAgICAgICAgICAgPGxpPjxhIGhyZWY9Imh0dHA6Ly92YW5pbGxhLmhpdmUtdGVtcGxhdGUubG9jYWwuZmUxLnN0Zy5oYXJ2ZXN0ZHAuYW5jaG9yLm5ldC5hdS9pbmRleC5waHAvZGFzaGJvYXJkL3N5c3RlbS9iYXNpY3MvdGltZXpvbmUiPlRpbWUgWm9uZTwvYT48c3Bhbj5UaW1lIFpvbmUgdGltZXpvbmUsIHByb2ZpbGUsIGxvY2FsZTwvc3Bhbj48L2xpPiAgICAgICAgICAgICAgICAgICAgICAgICAgICAgICAgICAgICAgICA8bGk+PGEgaHJlZj0iaHR0cDovL3ZhbmlsbGEuaGl2ZS10ZW1wbGF0ZS5sb2NhbC5mZTEuc3RnLmhhcnZlc3RkcC5hbmNob3IubmV0LmF1L2luZGV4LnBocC9kYXNoYm9hcmQvc3lzdGVtL2Jhc2ljcy9hcGkiPkFQSSBrZXlzPC9hPjxzcGFuPkFQSSBrZXlzIDwvc3Bhbj48L2xpPiAgICAgICAgICAgICAgICAgICAgICAgICAgICAgICAgICAgICAgICA8bGk+PGEgaHJlZj0iaHR0cDovL3ZhbmlsbGEuaGl2ZS10ZW1wbGF0ZS5sb2NhbC5mZTEuc3RnLmhhcnZlc3RkcC5hbmNob3IubmV0LmF1L2luZGV4LnBocC9kYXNoYm9hcmQvc3lzdGVtL211bHRpbGluZ3VhbCI+TXVsdGlsaW5ndWFsPC9hPjxzcGFuPk11bHRpbGluZ3VhbCBtdWx0aWxpbmd1YWwsIGxvY2FsaXphdGlvbiwgaW50ZXJuYXRpb25hbGl6YXRpb24sIGkxOG48L3NwYW4+PC9saT4gICAgICAgICAgICAgICAgICAgICAgICAgICAgICAgICAgICAgICAgPGxpPjxhIGhyZWY9Imh0dHA6Ly92YW5pbGxhLmhpdmUtdGVtcGxhdGUubG9jYWwuZmUxLnN0Zy5oYXJ2ZXN0ZHAuYW5jaG9yLm5ldC5hdS9pbmRleC5waHAvZGFzaGJvYXJkL3N5c3RlbS9tdWx0aWxpbmd1YWwvc2V0dXAiPk11bHRpbGluZ3VhbCBTZXR1cDwvYT48c3Bhbj5NdWx0aWxpbmd1YWwgU2V0dXAgPC9zcGFuPjwvbGk+ICAgICAgICAgICAgICAgICAgICAgICAgICAgICAgICAgICAgICAgIDxsaT48YSBocmVmPSJodHRwOi8vdmFuaWxsYS5oaXZlLXRlbXBsYXRlLmxvY2FsLmZlMS5zdGcuaGFydmVzdGRwLmFuY2hvci5uZXQuYXUvaW5kZXgucGhwL2Rhc2hib2FyZC9zeXN0ZW0vbXVsdGlsaW5ndWFsL3BhZ2VfcmVwb3J0Ij5QYWdlIFJlcG9ydDwvYT48c3Bhbj5QYWdlIFJlcG9ydCA8L3NwYW4+PC9saT4gICAgICAgICAgICAgICAgICAgICAgICAgICAgICAgICAgICAgICAgPGxpPjxhIGhyZWY9Imh0dHA6Ly92YW5pbGxhLmhpdmUtdGVtcGxhdGUubG9jYWwuZmUxLnN0Zy5oYXJ2ZXN0ZHAuYW5jaG9yLm5ldC5hdS9pbmRleC5waHAvZGFzaGJvYXJkL3N5c3RlbS9tdWx0aWxpbmd1YWwvdHJhbnNsYXRlX2ludGVyZmFjZSI+VHJhbnNsYXRlIFNpdGUgSW50ZXJmYWNlPC9hPjxzcGFuPlRyYW5zbGF0ZSBTaXRlIEludGVyZmFjZSA8L3NwYW4+PC9saT4gICAgICAgICAgICAgICAgICAgICAgICAgICAgICAgICAgICAgICAgPGxpPjxhIGhyZWY9Imh0dHA6Ly92YW5pbGxhLmhpdmUtdGVtcGxhdGUubG9jYWwuZmUxLnN0Zy5oYXJ2ZXN0ZHAuYW5jaG9yLm5ldC5hdS9pbmRleC5waHAvZGFzaGJvYXJkL3N5c3RlbS9tdWx0aWxpbmd1YWwvY29weSI+Q29weSBMYW5ndWFnZXM8L2E+PHNwYW4+Q29weSBMYW5ndWFnZXMgPC9zcGFuPjwvbGk+ICAgICAgICAgICAgICAgICAgICAgICAgICAgICAgICAgICAgICAgIDxsaT48YSBocmVmPSJodHRwOi8vdmFuaWxsYS5oaXZlLXRlbXBsYXRlLmxvY2FsLmZlMS5zdGcuaGFydmVzdGRwLmFuY2hvci5uZXQuYXUvaW5kZXgucGhwL2Rhc2hib2FyZC9zeXN0ZW0vc2VvIj5TRU8gJiBTdGF0aXN0aWNzPC9hPjxzcGFuPlNFTyAmIFN0YXRpc3RpY3MgPC9zcGFuPjwvbGk+ICAgICAgICAgICAgICAgICAgICAgICAgICAgICAgICAgICAgICAgIDxsaT48YSBocmVmPSJodHRwOi8vdmFuaWxsYS5oaXZlLXRlbXBsYXRlLmxvY2FsLmZlMS5zdGcuaGFydmVzdGRwLmFuY2hvci5uZXQuYXUvaW5kZXgucGhwL2Rhc2hib2FyZC9zeXN0ZW0vc2VvL3VybHMiPlVSTHMgYW5kIFJlZGlyZWN0aW9uPC9hPjxzcGFuPlVSTHMgYW5kIFJlZGlyZWN0aW9uIHZhbml0eSwgcHJldHR5IHVybCwgc2VvLCBwYWdldmlldywgdmlldzwvc3Bhbj48L2xpPiAgICAgICAgICAgICAgICAgICAgICAgICAgICAgICAgICAgICAgICA8bGk+PGEgaHJlZj0iaHR0cDovL3ZhbmlsbGEuaGl2ZS10ZW1wbGF0ZS5sb2NhbC5mZTEuc3RnLmhhcnZlc3RkcC5hbmNob3IubmV0LmF1L2luZGV4LnBocC9kYXNoYm9hcmQvc3lzdGVtL3Nlby9idWxrIj5CdWxrIFNFTyBVcGRhdGVyPC9hPjxzcGFuPkJ1bGsgU0VPIFVwZGF0ZXIgYnVsaywgc2VvLCBjaGFuZ2Uga2V5d29yZHMsIGVuZ2luZSwgb3B0aW1pemF0aW9uLCBzZWFyY2g8L3NwYW4+PC9saT4gICAgICAgICAgICAgICAgICAgICAgICAgICAgICAgICAgICAgICAgPGxpPjxhIGhyZWY9Imh0dHA6Ly92YW5pbGxhLmhpdmUtdGVtcGxhdGUubG9jYWwuZmUxLnN0Zy5oYXJ2ZXN0ZHAuYW5jaG9yLm5ldC5hdS9pbmRleC5waHAvZGFzaGJvYXJkL3N5c3RlbS9zZW8vY29kZXMiPlRyYWNraW5nIENvZGVzPC9hPjxzcGFuPlRyYWNraW5nIENvZGVzIHRyYWZmaWMsIHN0YXRpc3RpY3MsIGdvb2dsZSBhbmFseXRpY3MsIHF1YW50LCBwYWdldmlld3MsIGhpdHM8L3NwYW4+PC9saT4gICAgICAgICAgICAgICAgICAgICAgICAgICAgICAgICAgICAgICAgPGxpPjxhIGhyZWY9Imh0dHA6Ly92YW5pbGxhLmhpdmUtdGVtcGxhdGUubG9jYWwuZmUxLnN0Zy5oYXJ2ZXN0ZHAuYW5jaG9yLm5ldC5hdS9pbmRleC5waHAvZGFzaGJvYXJkL3N5c3RlbS9zZW8vZXhjbHVkZWQiPkV4Y2x1ZGVkIFVSTCBXb3JkIExpc3Q8L2E+PHNwYW4+RXhjbHVkZWQgVVJMIFdvcmQgTGlzdCBwcmV0dHksIHNsdWc8L3NwYW4+PC9saT4gICAgICAgICAgICAgICAgICAgICAgICAgICAgICAgICAgICAgICAgPGxpPjxhIGhyZWY9Imh0dHA6Ly92YW5pbGxhLmhpdmUtdGVtcGxhdGUubG9jYWwuZmUxLnN0Zy5oYXJ2ZXN0ZHAuYW5jaG9yLm5ldC5hdS9pbmRleC5waHAvZGFzaGJvYXJkL3N5c3RlbS9zZW8vc2VhcmNoaW5kZXgiPlNlYXJjaCBJbmRleDwvYT48c3Bhbj5TZWFyY2ggSW5kZXggY29uZmlndXJlIHNlYXJjaCwgc2l0ZSBzZWFyY2gsIHNlYXJjaCBvcHRpb248L3NwYW4+PC9saT4gICAgICAgICAgICAgICAgICAgICAgICAgICAgICAgICAgICAgICAgPGxpPjxhIGhyZWY9Imh0dHA6Ly92YW5pbGxhLmhpdmUtdGVtcGxhdGUubG9jYWwuZmUxLnN0Zy5oYXJ2ZXN0ZHAuYW5jaG9yLm5ldC5hdS9pbmRleC5waHAvZGFzaGJvYXJkL3N5c3RlbS9maWxlcyI+RmlsZXM8L2E+PHNwYW4+RmlsZXMgPC9zcGFuPjwvbGk+ICAgICAgICAgICAgICAgICAgICAgICAgICAgICAgICAgICAgICAgIDxsaT48YSBocmVmPSJodHRwOi8vdmFuaWxsYS5oaXZlLXRlbXBsYXRlLmxvY2FsLmZlMS5zdGcuaGFydmVzdGRwLmFuY2hvci5uZXQuYXUvaW5kZXgucGhwL2Rhc2hib2FyZC9zeXN0ZW0vZmlsZXMvcGVybWlzc2lvbnMiPkZpbGUgTWFuYWdlciBQZXJtaXNzaW9uczwvYT48c3Bhbj5GaWxlIE1hbmFnZXIgUGVybWlzc2lvbnMgZmlsZSBvcHRpb25zLCBmaWxlIG1hbmFnZXIsIHVwbG9hZCwgbW9kaWZ5PC9zcGFuPjwvbGk+ICAgICAgICAgICAgICAgICAgICAgICAgICAgICAgICAgICAgICAgIDxsaT48YSBocmVmPSJodHRwOi8vdmFuaWxsYS5oaXZlLXRlbXBsYXRlLmxvY2FsLmZlMS5zdGcuaGFydmVzdGRwLmFuY2hvci5uZXQuYXUvaW5kZXgucGhwL2Rhc2hib2FyZC9zeXN0ZW0vZmlsZXMvZmlsZXR5cGVzIj5BbGxvd2VkIEZpbGUgVHlwZXM8L2E+PHNwYW4+QWxsb3dlZCBGaWxlIFR5cGVzIHNlY3VyaXR5LCBmaWxlcywgbWVkaWEsIGV4dGVuc2lvbiwgbWFuYWdlciwgdXBsb2FkPC9zcGFuPjwvbGk+ICAgICAgICAgICAgICAgICAgICAgICAgICAgICAgICAgICAgICAgIDxsaT48YSBocmVmPSJodHRwOi8vdmFuaWxsYS5oaXZlLXRlbXBsYXRlLmxvY2FsLmZlMS5zdGcuaGFydmVzdGRwLmFuY2hvci5uZXQuYXUvaW5kZXgucGhwL2Rhc2hib2FyZC9zeXN0ZW0vZmlsZXMvdGh1bWJuYWlscyI+VGh1bWJuYWlsczwvYT48c3Bhbj5UaHVtYm5haWxzIGltYWdlcywgcGljdHVyZSwgcmVzcG9uc2l2ZSwgcmV0aW5hPC9zcGFuPjwvbGk+ICAgICAgICAgICAgICAgICAgICAgICAgICAgICAgICAgICAgICAgIDxsaT48YSBocmVmPSJodHRwOi8vdmFuaWxsYS5oaXZlLXRlbXBsYXRlLmxvY2FsLmZlMS5zdGcuaGFydmVzdGRwLmFuY2hvci5uZXQuYXUvaW5kZXgucGhwL2Rhc2hib2FyZC9zeXN0ZW0vZmlsZXMvc3RvcmFnZSI+RmlsZSBTdG9yYWdlIExvY2F0aW9uczwvYT48c3Bhbj5GaWxlIFN0b3JhZ2UgTG9jYXRpb25zIHNlY3VyaXR5LCBhbHRlcm5hdGUgc3RvcmFnZSwgaGlkZSBmaWxlczwvc3Bhbj48L2xpPiAgICAgICAgICAgICAgICAgICAgICAgICAgICAgICAgICAgICAgICA8bGk+PGEgaHJlZj0iaHR0cDovL3ZhbmlsbGEuaGl2ZS10ZW1wbGF0ZS5sb2NhbC5mZTEuc3RnLmhhcnZlc3RkcC5hbmNob3IubmV0LmF1L2luZGV4LnBocC9kYXNoYm9hcmQvc3lzdGVtL2ZpbGVzL2ltYWdlX3VwbG9hZGluZyI+SW1hZ2UgVXBsb2FkaW5nPC9hPjxzcGFuPkltYWdlIFVwbG9hZGluZyA8L3NwYW4+PC9saT4gICAgICAgICAgICAgICAgICAgICAgICAgICAgICAgICAgICAgICAgPGxpPjxhIGhyZWY9Imh0dHA6Ly92YW5pbGxhLmhpdmUtdGVtcGxhdGUubG9jYWwuZmUxLnN0Zy5oYXJ2ZXN0ZHAuYW5jaG9yLm5ldC5hdS9pbmRleC5waHAvZGFzaGJvYXJkL3N5c3RlbS9vcHRpbWl6YXRpb24iPk9wdGltaXphdGlvbjwvYT48c3Bhbj5PcHRpbWl6YXRpb24gPC9zcGFuPjwvbGk+ICAgICAgICAgICAgICAgICAgICAgICAgICAgICAgICAgICAgICAgIDxsaT48YSBocmVmPSJodHRwOi8vdmFuaWxsYS5oaXZlLXRlbXBsYXRlLmxvY2FsLmZlMS5zdGcuaGFydmVzdGRwLmFuY2hvci5uZXQuYXUvaW5kZXgucGhwL2Rhc2hib2FyZC9zeXN0ZW0vb3B0aW1pemF0aW9uL2NhY2hlIj5DYWNoZSAmIFNwZWVkIFNldHRpbmdzPC9hPjxzcGFuPkNhY2hlICYgU3BlZWQgU2V0dGluZ3MgY2FjaGUgb3B0aW9uLCBjaGFuZ2UgY2FjaGUsIG92ZXJyaWRlLCB0dXJuIG9uIGNhY2hlLCB0dXJuIG9mZiBjYWNoZSwgbm8gY2FjaGUsIHBhZ2UgY2FjaGUsIGNhY2hpbmc8L3NwYW4+PC9saT4gICAgICAgICAgICAgICAgICAgICAgICAgICAgICAgICAgICAgICAgPGxpPjxhIGhyZWY9Imh0dHA6Ly92YW5pbGxhLmhpdmUtdGVtcGxhdGUubG9jYWwuZmUxLnN0Zy5oYXJ2ZXN0ZHAuYW5jaG9yLm5ldC5hdS9pbmRleC5waHAvZGFzaGJvYXJkL3N5c3RlbS9vcHRpbWl6YXRpb24vY2xlYXJjYWNoZSI+Q2xlYXIgQ2FjaGU8L2E+PHNwYW4+Q2xlYXIgQ2FjaGUgY2FjaGUgb3B0aW9uLCB0dXJuIG9mZiBjYWNoZSwgbm8gY2FjaGUsIHBhZ2UgY2FjaGUsIGNhY2hpbmc8L3NwYW4+PC9saT4gICAgICAgICAgICAgICAgICAgICAgICAgICAgICAgICAgICAgICAgPGxpPjxhIGhyZWY9Imh0dHA6Ly92YW5pbGxhLmhpdmUtdGVtcGxhdGUubG9jYWwuZmUxLnN0Zy5oYXJ2ZXN0ZHAuYW5jaG9yLm5ldC5hdS9pbmRleC5waHAvZGFzaGJvYXJkL3N5c3RlbS9vcHRpbWl6YXRpb24vam9icyI+QXV0b21hdGVkIEpvYnM8L2E+PHNwYW4+QXV0b21hdGVkIEpvYnMgaW5kZXggc2VhcmNoLCByZWluZGV4IHNlYXJjaCwgYnVpbGQgc2l0ZW1hcCwgc2l0ZW1hcC54bWwsIGNsZWFyIG9sZCB2ZXJzaW9ucywgcGFnZSB2ZXJzaW9ucywgcmVtb3ZlIG9sZDwvc3Bhbj48L2xpPiAgICAgICAgICAgICAgICAgICAgICAgICAgICAgICAgICAgICAgICA8bGk+PGEgaHJlZj0iaHR0cDovL3ZhbmlsbGEuaGl2ZS10ZW1wbGF0ZS5sb2NhbC5mZTEuc3RnLmhhcnZlc3RkcC5hbmNob3IubmV0LmF1L2luZGV4LnBocC9kYXNoYm9hcmQvc3lzdGVtL29wdGltaXphdGlvbi9xdWVyeV9sb2ciPkRhdGFiYXNlIFF1ZXJ5IExvZzwvYT48c3Bhbj5EYXRhYmFzZSBRdWVyeSBMb2cgcXVlcmllcywgZGF0YWJhc2UsIG15c3FsPC9zcGFuPjwvbGk+ICAgICAgICAgICAgICAgICAgICAgICAgICAgICAgICAgICAgICAgIDxsaT48YSBocmVmPSJodHRwOi8vdmFuaWxsYS5oaXZlLXRlbXBsYXRlLmxvY2FsLmZlMS5zdGcuaGFydmVzdGRwLmFuY2hvci5uZXQuYXUvaW5kZXgucGhwL2Rhc2hib2FyZC9zeXN0ZW0vcGVybWlzc2lvbnMiPlBlcm1pc3Npb25zICYgQWNjZXNzPC9hPjxzcGFuPlBlcm1pc3Npb25zICYgQWNjZXNzIDwvc3Bhbj48L2xpPiAgICAgICAgICAgICAgICAgICAgICAgICAgICAgICAgICAgICAgICA8bGk+PGEgaHJlZj0iaHR0cDovL3ZhbmlsbGEuaGl2ZS10ZW1wbGF0ZS5sb2NhbC5mZTEuc3RnLmhhcnZlc3RkcC5hbmNob3IubmV0LmF1L2luZGV4LnBocC9kYXNoYm9hcmQvc3lzdGVtL3Blcm1pc3Npb25zL3NpdGUiPlNpdGUgQWNjZXNzPC9hPjxzcGFuPlNpdGUgQWNjZXNzIGVkaXRvcnMsIGhpZGUgc2l0ZSwgb2ZmbGluZSwgcHJpdmF0ZSwgcHVibGljLCBhY2Nlc3M8L3NwYW4+PC9saT4gICAgICAgICAgICAgICAgICAgICAgICAgICAgICAgICAgICAgICAgPGxpPjxhIGhyZWY9Imh0dHA6Ly92YW5pbGxhLmhpdmUtdGVtcGxhdGUubG9jYWwuZmUxLnN0Zy5oYXJ2ZXN0ZHAuYW5jaG9yLm5ldC5hdS9pbmRleC5waHAvZGFzaGJvYXJkL3N5c3RlbS9wZXJtaXNzaW9ucy90YXNrcyI+VGFzayBQZXJtaXNzaW9uczwvYT48c3Bhbj5UYXNrIFBlcm1pc3Npb25zIHNlY3VyaXR5LCBhY3Rpb25zLCBhZG1pbmlzdHJhdG9yLCBhZG1pbiwgcGFja2FnZSwgbWFya2V0cGxhY2UsIHNlYXJjaDwvc3Bhbj48L2xpPiAgICAgICAgICAgICAgICAgICAgICAgICAgICAgICAgICAgICAgICA8bGk+PGEgaHJlZj0iaHR0cDovL3ZhbmlsbGEuaGl2ZS10ZW1wbGF0ZS5sb2NhbC5mZTEuc3RnLmhhcnZlc3RkcC5hbmNob3IubmV0LmF1L2luZGV4LnBocC9kYXNoYm9hcmQvc3lzdGVtL3Blcm1pc3Npb25zL3VzZXJzIj5Vc2VyIFBlcm1pc3Npb25zPC9hPjxzcGFuPlVzZXIgUGVybWlzc2lvbnMgPC9zcGFuPjwvbGk+ICAgICAgICAgICAgICAgICAgICAgICAgICAgICAgICAgICAgICAgIDxsaT48YSBocmVmPSJodHRwOi8vdmFuaWxsYS5oaXZlLXRlbXBsYXRlLmxvY2FsLmZlMS5zdGcuaGFydmVzdGRwLmFuY2hvci5uZXQuYXUvaW5kZXgucGhwL2Rhc2hib2FyZC9zeXN0ZW0vcGVybWlzc2lvbnMvYWR2YW5jZWQiPkFkdmFuY2VkIFBlcm1pc3Npb25zPC9hPjxzcGFuPkFkdmFuY2VkIFBlcm1pc3Npb25zIDwvc3Bhbj48L2xpPiAgICAgICAgICAgICAgICAgICAgICAgICAgICAgICAgICAgICAgICA8bGk+PGEgaHJlZj0iaHR0cDovL3ZhbmlsbGEuaGl2ZS10ZW1wbGF0ZS5sb2NhbC5mZTEuc3RnLmhhcnZlc3RkcC5hbmNob3IubmV0LmF1L2luZGV4LnBocC9kYXNoYm9hcmQvc3lzdGVtL3Blcm1pc3Npb25zL2JsYWNrbGlzdCI+SVAgQmxhY2tsaXN0PC9hPjxzcGFuPklQIEJsYWNrbGlzdCBzZWN1cml0eSwgbG9jayBpcCwgbG9jayBvdXQsIGJsb2NrIGlwLCBhZGRyZXNzLCByZXN0cmljdCwgYWNjZXNzPC9zcGFuPjwvbGk+ICAgICAgICAgICAgICAgICAgICAgICAgICAgICAgICAgICAgICAgIDxsaT48YSBocmVmPSJodHRwOi8vdmFuaWxsYS5oaXZlLXRlbXBsYXRlLmxvY2FsLmZlMS5zdGcuaGFydmVzdGRwLmFuY2hvci5uZXQuYXUvaW5kZXgucGhwL2Rhc2hib2FyZC9zeXN0ZW0vcGVybWlzc2lvbnMvY2FwdGNoYSI+Q2FwdGNoYSBTZXR1cDwvYT48c3Bhbj5DYXB0Y2hhIFNldHVwIHNlY3VyaXR5LCByZWdpc3RyYXRpb248L3NwYW4+PC9saT4gICAgICAgICAgICAgICAgICAgICAgICAgICAgICAgICAgICAgICAgPGxpPjxhIGhyZWY9Imh0dHA6Ly92YW5pbGxhLmhpdmUtdGVtcGxhdGUubG9jYWwuZmUxLnN0Zy5oYXJ2ZXN0ZHAuYW5jaG9yLm5ldC5hdS9pbmRleC5waHAvZGFzaGJvYXJkL3N5c3RlbS9wZXJtaXNzaW9ucy9hbnRpc3BhbSI+U3BhbSBDb250cm9sPC9hPjxzcGFuPlNwYW0gQ29udHJvbCBhbnRpc3BhbSwgYmxvY2sgc3BhbSwgc2VjdXJpdHk8L3NwYW4+PC9saT4gICAgICAgICAgICAgICAgICAgICAgICAgICAgICAgICAgICAgICAgPGxpPjxhIGhyZWY9Imh0dHA6Ly92YW5pbGxhLmhpdmUtdGVtcGxhdGUubG9jYWwuZmUxLnN0Zy5oYXJ2ZXN0ZHAuYW5jaG9yLm5ldC5hdS9pbmRleC5waHAvZGFzaGJvYXJkL3N5c3RlbS9wZXJtaXNzaW9ucy9tYWludGVuYW5jZSI+TWFpbnRlbmFuY2UgTW9kZTwvYT48c3Bhbj5NYWludGVuYW5jZSBNb2RlIGxvY2sgc2l0ZSwgdW5kZXIgY29uc3RydWN0aW9uLCBoaWRlLCBoaWRkZW48L3NwYW4+PC9saT4gICAgICAgICAgICAgICAgICAgICAgICAgICAgICAgICAgICAgICAgPGxpPjxhIGhyZWY9Imh0dHA6Ly92YW5pbGxhLmhpdmUtdGVtcGxhdGUubG9jYWwuZmUxLnN0Zy5oYXJ2ZXN0ZHAuYW5jaG9yLm5ldC5hdS9pbmRleC5waHAvZGFzaGJvYXJkL3N5c3RlbS9yZWdpc3RyYXRpb24iPkxvZ2luICYgUmVnaXN0cmF0aW9uPC9hPjxzcGFuPkxvZ2luICYgUmVnaXN0cmF0aW9uIDwvc3Bhbj48L2xpPiAgICAgICAgICAgICAgICAgICAgICAgICAgICAgICAgICAgICAgICA8bGk+PGEgaHJlZj0iaHR0cDovL3ZhbmlsbGEuaGl2ZS10ZW1wbGF0ZS5sb2NhbC5mZTEuc3RnLmhhcnZlc3RkcC5hbmNob3IubmV0LmF1L2luZGV4LnBocC9kYXNoYm9hcmQvc3lzdGVtL3JlZ2lzdHJhdGlvbi9wb3N0bG9naW4iPkxvZ2luIERlc3RpbmF0aW9uPC9hPjxzcGFuPkxvZ2luIERlc3RpbmF0aW9uIHByb2ZpbGUsIGxvZ2luLCByZWRpcmVjdCwgc3BlY2lmaWMsIGRhc2hib2FyZCwgYWRtaW5pc3RyYXRvcnM8L3NwYW4+PC9saT4gICAgICAgICAgICAgICAgICAgICAgICAgICAgICAgICAgICAgICAgPGxpPjxhIGhyZWY9Imh0dHA6Ly92YW5pbGxhLmhpdmUtdGVtcGxhdGUubG9jYWwuZmUxLnN0Zy5oYXJ2ZXN0ZHAuYW5jaG9yLm5ldC5hdS9pbmRleC5waHAvZGFzaGJvYXJkL3N5c3RlbS9yZWdpc3RyYXRpb24vcHJvZmlsZXMiPlB1YmxpYyBQcm9maWxlczwvYT48c3Bhbj5QdWJsaWMgUHJvZmlsZXMgbWVtYmVyIHByb2ZpbGUsIG1lbWJlciBwYWdlLCBjb21tdW5pdHksIGZvcnVtcywgc29jaWFsLCBhdmF0YXI8L3NwYW4+PC9saT4gICAgICAgICAgICAgICAgICAgICAgICAgICAgICAgICAgICAgICAgPGxpPjxhIGhyZWY9Imh0dHA6Ly92YW5pbGxhLmhpdmUtdGVtcGxhdGUubG9jYWwuZmUxLnN0Zy5oYXJ2ZXN0ZHAuYW5jaG9yLm5ldC5hdS9pbmRleC5waHAvZGFzaGJvYXJkL3N5c3RlbS9yZWdpc3RyYXRpb24vb3BlbiI+UHVibGljIFJlZ2lzdHJhdGlvbjwvYT48c3Bhbj5QdWJsaWMgUmVnaXN0cmF0aW9uIHNpZ251cCwgbmV3IHVzZXIsIGNvbW11bml0eSwgcHVibGljIHJlZ2lzdHJhdGlvbiwgcHVibGljLCByZWdpc3RyYXRpb248L3NwYW4+PC9saT4gICAgICAgICAgICAgICAgICAgICAgICAgICAgICAgICAgICAgICAgPGxpPjxhIGhyZWY9Imh0dHA6Ly92YW5pbGxhLmhpdmUtdGVtcGxhdGUubG9jYWwuZmUxLnN0Zy5oYXJ2ZXN0ZHAuYW5jaG9yLm5ldC5hdS9pbmRleC5waHAvZGFzaGJvYXJkL3N5c3RlbS9yZWdpc3RyYXRpb24vYXV0aGVudGljYXRpb24iPkF1dGhlbnRpY2F0aW9uIFR5cGVzPC9hPjxzcGFuPkF1dGhlbnRpY2F0aW9uIFR5cGVzIGF1dGgsIGF1dGhlbnRpY2F0aW9uLCB0eXBlcywgb2F1dGgsIGZhY2Vib29rLCBsb2dpbiwgcmVnaXN0cmF0aW9uPC9zcGFuPjwvbGk+ICAgICAgICAgICAgICAgICAgICAgICAgICAgICAgICAgICAgICAgIDxsaT48YSBocmVmPSJodHRwOi8vdmFuaWxsYS5oaXZlLXRlbXBsYXRlLmxvY2FsLmZlMS5zdGcuaGFydmVzdGRwLmFuY2hvci5uZXQuYXUvaW5kZXgucGhwL2Rhc2hib2FyZC9zeXN0ZW0vbWFpbCI+RW1haWw8L2E+PHNwYW4+RW1haWwgc210cCwgbWFpbCBzZXR0aW5nczwvc3Bhbj48L2xpPiAgICAgICAgICAgICAgICAgICAgICAgICAgICAgICAgICAgICAgICA8bGk+PGEgaHJlZj0iaHR0cDovL3ZhbmlsbGEuaGl2ZS10ZW1wbGF0ZS5sb2NhbC5mZTEuc3RnLmhhcnZlc3RkcC5hbmNob3IubmV0LmF1L2luZGV4LnBocC9kYXNoYm9hcmQvc3lzdGVtL21haWwvbWV0aG9kIj5TTVRQIE1ldGhvZDwvYT48c3Bhbj5TTVRQIE1ldGhvZCBlbWFpbCBzZXJ2ZXIsIG1haWwgc2V0dGluZ3MsIG1haWwgY29uZmlndXJhdGlvbiwgZXh0ZXJuYWwsIGludGVybmFsPC9zcGFuPjwvbGk+ICAgICAgICAgICAgICAgICAgICAgICAgICAgICAgICAgICAgICAgIDxsaT48YSBocmVmPSJodHRwOi8vdmFuaWxsYS5oaXZlLXRlbXBsYXRlLmxvY2FsLmZlMS5zdGcuaGFydmVzdGRwLmFuY2hvci5uZXQuYXUvaW5kZXgucGhwL2Rhc2hib2FyZC9zeXN0ZW0vbWFpbC9tZXRob2QvdGVzdCI+VGVzdCBNYWlsIFNldHRpbmdzPC9hPjxzcGFuPlRlc3QgTWFpbCBTZXR0aW5ncyB0ZXN0IHNtdHAsIHRlc3QgbWFpbDwvc3Bhbj48L2xpPiAgICAgICAgICAgICAgICAgICAgICAgICAgICAgICAgICAgICAgICA8bGk+PGEgaHJlZj0iaHR0cDovL3ZhbmlsbGEuaGl2ZS10ZW1wbGF0ZS5sb2NhbC5mZTEuc3RnLmhhcnZlc3RkcC5hbmNob3IubmV0LmF1L2luZGV4LnBocC9kYXNoYm9hcmQvc3lzdGVtL21haWwvaW1wb3J0ZXJzIj5FbWFpbCBJbXBvcnRlcnM8L2E+PHNwYW4+RW1haWwgSW1wb3J0ZXJzIGVtYWlsIHNlcnZlciwgbWFpbCBzZXR0aW5ncywgbWFpbCBjb25maWd1cmF0aW9uLCBwcml2YXRlIG1lc3NhZ2UsIG1lc3NhZ2Ugc3lzdGVtLCBpbXBvcnQsIGVtYWlsLCBtZXNzYWdlPC9zcGFuPjwvbGk+ICAgICAgICAgICAgICAgICAgICAgICAgICAgICAgICAgICAgICAgIDxsaT48YSBocmVmPSJodHRwOi8vdmFuaWxsYS5oaXZlLXRlbXBsYXRlLmxvY2FsLmZlMS5zdGcuaGFydmVzdGRwLmFuY2hvci5uZXQuYXUvaW5kZXgucGhwL2Rhc2hib2FyZC9zeXN0ZW0vY29udmVyc2F0aW9ucyI+Q29udmVyc2F0aW9uczwvYT48c3Bhbj5Db252ZXJzYXRpb25zIGNvbnZlcnNhdGlvbnM8L3NwYW4+PC9saT4gICAgICAgICAgICAgICAgICAgICAgICAgICAgICAgICAgICAgICAgPGxpPjxhIGhyZWY9Imh0dHA6Ly92YW5pbGxhLmhpdmUtdGVtcGxhdGUubG9jYWwuZmUxLnN0Zy5oYXJ2ZXN0ZHAuYW5jaG9yLm5ldC5hdS9pbmRleC5waHAvZGFzaGJvYXJkL3N5c3RlbS9jb252ZXJzYXRpb25zL3NldHRpbmdzIj5TZXR0aW5nczwvYT48c3Bhbj5TZXR0aW5ncyBjb252ZXJzYXRpb25zPC9zcGFuPjwvbGk+ICAgICAgICAgICAgICAgICAgICAgICAgICAgICAgICAgICAgICAgIDxsaT48YSBocmVmPSJodHRwOi8vdmFuaWxsYS5oaXZlLXRlbXBsYXRlLmxvY2FsLmZlMS5zdGcuaGFydmVzdGRwLmFuY2hvci5uZXQuYXUvaW5kZXgucGhwL2Rhc2hib2FyZC9zeXN0ZW0vY29udmVyc2F0aW9ucy9wb2ludHMiPkNvbW11bml0eSBQb2ludHM8L2E+PHNwYW4+Q29tbXVuaXR5IFBvaW50cyBjb252ZXJzYXRpb25zIHJhdGluZ3MsIHJhdGluZ3MsIGNvbW11bml0eSwgY29tbXVuaXR5IHBvaW50czwvc3Bhbj48L2xpPiAgICAgICAgICAgICAgICAgICAgICAgICAgICAgICAgICAgICAgICA8bGk+PGEgaHJlZj0iaHR0cDovL3ZhbmlsbGEuaGl2ZS10ZW1wbGF0ZS5sb2NhbC5mZTEuc3RnLmhhcnZlc3RkcC5hbmNob3IubmV0LmF1L2luZGV4LnBocC9kYXNoYm9hcmQvc3lzdGVtL2NvbnZlcnNhdGlvbnMvYmFubmVkd29yZHMiPkJhbm5lZCBXb3JkczwvYT48c3Bhbj5CYW5uZWQgV29yZHMgY29udmVyc2F0aW9ucyBiYWQgd29yZHMsIGJhbm5lZCB3b3JkcywgYmFubmVkLCBiYWQgd29yZHMsIGJhZCwgd29yZHMsIGxpc3Q8L3NwYW4+PC9saT4gICAgICAgICAgICAgICAgICAgICAgICAgICAgICAgICAgICAgICAgPGxpPjxhIGhyZWY9Imh0dHA6Ly92YW5pbGxhLmhpdmUtdGVtcGxhdGUubG9jYWwuZmUxLnN0Zy5oYXJ2ZXN0ZHAuYW5jaG9yLm5ldC5hdS9pbmRleC5waHAvZGFzaGJvYXJkL3N5c3RlbS9jb252ZXJzYXRpb25zL3Blcm1pc3Npb25zIj5Db252ZXJzYXRpb24gUGVybWlzc2lvbnM8L2E+PHNwYW4+Q29udmVyc2F0aW9uIFBlcm1pc3Npb25zIDwvc3Bhbj48L2xpPiAgICAgICAgICAgICAgICAgICAgICAgICAgICAgICAgICAgICAgICA8bGk+PGEgaHJlZj0iaHR0cDovL3ZhbmlsbGEuaGl2ZS10ZW1wbGF0ZS5sb2NhbC5mZTEuc3RnLmhhcnZlc3RkcC5hbmNob3IubmV0LmF1L2luZGV4LnBocC9kYXNoYm9hcmQvc3lzdGVtL2F0dHJpYnV0ZXMiPkF0dHJpYnV0ZXM8L2E+PHNwYW4+QXR0cmlidXRlcyBhdHRyaWJ1dGUgY29uZmlndXJhdGlvbjwvc3Bhbj48L2xpPiAgICAgICAgICAgICAgICAgICAgICAgICAgICAgICAgICAgICAgICA8bGk+PGEgaHJlZj0iaHR0cDovL3ZhbmlsbGEuaGl2ZS10ZW1wbGF0ZS5sb2NhbC5mZTEuc3RnLmhhcnZlc3RkcC5hbmNob3IubmV0LmF1L2luZGV4LnBocC9kYXNoYm9hcmQvc3lzdGVtL2F0dHJpYnV0ZXMvc2V0cyI+U2V0czwvYT48c3Bhbj5TZXRzIGF0dHJpYnV0ZXMsIHNldHM8L3NwYW4+PC9saT4gICAgICAgICAgICAgICAgICAgICAgICAgICAgICAgICAgICAgICAgPGxpPjxhIGhyZWY9Imh0dHA6Ly92YW5pbGxhLmhpdmUtdGVtcGxhdGUubG9jYWwuZmUxLnN0Zy5oYXJ2ZXN0ZHAuYW5jaG9yLm5ldC5hdS9pbmRleC5waHAvZGFzaGJvYXJkL3N5c3RlbS9hdHRyaWJ1dGVzL3R5cGVzIj5UeXBlczwvYT48c3Bhbj5UeXBlcyBhdHRyaWJ1dGVzLCB0eXBlczwvc3Bhbj48L2xpPiAgICAgICAgICAgICAgICAgICAgICAgICAgICAgICAgICAgICAgICA8bGk+PGEgaHJlZj0iaHR0cDovL3ZhbmlsbGEuaGl2ZS10ZW1wbGF0ZS5sb2NhbC5mZTEuc3RnLmhhcnZlc3RkcC5hbmNob3IubmV0LmF1L2luZGV4LnBocC9kYXNoYm9hcmQvc3lzdGVtL2F0dHJpYnV0ZXMvdG9waWNzIj5Ub3BpY3M8L2E+PHNwYW4+VG9waWNzIHRvcGljcywgdGFncywgdGF4b25vbXk8L3NwYW4+PC9saT4gICAgICAgICAgICAgICAgICAgICAgICAgICAgICAgICAgICAgICAgPGxpPjxhIGhyZWY9Imh0dHA6Ly92YW5pbGxhLmhpdmUtdGVtcGxhdGUubG9jYWwuZmUxLnN0Zy5oYXJ2ZXN0ZHAuYW5jaG9yLm5ldC5hdS9pbmRleC5waHAvZGFzaGJvYXJkL3N5c3RlbS9hdHRyaWJ1dGVzL3RvcGljcy9hZGQiPkFkZCBUb3BpYyBUcmVlPC9hPjxzcGFuPkFkZCBUb3BpYyBUcmVlIDwvc3Bhbj48L2xpPiAgICAgICAgICAgICAgICAgICAgICAgICAgICAgICAgICAgICAgICA8bGk+PGEgaHJlZj0iaHR0cDovL3ZhbmlsbGEuaGl2ZS10ZW1wbGF0ZS5sb2NhbC5mZTEuc3RnLmhhcnZlc3RkcC5hbmNob3IubmV0LmF1L2luZGV4LnBocC9kYXNoYm9hcmQvc3lzdGVtL2Vudmlyb25tZW50L2luZm8iPkVudmlyb25tZW50IEluZm9ybWF0aW9uPC9hPjxzcGFuPkVudmlyb25tZW50IEluZm9ybWF0aW9uIG92ZXJyaWRlcywgc3lzdGVtIGluZm8sIGRlYnVnLCBzdXBwb3J0LCBoZWxwPC9zcGFuPjwvbGk+ICAgICAgICAgICAgICAgICAgICAgICAgICAgICAgICAgICAgICAgIDxsaT48YSBocmVmPSJodHRwOi8vdmFuaWxsYS5oaXZlLXRlbXBsYXRlLmxvY2FsLmZlMS5zdGcuaGFydmVzdGRwLmFuY2hvci5uZXQuYXUvaW5kZXgucGhwL2Rhc2hib2FyZC9zeXN0ZW0vZW52aXJvbm1lbnQvZGVidWciPkRlYnVnIFNldHRpbmdzPC9hPjxzcGFuPkRlYnVnIFNldHRpbmdzIGVycm9ycywgZXhjZXB0aW9ucywgZGV2ZWxvcCwgc3VwcG9ydCwgaGVscDwvc3Bhbj48L2xpPiAgICAgICAgICAgICAgICAgICAgICAgICAgICAgICAgICAgICAgICA8bGk+PGEgaHJlZj0iaHR0cDovL3ZhbmlsbGEuaGl2ZS10ZW1wbGF0ZS5sb2NhbC5mZTEuc3RnLmhhcnZlc3RkcC5hbmNob3IubmV0LmF1L2luZGV4LnBocC9kYXNoYm9hcmQvc3lzdGVtL2Vudmlyb25tZW50L2xvZ2dpbmciPkxvZ2dpbmcgU2V0dGluZ3M8L2E+PHNwYW4+TG9nZ2luZyBTZXR0aW5ncyBlbWFpbCwgbG9nZ2luZywgbG9ncywgc210cCwgcG9wLCBlcnJvcnMsIG15c3FsLCBsb2c8L3NwYW4+PC9saT4gICAgICAgICAgICAgICAgICAgICAgICAgICAgICAgICAgICAgICAgPGxpPjxhIGhyZWY9Imh0dHA6Ly92YW5pbGxhLmhpdmUtdGVtcGxhdGUubG9jYWwuZmUxLnN0Zy5oYXJ2ZXN0ZHAuYW5jaG9yLm5ldC5hdS9pbmRleC5waHAvZGFzaGJvYXJkL3N5c3RlbS9lbnZpcm9ubWVudC9wcm94eSI+UHJveHkgU2VydmVyPC9hPjxzcGFuPlByb3h5IFNlcnZlciBuZXR3b3JrLCBwcm94eSBzZXJ2ZXI8L3NwYW4+PC9saT4gICAgICAgICAgICAgICAgICAgICAgICAgICAgICAgICAgICAgICAgPGxpPjxhIGhyZWY9Imh0dHA6Ly92YW5pbGxhLmhpdmUtdGVtcGxhdGUubG9jYWwuZmUxLnN0Zy5oYXJ2ZXN0ZHAuYW5jaG9yLm5ldC5hdS9pbmRleC5waHAvZGFzaGJvYXJkL3N5c3RlbS9lbnZpcm9ubWVudC9lbnRpdGllcyI+RGF0YWJhc2UgRW50aXRpZXM8L2E+PHNwYW4+RGF0YWJhc2UgRW50aXRpZXMgZGF0YWJhc2UsIGVudGl0aWVzLCBkb2N0cmluZSwgb3JtPC9zcGFuPjwvbGk+ICAgICAgICAgICAgICAgICAgICAgICAgICAgICAgICAgICAgICAgIDxsaT48YSBocmVmPSJodHRwOi8vdmFuaWxsYS5oaXZlLXRlbXBsYXRlLmxvY2FsLmZlMS5zdGcuaGFydmVzdGRwLmFuY2hvci5uZXQuYXUvaW5kZXgucGhwL2Rhc2hib2FyZC9zeXN0ZW0vYmFja3VwIj5CYWNrdXAgJiBSZXN0b3JlPC9hPjxzcGFuPkJhY2t1cCAmIFJlc3RvcmUgZXhwb3J0LCBiYWNrdXAsIGRhdGFiYXNlLCBzcWwsIG15c3FsLCBlbmNyeXB0aW9uLCByZXN0b3JlPC9zcGFuPjwvbGk+ICAgICAgICAgICAgICAgICAgICAgICAgICAgICAgICAgICAgICAgIDxsaT48YSBocmVmPSJodHRwOi8vdmFuaWxsYS5oaXZlLXRlbXBsYXRlLmxvY2FsLmZlMS5zdGcuaGFydmVzdGRwLmFuY2hvci5uZXQuYXUvaW5kZXgucGhwL2Rhc2hib2FyZC9zeXN0ZW0vYmFja3VwL2JhY2t1cCI+QmFja3VwIERhdGFiYXNlPC9hPjxzcGFuPkJhY2t1cCBEYXRhYmFzZSA8L3NwYW4+PC9saT4gICAgICAgICAgICAgICAgICAgICAgICAgICAgICAgICAgICAgICAgPGxpPjxhIGhyZWY9Imh0dHA6Ly92YW5pbGxhLmhpdmUtdGVtcGxhdGUubG9jYWwuZmUxLnN0Zy5oYXJ2ZXN0ZHAuYW5jaG9yLm5ldC5hdS9pbmRleC5waHAvZGFzaGJvYXJkL3N5c3RlbS9iYWNrdXAvdXBkYXRlIj5VcGRhdGUgY29uY3JldGU1PC9hPjxzcGFuPlVwZGF0ZSBjb25jcmV0ZTUgdXBncmFkZSwgbmV3IHZlcnNpb24sIHVwZGF0ZTwvc3Bhbj48L2xpPiAgICAgICAgICAgICAgICAgICAgICAgICAgICAgICAgICAgICAgICA8bGk+PGEgaHJlZj0iaHR0cDovL3ZhbmlsbGEuaGl2ZS10ZW1wbGF0ZS5sb2NhbC5mZTEuc3RnLmhhcnZlc3RkcC5hbmNob3IubmV0LmF1L2luZGV4LnBocC9kYXNoYm9hcmQvc3lzdGVtL21vZGVyYXRpb24iPk1vZGVyYXRpb248L2E+PHNwYW4+TW9kZXJhdGlvbiA8L3NwYW4+PC9saT4gICAgICAgICAgICAgICAgICAgICAgICAgICAgICAgICAgICAgICAgPGxpPjxhIGhyZWY9Imh0dHA6Ly92YW5pbGxhLmhpdmUtdGVtcGxhdGUubG9jYWwuZmUxLnN0Zy5oYXJ2ZXN0ZHAuYW5jaG9yLm5ldC5hdS9pbmRleC5waHAvZGFzaGJvYXJkL3N5c3RlbS9tb2RlcmF0aW9uL3JlYXNvbiI+UmVhc29uPC9hPjxzcGFuPlJlYXNvbiA8L3NwYW4+PC9saT4gICAgICAgICAgICAgICAgICAgICAgICAgICAgICAgICAgICAgICAgPGxpPjxhIGhyZWY9Imh0dHA6Ly92YW5pbGxhLmhpdmUtdGVtcGxhdGUubG9jYWwuZmUxLnN0Zy5oYXJ2ZXN0ZHAuYW5jaG9yLm5ldC5hdS9pbmRleC5waHAvZGFzaGJvYXJkL3N5c3RlbS9tb2RlcmF0aW9uL3Blcm1pc3Npb25zIj5Nb2RlcmF0aW9uIFBlcm1pc3Npb25zPC9hPjxzcGFuPk1vZGVyYXRpb24gUGVybWlzc2lvbnMgPC9zcGFuPjwvbGk+ICAgICAgICAgICAgICAgICAgICAgICAgICAgICAgICAgICAgICAgIDxsaT48YSBocmVmPSJodHRwOi8vdmFuaWxsYS5oaXZlLXRlbXBsYXRlLmxvY2FsLmZlMS5zdGcuaGFydmVzdGRwLmFuY2hvci5uZXQuYXUvaW5kZXgucGhwL2Rhc2hib2FyZC9zeXN0ZW0vbW9kZXJhdGlvbi9zZXR0aW5ncyI+U2V0dGluZ3M8L2E+PHNwYW4+U2V0dGluZ3MgPC9zcGFuPjwvbGk+ICAgICAgICAgICAgICAgICAgICAgICAgICAgICAgICAgICAgPC91bD4gICAgICAgICAgICAgICAgPC9kaXY+ICAgICAgICAgICAgICAgICAgICAgICAgICAgICAgICA8ZGl2IGNsYXNzPSJjY20taW50ZWxsaWdlbnQtc2VhcmNoLXJlc3VsdHMtbW9kdWxlIGNjbS1pbnRlbGxpZ2VudC1zZWFyY2gtcmVzdWx0cy1tb2R1bGUtb25zaXRlIj4gICAgICAgICAgICAgICAgPGgxPkhpdmUgU2V0dGluZ3M8L2gxPiAgICAgICAgICAgICAgICA8dWwgY2xhc3M9ImNjbS1pbnRlbGxpZ2VudC1zZWFyY2gtcmVzdWx0cy1saXN0Ij4gICAgICAgICAgICAgICAgICAgICAgICAgICAgICAgICAgICAgICAgICAgICAgICAgICAgPGxpPjxhIGhyZWY9Imh0dHA6Ly92YW5pbGxhLmhpdmUtdGVtcGxhdGUubG9jYWwuZmUxLnN0Zy5oYXJ2ZXN0ZHAuYW5jaG9yLm5ldC5hdS9pbmRleC5waHAvZGFzaGJvYXJkL3NldHRpbmdzL3NpdGUiPlNpdGU8L2E+PHNwYW4+SGl2ZSBTZXR0aW5ncyAgU2l0ZSA8L3NwYW4+PC9saT4gICAgICAgICAgICAgICAgICAgICAgICAgICAgICAgICAgICAgICAgPGxpPjxhIGhyZWY9Imh0dHA6Ly92YW5pbGxhLmhpdmUtdGVtcGxhdGUubG9jYWwuZmUxLnN0Zy5oYXJ2ZXN0ZHAuYW5jaG9yLm5ldC5hdS9pbmRleC5waHAvZGFzaGJvYXJkL3NldHRpbmdzL3VzZXJzIj5Vc2VyczwvYT48c3Bhbj5IaXZlIFNldHRpbmdzICBVc2VycyA8L3NwYW4+PC9saT4gICAgICAgICAgICAgICAgICAgICAgICAgICAgICAgICAgICAgICAgPGxpPjxhIGhyZWY9Imh0dHA6Ly92YW5pbGxhLmhpdmUtdGVtcGxhdGUubG9jYWwuZmUxLnN0Zy5oYXJ2ZXN0ZHAuYW5jaG9yLm5ldC5hdS9pbmRleC5waHAvZGFzaGJvYXJkL3NldHRpbmdzL21vZGVyYXRpb24iPk1vZGVyYXRpb248L2E+PHNwYW4+SGl2ZSBTZXR0aW5ncyAgTW9kZXJhdGlvbiA8L3NwYW4+PC9saT4gICAgICAgICAgICAgICAgICAgICAgICAgICAgICAgICAgICAgICAgPGxpPjxhIGhyZWY9Imh0dHA6Ly92YW5pbGxhLmhpdmUtdGVtcGxhdGUubG9jYWwuZmUxLnN0Zy5oYXJ2ZXN0ZHAuYW5jaG9yLm5ldC5hdS9pbmRleC5waHAvZGFzaGJvYXJkL3NldHRpbmdzL2VtYWlsIj5FbWFpbDwvYT48c3Bhbj5IaXZlIFNldHRpbmdzICBFbWFpbCA8L3NwYW4+PC9saT4gICAgICAgICAgICAgICAgICAgICAgICAgICAgICAgICAgICAgICAgPGxpPjxhIGhyZWY9Imh0dHA6Ly92YW5pbGxhLmhpdmUtdGVtcGxhdGUubG9jYWwuZmUxLnN0Zy5oYXJ2ZXN0ZHAuYW5jaG9yLm5ldC5hdS9pbmRleC5waHAvZGFzaGJvYXJkL3NldHRpbmdzL3Byb2plY3RzIj5Qcm9qZWN0czwvYT48c3Bhbj5IaXZlIFNldHRpbmdzICBQcm9qZWN0cyA8L3NwYW4+PC9saT4gICAgICAgICAgICAgICAgICAgICAgICAgICAgICAgICAgICA8L3VsPiAgICAgICAgICAgICAgICA8L2Rpdj4gICAgICAgICAgICAgICAgICAgICAgICAgICAgPGRpdiBjbGFzcz0iY2NtLWludGVsbGlnZW50LXNlYXJjaC1yZXN1bHRzLW1vZHVsZSBjY20taW50ZWxsaWdlbnQtc2VhcmNoLXJlc3VsdHMtbW9kdWxlLW9uc2l0ZSI+ICAgICAgICAgICAgPGgxPkRhc2hib2FyZCBIb21lPC9oMT4gICAgICAgICAgICA8dWwgY2xhc3M9ImNjbS1pbnRlbGxpZ2VudC1zZWFyY2gtcmVzdWx0cy1saXN0Ij4gICAgICAgICAgICAgICAgPGxpPjxhIGhyZWY9Imh0dHA6Ly92YW5pbGxhLmhpdmUtdGVtcGxhdGUubG9jYWwuZmUxLnN0Zy5oYXJ2ZXN0ZHAuYW5jaG9yLm5ldC5hdS9pbmRleC5waHAvZGFzaGJvYXJkL2hvbWUiPkN1c3RvbWl6ZSA8c3Bhbj5DdXN0b21pemUgRGFzaGJvYXJkIEhvbWU8L3NwYW4+PC9hPjwvbGk+ICAgICAgICAgICAgPC91bD4gICAgICAgICAgICA8L2Rpdj4gICAgICAgICAgICAgICAgICAgICAgICA8ZGl2IGNsYXNzPSJjY20taW50ZWxsaWdlbnQtc2VhcmNoLXJlc3VsdHMtbW9kdWxlIj4gICAgICAgICAgICA8aDE+WW91ciBTaXRlPC9oMT4gICAgICAgICAgICA8ZGl2IGNsYXNzPSJsb2FkZXIiPiAgICAgICAgICAgICAgICA8ZGl2IGNsYXNzPSJkb3QgZG90MSI+PC9kaXY+ICAgICAgICAgICAgICAgIDxkaXYgY2xhc3M9ImRvdCBkb3QyIj48L2Rpdj4gICAgICAgICAgICAgICAgPGRpdiBjbGFzcz0iZG90IGRvdDMiPjwvZGl2PiAgICAgICAgICAgICAgICA8ZGl2IGNsYXNzPSJkb3QgZG90NCI+PC9kaXY+ICAgICAgICAgICAgPC9kaXY+ICAgICAgICAgICAgPHVsIGNsYXNzPSJjY20taW50ZWxsaWdlbnQtc2VhcmNoLXJlc3VsdHMtbGlzdCIgaWQ9ImNjbS1pbnRlbGxpZ2VudC1zZWFyY2gtcmVzdWx0cy1saXN0LXlvdXItc2l0ZSI+ICAgICAgICAgICAgPC91bD4gICAgICAgICAgICA8L2Rpdj4gICAgICAgICAgICAgICAgICAgICAgICAgICAgICAgIDwvZGl2PiAgICAgICAgIjt9czoxODoiQ0xJRU5UX1JFTU9URV9BRERSIjtzOjE1OiIyMDMuMjA2LjE0Mi4yMzIiO3M6MjI6IkNMSUVOVF9IVFRQX1VTRVJfQUdFTlQiO3M6MTE1OiJNb3ppbGxhLzUuMCAoV2luZG93cyBOVCAxMC4wOyBXaW42NDsgeDY0KSBBcHBsZVdlYktpdC81MzcuMzYgKEtIVE1MLCBsaWtlIEdlY2tvKSBDaHJvbWUvNjUuMC4zMzI1LjE4MSBTYWZhcmkvNTM3LjM2IjtzOjEyOiJ1T25saW5lQ2hlY2siO2k6MTUyMjIwMjM5NjtzOjIyOiJmcm9udGVuZFByZXZpb3VzUGFnZUlEIjtzOjE6IjEiO3M6NzoiZWRpdENJRCI7czoxOiIxIjtzOjE0OiJzZWFyY2gvcmVwb3J0cyI7YTowOnt9fV9zZjJfZmxhc2hlc3xhOjA6e31fc2YyX21ldGF8YTozOntzOjE6InUiO2k6MTUyMjIwMjM5NTtzOjE6ImMiO2k6MTUyMjIwMjIzMDtzOjE6ImwiO3M6NDoiNzIwMCI7fQ==',1522202396),('59818tbi91lokqenurq85k4u1t','X3NmMl9hdHRyaWJ1dGVzfGE6MTM6e3M6MjE6ImFjY2Vzc0VudGl0aWVzVXBkYXRlZCI7aToxNTUxNjYxMjY1O3M6NDoicmNJRCI7czozOiIzMTUiO3M6NzoidUdyb3VwcyI7YTozOntpOjI7czoxOiIyIjtpOjEyO3M6MjoiMTIiO2k6MTtzOjE6IjEiO31zOjM6InVJRCI7czoxOiIxIjtzOjU6InVOYW1lIjtzOjU6ImFkbWluIjtzOjE0OiJ1QmxvY2tUeXBlc1NldCI7YjowO3M6MTE6InVMYXN0T25saW5lIjtpOjE1NTE2NjEyNzM7czo5OiJ1VGltZXpvbmUiO047czoxNjoidURlZmF1bHRMYW5ndWFnZSI7TjtzOjE5OiJ1TGFzdFBhc3N3b3JkQ2hhbmdlIjtzOjE5OiIyMDE1LTAzLTEzIDA1OjEwOjIwIjtzOjE4OiJDTElFTlRfUkVNT1RFX0FERFIiO3M6MTU6IjIwMy4yMDYuMTQyLjIzMiI7czoyMjoiQ0xJRU5UX0hUVFBfVVNFUl9BR0VOVCI7czoxMTU6Ik1vemlsbGEvNS4wIChXaW5kb3dzIE5UIDEwLjA7IFdpbjY0OyB4NjQpIEFwcGxlV2ViS2l0LzUzNy4zNiAoS0hUTUwsIGxpa2UgR2Vja28pIENocm9tZS83Mi4wLjM2MjYuMTE5IFNhZmFyaS81MzcuMzYiO3M6MTI6InVPbmxpbmVDaGVjayI7aToxNTUxNjYxMjgxO31fc2YyX2ZsYXNoZXN8YTowOnt9X3NmMl9tZXRhfGE6Mzp7czoxOiJ1IjtpOjE1NTE2NjEyODE7czoxOiJjIjtpOjE1NTE2NjEyNjU7czoxOiJsIjtzOjE6IjAiO30=',1551661281),('5vadcjt2gk2706er3ru1aruvgl','X3NmMl9hdHRyaWJ1dGVzfGE6MTU6e3M6MjE6ImFjY2Vzc0VudGl0aWVzVXBkYXRlZCI7aToxNTIwMzc3Mzk1O3M6NDoicmNJRCI7czoxOiIyIjtzOjc6InVHcm91cHMiO2E6Mzp7aToyO3M6MToiMiI7aToxMjtzOjI6IjEyIjtpOjE7czoxOiIxIjt9czozOiJ1SUQiO3M6MToiMSI7czo1OiJ1TmFtZSI7czo1OiJhZG1pbiI7czoxNDoidUJsb2NrVHlwZXNTZXQiO2I6MDtzOjExOiJ1TGFzdE9ubGluZSI7aToxNTIwMzc3NDA4O3M6OToidVRpbWV6b25lIjtOO3M6MTY6InVEZWZhdWx0TGFuZ3VhZ2UiO047czoxOToidUxhc3RQYXNzd29yZENoYW5nZSI7czoxOToiMjAxNS0wMy0xMyAwNToxMDoyMCI7czoxNDoiZGFzaGJvYXJkTWVudXMiO2E6MTp7czo1OiJlbl9VUyI7czozODU1NzoiICAgICAgICAgICAgPGRpdiBpZD0iY2NtLWludGVsbGlnZW50LXNlYXJjaC1yZXN1bHRzIj4gICAgICAgICAgICAgICAgICAgICAgICAgICAgPGRpdiBjbGFzcz0iY2NtLWludGVsbGlnZW50LXNlYXJjaC1yZXN1bHRzLW1vZHVsZSBjY20taW50ZWxsaWdlbnQtc2VhcmNoLXJlc3VsdHMtbW9kdWxlLW9uc2l0ZSI+ICAgICAgICAgICAgICAgIDxoMT5Xb3JrZmxvdzwvaDE+ICAgICAgICAgICAgICAgIDx1bCBjbGFzcz0iY2NtLWludGVsbGlnZW50LXNlYXJjaC1yZXN1bHRzLWxpc3QiPiAgICAgICAgICAgICAgICAgICAgICAgICAgICAgICAgICAgICAgICAgICAgICAgICAgICA8bGk+PGEgaHJlZj0iaHR0cDovL3ZhbmlsbGEuaGl2ZS10ZW1wbGF0ZS5sb2NhbC5mZTEuc3RnLmhhcnZlc3RkcC5hbmNob3IubmV0LmF1L2luZGV4LnBocC9kYXNoYm9hcmQvd29ya2Zsb3cvd29ya2Zsb3dzIj5Xb3JrZmxvdyBMaXN0PC9hPjxzcGFuPldvcmtmbG93IGFkZCB3b3JrZmxvdywgcmVtb3ZlIHdvcmtmbG93IFdvcmtmbG93IExpc3QgPC9zcGFuPjwvbGk+ICAgICAgICAgICAgICAgICAgICAgICAgICAgICAgICAgICAgICAgIDxsaT48YSBocmVmPSJodHRwOi8vdmFuaWxsYS5oaXZlLXRlbXBsYXRlLmxvY2FsLmZlMS5zdGcuaGFydmVzdGRwLmFuY2hvci5uZXQuYXUvaW5kZXgucGhwL2Rhc2hib2FyZC93b3JrZmxvdy9tZSI+V2FpdGluZyBmb3IgTWU8L2E+PHNwYW4+V29ya2Zsb3cgYWRkIHdvcmtmbG93LCByZW1vdmUgd29ya2Zsb3cgV2FpdGluZyBmb3IgTWUgPC9zcGFuPjwvbGk+ICAgICAgICAgICAgICAgICAgICAgICAgICAgICAgICAgICAgPC91bD4gICAgICAgICAgICAgICAgPC9kaXY+ICAgICAgICAgICAgICAgICAgICAgICAgICAgICAgICA8ZGl2IGNsYXNzPSJjY20taW50ZWxsaWdlbnQtc2VhcmNoLXJlc3VsdHMtbW9kdWxlIGNjbS1pbnRlbGxpZ2VudC1zZWFyY2gtcmVzdWx0cy1tb2R1bGUtb25zaXRlIj4gICAgICAgICAgICAgICAgPGgxPk1vZGVyYXRpb248L2gxPiAgICAgICAgICAgICAgICA8dWwgY2xhc3M9ImNjbS1pbnRlbGxpZ2VudC1zZWFyY2gtcmVzdWx0cy1saXN0Ij4gICAgICAgICAgICAgICAgICAgICAgICAgICAgICAgICAgICA8bGk+PGEgaHJlZj0iaHR0cDovL3ZhbmlsbGEuaGl2ZS10ZW1wbGF0ZS5sb2NhbC5mZTEuc3RnLmhhcnZlc3RkcC5hbmNob3IubmV0LmF1L2luZGV4LnBocC9kYXNoYm9hcmQvbW9kZXJhdGlvbiI+TW9kZXJhdGlvbjwvYT48c3Bhbj5Nb2RlcmF0aW9uIDwvc3Bhbj48L2xpPiAgICAgICAgICAgICAgICAgICAgICAgICAgICAgICAgICAgICAgICAgICAgICAgICAgICA8L3VsPiAgICAgICAgICAgICAgICA8L2Rpdj4gICAgICAgICAgICAgICAgICAgICAgICAgICAgICAgIDxkaXYgY2xhc3M9ImNjbS1pbnRlbGxpZ2VudC1zZWFyY2gtcmVzdWx0cy1tb2R1bGUgY2NtLWludGVsbGlnZW50LXNlYXJjaC1yZXN1bHRzLW1vZHVsZS1vbnNpdGUiPiAgICAgICAgICAgICAgICA8aDE+UHJvamVjdHM8L2gxPiAgICAgICAgICAgICAgICA8dWwgY2xhc3M9ImNjbS1pbnRlbGxpZ2VudC1zZWFyY2gtcmVzdWx0cy1saXN0Ij4gICAgICAgICAgICAgICAgICAgICAgICAgICAgICAgICAgICAgICAgICAgICAgICAgICAgPGxpPjxhIGhyZWY9Imh0dHA6Ly92YW5pbGxhLmhpdmUtdGVtcGxhdGUubG9jYWwuZmUxLnN0Zy5oYXJ2ZXN0ZHAuYW5jaG9yLm5ldC5hdS9pbmRleC5waHAvZGFzaGJvYXJkL3Byb2plY3RzL2xhdW5jaCI+TGF1bmNoIE5ldyBQcm9qZWN0PC9hPjxzcGFuPlByb2plY3RzICBMYXVuY2ggTmV3IFByb2plY3QgPC9zcGFuPjwvbGk+ICAgICAgICAgICAgICAgICAgICAgICAgICAgICAgICAgICAgICAgIDxsaT48YSBocmVmPSJodHRwOi8vdmFuaWxsYS5oaXZlLXRlbXBsYXRlLmxvY2FsLmZlMS5zdGcuaGFydmVzdGRwLmFuY2hvci5uZXQuYXUvaW5kZXgucGhwL2Rhc2hib2FyZC9wcm9qZWN0cy9zZXR0aW5ncyI+UHJvamVjdCBTZXR0aW5nczwvYT48c3Bhbj5Qcm9qZWN0cyAgUHJvamVjdCBTZXR0aW5ncyA8L3NwYW4+PC9saT4gICAgICAgICAgICAgICAgICAgICAgICAgICAgICAgICAgICA8L3VsPiAgICAgICAgICAgICAgICA8L2Rpdj4gICAgICAgICAgICAgICAgICAgICAgICAgICAgICAgIDxkaXYgY2xhc3M9ImNjbS1pbnRlbGxpZ2VudC1zZWFyY2gtcmVzdWx0cy1tb2R1bGUgY2NtLWludGVsbGlnZW50LXNlYXJjaC1yZXN1bHRzLW1vZHVsZS1vbnNpdGUiPiAgICAgICAgICAgICAgICA8aDE+UmVwb3J0czwvaDE+ICAgICAgICAgICAgICAgIDx1bCBjbGFzcz0iY2NtLWludGVsbGlnZW50LXNlYXJjaC1yZXN1bHRzLWxpc3QiPiAgICAgICAgICAgICAgICAgICAgICAgICAgICAgICAgICAgICAgICAgICAgICAgICAgICA8bGk+PGEgaHJlZj0iaHR0cDovL3ZhbmlsbGEuaGl2ZS10ZW1wbGF0ZS5sb2NhbC5mZTEuc3RnLmhhcnZlc3RkcC5hbmNob3IubmV0LmF1L2luZGV4LnBocC9kYXNoYm9hcmQvcmVwb3J0cy9jb252ZXJzYXRpb25zIj5Db252ZXJzYXRpb25zPC9hPjxzcGFuPlJlcG9ydHMgIENvbnZlcnNhdGlvbnMgY29udmVyc2F0aW9uLCBkaXNjdXNzaW9uLCBmb3J1bSwgZ3Vlc3Rib29rPC9zcGFuPjwvbGk+ICAgICAgICAgICAgICAgICAgICAgICAgICAgICAgICAgICAgICAgIDxsaT48YSBocmVmPSJodHRwOi8vdmFuaWxsYS5oaXZlLXRlbXBsYXRlLmxvY2FsLmZlMS5zdGcuaGFydmVzdGRwLmFuY2hvci5uZXQuYXUvaW5kZXgucGhwL2Rhc2hib2FyZC9yZXBvcnRzL2Zvcm1zIj5Gb3JtczwvYT48c3Bhbj5SZXBvcnRzICBGb3JtcyBmb3JtcywgcXVlc3Rpb25zLCByZXNwb25zZSwgZGF0YTwvc3Bhbj48L2xpPiAgICAgICAgICAgICAgICAgICAgICAgICAgICAgICAgICAgICAgICA8bGk+PGEgaHJlZj0iaHR0cDovL3ZhbmlsbGEuaGl2ZS10ZW1wbGF0ZS5sb2NhbC5mZTEuc3RnLmhhcnZlc3RkcC5hbmNob3IubmV0LmF1L2luZGV4LnBocC9kYXNoYm9hcmQvcmVwb3J0cy9zdXJ2ZXlzIj5Qb2xsczwvYT48c3Bhbj5SZXBvcnRzICBQb2xscyBxdWVzdGlvbnMsIHF1aXosIHJlc3BvbnNlPC9zcGFuPjwvbGk+ICAgICAgICAgICAgICAgICAgICAgICAgICAgICAgICAgICAgICAgIDxsaT48YSBocmVmPSJodHRwOi8vdmFuaWxsYS5oaXZlLXRlbXBsYXRlLmxvY2FsLmZlMS5zdGcuaGFydmVzdGRwLmFuY2hvci5uZXQuYXUvaW5kZXgucGhwL2Rhc2hib2FyZC9yZXBvcnRzL3N1YnNjcmlwdGlvbnMiPlN1YnNjcmlwdGlvbnM8L2E+PHNwYW4+UmVwb3J0cyAgU3Vic2NyaXB0aW9ucyA8L3NwYW4+PC9saT4gICAgICAgICAgICAgICAgICAgICAgICAgICAgICAgICAgICAgICAgPGxpPjxhIGhyZWY9Imh0dHA6Ly92YW5pbGxhLmhpdmUtdGVtcGxhdGUubG9jYWwuZmUxLnN0Zy5oYXJ2ZXN0ZHAuYW5jaG9yLm5ldC5hdS9pbmRleC5waHAvZGFzaGJvYXJkL3JlcG9ydHMvc29jaWFsX21hcHMiPlNvY2lhbCBNYXBwaW5nPC9hPjxzcGFuPlJlcG9ydHMgIFNvY2lhbCBNYXBwaW5nIDwvc3Bhbj48L2xpPiAgICAgICAgICAgICAgICAgICAgICAgICAgICAgICAgICAgICAgICA8bGk+PGEgaHJlZj0iaHR0cDovL3ZhbmlsbGEuaGl2ZS10ZW1wbGF0ZS5sb2NhbC5mZTEuc3RnLmhhcnZlc3RkcC5hbmNob3IubmV0LmF1L2luZGV4LnBocC9kYXNoYm9hcmQvcmVwb3J0cy92aXNpb25zIj5WaXNpb25pbmc8L2E+PHNwYW4+UmVwb3J0cyAgVmlzaW9uaW5nIDwvc3Bhbj48L2xpPiAgICAgICAgICAgICAgICAgICAgICAgICAgICAgICAgICAgICAgICA8bGk+PGEgaHJlZj0iaHR0cDovL3ZhbmlsbGEuaGl2ZS10ZW1wbGF0ZS5sb2NhbC5mZTEuc3RnLmhhcnZlc3RkcC5hbmNob3IubmV0LmF1L2luZGV4LnBocC9kYXNoYm9hcmQvcmVwb3J0cy9sb2dzIj5Mb2dzPC9hPjxzcGFuPlJlcG9ydHMgIExvZ3MgZm9ybXMsIGxvZywgZXJyb3IsIGVtYWlsLCBteXNxbCwgZXhjZXB0aW9uLCBzdXJ2ZXksIGhpc3Rvcnk8L3NwYW4+PC9saT4gICAgICAgICAgICAgICAgICAgICAgICAgICAgICAgICAgICAgICAgPGxpPjxhIGhyZWY9Imh0dHA6Ly92YW5pbGxhLmhpdmUtdGVtcGxhdGUubG9jYWwuZmUxLnN0Zy5oYXJ2ZXN0ZHAuYW5jaG9yLm5ldC5hdS9pbmRleC5waHAvZGFzaGJvYXJkL3JlcG9ydHMvb3ZlcnZpZXciPk92ZXJ2aWV3PC9hPjxzcGFuPlJlcG9ydHMgIE92ZXJ2aWV3IDwvc3Bhbj48L2xpPiAgICAgICAgICAgICAgICAgICAgICAgICAgICAgICAgICAgICAgICA8bGk+PGEgaHJlZj0iaHR0cDovL3ZhbmlsbGEuaGl2ZS10ZW1wbGF0ZS5sb2NhbC5mZTEuc3RnLmhhcnZlc3RkcC5hbmNob3IubmV0LmF1L2luZGV4LnBocC9kYXNoYm9hcmQvcmVwb3J0cy9hdWRpZW5jZSI+QXVkaWVuY2U8L2E+PHNwYW4+UmVwb3J0cyAgQXVkaWVuY2UgPC9zcGFuPjwvbGk+ICAgICAgICAgICAgICAgICAgICAgICAgICAgICAgICAgICAgICAgIDxsaT48YSBocmVmPSJodHRwOi8vdmFuaWxsYS5oaXZlLXRlbXBsYXRlLmxvY2FsLmZlMS5zdGcuaGFydmVzdGRwLmFuY2hvci5uZXQuYXUvaW5kZXgucGhwL2Rhc2hib2FyZC9yZXBvcnRzL3Jlc3VsdHMiPlJlc3VsdHM8L2E+PHNwYW4+UmVwb3J0cyAgUmVzdWx0cyA8L3NwYW4+PC9saT4gICAgICAgICAgICAgICAgICAgICAgICAgICAgICAgICAgICAgICAgPGxpPjxhIGhyZWY9Imh0dHA6Ly92YW5pbGxhLmhpdmUtdGVtcGxhdGUubG9jYWwuZmUxLnN0Zy5oYXJ2ZXN0ZHAuYW5jaG9yLm5ldC5hdS9pbmRleC5waHAvZGFzaGJvYXJkL3JlcG9ydHMvYmVoYXZpb3VyIj5CZWhhdmlvdXI8L2E+PHNwYW4+UmVwb3J0cyAgQmVoYXZpb3VyIDwvc3Bhbj48L2xpPiAgICAgICAgICAgICAgICAgICAgICAgICAgICAgICAgICAgICAgICA8bGk+PGEgaHJlZj0iaHR0cDovL3ZhbmlsbGEuaGl2ZS10ZW1wbGF0ZS5sb2NhbC5mZTEuc3RnLmhhcnZlc3RkcC5hbmNob3IubmV0LmF1L2luZGV4LnBocC9kYXNoYm9hcmQvcmVwb3J0cy9hY3F1aXNpdGlvbiI+QWNxdWlzaXRpb248L2E+PHNwYW4+UmVwb3J0cyAgQWNxdWlzaXRpb24gPC9zcGFuPjwvbGk+ICAgICAgICAgICAgICAgICAgICAgICAgICAgICAgICAgICAgICAgIDxsaT48YSBocmVmPSJodHRwOi8vdmFuaWxsYS5oaXZlLXRlbXBsYXRlLmxvY2FsLmZlMS5zdGcuaGFydmVzdGRwLmFuY2hvci5uZXQuYXUvaW5kZXgucGhwL2Rhc2hib2FyZC9yZXBvcnRzL3FhIj5RdWVzdGlvbiBhbmQgQW5zd2VyPC9hPjxzcGFuPlJlcG9ydHMgIFF1ZXN0aW9uIGFuZCBBbnN3ZXIgPC9zcGFuPjwvbGk+ICAgICAgICAgICAgICAgICAgICAgICAgICAgICAgICAgICAgPC91bD4gICAgICAgICAgICAgICAgPC9kaXY+ICAgICAgICAgICAgICAgICAgICAgICAgICAgICAgICA8ZGl2IGNsYXNzPSJjY20taW50ZWxsaWdlbnQtc2VhcmNoLXJlc3VsdHMtbW9kdWxlIGNjbS1pbnRlbGxpZ2VudC1zZWFyY2gtcmVzdWx0cy1tb2R1bGUtb25zaXRlIj4gICAgICAgICAgICAgICAgPGgxPkFuYWx5dGljczwvaDE+ICAgICAgICAgICAgICAgIDx1bCBjbGFzcz0iY2NtLWludGVsbGlnZW50LXNlYXJjaC1yZXN1bHRzLWxpc3QiPiAgICAgICAgICAgICAgICAgICAgICAgICAgICAgICAgICAgICAgICAgICAgICAgICAgICA8bGk+PGEgaHJlZj0iaHR0cDovL3ZhbmlsbGEuaGl2ZS10ZW1wbGF0ZS5sb2NhbC5mZTEuc3RnLmhhcnZlc3RkcC5hbmNob3IubmV0LmF1L2luZGV4LnBocC9kYXNoYm9hcmQvYW5hbHl0aWNzL3Nlc3Npb25zIj5TZXNzaW9uczwvYT48c3Bhbj5BbmFseXRpY3MgZm9ybXMsIGxvZywgZXJyb3IsIGVtYWlsLCBteXNxbCwgZXhjZXB0aW9uLCBzdXJ2ZXkgU2Vzc2lvbnMgPC9zcGFuPjwvbGk+ICAgICAgICAgICAgICAgICAgICAgICAgICAgICAgICAgICAgICAgIDxsaT48YSBocmVmPSJodHRwOi8vdmFuaWxsYS5oaXZlLXRlbXBsYXRlLmxvY2FsLmZlMS5zdGcuaGFydmVzdGRwLmFuY2hvci5uZXQuYXUvaW5kZXgucGhwL2Rhc2hib2FyZC9hbmFseXRpY3MvdmlzaXRvcnMiPlZpc2l0b3JzPC9hPjxzcGFuPkFuYWx5dGljcyBmb3JtcywgbG9nLCBlcnJvciwgZW1haWwsIG15c3FsLCBleGNlcHRpb24sIHN1cnZleSBWaXNpdG9ycyA8L3NwYW4+PC9saT4gICAgICAgICAgICAgICAgICAgICAgICAgICAgICAgICAgICA8L3VsPiAgICAgICAgICAgICAgICA8L2Rpdj4gICAgICAgICAgICAgICAgICAgICAgICAgICAgICAgIDxkaXYgY2xhc3M9ImNjbS1pbnRlbGxpZ2VudC1zZWFyY2gtcmVzdWx0cy1tb2R1bGUgY2NtLWludGVsbGlnZW50LXNlYXJjaC1yZXN1bHRzLW1vZHVsZS1vbnNpdGUiPiAgICAgICAgICAgICAgICA8aDE+RmlsZXM8L2gxPiAgICAgICAgICAgICAgICA8dWwgY2xhc3M9ImNjbS1pbnRlbGxpZ2VudC1zZWFyY2gtcmVzdWx0cy1saXN0Ij4gICAgICAgICAgICAgICAgICAgICAgICAgICAgICAgICAgICAgICAgICAgICAgICAgICAgPGxpPjxhIGhyZWY9Imh0dHA6Ly92YW5pbGxhLmhpdmUtdGVtcGxhdGUubG9jYWwuZmUxLnN0Zy5oYXJ2ZXN0ZHAuYW5jaG9yLm5ldC5hdS9pbmRleC5waHAvZGFzaGJvYXJkL2ZpbGVzL3NlYXJjaCI+RmlsZSBNYW5hZ2VyPC9hPjxzcGFuPkZpbGVzICBGaWxlIE1hbmFnZXIgYWRkIGZpbGUsIGRlbGV0ZSBmaWxlLCBjb3B5LCBtb3ZlLCBhbGlhcywgcmVzaXplLCBjcm9wLCByZW5hbWUsIGltYWdlcywgdGl0bGUsIGF0dHJpYnV0ZTwvc3Bhbj48L2xpPiAgICAgICAgICAgICAgICAgICAgICAgICAgICAgICAgICAgICAgICA8bGk+PGEgaHJlZj0iaHR0cDovL3ZhbmlsbGEuaGl2ZS10ZW1wbGF0ZS5sb2NhbC5mZTEuc3RnLmhhcnZlc3RkcC5hbmNob3IubmV0LmF1L2luZGV4LnBocC9kYXNoYm9hcmQvZmlsZXMvYXR0cmlidXRlcyI+QXR0cmlidXRlczwvYT48c3Bhbj5GaWxlcyAgQXR0cmlidXRlcyBmaWxlLCBmaWxlIGF0dHJpYnV0ZXMsIHRpdGxlLCBhdHRyaWJ1dGUsIGRlc2NyaXB0aW9uLCByZW5hbWU8L3NwYW4+PC9saT4gICAgICAgICAgICAgICAgICAgICAgICAgICAgICAgICAgICAgICAgPGxpPjxhIGhyZWY9Imh0dHA6Ly92YW5pbGxhLmhpdmUtdGVtcGxhdGUubG9jYWwuZmUxLnN0Zy5oYXJ2ZXN0ZHAuYW5jaG9yLm5ldC5hdS9pbmRleC5waHAvZGFzaGJvYXJkL2ZpbGVzL3NldHMiPkZpbGUgU2V0czwvYT48c3Bhbj5GaWxlcyAgRmlsZSBTZXRzIGZpbGVzLCBjYXRlZ29yeSwgY2F0ZWdvcmllczwvc3Bhbj48L2xpPiAgICAgICAgICAgICAgICAgICAgICAgICAgICAgICAgICAgICAgICA8bGk+PGEgaHJlZj0iaHR0cDovL3ZhbmlsbGEuaGl2ZS10ZW1wbGF0ZS5sb2NhbC5mZTEuc3RnLmhhcnZlc3RkcC5hbmNob3IubmV0LmF1L2luZGV4LnBocC9kYXNoYm9hcmQvZmlsZXMvYWRkX3NldCI+QWRkIEZpbGUgU2V0PC9hPjxzcGFuPkZpbGVzICBBZGQgRmlsZSBTZXQgbmV3IGZpbGUgc2V0PC9zcGFuPjwvbGk+ICAgICAgICAgICAgICAgICAgICAgICAgICAgICAgICAgICAgPC91bD4gICAgICAgICAgICAgICAgPC9kaXY+ICAgICAgICAgICAgICAgICAgICAgICAgICAgICAgICA8ZGl2IGNsYXNzPSJjY20taW50ZWxsaWdlbnQtc2VhcmNoLXJlc3VsdHMtbW9kdWxlIGNjbS1pbnRlbGxpZ2VudC1zZWFyY2gtcmVzdWx0cy1tb2R1bGUtb25zaXRlIj4gICAgICAgICAgICAgICAgPGgxPk1lbWJlcnM8L2gxPiAgICAgICAgICAgICAgICA8dWwgY2xhc3M9ImNjbS1pbnRlbGxpZ2VudC1zZWFyY2gtcmVzdWx0cy1saXN0Ij4gICAgICAgICAgICAgICAgICAgICAgICAgICAgICAgICAgICAgICAgICAgICAgICAgICAgPGxpPjxhIGhyZWY9Imh0dHA6Ly92YW5pbGxhLmhpdmUtdGVtcGxhdGUubG9jYWwuZmUxLnN0Zy5oYXJ2ZXN0ZHAuYW5jaG9yLm5ldC5hdS9pbmRleC5waHAvZGFzaGJvYXJkL3VzZXJzL2NvbW11bml0eSI+Q29tbXVuaXR5IE1lbWJlcnM8L2E+PHNwYW4+TWVtYmVycyB1c2VycywgZ3JvdXBzLCBwZW9wbGUsIGZpbmQsIGRlbGV0ZSB1c2VyLCByZW1vdmUgdXNlciwgY2hhbmdlIHBhc3N3b3JkLCBwYXNzd29yZCBDb21tdW5pdHkgTWVtYmVycyA8L3NwYW4+PC9saT4gICAgICAgICAgICAgICAgICAgICAgICAgICAgICAgICAgICAgICAgPGxpPjxhIGhyZWY9Imh0dHA6Ly92YW5pbGxhLmhpdmUtdGVtcGxhdGUubG9jYWwuZmUxLnN0Zy5oYXJ2ZXN0ZHAuYW5jaG9yLm5ldC5hdS9pbmRleC5waHAvZGFzaGJvYXJkL3VzZXJzL3NpdGUiPlNpdGUgVXNlcnM8L2E+PHNwYW4+TWVtYmVycyB1c2VycywgZ3JvdXBzLCBwZW9wbGUsIGZpbmQsIGRlbGV0ZSB1c2VyLCByZW1vdmUgdXNlciwgY2hhbmdlIHBhc3N3b3JkLCBwYXNzd29yZCBTaXRlIFVzZXJzIDwvc3Bhbj48L2xpPiAgICAgICAgICAgICAgICAgICAgICAgICAgICAgICAgICAgICAgICA8bGk+PGEgaHJlZj0iaHR0cDovL3ZhbmlsbGEuaGl2ZS10ZW1wbGF0ZS5sb2NhbC5mZTEuc3RnLmhhcnZlc3RkcC5hbmNob3IubmV0LmF1L2luZGV4LnBocC9kYXNoYm9hcmQvdXNlcnMvaW50ZXJuYWwiPkludGVybmFsIFVzZXJzPC9hPjxzcGFuPk1lbWJlcnMgdXNlcnMsIGdyb3VwcywgcGVvcGxlLCBmaW5kLCBkZWxldGUgdXNlciwgcmVtb3ZlIHVzZXIsIGNoYW5nZSBwYXNzd29yZCwgcGFzc3dvcmQgSW50ZXJuYWwgVXNlcnMgPC9zcGFuPjwvbGk+ICAgICAgICAgICAgICAgICAgICAgICAgICAgICAgICAgICAgICAgIDxsaT48YSBocmVmPSJodHRwOi8vdmFuaWxsYS5oaXZlLXRlbXBsYXRlLmxvY2FsLmZlMS5zdGcuaGFydmVzdGRwLmFuY2hvci5uZXQuYXUvaW5kZXgucGhwL2Rhc2hib2FyZC91c2Vycy9zZWFyY2giPkFsbCBVc2VyczwvYT48c3Bhbj5NZW1iZXJzIHVzZXJzLCBncm91cHMsIHBlb3BsZSwgZmluZCwgZGVsZXRlIHVzZXIsIHJlbW92ZSB1c2VyLCBjaGFuZ2UgcGFzc3dvcmQsIHBhc3N3b3JkIEFsbCBVc2VycyBmaW5kLCBzZWFyY2gsIHBlb3BsZSwgZGVsZXRlIHVzZXIsIHJlbW92ZSB1c2VyLCBjaGFuZ2UgcGFzc3dvcmQsIHBhc3N3b3JkPC9zcGFuPjwvbGk+ICAgICAgICAgICAgICAgICAgICAgICAgICAgICAgICAgICAgICAgIDxsaT48YSBocmVmPSJodHRwOi8vdmFuaWxsYS5oaXZlLXRlbXBsYXRlLmxvY2FsLmZlMS5zdGcuaGFydmVzdGRwLmFuY2hvci5uZXQuYXUvaW5kZXgucGhwL2Rhc2hib2FyZC91c2Vycy9ncm91cHMiPlVzZXIgR3JvdXBzPC9hPjxzcGFuPk1lbWJlcnMgdXNlcnMsIGdyb3VwcywgcGVvcGxlLCBmaW5kLCBkZWxldGUgdXNlciwgcmVtb3ZlIHVzZXIsIGNoYW5nZSBwYXNzd29yZCwgcGFzc3dvcmQgVXNlciBHcm91cHMgdXNlciwgZ3JvdXAsIHBlb3BsZSwgcGVybWlzc2lvbnMsIGV4cGlyZSwgYmFkZ2VzPC9zcGFuPjwvbGk+ICAgICAgICAgICAgICAgICAgICAgICAgICAgICAgICAgICAgICAgIDxsaT48YSBocmVmPSJodHRwOi8vdmFuaWxsYS5oaXZlLXRlbXBsYXRlLmxvY2FsLmZlMS5zdGcuaGFydmVzdGRwLmFuY2hvci5uZXQuYXUvaW5kZXgucGhwL2Rhc2hib2FyZC91c2Vycy9hdHRyaWJ1dGVzIj5BdHRyaWJ1dGVzPC9hPjxzcGFuPk1lbWJlcnMgdXNlcnMsIGdyb3VwcywgcGVvcGxlLCBmaW5kLCBkZWxldGUgdXNlciwgcmVtb3ZlIHVzZXIsIGNoYW5nZSBwYXNzd29yZCwgcGFzc3dvcmQgQXR0cmlidXRlcyB1c2VyIGF0dHJpYnV0ZXMsIHVzZXIgZGF0YSwgZ2F0aGVyIGRhdGEsIHJlZ2lzdHJhdGlvbiBkYXRhPC9zcGFuPjwvbGk+ICAgICAgICAgICAgICAgICAgICAgICAgICAgICAgICAgICAgICAgIDxsaT48YSBocmVmPSJodHRwOi8vdmFuaWxsYS5oaXZlLXRlbXBsYXRlLmxvY2FsLmZlMS5zdGcuaGFydmVzdGRwLmFuY2hvci5uZXQuYXUvaW5kZXgucGhwL2Rhc2hib2FyZC91c2Vycy9hZGQiPkFkZCBVc2VyPC9hPjxzcGFuPk1lbWJlcnMgdXNlcnMsIGdyb3VwcywgcGVvcGxlLCBmaW5kLCBkZWxldGUgdXNlciwgcmVtb3ZlIHVzZXIsIGNoYW5nZSBwYXNzd29yZCwgcGFzc3dvcmQgQWRkIFVzZXIgbmV3IHVzZXIsIGNyZWF0ZTwvc3Bhbj48L2xpPiAgICAgICAgICAgICAgICAgICAgICAgICAgICAgICAgICAgICAgICA8bGk+PGEgaHJlZj0iaHR0cDovL3ZhbmlsbGEuaGl2ZS10ZW1wbGF0ZS5sb2NhbC5mZTEuc3RnLmhhcnZlc3RkcC5hbmNob3IubmV0LmF1L2luZGV4LnBocC9kYXNoYm9hcmQvdXNlcnMvYWRkX2dyb3VwIj5BZGQgR3JvdXA8L2E+PHNwYW4+TWVtYmVycyB1c2VycywgZ3JvdXBzLCBwZW9wbGUsIGZpbmQsIGRlbGV0ZSB1c2VyLCByZW1vdmUgdXNlciwgY2hhbmdlIHBhc3N3b3JkLCBwYXNzd29yZCBBZGQgR3JvdXAgbmV3IHVzZXIgZ3JvdXAsIG5ldyBncm91cCwgZ3JvdXAsIGNyZWF0ZTwvc3Bhbj48L2xpPiAgICAgICAgICAgICAgICAgICAgICAgICAgICAgICAgICAgICAgICA8bGk+PGEgaHJlZj0iaHR0cDovL3ZhbmlsbGEuaGl2ZS10ZW1wbGF0ZS5sb2NhbC5mZTEuc3RnLmhhcnZlc3RkcC5hbmNob3IubmV0LmF1L2luZGV4LnBocC9kYXNoYm9hcmQvdXNlcnMvZ3JvdXBfc2V0cyI+R3JvdXAgU2V0czwvYT48c3Bhbj5NZW1iZXJzIHVzZXJzLCBncm91cHMsIHBlb3BsZSwgZmluZCwgZGVsZXRlIHVzZXIsIHJlbW92ZSB1c2VyLCBjaGFuZ2UgcGFzc3dvcmQsIHBhc3N3b3JkIEdyb3VwIFNldHMgZ3JvdXAgc2V0PC9zcGFuPjwvbGk+ICAgICAgICAgICAgICAgICAgICAgICAgICAgICAgICAgICAgICAgIDxsaT48YSBocmVmPSJodHRwOi8vdmFuaWxsYS5oaXZlLXRlbXBsYXRlLmxvY2FsLmZlMS5zdGcuaGFydmVzdGRwLmFuY2hvci5uZXQuYXUvaW5kZXgucGhwL2Rhc2hib2FyZC91c2Vycy9wb2ludHMiPkNvbW11bml0eSBQb2ludHM8L2E+PHNwYW4+TWVtYmVycyB1c2VycywgZ3JvdXBzLCBwZW9wbGUsIGZpbmQsIGRlbGV0ZSB1c2VyLCByZW1vdmUgdXNlciwgY2hhbmdlIHBhc3N3b3JkLCBwYXNzd29yZCBDb21tdW5pdHkgUG9pbnRzIGNvbW11bml0eSwgcG9pbnRzLCBrYXJtYTwvc3Bhbj48L2xpPiAgICAgICAgICAgICAgICAgICAgICAgICAgICAgICAgICAgIDwvdWw+ICAgICAgICAgICAgICAgIDwvZGl2PiAgICAgICAgICAgICAgICAgICAgICAgICAgICAgICAgPGRpdiBjbGFzcz0iY2NtLWludGVsbGlnZW50LXNlYXJjaC1yZXN1bHRzLW1vZHVsZSBjY20taW50ZWxsaWdlbnQtc2VhcmNoLXJlc3VsdHMtbW9kdWxlLW9uc2l0ZSI+ICAgICAgICAgICAgICAgIDxoMT5TaXRlbWFwPC9oMT4gICAgICAgICAgICAgICAgPHVsIGNsYXNzPSJjY20taW50ZWxsaWdlbnQtc2VhcmNoLXJlc3VsdHMtbGlzdCI+ICAgICAgICAgICAgICAgICAgICAgICAgICAgICAgICAgICAgICAgICAgICAgICAgICAgIDxsaT48YSBocmVmPSJodHRwOi8vdmFuaWxsYS5oaXZlLXRlbXBsYXRlLmxvY2FsLmZlMS5zdGcuaGFydmVzdGRwLmFuY2hvci5uZXQuYXUvaW5kZXgucGhwL2Rhc2hib2FyZC9zaXRlbWFwL2Z1bGwiPkZ1bGwgU2l0ZW1hcDwvYT48c3Bhbj5TaXRlbWFwIHBhZ2VzLCBhZGQgcGFnZSwgZGVsZXRlIHBhZ2UsIGNvcHksIG1vdmUsIGFsaWFzIEZ1bGwgU2l0ZW1hcCBwYWdlcywgYWRkIHBhZ2UsIGRlbGV0ZSBwYWdlLCBjb3B5LCBtb3ZlLCBhbGlhczwvc3Bhbj48L2xpPiAgICAgICAgICAgICAgICAgICAgICAgICAgICAgICAgICAgICAgICA8bGk+PGEgaHJlZj0iaHR0cDovL3ZhbmlsbGEuaGl2ZS10ZW1wbGF0ZS5sb2NhbC5mZTEuc3RnLmhhcnZlc3RkcC5hbmNob3IubmV0LmF1L2luZGV4LnBocC9kYXNoYm9hcmQvc2l0ZW1hcC9leHBsb3JlIj5GbGF0IFZpZXc8L2E+PHNwYW4+U2l0ZW1hcCBwYWdlcywgYWRkIHBhZ2UsIGRlbGV0ZSBwYWdlLCBjb3B5LCBtb3ZlLCBhbGlhcyBGbGF0IFZpZXcgcGFnZXMsIGFkZCBwYWdlLCBkZWxldGUgcGFnZSwgY29weSwgbW92ZSwgYWxpYXMsIGJ1bGs8L3NwYW4+PC9saT4gICAgICAgICAgICAgICAgICAgICAgICAgICAgICAgICAgICAgICAgPGxpPjxhIGhyZWY9Imh0dHA6Ly92YW5pbGxhLmhpdmUtdGVtcGxhdGUubG9jYWwuZmUxLnN0Zy5oYXJ2ZXN0ZHAuYW5jaG9yLm5ldC5hdS9pbmRleC5waHAvZGFzaGJvYXJkL3NpdGVtYXAvc2VhcmNoIj5QYWdlIFNlYXJjaDwvYT48c3Bhbj5TaXRlbWFwIHBhZ2VzLCBhZGQgcGFnZSwgZGVsZXRlIHBhZ2UsIGNvcHksIG1vdmUsIGFsaWFzIFBhZ2UgU2VhcmNoIGZpbmQgcGFnZSwgc2VhcmNoIHBhZ2UsIHNlYXJjaCwgZmluZCwgcGFnZXMsIHNpdGVtYXA8L3NwYW4+PC9saT4gICAgICAgICAgICAgICAgICAgICAgICAgICAgICAgICAgICA8L3VsPiAgICAgICAgICAgICAgICA8L2Rpdj4gICAgICAgICAgICAgICAgICAgICAgICAgICAgICAgIDxkaXYgY2xhc3M9ImNjbS1pbnRlbGxpZ2VudC1zZWFyY2gtcmVzdWx0cy1tb2R1bGUgY2NtLWludGVsbGlnZW50LXNlYXJjaC1yZXN1bHRzLW1vZHVsZS1vbnNpdGUiPiAgICAgICAgICAgICAgICA8aDE+UGFnZXMgJiBUaGVtZXM8L2gxPiAgICAgICAgICAgICAgICA8dWwgY2xhc3M9ImNjbS1pbnRlbGxpZ2VudC1zZWFyY2gtcmVzdWx0cy1saXN0Ij4gICAgICAgICAgICAgICAgICAgICAgICAgICAgICAgICAgICAgICAgICAgICAgICAgICAgPGxpPjxhIGhyZWY9Imh0dHA6Ly92YW5pbGxhLmhpdmUtdGVtcGxhdGUubG9jYWwuZmUxLnN0Zy5oYXJ2ZXN0ZHAuYW5jaG9yLm5ldC5hdS9pbmRleC5waHAvZGFzaGJvYXJkL3BhZ2VzL3RoZW1lcyI+VGhlbWVzPC9hPjxzcGFuPlBhZ2VzICYgVGhlbWVzICBUaGVtZXMgbmV3IHRoZW1lLCB0aGVtZSwgYWN0aXZlIHRoZW1lLCBjaGFuZ2UgdGhlbWUsIHRlbXBsYXRlLCBjc3M8L3NwYW4+PC9saT4gICAgICAgICAgICAgICAgICAgICAgICAgICAgICAgICAgICAgICAgPGxpPjxhIGhyZWY9Imh0dHA6Ly92YW5pbGxhLmhpdmUtdGVtcGxhdGUubG9jYWwuZmUxLnN0Zy5oYXJ2ZXN0ZHAuYW5jaG9yLm5ldC5hdS9pbmRleC5waHAvZGFzaGJvYXJkL3BhZ2VzL3R5cGVzIj5QYWdlIFR5cGVzPC9hPjxzcGFuPlBhZ2VzICYgVGhlbWVzICBQYWdlIFR5cGVzIDwvc3Bhbj48L2xpPiAgICAgICAgICAgICAgICAgICAgICAgICAgICAgICAgICAgICAgICA8bGk+PGEgaHJlZj0iaHR0cDovL3ZhbmlsbGEuaGl2ZS10ZW1wbGF0ZS5sb2NhbC5mZTEuc3RnLmhhcnZlc3RkcC5hbmNob3IubmV0LmF1L2luZGV4LnBocC9kYXNoYm9hcmQvcGFnZXMvdGVtcGxhdGVzIj5QYWdlIFRlbXBsYXRlczwvYT48c3Bhbj5QYWdlcyAmIFRoZW1lcyAgUGFnZSBUZW1wbGF0ZXMgPC9zcGFuPjwvbGk+ICAgICAgICAgICAgICAgICAgICAgICAgICAgICAgICAgICAgICAgIDxsaT48YSBocmVmPSJodHRwOi8vdmFuaWxsYS5oaXZlLXRlbXBsYXRlLmxvY2FsLmZlMS5zdGcuaGFydmVzdGRwLmFuY2hvci5uZXQuYXUvaW5kZXgucGhwL2Rhc2hib2FyZC9wYWdlcy9hdHRyaWJ1dGVzIj5BdHRyaWJ1dGVzPC9hPjxzcGFuPlBhZ2VzICYgVGhlbWVzICBBdHRyaWJ1dGVzIHBhZ2UgYXR0cmlidXRlcywgY3VzdG9tPC9zcGFuPjwvbGk+ICAgICAgICAgICAgICAgICAgICAgICAgICAgICAgICAgICAgICAgIDxsaT48YSBocmVmPSJodHRwOi8vdmFuaWxsYS5oaXZlLXRlbXBsYXRlLmxvY2FsLmZlMS5zdGcuaGFydmVzdGRwLmFuY2hvci5uZXQuYXUvaW5kZXgucGhwL2Rhc2hib2FyZC9wYWdlcy9zaW5nbGUiPlNpbmdsZSBQYWdlczwvYT48c3Bhbj5QYWdlcyAmIFRoZW1lcyAgU2luZ2xlIFBhZ2VzIHNpbmdsZSwgcGFnZSwgY3VzdG9tLCBhcHBsaWNhdGlvbjwvc3Bhbj48L2xpPiAgICAgICAgICAgICAgICAgICAgICAgICAgICAgICAgICAgICAgICA8bGk+PGEgaHJlZj0iaHR0cDovL3ZhbmlsbGEuaGl2ZS10ZW1wbGF0ZS5sb2NhbC5mZTEuc3RnLmhhcnZlc3RkcC5hbmNob3IubmV0LmF1L2luZGV4LnBocC9kYXNoYm9hcmQvcGFnZXMvZmVlZHMiPlJTUyBGZWVkczwvYT48c3Bhbj5QYWdlcyAmIFRoZW1lcyAgUlNTIEZlZWRzIGF0b20sIHJzcywgZmVlZCwgc3luZGljYXRpb248L3NwYW4+PC9saT4gICAgICAgICAgICAgICAgICAgICAgICAgICAgICAgICAgICA8L3VsPiAgICAgICAgICAgICAgICA8L2Rpdj4gICAgICAgICAgICAgICAgICAgICAgICAgICAgICAgIDxkaXYgY2xhc3M9ImNjbS1pbnRlbGxpZ2VudC1zZWFyY2gtcmVzdWx0cy1tb2R1bGUgY2NtLWludGVsbGlnZW50LXNlYXJjaC1yZXN1bHRzLW1vZHVsZS1vbnNpdGUiPiAgICAgICAgICAgICAgICA8aDE+Q29udmVyc2F0aW9uczwvaDE+ICAgICAgICAgICAgICAgIDx1bCBjbGFzcz0iY2NtLWludGVsbGlnZW50LXNlYXJjaC1yZXN1bHRzLWxpc3QiPiAgICAgICAgICAgICAgICAgICAgICAgICAgICAgICAgICAgICAgICAgICAgICAgICAgICA8bGk+PGEgaHJlZj0iaHR0cDovL3ZhbmlsbGEuaGl2ZS10ZW1wbGF0ZS5sb2NhbC5mZTEuc3RnLmhhcnZlc3RkcC5hbmNob3IubmV0LmF1L2luZGV4LnBocC9kYXNoYm9hcmQvY29udmVyc2F0aW9ucy9tZXNzYWdlcyI+TWVzc2FnZXM8L2E+PHNwYW4+Q29udmVyc2F0aW9ucyAgTWVzc2FnZXMgPC9zcGFuPjwvbGk+ICAgICAgICAgICAgICAgICAgICAgICAgICAgICAgICAgICAgPC91bD4gICAgICAgICAgICAgICAgPC9kaXY+ICAgICAgICAgICAgICAgICAgICAgICAgICAgICAgICA8ZGl2IGNsYXNzPSJjY20taW50ZWxsaWdlbnQtc2VhcmNoLXJlc3VsdHMtbW9kdWxlIGNjbS1pbnRlbGxpZ2VudC1zZWFyY2gtcmVzdWx0cy1tb2R1bGUtb25zaXRlIj4gICAgICAgICAgICAgICAgPGgxPlN0YWNrcyAmIEJsb2NrczwvaDE+ICAgICAgICAgICAgICAgIDx1bCBjbGFzcz0iY2NtLWludGVsbGlnZW50LXNlYXJjaC1yZXN1bHRzLWxpc3QiPiAgICAgICAgICAgICAgICAgICAgICAgICAgICAgICAgICAgICAgICAgICAgICAgICAgICA8bGk+PGEgaHJlZj0iaHR0cDovL3ZhbmlsbGEuaGl2ZS10ZW1wbGF0ZS5sb2NhbC5mZTEuc3RnLmhhcnZlc3RkcC5hbmNob3IubmV0LmF1L2luZGV4LnBocC9kYXNoYm9hcmQvYmxvY2tzL3N0YWNrcyI+U3RhY2tzPC9hPjxzcGFuPlN0YWNrcyAmIEJsb2NrcyAgU3RhY2tzIHN0YWNrcywgcmV1c2FibGUgY29udGVudCwgc2NyYXBib29rLCBjb3B5LCBwYXN0ZSwgcGFzdGUgYmxvY2ssIGNvcHkgYmxvY2ssIHNpdGUgbmFtZSwgbG9nbzwvc3Bhbj48L2xpPiAgICAgICAgICAgICAgICAgICAgICAgICAgICAgICAgICAgICAgICA8bGk+PGEgaHJlZj0iaHR0cDovL3ZhbmlsbGEuaGl2ZS10ZW1wbGF0ZS5sb2NhbC5mZTEuc3RnLmhhcnZlc3RkcC5hbmNob3IubmV0LmF1L2luZGV4LnBocC9kYXNoYm9hcmQvYmxvY2tzL3Blcm1pc3Npb25zIj5CbG9jayAmIFN0YWNrIFBlcm1pc3Npb25zPC9hPjxzcGFuPlN0YWNrcyAmIEJsb2NrcyAgQmxvY2sgJiBTdGFjayBQZXJtaXNzaW9ucyA8L3NwYW4+PC9saT4gICAgICAgICAgICAgICAgICAgICAgICAgICAgICAgICAgICAgICAgPGxpPjxhIGhyZWY9Imh0dHA6Ly92YW5pbGxhLmhpdmUtdGVtcGxhdGUubG9jYWwuZmUxLnN0Zy5oYXJ2ZXN0ZHAuYW5jaG9yLm5ldC5hdS9pbmRleC5waHAvZGFzaGJvYXJkL2Jsb2Nrcy90eXBlcyI+QmxvY2sgVHlwZXM8L2E+PHNwYW4+U3RhY2tzICYgQmxvY2tzICBCbG9jayBUeXBlcyBibG9jaywgcmVmcmVzaCwgY3VzdG9tPC9zcGFuPjwvbGk+ICAgICAgICAgICAgICAgICAgICAgICAgICAgICAgICAgICAgPC91bD4gICAgICAgICAgICAgICAgPC9kaXY+ICAgICAgICAgICAgICAgICAgICAgICAgICAgICAgICA8ZGl2IGNsYXNzPSJjY20taW50ZWxsaWdlbnQtc2VhcmNoLXJlc3VsdHMtbW9kdWxlIGNjbS1pbnRlbGxpZ2VudC1zZWFyY2gtcmVzdWx0cy1tb2R1bGUtb25zaXRlIj4gICAgICAgICAgICAgICAgPGgxPkV4dGVuZCBUaGUgSGl2ZTwvaDE+ICAgICAgICAgICAgICAgIDx1bCBjbGFzcz0iY2NtLWludGVsbGlnZW50LXNlYXJjaC1yZXN1bHRzLWxpc3QiPiAgICAgICAgICAgICAgICAgICAgICAgICAgICAgICAgICAgICAgICAgICAgICAgICAgICA8bGk+PGEgaHJlZj0iaHR0cDovL3ZhbmlsbGEuaGl2ZS10ZW1wbGF0ZS5sb2NhbC5mZTEuc3RnLmhhcnZlc3RkcC5hbmNob3IubmV0LmF1L2luZGV4LnBocC9kYXNoYm9hcmQvZXh0ZW5kL2luc3RhbGwiPkFkZCBGdW5jdGlvbmFsaXR5PC9hPjxzcGFuPkV4dGVuZCBUaGUgSGl2ZSBhZGQtb24sIGFkZG9uLCBhZGQgb24sIHBhY2thZ2UsIGFwcCwgZWNvbW1lcmNlLCBkaXNjdXNzaW9ucywgZm9ydW1zLCB0aGVtZXMsIHRlbXBsYXRlcywgYmxvY2tzIEFkZCBGdW5jdGlvbmFsaXR5IGFkZC1vbiwgYWRkb24sIGVjb21tZXJjZSwgaW5zdGFsbCwgZGlzY3Vzc2lvbnMsIGZvcnVtcywgdGhlbWVzLCB0ZW1wbGF0ZXMsIGJsb2Nrczwvc3Bhbj48L2xpPiAgICAgICAgICAgICAgICAgICAgICAgICAgICAgICAgICAgICAgICA8bGk+PGEgaHJlZj0iaHR0cDovL3ZhbmlsbGEuaGl2ZS10ZW1wbGF0ZS5sb2NhbC5mZTEuc3RnLmhhcnZlc3RkcC5hbmNob3IubmV0LmF1L2luZGV4LnBocC9kYXNoYm9hcmQvZXh0ZW5kL3VwZGF0ZSI+VXBkYXRlIEFkZC1PbnM8L2E+PHNwYW4+RXh0ZW5kIFRoZSBIaXZlIGFkZC1vbiwgYWRkb24sIGFkZCBvbiwgcGFja2FnZSwgYXBwLCBlY29tbWVyY2UsIGRpc2N1c3Npb25zLCBmb3J1bXMsIHRoZW1lcywgdGVtcGxhdGVzLCBibG9ja3MgVXBkYXRlIEFkZC1PbnMgdXBkYXRlLCB1cGdyYWRlPC9zcGFuPjwvbGk+ICAgICAgICAgICAgICAgICAgICAgICAgICAgICAgICAgICAgICAgIDxsaT48YSBocmVmPSJodHRwOi8vdmFuaWxsYS5oaXZlLXRlbXBsYXRlLmxvY2FsLmZlMS5zdGcuaGFydmVzdGRwLmFuY2hvci5uZXQuYXUvaW5kZXgucGhwL2Rhc2hib2FyZC9leHRlbmQvY29ubmVjdCI+Q29ubmVjdCB0byB0aGUgQ29tbXVuaXR5PC9hPjxzcGFuPkV4dGVuZCBUaGUgSGl2ZSBhZGQtb24sIGFkZG9uLCBhZGQgb24sIHBhY2thZ2UsIGFwcCwgZWNvbW1lcmNlLCBkaXNjdXNzaW9ucywgZm9ydW1zLCB0aGVtZXMsIHRlbXBsYXRlcywgYmxvY2tzIENvbm5lY3QgdG8gdGhlIENvbW11bml0eSBjb25jcmV0ZTUub3JnLCBteSBhY2NvdW50LCBtYXJrZXRwbGFjZTwvc3Bhbj48L2xpPiAgICAgICAgICAgICAgICAgICAgICAgICAgICAgICAgICAgICAgICA8bGk+PGEgaHJlZj0iaHR0cDovL3ZhbmlsbGEuaGl2ZS10ZW1wbGF0ZS5sb2NhbC5mZTEuc3RnLmhhcnZlc3RkcC5hbmNob3IubmV0LmF1L2luZGV4LnBocC9kYXNoYm9hcmQvZXh0ZW5kL3RoZW1lcyI+R2V0IE1vcmUgVGhlbWVzPC9hPjxzcGFuPkV4dGVuZCBUaGUgSGl2ZSBhZGQtb24sIGFkZG9uLCBhZGQgb24sIHBhY2thZ2UsIGFwcCwgZWNvbW1lcmNlLCBkaXNjdXNzaW9ucywgZm9ydW1zLCB0aGVtZXMsIHRlbXBsYXRlcywgYmxvY2tzIEdldCBNb3JlIFRoZW1lcyBidXkgdGhlbWUsIG5ldyB0aGVtZSwgbWFya2V0cGxhY2UsIHRlbXBsYXRlPC9zcGFuPjwvbGk+ICAgICAgICAgICAgICAgICAgICAgICAgICAgICAgICAgICAgICAgIDxsaT48YSBocmVmPSJodHRwOi8vdmFuaWxsYS5oaXZlLXRlbXBsYXRlLmxvY2FsLmZlMS5zdGcuaGFydmVzdGRwLmFuY2hvci5uZXQuYXUvaW5kZXgucGhwL2Rhc2hib2FyZC9leHRlbmQvYWRkb25zIj5HZXQgTW9yZSBBZGQtT25zPC9hPjxzcGFuPkV4dGVuZCBUaGUgSGl2ZSBhZGQtb24sIGFkZG9uLCBhZGQgb24sIHBhY2thZ2UsIGFwcCwgZWNvbW1lcmNlLCBkaXNjdXNzaW9ucywgZm9ydW1zLCB0aGVtZXMsIHRlbXBsYXRlcywgYmxvY2tzIEdldCBNb3JlIEFkZC1PbnMgYnV5IGFkZG9uLCBidXkgYWRkIG9uLCBidXkgYWRkLW9uLCBwdXJjaGFzZSBhZGRvbiwgcHVyY2hhc2UgYWRkIG9uLCBwdXJjaGFzZSBhZGQtb24sIGZpbmQgYWRkb24sIG5ldyBhZGRvbiwgbWFya2V0cGxhY2U8L3NwYW4+PC9saT4gICAgICAgICAgICAgICAgICAgICAgICAgICAgICAgICAgICA8L3VsPiAgICAgICAgICAgICAgICA8L2Rpdj4gICAgICAgICAgICAgICAgICAgICAgICAgICAgICAgIDxkaXYgY2xhc3M9ImNjbS1pbnRlbGxpZ2VudC1zZWFyY2gtcmVzdWx0cy1tb2R1bGUgY2NtLWludGVsbGlnZW50LXNlYXJjaC1yZXN1bHRzLW1vZHVsZS1vbnNpdGUiPiAgICAgICAgICAgICAgICA8aDE+RGFzaGJvYXJkPC9oMT4gICAgICAgICAgICAgICAgPHVsIGNsYXNzPSJjY20taW50ZWxsaWdlbnQtc2VhcmNoLXJlc3VsdHMtbGlzdCI+ICAgICAgICAgICAgICAgICAgICAgICAgICAgICAgICAgICAgPGxpPjxhIGhyZWY9Imh0dHA6Ly92YW5pbGxhLmhpdmUtdGVtcGxhdGUubG9jYWwuZmUxLnN0Zy5oYXJ2ZXN0ZHAuYW5jaG9yLm5ldC5hdS9pbmRleC5waHAvZGFzaGJvYXJkL25ld3MiPkRhc2hib2FyZDwvYT48c3Bhbj5EYXNoYm9hcmQgPC9zcGFuPjwvbGk+ICAgICAgICAgICAgICAgICAgICAgICAgICAgICAgICAgICAgICAgICAgICAgICAgICAgIDwvdWw+ICAgICAgICAgICAgICAgIDwvZGl2PiAgICAgICAgICAgICAgICAgICAgICAgICAgICAgICAgPGRpdiBjbGFzcz0iY2NtLWludGVsbGlnZW50LXNlYXJjaC1yZXN1bHRzLW1vZHVsZSBjY20taW50ZWxsaWdlbnQtc2VhcmNoLXJlc3VsdHMtbW9kdWxlLW9uc2l0ZSI+ICAgICAgICAgICAgICAgIDxoMT5TeXN0ZW0gJiBTZXR0aW5nczwvaDE+ICAgICAgICAgICAgICAgIDx1bCBjbGFzcz0iY2NtLWludGVsbGlnZW50LXNlYXJjaC1yZXN1bHRzLWxpc3QiPiAgICAgICAgICAgICAgICAgICAgICAgICAgICAgICAgICAgICAgICAgICAgICAgICAgICA8bGk+PGEgaHJlZj0iaHR0cDovL3ZhbmlsbGEuaGl2ZS10ZW1wbGF0ZS5sb2NhbC5mZTEuc3RnLmhhcnZlc3RkcC5hbmNob3IubmV0LmF1L2luZGV4LnBocC9kYXNoYm9hcmQvc3lzdGVtIj5WaWV3IEFsbDwvYT48c3Bhbj5TeXN0ZW0gJiBTZXR0aW5ncyBkYXNoYm9hcmQsIGNvbmZpZ3VyYXRpb248L3NwYW4+PC9saT4gICAgICAgICAgICAgICAgICAgICAgICAgICAgICAgICAgICAgICAgPGxpPjxhIGhyZWY9Imh0dHA6Ly92YW5pbGxhLmhpdmUtdGVtcGxhdGUubG9jYWwuZmUxLnN0Zy5oYXJ2ZXN0ZHAuYW5jaG9yLm5ldC5hdS9pbmRleC5waHAvZGFzaGJvYXJkL3N5c3RlbS9iYXNpY3MiPkJhc2ljczwvYT48c3Bhbj5CYXNpY3MgPC9zcGFuPjwvbGk+ICAgICAgICAgICAgICAgICAgICAgICAgICAgICAgICAgICAgICAgIDxsaT48YSBocmVmPSJodHRwOi8vdmFuaWxsYS5oaXZlLXRlbXBsYXRlLmxvY2FsLmZlMS5zdGcuaGFydmVzdGRwLmFuY2hvci5uZXQuYXUvaW5kZXgucGhwL2Rhc2hib2FyZC9zeXN0ZW0vYmFzaWNzL25hbWUiPlNpdGUgTmFtZTwvYT48c3Bhbj5TaXRlIE5hbWUgd2Vic2l0ZSBuYW1lLCB0aXRsZTwvc3Bhbj48L2xpPiAgICAgICAgICAgICAgICAgICAgICAgICAgICAgICAgICAgICAgICA8bGk+PGEgaHJlZj0iaHR0cDovL3ZhbmlsbGEuaGl2ZS10ZW1wbGF0ZS5sb2NhbC5mZTEuc3RnLmhhcnZlc3RkcC5hbmNob3IubmV0LmF1L2luZGV4LnBocC9kYXNoYm9hcmQvc3lzdGVtL2Jhc2ljcy9hY2Nlc3NpYmlsaXR5Ij5BY2Nlc3NpYmlsaXR5PC9hPjxzcGFuPkFjY2Vzc2liaWxpdHkgYWNjZXNzaWJpbGl0eSwgZWFzeSBtb2RlPC9zcGFuPjwvbGk+ICAgICAgICAgICAgICAgICAgICAgICAgICAgICAgICAgICAgICAgIDxsaT48YSBocmVmPSJodHRwOi8vdmFuaWxsYS5oaXZlLXRlbXBsYXRlLmxvY2FsLmZlMS5zdGcuaGFydmVzdGRwLmFuY2hvci5uZXQuYXUvaW5kZXgucGhwL2Rhc2hib2FyZC9zeXN0ZW0vYmFzaWNzL3NvY2lhbCI+U29jaWFsIExpbmtzPC9hPjxzcGFuPlNvY2lhbCBMaW5rcyBzaGFyaW5nLCBmYWNlYm9vaywgdHdpdHRlcjwvc3Bhbj48L2xpPiAgICAgICAgICAgICAgICAgICAgICAgICAgICAgICAgICAgICAgICA8bGk+PGEgaHJlZj0iaHR0cDovL3ZhbmlsbGEuaGl2ZS10ZW1wbGF0ZS5sb2NhbC5mZTEuc3RnLmhhcnZlc3RkcC5hbmNob3IubmV0LmF1L2luZGV4LnBocC9kYXNoYm9hcmQvc3lzdGVtL2Jhc2ljcy9pY29ucyI+Qm9va21hcmsgSWNvbnM8L2E+PHNwYW4+Qm9va21hcmsgSWNvbnMgbG9nbywgZmF2aWNvbiwgaXBob25lLCBpY29uLCBib29rbWFyazwvc3Bhbj48L2xpPiAgICAgICAgICAgICAgICAgICAgICAgICAgICAgICAgICAgICAgICA8bGk+PGEgaHJlZj0iaHR0cDovL3ZhbmlsbGEuaGl2ZS10ZW1wbGF0ZS5sb2NhbC5mZTEuc3RnLmhhcnZlc3RkcC5hbmNob3IubmV0LmF1L2luZGV4LnBocC9kYXNoYm9hcmQvc3lzdGVtL2Jhc2ljcy9lZGl0b3IiPlJpY2ggVGV4dCBFZGl0b3I8L2E+PHNwYW4+UmljaCBUZXh0IEVkaXRvciB0aW55bWNlLCBjb250ZW50IGJsb2NrLCBmb250cywgZWRpdG9yLCBjb250ZW50LCBvdmVybGF5PC9zcGFuPjwvbGk+ICAgICAgICAgICAgICAgICAgICAgICAgICAgICAgICAgICAgICAgIDxsaT48YSBocmVmPSJodHRwOi8vdmFuaWxsYS5oaXZlLXRlbXBsYXRlLmxvY2FsLmZlMS5zdGcuaGFydmVzdGRwLmFuY2hvci5uZXQuYXUvaW5kZXgucGhwL2Rhc2hib2FyZC9zeXN0ZW0vYmFzaWNzL211bHRpbGluZ3VhbCI+TGFuZ3VhZ2VzPC9hPjxzcGFuPkxhbmd1YWdlcyB0cmFuc2xhdGUsIHRyYW5zbGF0aW9uLCBpbnRlcm5hdGlvbmFsaXphdGlvbiwgbXVsdGlsaW5ndWFsPC9zcGFuPjwvbGk+ICAgICAgICAgICAgICAgICAgICAgICAgICAgICAgICAgICAgICAgIDxsaT48YSBocmVmPSJodHRwOi8vdmFuaWxsYS5oaXZlLXRlbXBsYXRlLmxvY2FsLmZlMS5zdGcuaGFydmVzdGRwLmFuY2hvci5uZXQuYXUvaW5kZXgucGhwL2Rhc2hib2FyZC9zeXN0ZW0vYmFzaWNzL3RpbWV6b25lIj5UaW1lIFpvbmU8L2E+PHNwYW4+VGltZSBab25lIHRpbWV6b25lLCBwcm9maWxlLCBsb2NhbGU8L3NwYW4+PC9saT4gICAgICAgICAgICAgICAgICAgICAgICAgICAgICAgICAgICAgICAgPGxpPjxhIGhyZWY9Imh0dHA6Ly92YW5pbGxhLmhpdmUtdGVtcGxhdGUubG9jYWwuZmUxLnN0Zy5oYXJ2ZXN0ZHAuYW5jaG9yLm5ldC5hdS9pbmRleC5waHAvZGFzaGJvYXJkL3N5c3RlbS9iYXNpY3MvYXBpIj5BUEkga2V5czwvYT48c3Bhbj5BUEkga2V5cyA8L3NwYW4+PC9saT4gICAgICAgICAgICAgICAgICAgICAgICAgICAgICAgICAgICAgICAgPGxpPjxhIGhyZWY9Imh0dHA6Ly92YW5pbGxhLmhpdmUtdGVtcGxhdGUubG9jYWwuZmUxLnN0Zy5oYXJ2ZXN0ZHAuYW5jaG9yLm5ldC5hdS9pbmRleC5waHAvZGFzaGJvYXJkL3N5c3RlbS9tdWx0aWxpbmd1YWwiPk11bHRpbGluZ3VhbDwvYT48c3Bhbj5NdWx0aWxpbmd1YWwgbXVsdGlsaW5ndWFsLCBsb2NhbGl6YXRpb24sIGludGVybmF0aW9uYWxpemF0aW9uLCBpMThuPC9zcGFuPjwvbGk+ICAgICAgICAgICAgICAgICAgICAgICAgICAgICAgICAgICAgICAgIDxsaT48YSBocmVmPSJodHRwOi8vdmFuaWxsYS5oaXZlLXRlbXBsYXRlLmxvY2FsLmZlMS5zdGcuaGFydmVzdGRwLmFuY2hvci5uZXQuYXUvaW5kZXgucGhwL2Rhc2hib2FyZC9zeXN0ZW0vbXVsdGlsaW5ndWFsL3NldHVwIj5NdWx0aWxpbmd1YWwgU2V0dXA8L2E+PHNwYW4+TXVsdGlsaW5ndWFsIFNldHVwIDwvc3Bhbj48L2xpPiAgICAgICAgICAgICAgICAgICAgICAgICAgICAgICAgICAgICAgICA8bGk+PGEgaHJlZj0iaHR0cDovL3ZhbmlsbGEuaGl2ZS10ZW1wbGF0ZS5sb2NhbC5mZTEuc3RnLmhhcnZlc3RkcC5hbmNob3IubmV0LmF1L2luZGV4LnBocC9kYXNoYm9hcmQvc3lzdGVtL211bHRpbGluZ3VhbC9wYWdlX3JlcG9ydCI+UGFnZSBSZXBvcnQ8L2E+PHNwYW4+UGFnZSBSZXBvcnQgPC9zcGFuPjwvbGk+ICAgICAgICAgICAgICAgICAgICAgICAgICAgICAgICAgICAgICAgIDxsaT48YSBocmVmPSJodHRwOi8vdmFuaWxsYS5oaXZlLXRlbXBsYXRlLmxvY2FsLmZlMS5zdGcuaGFydmVzdGRwLmFuY2hvci5uZXQuYXUvaW5kZXgucGhwL2Rhc2hib2FyZC9zeXN0ZW0vbXVsdGlsaW5ndWFsL3RyYW5zbGF0ZV9pbnRlcmZhY2UiPlRyYW5zbGF0ZSBTaXRlIEludGVyZmFjZTwvYT48c3Bhbj5UcmFuc2xhdGUgU2l0ZSBJbnRlcmZhY2UgPC9zcGFuPjwvbGk+ICAgICAgICAgICAgICAgICAgICAgICAgICAgICAgICAgICAgICAgIDxsaT48YSBocmVmPSJodHRwOi8vdmFuaWxsYS5oaXZlLXRlbXBsYXRlLmxvY2FsLmZlMS5zdGcuaGFydmVzdGRwLmFuY2hvci5uZXQuYXUvaW5kZXgucGhwL2Rhc2hib2FyZC9zeXN0ZW0vbXVsdGlsaW5ndWFsL2NvcHkiPkNvcHkgTGFuZ3VhZ2VzPC9hPjxzcGFuPkNvcHkgTGFuZ3VhZ2VzIDwvc3Bhbj48L2xpPiAgICAgICAgICAgICAgICAgICAgICAgICAgICAgICAgICAgICAgICA8bGk+PGEgaHJlZj0iaHR0cDovL3ZhbmlsbGEuaGl2ZS10ZW1wbGF0ZS5sb2NhbC5mZTEuc3RnLmhhcnZlc3RkcC5hbmNob3IubmV0LmF1L2luZGV4LnBocC9kYXNoYm9hcmQvc3lzdGVtL3NlbyI+U0VPICYgU3RhdGlzdGljczwvYT48c3Bhbj5TRU8gJiBTdGF0aXN0aWNzIDwvc3Bhbj48L2xpPiAgICAgICAgICAgICAgICAgICAgICAgICAgICAgICAgICAgICAgICA8bGk+PGEgaHJlZj0iaHR0cDovL3ZhbmlsbGEuaGl2ZS10ZW1wbGF0ZS5sb2NhbC5mZTEuc3RnLmhhcnZlc3RkcC5hbmNob3IubmV0LmF1L2luZGV4LnBocC9kYXNoYm9hcmQvc3lzdGVtL3Nlby91cmxzIj5VUkxzIGFuZCBSZWRpcmVjdGlvbjwvYT48c3Bhbj5VUkxzIGFuZCBSZWRpcmVjdGlvbiB2YW5pdHksIHByZXR0eSB1cmwsIHNlbywgcGFnZXZpZXcsIHZpZXc8L3NwYW4+PC9saT4gICAgICAgICAgICAgICAgICAgICAgICAgICAgICAgICAgICAgICAgPGxpPjxhIGhyZWY9Imh0dHA6Ly92YW5pbGxhLmhpdmUtdGVtcGxhdGUubG9jYWwuZmUxLnN0Zy5oYXJ2ZXN0ZHAuYW5jaG9yLm5ldC5hdS9pbmRleC5waHAvZGFzaGJvYXJkL3N5c3RlbS9zZW8vYnVsayI+QnVsayBTRU8gVXBkYXRlcjwvYT48c3Bhbj5CdWxrIFNFTyBVcGRhdGVyIGJ1bGssIHNlbywgY2hhbmdlIGtleXdvcmRzLCBlbmdpbmUsIG9wdGltaXphdGlvbiwgc2VhcmNoPC9zcGFuPjwvbGk+ICAgICAgICAgICAgICAgICAgICAgICAgICAgICAgICAgICAgICAgIDxsaT48YSBocmVmPSJodHRwOi8vdmFuaWxsYS5oaXZlLXRlbXBsYXRlLmxvY2FsLmZlMS5zdGcuaGFydmVzdGRwLmFuY2hvci5uZXQuYXUvaW5kZXgucGhwL2Rhc2hib2FyZC9zeXN0ZW0vc2VvL2NvZGVzIj5UcmFja2luZyBDb2RlczwvYT48c3Bhbj5UcmFja2luZyBDb2RlcyB0cmFmZmljLCBzdGF0aXN0aWNzLCBnb29nbGUgYW5hbHl0aWNzLCBxdWFudCwgcGFnZXZpZXdzLCBoaXRzPC9zcGFuPjwvbGk+ICAgICAgICAgICAgICAgICAgICAgICAgICAgICAgICAgICAgICAgIDxsaT48YSBocmVmPSJodHRwOi8vdmFuaWxsYS5oaXZlLXRlbXBsYXRlLmxvY2FsLmZlMS5zdGcuaGFydmVzdGRwLmFuY2hvci5uZXQuYXUvaW5kZXgucGhwL2Rhc2hib2FyZC9zeXN0ZW0vc2VvL2V4Y2x1ZGVkIj5FeGNsdWRlZCBVUkwgV29yZCBMaXN0PC9hPjxzcGFuPkV4Y2x1ZGVkIFVSTCBXb3JkIExpc3QgcHJldHR5LCBzbHVnPC9zcGFuPjwvbGk+ICAgICAgICAgICAgICAgICAgICAgICAgICAgICAgICAgICAgICAgIDxsaT48YSBocmVmPSJodHRwOi8vdmFuaWxsYS5oaXZlLXRlbXBsYXRlLmxvY2FsLmZlMS5zdGcuaGFydmVzdGRwLmFuY2hvci5uZXQuYXUvaW5kZXgucGhwL2Rhc2hib2FyZC9zeXN0ZW0vc2VvL3NlYXJjaGluZGV4Ij5TZWFyY2ggSW5kZXg8L2E+PHNwYW4+U2VhcmNoIEluZGV4IGNvbmZpZ3VyZSBzZWFyY2gsIHNpdGUgc2VhcmNoLCBzZWFyY2ggb3B0aW9uPC9zcGFuPjwvbGk+ICAgICAgICAgICAgICAgICAgICAgICAgICAgICAgICAgICAgICAgIDxsaT48YSBocmVmPSJodHRwOi8vdmFuaWxsYS5oaXZlLXRlbXBsYXRlLmxvY2FsLmZlMS5zdGcuaGFydmVzdGRwLmFuY2hvci5uZXQuYXUvaW5kZXgucGhwL2Rhc2hib2FyZC9zeXN0ZW0vZmlsZXMiPkZpbGVzPC9hPjxzcGFuPkZpbGVzIDwvc3Bhbj48L2xpPiAgICAgICAgICAgICAgICAgICAgICAgICAgICAgICAgICAgICAgICA8bGk+PGEgaHJlZj0iaHR0cDovL3ZhbmlsbGEuaGl2ZS10ZW1wbGF0ZS5sb2NhbC5mZTEuc3RnLmhhcnZlc3RkcC5hbmNob3IubmV0LmF1L2luZGV4LnBocC9kYXNoYm9hcmQvc3lzdGVtL2ZpbGVzL3Blcm1pc3Npb25zIj5GaWxlIE1hbmFnZXIgUGVybWlzc2lvbnM8L2E+PHNwYW4+RmlsZSBNYW5hZ2VyIFBlcm1pc3Npb25zIGZpbGUgb3B0aW9ucywgZmlsZSBtYW5hZ2VyLCB1cGxvYWQsIG1vZGlmeTwvc3Bhbj48L2xpPiAgICAgICAgICAgICAgICAgICAgICAgICAgICAgICAgICAgICAgICA8bGk+PGEgaHJlZj0iaHR0cDovL3ZhbmlsbGEuaGl2ZS10ZW1wbGF0ZS5sb2NhbC5mZTEuc3RnLmhhcnZlc3RkcC5hbmNob3IubmV0LmF1L2luZGV4LnBocC9kYXNoYm9hcmQvc3lzdGVtL2ZpbGVzL2ZpbGV0eXBlcyI+QWxsb3dlZCBGaWxlIFR5cGVzPC9hPjxzcGFuPkFsbG93ZWQgRmlsZSBUeXBlcyBzZWN1cml0eSwgZmlsZXMsIG1lZGlhLCBleHRlbnNpb24sIG1hbmFnZXIsIHVwbG9hZDwvc3Bhbj48L2xpPiAgICAgICAgICAgICAgICAgICAgICAgICAgICAgICAgICAgICAgICA8bGk+PGEgaHJlZj0iaHR0cDovL3ZhbmlsbGEuaGl2ZS10ZW1wbGF0ZS5sb2NhbC5mZTEuc3RnLmhhcnZlc3RkcC5hbmNob3IubmV0LmF1L2luZGV4LnBocC9kYXNoYm9hcmQvc3lzdGVtL2ZpbGVzL3RodW1ibmFpbHMiPlRodW1ibmFpbHM8L2E+PHNwYW4+VGh1bWJuYWlscyBpbWFnZXMsIHBpY3R1cmUsIHJlc3BvbnNpdmUsIHJldGluYTwvc3Bhbj48L2xpPiAgICAgICAgICAgICAgICAgICAgICAgICAgICAgICAgICAgICAgICA8bGk+PGEgaHJlZj0iaHR0cDovL3ZhbmlsbGEuaGl2ZS10ZW1wbGF0ZS5sb2NhbC5mZTEuc3RnLmhhcnZlc3RkcC5hbmNob3IubmV0LmF1L2luZGV4LnBocC9kYXNoYm9hcmQvc3lzdGVtL2ZpbGVzL3N0b3JhZ2UiPkZpbGUgU3RvcmFnZSBMb2NhdGlvbnM8L2E+PHNwYW4+RmlsZSBTdG9yYWdlIExvY2F0aW9ucyBzZWN1cml0eSwgYWx0ZXJuYXRlIHN0b3JhZ2UsIGhpZGUgZmlsZXM8L3NwYW4+PC9saT4gICAgICAgICAgICAgICAgICAgICAgICAgICAgICAgICAgICAgICAgPGxpPjxhIGhyZWY9Imh0dHA6Ly92YW5pbGxhLmhpdmUtdGVtcGxhdGUubG9jYWwuZmUxLnN0Zy5oYXJ2ZXN0ZHAuYW5jaG9yLm5ldC5hdS9pbmRleC5waHAvZGFzaGJvYXJkL3N5c3RlbS9maWxlcy9pbWFnZV91cGxvYWRpbmciPkltYWdlIFVwbG9hZGluZzwvYT48c3Bhbj5JbWFnZSBVcGxvYWRpbmcgPC9zcGFuPjwvbGk+ICAgICAgICAgICAgICAgICAgICAgICAgICAgICAgICAgICAgICAgIDxsaT48YSBocmVmPSJodHRwOi8vdmFuaWxsYS5oaXZlLXRlbXBsYXRlLmxvY2FsLmZlMS5zdGcuaGFydmVzdGRwLmFuY2hvci5uZXQuYXUvaW5kZXgucGhwL2Rhc2hib2FyZC9zeXN0ZW0vb3B0aW1pemF0aW9uIj5PcHRpbWl6YXRpb248L2E+PHNwYW4+T3B0aW1pemF0aW9uIDwvc3Bhbj48L2xpPiAgICAgICAgICAgICAgICAgICAgICAgICAgICAgICAgICAgICAgICA8bGk+PGEgaHJlZj0iaHR0cDovL3ZhbmlsbGEuaGl2ZS10ZW1wbGF0ZS5sb2NhbC5mZTEuc3RnLmhhcnZlc3RkcC5hbmNob3IubmV0LmF1L2luZGV4LnBocC9kYXNoYm9hcmQvc3lzdGVtL29wdGltaXphdGlvbi9jYWNoZSI+Q2FjaGUgJiBTcGVlZCBTZXR0aW5nczwvYT48c3Bhbj5DYWNoZSAmIFNwZWVkIFNldHRpbmdzIGNhY2hlIG9wdGlvbiwgY2hhbmdlIGNhY2hlLCBvdmVycmlkZSwgdHVybiBvbiBjYWNoZSwgdHVybiBvZmYgY2FjaGUsIG5vIGNhY2hlLCBwYWdlIGNhY2hlLCBjYWNoaW5nPC9zcGFuPjwvbGk+ICAgICAgICAgICAgICAgICAgICAgICAgICAgICAgICAgICAgICAgIDxsaT48YSBocmVmPSJodHRwOi8vdmFuaWxsYS5oaXZlLXRlbXBsYXRlLmxvY2FsLmZlMS5zdGcuaGFydmVzdGRwLmFuY2hvci5uZXQuYXUvaW5kZXgucGhwL2Rhc2hib2FyZC9zeXN0ZW0vb3B0aW1pemF0aW9uL2NsZWFyY2FjaGUiPkNsZWFyIENhY2hlPC9hPjxzcGFuPkNsZWFyIENhY2hlIGNhY2hlIG9wdGlvbiwgdHVybiBvZmYgY2FjaGUsIG5vIGNhY2hlLCBwYWdlIGNhY2hlLCBjYWNoaW5nPC9zcGFuPjwvbGk+ICAgICAgICAgICAgICAgICAgICAgICAgICAgICAgICAgICAgICAgIDxsaT48YSBocmVmPSJodHRwOi8vdmFuaWxsYS5oaXZlLXRlbXBsYXRlLmxvY2FsLmZlMS5zdGcuaGFydmVzdGRwLmFuY2hvci5uZXQuYXUvaW5kZXgucGhwL2Rhc2hib2FyZC9zeXN0ZW0vb3B0aW1pemF0aW9uL2pvYnMiPkF1dG9tYXRlZCBKb2JzPC9hPjxzcGFuPkF1dG9tYXRlZCBKb2JzIGluZGV4IHNlYXJjaCwgcmVpbmRleCBzZWFyY2gsIGJ1aWxkIHNpdGVtYXAsIHNpdGVtYXAueG1sLCBjbGVhciBvbGQgdmVyc2lvbnMsIHBhZ2UgdmVyc2lvbnMsIHJlbW92ZSBvbGQ8L3NwYW4+PC9saT4gICAgICAgICAgICAgICAgICAgICAgICAgICAgICAgICAgICAgICAgPGxpPjxhIGhyZWY9Imh0dHA6Ly92YW5pbGxhLmhpdmUtdGVtcGxhdGUubG9jYWwuZmUxLnN0Zy5oYXJ2ZXN0ZHAuYW5jaG9yLm5ldC5hdS9pbmRleC5waHAvZGFzaGJvYXJkL3N5c3RlbS9vcHRpbWl6YXRpb24vcXVlcnlfbG9nIj5EYXRhYmFzZSBRdWVyeSBMb2c8L2E+PHNwYW4+RGF0YWJhc2UgUXVlcnkgTG9nIHF1ZXJpZXMsIGRhdGFiYXNlLCBteXNxbDwvc3Bhbj48L2xpPiAgICAgICAgICAgICAgICAgICAgICAgICAgICAgICAgICAgICAgICA8bGk+PGEgaHJlZj0iaHR0cDovL3ZhbmlsbGEuaGl2ZS10ZW1wbGF0ZS5sb2NhbC5mZTEuc3RnLmhhcnZlc3RkcC5hbmNob3IubmV0LmF1L2luZGV4LnBocC9kYXNoYm9hcmQvc3lzdGVtL3Blcm1pc3Npb25zIj5QZXJtaXNzaW9ucyAmIEFjY2VzczwvYT48c3Bhbj5QZXJtaXNzaW9ucyAmIEFjY2VzcyA8L3NwYW4+PC9saT4gICAgICAgICAgICAgICAgICAgICAgICAgICAgICAgICAgICAgICAgPGxpPjxhIGhyZWY9Imh0dHA6Ly92YW5pbGxhLmhpdmUtdGVtcGxhdGUubG9jYWwuZmUxLnN0Zy5oYXJ2ZXN0ZHAuYW5jaG9yLm5ldC5hdS9pbmRleC5waHAvZGFzaGJvYXJkL3N5c3RlbS9wZXJtaXNzaW9ucy9zaXRlIj5TaXRlIEFjY2VzczwvYT48c3Bhbj5TaXRlIEFjY2VzcyBlZGl0b3JzLCBoaWRlIHNpdGUsIG9mZmxpbmUsIHByaXZhdGUsIHB1YmxpYywgYWNjZXNzPC9zcGFuPjwvbGk+ICAgICAgICAgICAgICAgICAgICAgICAgICAgICAgICAgICAgICAgIDxsaT48YSBocmVmPSJodHRwOi8vdmFuaWxsYS5oaXZlLXRlbXBsYXRlLmxvY2FsLmZlMS5zdGcuaGFydmVzdGRwLmFuY2hvci5uZXQuYXUvaW5kZXgucGhwL2Rhc2hib2FyZC9zeXN0ZW0vcGVybWlzc2lvbnMvdGFza3MiPlRhc2sgUGVybWlzc2lvbnM8L2E+PHNwYW4+VGFzayBQZXJtaXNzaW9ucyBzZWN1cml0eSwgYWN0aW9ucywgYWRtaW5pc3RyYXRvciwgYWRtaW4sIHBhY2thZ2UsIG1hcmtldHBsYWNlLCBzZWFyY2g8L3NwYW4+PC9saT4gICAgICAgICAgICAgICAgICAgICAgICAgICAgICAgICAgICAgICAgPGxpPjxhIGhyZWY9Imh0dHA6Ly92YW5pbGxhLmhpdmUtdGVtcGxhdGUubG9jYWwuZmUxLnN0Zy5oYXJ2ZXN0ZHAuYW5jaG9yLm5ldC5hdS9pbmRleC5waHAvZGFzaGJvYXJkL3N5c3RlbS9wZXJtaXNzaW9ucy91c2VycyI+VXNlciBQZXJtaXNzaW9uczwvYT48c3Bhbj5Vc2VyIFBlcm1pc3Npb25zIDwvc3Bhbj48L2xpPiAgICAgICAgICAgICAgICAgICAgICAgICAgICAgICAgICAgICAgICA8bGk+PGEgaHJlZj0iaHR0cDovL3ZhbmlsbGEuaGl2ZS10ZW1wbGF0ZS5sb2NhbC5mZTEuc3RnLmhhcnZlc3RkcC5hbmNob3IubmV0LmF1L2luZGV4LnBocC9kYXNoYm9hcmQvc3lzdGVtL3Blcm1pc3Npb25zL2FkdmFuY2VkIj5BZHZhbmNlZCBQZXJtaXNzaW9uczwvYT48c3Bhbj5BZHZhbmNlZCBQZXJtaXNzaW9ucyA8L3NwYW4+PC9saT4gICAgICAgICAgICAgICAgICAgICAgICAgICAgICAgICAgICAgICAgPGxpPjxhIGhyZWY9Imh0dHA6Ly92YW5pbGxhLmhpdmUtdGVtcGxhdGUubG9jYWwuZmUxLnN0Zy5oYXJ2ZXN0ZHAuYW5jaG9yLm5ldC5hdS9pbmRleC5waHAvZGFzaGJvYXJkL3N5c3RlbS9wZXJtaXNzaW9ucy9ibGFja2xpc3QiPklQIEJsYWNrbGlzdDwvYT48c3Bhbj5JUCBCbGFja2xpc3Qgc2VjdXJpdHksIGxvY2sgaXAsIGxvY2sgb3V0LCBibG9jayBpcCwgYWRkcmVzcywgcmVzdHJpY3QsIGFjY2Vzczwvc3Bhbj48L2xpPiAgICAgICAgICAgICAgICAgICAgICAgICAgICAgICAgICAgICAgICA8bGk+PGEgaHJlZj0iaHR0cDovL3ZhbmlsbGEuaGl2ZS10ZW1wbGF0ZS5sb2NhbC5mZTEuc3RnLmhhcnZlc3RkcC5hbmNob3IubmV0LmF1L2luZGV4LnBocC9kYXNoYm9hcmQvc3lzdGVtL3Blcm1pc3Npb25zL2NhcHRjaGEiPkNhcHRjaGEgU2V0dXA8L2E+PHNwYW4+Q2FwdGNoYSBTZXR1cCBzZWN1cml0eSwgcmVnaXN0cmF0aW9uPC9zcGFuPjwvbGk+ICAgICAgICAgICAgICAgICAgICAgICAgICAgICAgICAgICAgICAgIDxsaT48YSBocmVmPSJodHRwOi8vdmFuaWxsYS5oaXZlLXRlbXBsYXRlLmxvY2FsLmZlMS5zdGcuaGFydmVzdGRwLmFuY2hvci5uZXQuYXUvaW5kZXgucGhwL2Rhc2hib2FyZC9zeXN0ZW0vcGVybWlzc2lvbnMvYW50aXNwYW0iPlNwYW0gQ29udHJvbDwvYT48c3Bhbj5TcGFtIENvbnRyb2wgYW50aXNwYW0sIGJsb2NrIHNwYW0sIHNlY3VyaXR5PC9zcGFuPjwvbGk+ICAgICAgICAgICAgICAgICAgICAgICAgICAgICAgICAgICAgICAgIDxsaT48YSBocmVmPSJodHRwOi8vdmFuaWxsYS5oaXZlLXRlbXBsYXRlLmxvY2FsLmZlMS5zdGcuaGFydmVzdGRwLmFuY2hvci5uZXQuYXUvaW5kZXgucGhwL2Rhc2hib2FyZC9zeXN0ZW0vcGVybWlzc2lvbnMvbWFpbnRlbmFuY2UiPk1haW50ZW5hbmNlIE1vZGU8L2E+PHNwYW4+TWFpbnRlbmFuY2UgTW9kZSBsb2NrIHNpdGUsIHVuZGVyIGNvbnN0cnVjdGlvbiwgaGlkZSwgaGlkZGVuPC9zcGFuPjwvbGk+ICAgICAgICAgICAgICAgICAgICAgICAgICAgICAgICAgICAgICAgIDxsaT48YSBocmVmPSJodHRwOi8vdmFuaWxsYS5oaXZlLXRlbXBsYXRlLmxvY2FsLmZlMS5zdGcuaGFydmVzdGRwLmFuY2hvci5uZXQuYXUvaW5kZXgucGhwL2Rhc2hib2FyZC9zeXN0ZW0vcmVnaXN0cmF0aW9uIj5Mb2dpbiAmIFJlZ2lzdHJhdGlvbjwvYT48c3Bhbj5Mb2dpbiAmIFJlZ2lzdHJhdGlvbiA8L3NwYW4+PC9saT4gICAgICAgICAgICAgICAgICAgICAgICAgICAgICAgICAgICAgICAgPGxpPjxhIGhyZWY9Imh0dHA6Ly92YW5pbGxhLmhpdmUtdGVtcGxhdGUubG9jYWwuZmUxLnN0Zy5oYXJ2ZXN0ZHAuYW5jaG9yLm5ldC5hdS9pbmRleC5waHAvZGFzaGJvYXJkL3N5c3RlbS9yZWdpc3RyYXRpb24vcG9zdGxvZ2luIj5Mb2dpbiBEZXN0aW5hdGlvbjwvYT48c3Bhbj5Mb2dpbiBEZXN0aW5hdGlvbiBwcm9maWxlLCBsb2dpbiwgcmVkaXJlY3QsIHNwZWNpZmljLCBkYXNoYm9hcmQsIGFkbWluaXN0cmF0b3JzPC9zcGFuPjwvbGk+ICAgICAgICAgICAgICAgICAgICAgICAgICAgICAgICAgICAgICAgIDxsaT48YSBocmVmPSJodHRwOi8vdmFuaWxsYS5oaXZlLXRlbXBsYXRlLmxvY2FsLmZlMS5zdGcuaGFydmVzdGRwLmFuY2hvci5uZXQuYXUvaW5kZXgucGhwL2Rhc2hib2FyZC9zeXN0ZW0vcmVnaXN0cmF0aW9uL3Byb2ZpbGVzIj5QdWJsaWMgUHJvZmlsZXM8L2E+PHNwYW4+UHVibGljIFByb2ZpbGVzIG1lbWJlciBwcm9maWxlLCBtZW1iZXIgcGFnZSwgY29tbXVuaXR5LCBmb3J1bXMsIHNvY2lhbCwgYXZhdGFyPC9zcGFuPjwvbGk+ICAgICAgICAgICAgICAgICAgICAgICAgICAgICAgICAgICAgICAgIDxsaT48YSBocmVmPSJodHRwOi8vdmFuaWxsYS5oaXZlLXRlbXBsYXRlLmxvY2FsLmZlMS5zdGcuaGFydmVzdGRwLmFuY2hvci5uZXQuYXUvaW5kZXgucGhwL2Rhc2hib2FyZC9zeXN0ZW0vcmVnaXN0cmF0aW9uL29wZW4iPlB1YmxpYyBSZWdpc3RyYXRpb248L2E+PHNwYW4+UHVibGljIFJlZ2lzdHJhdGlvbiBzaWdudXAsIG5ldyB1c2VyLCBjb21tdW5pdHksIHB1YmxpYyByZWdpc3RyYXRpb24sIHB1YmxpYywgcmVnaXN0cmF0aW9uPC9zcGFuPjwvbGk+ICAgICAgICAgICAgICAgICAgICAgICAgICAgICAgICAgICAgICAgIDxsaT48YSBocmVmPSJodHRwOi8vdmFuaWxsYS5oaXZlLXRlbXBsYXRlLmxvY2FsLmZlMS5zdGcuaGFydmVzdGRwLmFuY2hvci5uZXQuYXUvaW5kZXgucGhwL2Rhc2hib2FyZC9zeXN0ZW0vcmVnaXN0cmF0aW9uL2F1dGhlbnRpY2F0aW9uIj5BdXRoZW50aWNhdGlvbiBUeXBlczwvYT48c3Bhbj5BdXRoZW50aWNhdGlvbiBUeXBlcyBhdXRoLCBhdXRoZW50aWNhdGlvbiwgdHlwZXMsIG9hdXRoLCBmYWNlYm9vaywgbG9naW4sIHJlZ2lzdHJhdGlvbjwvc3Bhbj48L2xpPiAgICAgICAgICAgICAgICAgICAgICAgICAgICAgICAgICAgICAgICA8bGk+PGEgaHJlZj0iaHR0cDovL3ZhbmlsbGEuaGl2ZS10ZW1wbGF0ZS5sb2NhbC5mZTEuc3RnLmhhcnZlc3RkcC5hbmNob3IubmV0LmF1L2luZGV4LnBocC9kYXNoYm9hcmQvc3lzdGVtL21haWwiPkVtYWlsPC9hPjxzcGFuPkVtYWlsIHNtdHAsIG1haWwgc2V0dGluZ3M8L3NwYW4+PC9saT4gICAgICAgICAgICAgICAgICAgICAgICAgICAgICAgICAgICAgICAgPGxpPjxhIGhyZWY9Imh0dHA6Ly92YW5pbGxhLmhpdmUtdGVtcGxhdGUubG9jYWwuZmUxLnN0Zy5oYXJ2ZXN0ZHAuYW5jaG9yLm5ldC5hdS9pbmRleC5waHAvZGFzaGJvYXJkL3N5c3RlbS9tYWlsL21ldGhvZCI+U01UUCBNZXRob2Q8L2E+PHNwYW4+U01UUCBNZXRob2QgZW1haWwgc2VydmVyLCBtYWlsIHNldHRpbmdzLCBtYWlsIGNvbmZpZ3VyYXRpb24sIGV4dGVybmFsLCBpbnRlcm5hbDwvc3Bhbj48L2xpPiAgICAgICAgICAgICAgICAgICAgICAgICAgICAgICAgICAgICAgICA8bGk+PGEgaHJlZj0iaHR0cDovL3ZhbmlsbGEuaGl2ZS10ZW1wbGF0ZS5sb2NhbC5mZTEuc3RnLmhhcnZlc3RkcC5hbmNob3IubmV0LmF1L2luZGV4LnBocC9kYXNoYm9hcmQvc3lzdGVtL21haWwvbWV0aG9kL3Rlc3QiPlRlc3QgTWFpbCBTZXR0aW5nczwvYT48c3Bhbj5UZXN0IE1haWwgU2V0dGluZ3MgdGVzdCBzbXRwLCB0ZXN0IG1haWw8L3NwYW4+PC9saT4gICAgICAgICAgICAgICAgICAgICAgICAgICAgICAgICAgICAgICAgPGxpPjxhIGhyZWY9Imh0dHA6Ly92YW5pbGxhLmhpdmUtdGVtcGxhdGUubG9jYWwuZmUxLnN0Zy5oYXJ2ZXN0ZHAuYW5jaG9yLm5ldC5hdS9pbmRleC5waHAvZGFzaGJvYXJkL3N5c3RlbS9tYWlsL2ltcG9ydGVycyI+RW1haWwgSW1wb3J0ZXJzPC9hPjxzcGFuPkVtYWlsIEltcG9ydGVycyBlbWFpbCBzZXJ2ZXIsIG1haWwgc2V0dGluZ3MsIG1haWwgY29uZmlndXJhdGlvbiwgcHJpdmF0ZSBtZXNzYWdlLCBtZXNzYWdlIHN5c3RlbSwgaW1wb3J0LCBlbWFpbCwgbWVzc2FnZTwvc3Bhbj48L2xpPiAgICAgICAgICAgICAgICAgICAgICAgICAgICAgICAgICAgICAgICA8bGk+PGEgaHJlZj0iaHR0cDovL3ZhbmlsbGEuaGl2ZS10ZW1wbGF0ZS5sb2NhbC5mZTEuc3RnLmhhcnZlc3RkcC5hbmNob3IubmV0LmF1L2luZGV4LnBocC9kYXNoYm9hcmQvc3lzdGVtL2NvbnZlcnNhdGlvbnMiPkNvbnZlcnNhdGlvbnM8L2E+PHNwYW4+Q29udmVyc2F0aW9ucyBjb252ZXJzYXRpb25zPC9zcGFuPjwvbGk+ICAgICAgICAgICAgICAgICAgICAgICAgICAgICAgICAgICAgICAgIDxsaT48YSBocmVmPSJodHRwOi8vdmFuaWxsYS5oaXZlLXRlbXBsYXRlLmxvY2FsLmZlMS5zdGcuaGFydmVzdGRwLmFuY2hvci5uZXQuYXUvaW5kZXgucGhwL2Rhc2hib2FyZC9zeXN0ZW0vY29udmVyc2F0aW9ucy9zZXR0aW5ncyI+U2V0dGluZ3M8L2E+PHNwYW4+U2V0dGluZ3MgY29udmVyc2F0aW9uczwvc3Bhbj48L2xpPiAgICAgICAgICAgICAgICAgICAgICAgICAgICAgICAgICAgICAgICA8bGk+PGEgaHJlZj0iaHR0cDovL3ZhbmlsbGEuaGl2ZS10ZW1wbGF0ZS5sb2NhbC5mZTEuc3RnLmhhcnZlc3RkcC5hbmNob3IubmV0LmF1L2luZGV4LnBocC9kYXNoYm9hcmQvc3lzdGVtL2NvbnZlcnNhdGlvbnMvcG9pbnRzIj5Db21tdW5pdHkgUG9pbnRzPC9hPjxzcGFuPkNvbW11bml0eSBQb2ludHMgY29udmVyc2F0aW9ucyByYXRpbmdzLCByYXRpbmdzLCBjb21tdW5pdHksIGNvbW11bml0eSBwb2ludHM8L3NwYW4+PC9saT4gICAgICAgICAgICAgICAgICAgICAgICAgICAgICAgICAgICAgICAgPGxpPjxhIGhyZWY9Imh0dHA6Ly92YW5pbGxhLmhpdmUtdGVtcGxhdGUubG9jYWwuZmUxLnN0Zy5oYXJ2ZXN0ZHAuYW5jaG9yLm5ldC5hdS9pbmRleC5waHAvZGFzaGJvYXJkL3N5c3RlbS9jb252ZXJzYXRpb25zL2Jhbm5lZHdvcmRzIj5CYW5uZWQgV29yZHM8L2E+PHNwYW4+QmFubmVkIFdvcmRzIGNvbnZlcnNhdGlvbnMgYmFkIHdvcmRzLCBiYW5uZWQgd29yZHMsIGJhbm5lZCwgYmFkIHdvcmRzLCBiYWQsIHdvcmRzLCBsaXN0PC9zcGFuPjwvbGk+ICAgICAgICAgICAgICAgICAgICAgICAgICAgICAgICAgICAgICAgIDxsaT48YSBocmVmPSJodHRwOi8vdmFuaWxsYS5oaXZlLXRlbXBsYXRlLmxvY2FsLmZlMS5zdGcuaGFydmVzdGRwLmFuY2hvci5uZXQuYXUvaW5kZXgucGhwL2Rhc2hib2FyZC9zeXN0ZW0vY29udmVyc2F0aW9ucy9wZXJtaXNzaW9ucyI+Q29udmVyc2F0aW9uIFBlcm1pc3Npb25zPC9hPjxzcGFuPkNvbnZlcnNhdGlvbiBQZXJtaXNzaW9ucyA8L3NwYW4+PC9saT4gICAgICAgICAgICAgICAgICAgICAgICAgICAgICAgICAgICAgICAgPGxpPjxhIGhyZWY9Imh0dHA6Ly92YW5pbGxhLmhpdmUtdGVtcGxhdGUubG9jYWwuZmUxLnN0Zy5oYXJ2ZXN0ZHAuYW5jaG9yLm5ldC5hdS9pbmRleC5waHAvZGFzaGJvYXJkL3N5c3RlbS9hdHRyaWJ1dGVzIj5BdHRyaWJ1dGVzPC9hPjxzcGFuPkF0dHJpYnV0ZXMgYXR0cmlidXRlIGNvbmZpZ3VyYXRpb248L3NwYW4+PC9saT4gICAgICAgICAgICAgICAgICAgICAgICAgICAgICAgICAgICAgICAgPGxpPjxhIGhyZWY9Imh0dHA6Ly92YW5pbGxhLmhpdmUtdGVtcGxhdGUubG9jYWwuZmUxLnN0Zy5oYXJ2ZXN0ZHAuYW5jaG9yLm5ldC5hdS9pbmRleC5waHAvZGFzaGJvYXJkL3N5c3RlbS9hdHRyaWJ1dGVzL3NldHMiPlNldHM8L2E+PHNwYW4+U2V0cyBhdHRyaWJ1dGVzLCBzZXRzPC9zcGFuPjwvbGk+ICAgICAgICAgICAgICAgICAgICAgICAgICAgICAgICAgICAgICAgIDxsaT48YSBocmVmPSJodHRwOi8vdmFuaWxsYS5oaXZlLXRlbXBsYXRlLmxvY2FsLmZlMS5zdGcuaGFydmVzdGRwLmFuY2hvci5uZXQuYXUvaW5kZXgucGhwL2Rhc2hib2FyZC9zeXN0ZW0vYXR0cmlidXRlcy90eXBlcyI+VHlwZXM8L2E+PHNwYW4+VHlwZXMgYXR0cmlidXRlcywgdHlwZXM8L3NwYW4+PC9saT4gICAgICAgICAgICAgICAgICAgICAgICAgICAgICAgICAgICAgICAgPGxpPjxhIGhyZWY9Imh0dHA6Ly92YW5pbGxhLmhpdmUtdGVtcGxhdGUubG9jYWwuZmUxLnN0Zy5oYXJ2ZXN0ZHAuYW5jaG9yLm5ldC5hdS9pbmRleC5waHAvZGFzaGJvYXJkL3N5c3RlbS9hdHRyaWJ1dGVzL3RvcGljcyI+VG9waWNzPC9hPjxzcGFuPlRvcGljcyB0b3BpY3MsIHRhZ3MsIHRheG9ub215PC9zcGFuPjwvbGk+ICAgICAgICAgICAgICAgICAgICAgICAgICAgICAgICAgICAgICAgIDxsaT48YSBocmVmPSJodHRwOi8vdmFuaWxsYS5oaXZlLXRlbXBsYXRlLmxvY2FsLmZlMS5zdGcuaGFydmVzdGRwLmFuY2hvci5uZXQuYXUvaW5kZXgucGhwL2Rhc2hib2FyZC9zeXN0ZW0vYXR0cmlidXRlcy90b3BpY3MvYWRkIj5BZGQgVG9waWMgVHJlZTwvYT48c3Bhbj5BZGQgVG9waWMgVHJlZSA8L3NwYW4+PC9saT4gICAgICAgICAgICAgICAgICAgICAgICAgICAgICAgICAgICAgICAgPGxpPjxhIGhyZWY9Imh0dHA6Ly92YW5pbGxhLmhpdmUtdGVtcGxhdGUubG9jYWwuZmUxLnN0Zy5oYXJ2ZXN0ZHAuYW5jaG9yLm5ldC5hdS9pbmRleC5waHAvZGFzaGJvYXJkL3N5c3RlbS9lbnZpcm9ubWVudC9pbmZvIj5FbnZpcm9ubWVudCBJbmZvcm1hdGlvbjwvYT48c3Bhbj5FbnZpcm9ubWVudCBJbmZvcm1hdGlvbiBvdmVycmlkZXMsIHN5c3RlbSBpbmZvLCBkZWJ1Zywgc3VwcG9ydCwgaGVscDwvc3Bhbj48L2xpPiAgICAgICAgICAgICAgICAgICAgICAgICAgICAgICAgICAgICAgICA8bGk+PGEgaHJlZj0iaHR0cDovL3ZhbmlsbGEuaGl2ZS10ZW1wbGF0ZS5sb2NhbC5mZTEuc3RnLmhhcnZlc3RkcC5hbmNob3IubmV0LmF1L2luZGV4LnBocC9kYXNoYm9hcmQvc3lzdGVtL2Vudmlyb25tZW50L2RlYnVnIj5EZWJ1ZyBTZXR0aW5nczwvYT48c3Bhbj5EZWJ1ZyBTZXR0aW5ncyBlcnJvcnMsIGV4Y2VwdGlvbnMsIGRldmVsb3AsIHN1cHBvcnQsIGhlbHA8L3NwYW4+PC9saT4gICAgICAgICAgICAgICAgICAgICAgICAgICAgICAgICAgICAgICAgPGxpPjxhIGhyZWY9Imh0dHA6Ly92YW5pbGxhLmhpdmUtdGVtcGxhdGUubG9jYWwuZmUxLnN0Zy5oYXJ2ZXN0ZHAuYW5jaG9yLm5ldC5hdS9pbmRleC5waHAvZGFzaGJvYXJkL3N5c3RlbS9lbnZpcm9ubWVudC9sb2dnaW5nIj5Mb2dnaW5nIFNldHRpbmdzPC9hPjxzcGFuPkxvZ2dpbmcgU2V0dGluZ3MgZW1haWwsIGxvZ2dpbmcsIGxvZ3MsIHNtdHAsIHBvcCwgZXJyb3JzLCBteXNxbCwgbG9nPC9zcGFuPjwvbGk+ICAgICAgICAgICAgICAgICAgICAgICAgICAgICAgICAgICAgICAgIDxsaT48YSBocmVmPSJodHRwOi8vdmFuaWxsYS5oaXZlLXRlbXBsYXRlLmxvY2FsLmZlMS5zdGcuaGFydmVzdGRwLmFuY2hvci5uZXQuYXUvaW5kZXgucGhwL2Rhc2hib2FyZC9zeXN0ZW0vZW52aXJvbm1lbnQvcHJveHkiPlByb3h5IFNlcnZlcjwvYT48c3Bhbj5Qcm94eSBTZXJ2ZXIgbmV0d29yaywgcHJveHkgc2VydmVyPC9zcGFuPjwvbGk+ICAgICAgICAgICAgICAgICAgICAgICAgICAgICAgICAgICAgICAgIDxsaT48YSBocmVmPSJodHRwOi8vdmFuaWxsYS5oaXZlLXRlbXBsYXRlLmxvY2FsLmZlMS5zdGcuaGFydmVzdGRwLmFuY2hvci5uZXQuYXUvaW5kZXgucGhwL2Rhc2hib2FyZC9zeXN0ZW0vZW52aXJvbm1lbnQvZW50aXRpZXMiPkRhdGFiYXNlIEVudGl0aWVzPC9hPjxzcGFuPkRhdGFiYXNlIEVudGl0aWVzIGRhdGFiYXNlLCBlbnRpdGllcywgZG9jdHJpbmUsIG9ybTwvc3Bhbj48L2xpPiAgICAgICAgICAgICAgICAgICAgICAgICAgICAgICAgICAgICAgICA8bGk+PGEgaHJlZj0iaHR0cDovL3ZhbmlsbGEuaGl2ZS10ZW1wbGF0ZS5sb2NhbC5mZTEuc3RnLmhhcnZlc3RkcC5hbmNob3IubmV0LmF1L2luZGV4LnBocC9kYXNoYm9hcmQvc3lzdGVtL2JhY2t1cCI+QmFja3VwICYgUmVzdG9yZTwvYT48c3Bhbj5CYWNrdXAgJiBSZXN0b3JlIGV4cG9ydCwgYmFja3VwLCBkYXRhYmFzZSwgc3FsLCBteXNxbCwgZW5jcnlwdGlvbiwgcmVzdG9yZTwvc3Bhbj48L2xpPiAgICAgICAgICAgICAgICAgICAgICAgICAgICAgICAgICAgICAgICA8bGk+PGEgaHJlZj0iaHR0cDovL3ZhbmlsbGEuaGl2ZS10ZW1wbGF0ZS5sb2NhbC5mZTEuc3RnLmhhcnZlc3RkcC5hbmNob3IubmV0LmF1L2luZGV4LnBocC9kYXNoYm9hcmQvc3lzdGVtL2JhY2t1cC9iYWNrdXAiPkJhY2t1cCBEYXRhYmFzZTwvYT48c3Bhbj5CYWNrdXAgRGF0YWJhc2UgPC9zcGFuPjwvbGk+ICAgICAgICAgICAgICAgICAgICAgICAgICAgICAgICAgICAgICAgIDxsaT48YSBocmVmPSJodHRwOi8vdmFuaWxsYS5oaXZlLXRlbXBsYXRlLmxvY2FsLmZlMS5zdGcuaGFydmVzdGRwLmFuY2hvci5uZXQuYXUvaW5kZXgucGhwL2Rhc2hib2FyZC9zeXN0ZW0vYmFja3VwL3VwZGF0ZSI+VXBkYXRlIGNvbmNyZXRlNTwvYT48c3Bhbj5VcGRhdGUgY29uY3JldGU1IHVwZ3JhZGUsIG5ldyB2ZXJzaW9uLCB1cGRhdGU8L3NwYW4+PC9saT4gICAgICAgICAgICAgICAgICAgICAgICAgICAgICAgICAgICAgICAgPGxpPjxhIGhyZWY9Imh0dHA6Ly92YW5pbGxhLmhpdmUtdGVtcGxhdGUubG9jYWwuZmUxLnN0Zy5oYXJ2ZXN0ZHAuYW5jaG9yLm5ldC5hdS9pbmRleC5waHAvZGFzaGJvYXJkL3N5c3RlbS9tb2RlcmF0aW9uIj5Nb2RlcmF0aW9uPC9hPjxzcGFuPk1vZGVyYXRpb24gPC9zcGFuPjwvbGk+ICAgICAgICAgICAgICAgICAgICAgICAgICAgICAgICAgICAgICAgIDxsaT48YSBocmVmPSJodHRwOi8vdmFuaWxsYS5oaXZlLXRlbXBsYXRlLmxvY2FsLmZlMS5zdGcuaGFydmVzdGRwLmFuY2hvci5uZXQuYXUvaW5kZXgucGhwL2Rhc2hib2FyZC9zeXN0ZW0vbW9kZXJhdGlvbi9yZWFzb24iPlJlYXNvbjwvYT48c3Bhbj5SZWFzb24gPC9zcGFuPjwvbGk+ICAgICAgICAgICAgICAgICAgICAgICAgICAgICAgICAgICAgICAgIDxsaT48YSBocmVmPSJodHRwOi8vdmFuaWxsYS5oaXZlLXRlbXBsYXRlLmxvY2FsLmZlMS5zdGcuaGFydmVzdGRwLmFuY2hvci5uZXQuYXUvaW5kZXgucGhwL2Rhc2hib2FyZC9zeXN0ZW0vbW9kZXJhdGlvbi9wZXJtaXNzaW9ucyI+TW9kZXJhdGlvbiBQZXJtaXNzaW9uczwvYT48c3Bhbj5Nb2RlcmF0aW9uIFBlcm1pc3Npb25zIDwvc3Bhbj48L2xpPiAgICAgICAgICAgICAgICAgICAgICAgICAgICAgICAgICAgICAgICA8bGk+PGEgaHJlZj0iaHR0cDovL3ZhbmlsbGEuaGl2ZS10ZW1wbGF0ZS5sb2NhbC5mZTEuc3RnLmhhcnZlc3RkcC5hbmNob3IubmV0LmF1L2luZGV4LnBocC9kYXNoYm9hcmQvc3lzdGVtL21vZGVyYXRpb24vc2V0dGluZ3MiPlNldHRpbmdzPC9hPjxzcGFuPlNldHRpbmdzIDwvc3Bhbj48L2xpPiAgICAgICAgICAgICAgICAgICAgICAgICAgICAgICAgICAgIDwvdWw+ICAgICAgICAgICAgICAgIDwvZGl2PiAgICAgICAgICAgICAgICAgICAgICAgICAgICAgICAgPGRpdiBjbGFzcz0iY2NtLWludGVsbGlnZW50LXNlYXJjaC1yZXN1bHRzLW1vZHVsZSBjY20taW50ZWxsaWdlbnQtc2VhcmNoLXJlc3VsdHMtbW9kdWxlLW9uc2l0ZSI+ICAgICAgICAgICAgICAgIDxoMT5IaXZlIFNldHRpbmdzPC9oMT4gICAgICAgICAgICAgICAgPHVsIGNsYXNzPSJjY20taW50ZWxsaWdlbnQtc2VhcmNoLXJlc3VsdHMtbGlzdCI+ICAgICAgICAgICAgICAgICAgICAgICAgICAgICAgICAgICAgICAgICAgICAgICAgICAgIDxsaT48YSBocmVmPSJodHRwOi8vdmFuaWxsYS5oaXZlLXRlbXBsYXRlLmxvY2FsLmZlMS5zdGcuaGFydmVzdGRwLmFuY2hvci5uZXQuYXUvaW5kZXgucGhwL2Rhc2hib2FyZC9zZXR0aW5ncy9zaXRlIj5TaXRlPC9hPjxzcGFuPkhpdmUgU2V0dGluZ3MgIFNpdGUgPC9zcGFuPjwvbGk+ICAgICAgICAgICAgICAgICAgICAgICAgICAgICAgICAgICAgICAgIDxsaT48YSBocmVmPSJodHRwOi8vdmFuaWxsYS5oaXZlLXRlbXBsYXRlLmxvY2FsLmZlMS5zdGcuaGFydmVzdGRwLmFuY2hvci5uZXQuYXUvaW5kZXgucGhwL2Rhc2hib2FyZC9zZXR0aW5ncy91c2VycyI+VXNlcnM8L2E+PHNwYW4+SGl2ZSBTZXR0aW5ncyAgVXNlcnMgPC9zcGFuPjwvbGk+ICAgICAgICAgICAgICAgICAgICAgICAgICAgICAgICAgICAgICAgIDxsaT48YSBocmVmPSJodHRwOi8vdmFuaWxsYS5oaXZlLXRlbXBsYXRlLmxvY2FsLmZlMS5zdGcuaGFydmVzdGRwLmFuY2hvci5uZXQuYXUvaW5kZXgucGhwL2Rhc2hib2FyZC9zZXR0aW5ncy9tb2RlcmF0aW9uIj5Nb2RlcmF0aW9uPC9hPjxzcGFuPkhpdmUgU2V0dGluZ3MgIE1vZGVyYXRpb24gPC9zcGFuPjwvbGk+ICAgICAgICAgICAgICAgICAgICAgICAgICAgICAgICAgICAgICAgIDxsaT48YSBocmVmPSJodHRwOi8vdmFuaWxsYS5oaXZlLXRlbXBsYXRlLmxvY2FsLmZlMS5zdGcuaGFydmVzdGRwLmFuY2hvci5uZXQuYXUvaW5kZXgucGhwL2Rhc2hib2FyZC9zZXR0aW5ncy9lbWFpbCI+RW1haWw8L2E+PHNwYW4+SGl2ZSBTZXR0aW5ncyAgRW1haWwgPC9zcGFuPjwvbGk+ICAgICAgICAgICAgICAgICAgICAgICAgICAgICAgICAgICAgICAgIDxsaT48YSBocmVmPSJodHRwOi8vdmFuaWxsYS5oaXZlLXRlbXBsYXRlLmxvY2FsLmZlMS5zdGcuaGFydmVzdGRwLmFuY2hvci5uZXQuYXUvaW5kZXgucGhwL2Rhc2hib2FyZC9zZXR0aW5ncy9wcm9qZWN0cyI+UHJvamVjdHM8L2E+PHNwYW4+SGl2ZSBTZXR0aW5ncyAgUHJvamVjdHMgPC9zcGFuPjwvbGk+ICAgICAgICAgICAgICAgICAgICAgICAgICAgICAgICAgICAgPC91bD4gICAgICAgICAgICAgICAgPC9kaXY+ICAgICAgICAgICAgICAgICAgICAgICAgICAgIDxkaXYgY2xhc3M9ImNjbS1pbnRlbGxpZ2VudC1zZWFyY2gtcmVzdWx0cy1tb2R1bGUgY2NtLWludGVsbGlnZW50LXNlYXJjaC1yZXN1bHRzLW1vZHVsZS1vbnNpdGUiPiAgICAgICAgICAgIDxoMT5EYXNoYm9hcmQgSG9tZTwvaDE+ICAgICAgICAgICAgPHVsIGNsYXNzPSJjY20taW50ZWxsaWdlbnQtc2VhcmNoLXJlc3VsdHMtbGlzdCI+ICAgICAgICAgICAgICAgIDxsaT48YSBocmVmPSJodHRwOi8vdmFuaWxsYS5oaXZlLXRlbXBsYXRlLmxvY2FsLmZlMS5zdGcuaGFydmVzdGRwLmFuY2hvci5uZXQuYXUvaW5kZXgucGhwL2Rhc2hib2FyZC9ob21lIj5DdXN0b21pemUgPHNwYW4+Q3VzdG9taXplIERhc2hib2FyZCBIb21lPC9zcGFuPjwvYT48L2xpPiAgICAgICAgICAgIDwvdWw+ICAgICAgICAgICAgPC9kaXY+ICAgICAgICAgICAgICAgICAgICAgICAgPGRpdiBjbGFzcz0iY2NtLWludGVsbGlnZW50LXNlYXJjaC1yZXN1bHRzLW1vZHVsZSI+ICAgICAgICAgICAgPGgxPllvdXIgU2l0ZTwvaDE+ICAgICAgICAgICAgPGRpdiBjbGFzcz0ibG9hZGVyIj4gICAgICAgICAgICAgICAgPGRpdiBjbGFzcz0iZG90IGRvdDEiPjwvZGl2PiAgICAgICAgICAgICAgICA8ZGl2IGNsYXNzPSJkb3QgZG90MiI+PC9kaXY+ICAgICAgICAgICAgICAgIDxkaXYgY2xhc3M9ImRvdCBkb3QzIj48L2Rpdj4gICAgICAgICAgICAgICAgPGRpdiBjbGFzcz0iZG90IGRvdDQiPjwvZGl2PiAgICAgICAgICAgIDwvZGl2PiAgICAgICAgICAgIDx1bCBjbGFzcz0iY2NtLWludGVsbGlnZW50LXNlYXJjaC1yZXN1bHRzLWxpc3QiIGlkPSJjY20taW50ZWxsaWdlbnQtc2VhcmNoLXJlc3VsdHMtbGlzdC15b3VyLXNpdGUiPiAgICAgICAgICAgIDwvdWw+ICAgICAgICAgICAgPC9kaXY+ICAgICAgICAgICAgICAgICAgICAgICAgICAgICAgICA8L2Rpdj4gICAgICAgICI7fXM6MTg6IkNMSUVOVF9SRU1PVEVfQUREUiI7czoxNToiMjAzLjIwNi4xNDIuMjMyIjtzOjIyOiJDTElFTlRfSFRUUF9VU0VSX0FHRU5UIjtzOjExNToiTW96aWxsYS81LjAgKFdpbmRvd3MgTlQgMTAuMDsgV2luNjQ7IHg2NCkgQXBwbGVXZWJLaXQvNTM3LjM2IChLSFRNTCwgbGlrZSBHZWNrbykgQ2hyb21lLzY0LjAuMzI4Mi4xODYgU2FmYXJpLzUzNy4zNiI7czoxMjoidU9ubGluZUNoZWNrIjtpOjE1MjAzNzc1NDc7czoxODoic2F2ZWRQZXJtaXNzaW9uU2V0IjtzOjI0NjoiTzoyODoiQ29uY3JldGVcQ29yZVxQZXJtaXNzaW9uXFNldCI6Mjp7czoxNDoiACoAcGVybWlzc2lvbnMiO2E6OTp7aToyMTtzOjM6IjY0NSI7aToyMjtzOjU6IjMxMzg1IjtpOjIzO3M6NToiMzEzODUiO2k6MjQ7czozOiIxNDAiO2k6MjU7czozOiIxNDAiO2k6MjY7czozOiIxNDAiO2k6Mjc7czo1OiIzMTM4NSI7aToyODtzOjM6IjE0MCI7aToyOTtzOjI6IjU2Ijt9czoxOToiACoAcGtDYXRlZ29yeUhhbmRsZSI7czo0OiJhcmVhIjt9Ijt9X3NmMl9mbGFzaGVzfGE6MDp7fV9zZjJfbWV0YXxhOjM6e3M6MToidSI7aToxNTIwMzc3NTQ3O3M6MToiYyI7aToxNTIwMzc3Mzk1O3M6MToibCI7czo0OiI3MjAwIjt9',1520377548),('7ct1u11vmlfjfgchhl9l44fok7','X3NmMl9hdHRyaWJ1dGVzfGE6MTQ6e3M6MjE6ImFjY2Vzc0VudGl0aWVzVXBkYXRlZCI7aToxNTE5MDE0OTM1O3M6NzoidUdyb3VwcyI7YTozOntpOjI7czoxOiIyIjtpOjEyO3M6MjoiMTIiO2k6MTtzOjE6IjEiO31zOjM6InVJRCI7czoxOiIxIjtzOjU6InVOYW1lIjtzOjU6ImFkbWluIjtzOjE0OiJ1QmxvY2tUeXBlc1NldCI7YjowO3M6MTE6InVMYXN0T25saW5lIjtpOjE1MTkwMTQ5NTU7czo5OiJ1VGltZXpvbmUiO047czoxNjoidURlZmF1bHRMYW5ndWFnZSI7TjtzOjE5OiJ1TGFzdFBhc3N3b3JkQ2hhbmdlIjtzOjE5OiIyMDE1LTAzLTEzIDA1OjEwOjIwIjtzOjE0OiJkYXNoYm9hcmRNZW51cyI7YToxOntzOjU6ImVuX1VTIjtzOjM4MzM1OiIgICAgICAgICAgICA8ZGl2IGlkPSJjY20taW50ZWxsaWdlbnQtc2VhcmNoLXJlc3VsdHMiPiAgICAgICAgICAgICAgICAgICAgICAgICAgICA8ZGl2IGNsYXNzPSJjY20taW50ZWxsaWdlbnQtc2VhcmNoLXJlc3VsdHMtbW9kdWxlIGNjbS1pbnRlbGxpZ2VudC1zZWFyY2gtcmVzdWx0cy1tb2R1bGUtb25zaXRlIj4gICAgICAgICAgICAgICAgPGgxPldvcmtmbG93PC9oMT4gICAgICAgICAgICAgICAgPHVsIGNsYXNzPSJjY20taW50ZWxsaWdlbnQtc2VhcmNoLXJlc3VsdHMtbGlzdCI+ICAgICAgICAgICAgICAgICAgICAgICAgICAgICAgICAgICAgICAgICAgICAgICAgICAgIDxsaT48YSBocmVmPSJodHRwOi8vdmFuaWxsYS5oaXZlLXRlbXBsYXRlLmxvY2FsLmZlMS5zdGcuaGFydmVzdGRwLmFuY2hvci5uZXQuYXUvaW5kZXgucGhwL2Rhc2hib2FyZC93b3JrZmxvdy93b3JrZmxvd3MiPldvcmtmbG93IExpc3Q8L2E+PHNwYW4+V29ya2Zsb3cgYWRkIHdvcmtmbG93LCByZW1vdmUgd29ya2Zsb3cgV29ya2Zsb3cgTGlzdCA8L3NwYW4+PC9saT4gICAgICAgICAgICAgICAgICAgICAgICAgICAgICAgICAgICAgICAgPGxpPjxhIGhyZWY9Imh0dHA6Ly92YW5pbGxhLmhpdmUtdGVtcGxhdGUubG9jYWwuZmUxLnN0Zy5oYXJ2ZXN0ZHAuYW5jaG9yLm5ldC5hdS9pbmRleC5waHAvZGFzaGJvYXJkL3dvcmtmbG93L21lIj5XYWl0aW5nIGZvciBNZTwvYT48c3Bhbj5Xb3JrZmxvdyBhZGQgd29ya2Zsb3csIHJlbW92ZSB3b3JrZmxvdyBXYWl0aW5nIGZvciBNZSA8L3NwYW4+PC9saT4gICAgICAgICAgICAgICAgICAgICAgICAgICAgICAgICAgICA8L3VsPiAgICAgICAgICAgICAgICA8L2Rpdj4gICAgICAgICAgICAgICAgICAgICAgICAgICAgICAgIDxkaXYgY2xhc3M9ImNjbS1pbnRlbGxpZ2VudC1zZWFyY2gtcmVzdWx0cy1tb2R1bGUgY2NtLWludGVsbGlnZW50LXNlYXJjaC1yZXN1bHRzLW1vZHVsZS1vbnNpdGUiPiAgICAgICAgICAgICAgICA8aDE+TW9kZXJhdGlvbjwvaDE+ICAgICAgICAgICAgICAgIDx1bCBjbGFzcz0iY2NtLWludGVsbGlnZW50LXNlYXJjaC1yZXN1bHRzLWxpc3QiPiAgICAgICAgICAgICAgICAgICAgICAgICAgICAgICAgICAgIDxsaT48YSBocmVmPSJodHRwOi8vdmFuaWxsYS5oaXZlLXRlbXBsYXRlLmxvY2FsLmZlMS5zdGcuaGFydmVzdGRwLmFuY2hvci5uZXQuYXUvaW5kZXgucGhwL2Rhc2hib2FyZC9tb2RlcmF0aW9uIj5Nb2RlcmF0aW9uPC9hPjxzcGFuPk1vZGVyYXRpb24gPC9zcGFuPjwvbGk+ICAgICAgICAgICAgICAgICAgICAgICAgICAgICAgICAgICAgICAgICAgICAgICAgICAgIDwvdWw+ICAgICAgICAgICAgICAgIDwvZGl2PiAgICAgICAgICAgICAgICAgICAgICAgICAgICAgICAgPGRpdiBjbGFzcz0iY2NtLWludGVsbGlnZW50LXNlYXJjaC1yZXN1bHRzLW1vZHVsZSBjY20taW50ZWxsaWdlbnQtc2VhcmNoLXJlc3VsdHMtbW9kdWxlLW9uc2l0ZSI+ICAgICAgICAgICAgICAgIDxoMT5Qcm9qZWN0czwvaDE+ICAgICAgICAgICAgICAgIDx1bCBjbGFzcz0iY2NtLWludGVsbGlnZW50LXNlYXJjaC1yZXN1bHRzLWxpc3QiPiAgICAgICAgICAgICAgICAgICAgICAgICAgICAgICAgICAgICAgICAgICAgICAgICAgICA8bGk+PGEgaHJlZj0iaHR0cDovL3ZhbmlsbGEuaGl2ZS10ZW1wbGF0ZS5sb2NhbC5mZTEuc3RnLmhhcnZlc3RkcC5hbmNob3IubmV0LmF1L2luZGV4LnBocC9kYXNoYm9hcmQvcHJvamVjdHMvbGF1bmNoIj5MYXVuY2ggTmV3IFByb2plY3Q8L2E+PHNwYW4+UHJvamVjdHMgIExhdW5jaCBOZXcgUHJvamVjdCA8L3NwYW4+PC9saT4gICAgICAgICAgICAgICAgICAgICAgICAgICAgICAgICAgICAgICAgPGxpPjxhIGhyZWY9Imh0dHA6Ly92YW5pbGxhLmhpdmUtdGVtcGxhdGUubG9jYWwuZmUxLnN0Zy5oYXJ2ZXN0ZHAuYW5jaG9yLm5ldC5hdS9pbmRleC5waHAvZGFzaGJvYXJkL3Byb2plY3RzL3NldHRpbmdzIj5Qcm9qZWN0IFNldHRpbmdzPC9hPjxzcGFuPlByb2plY3RzICBQcm9qZWN0IFNldHRpbmdzIDwvc3Bhbj48L2xpPiAgICAgICAgICAgICAgICAgICAgICAgICAgICAgICAgICAgIDwvdWw+ICAgICAgICAgICAgICAgIDwvZGl2PiAgICAgICAgICAgICAgICAgICAgICAgICAgICAgICAgPGRpdiBjbGFzcz0iY2NtLWludGVsbGlnZW50LXNlYXJjaC1yZXN1bHRzLW1vZHVsZSBjY20taW50ZWxsaWdlbnQtc2VhcmNoLXJlc3VsdHMtbW9kdWxlLW9uc2l0ZSI+ICAgICAgICAgICAgICAgIDxoMT5SZXBvcnRzPC9oMT4gICAgICAgICAgICAgICAgPHVsIGNsYXNzPSJjY20taW50ZWxsaWdlbnQtc2VhcmNoLXJlc3VsdHMtbGlzdCI+ICAgICAgICAgICAgICAgICAgICAgICAgICAgICAgICAgICAgICAgICAgICAgICAgICAgIDxsaT48YSBocmVmPSJodHRwOi8vdmFuaWxsYS5oaXZlLXRlbXBsYXRlLmxvY2FsLmZlMS5zdGcuaGFydmVzdGRwLmFuY2hvci5uZXQuYXUvaW5kZXgucGhwL2Rhc2hib2FyZC9yZXBvcnRzL2NvbnZlcnNhdGlvbnMiPkNvbnZlcnNhdGlvbnM8L2E+PHNwYW4+UmVwb3J0cyAgQ29udmVyc2F0aW9ucyBjb252ZXJzYXRpb24sIGRpc2N1c3Npb24sIGZvcnVtLCBndWVzdGJvb2s8L3NwYW4+PC9saT4gICAgICAgICAgICAgICAgICAgICAgICAgICAgICAgICAgICAgICAgPGxpPjxhIGhyZWY9Imh0dHA6Ly92YW5pbGxhLmhpdmUtdGVtcGxhdGUubG9jYWwuZmUxLnN0Zy5oYXJ2ZXN0ZHAuYW5jaG9yLm5ldC5hdS9pbmRleC5waHAvZGFzaGJvYXJkL3JlcG9ydHMvZm9ybXMiPkZvcm1zPC9hPjxzcGFuPlJlcG9ydHMgIEZvcm1zIGZvcm1zLCBxdWVzdGlvbnMsIHJlc3BvbnNlLCBkYXRhPC9zcGFuPjwvbGk+ICAgICAgICAgICAgICAgICAgICAgICAgICAgICAgICAgICAgICAgIDxsaT48YSBocmVmPSJodHRwOi8vdmFuaWxsYS5oaXZlLXRlbXBsYXRlLmxvY2FsLmZlMS5zdGcuaGFydmVzdGRwLmFuY2hvci5uZXQuYXUvaW5kZXgucGhwL2Rhc2hib2FyZC9yZXBvcnRzL3N1cnZleXMiPlBvbGxzPC9hPjxzcGFuPlJlcG9ydHMgIFBvbGxzIHF1ZXN0aW9ucywgcXVpeiwgcmVzcG9uc2U8L3NwYW4+PC9saT4gICAgICAgICAgICAgICAgICAgICAgICAgICAgICAgICAgICAgICAgPGxpPjxhIGhyZWY9Imh0dHA6Ly92YW5pbGxhLmhpdmUtdGVtcGxhdGUubG9jYWwuZmUxLnN0Zy5oYXJ2ZXN0ZHAuYW5jaG9yLm5ldC5hdS9pbmRleC5waHAvZGFzaGJvYXJkL3JlcG9ydHMvc3Vic2NyaXB0aW9ucyI+U3Vic2NyaXB0aW9uczwvYT48c3Bhbj5SZXBvcnRzICBTdWJzY3JpcHRpb25zIDwvc3Bhbj48L2xpPiAgICAgICAgICAgICAgICAgICAgICAgICAgICAgICAgICAgICAgICA8bGk+PGEgaHJlZj0iaHR0cDovL3ZhbmlsbGEuaGl2ZS10ZW1wbGF0ZS5sb2NhbC5mZTEuc3RnLmhhcnZlc3RkcC5hbmNob3IubmV0LmF1L2luZGV4LnBocC9kYXNoYm9hcmQvcmVwb3J0cy9zb2NpYWxfbWFwcyI+U29jaWFsIE1hcHBpbmc8L2E+PHNwYW4+UmVwb3J0cyAgU29jaWFsIE1hcHBpbmcgPC9zcGFuPjwvbGk+ICAgICAgICAgICAgICAgICAgICAgICAgICAgICAgICAgICAgICAgIDxsaT48YSBocmVmPSJodHRwOi8vdmFuaWxsYS5oaXZlLXRlbXBsYXRlLmxvY2FsLmZlMS5zdGcuaGFydmVzdGRwLmFuY2hvci5uZXQuYXUvaW5kZXgucGhwL2Rhc2hib2FyZC9yZXBvcnRzL3Zpc2lvbnMiPlZpc2lvbmluZzwvYT48c3Bhbj5SZXBvcnRzICBWaXNpb25pbmcgPC9zcGFuPjwvbGk+ICAgICAgICAgICAgICAgICAgICAgICAgICAgICAgICAgICAgICAgIDxsaT48YSBocmVmPSJodHRwOi8vdmFuaWxsYS5oaXZlLXRlbXBsYXRlLmxvY2FsLmZlMS5zdGcuaGFydmVzdGRwLmFuY2hvci5uZXQuYXUvaW5kZXgucGhwL2Rhc2hib2FyZC9yZXBvcnRzL2xvZ3MiPkxvZ3M8L2E+PHNwYW4+UmVwb3J0cyAgTG9ncyBmb3JtcywgbG9nLCBlcnJvciwgZW1haWwsIG15c3FsLCBleGNlcHRpb24sIHN1cnZleSwgaGlzdG9yeTwvc3Bhbj48L2xpPiAgICAgICAgICAgICAgICAgICAgICAgICAgICAgICAgICAgICAgICA8bGk+PGEgaHJlZj0iaHR0cDovL3ZhbmlsbGEuaGl2ZS10ZW1wbGF0ZS5sb2NhbC5mZTEuc3RnLmhhcnZlc3RkcC5hbmNob3IubmV0LmF1L2luZGV4LnBocC9kYXNoYm9hcmQvcmVwb3J0cy9vdmVydmlldyI+T3ZlcnZpZXc8L2E+PHNwYW4+UmVwb3J0cyAgT3ZlcnZpZXcgPC9zcGFuPjwvbGk+ICAgICAgICAgICAgICAgICAgICAgICAgICAgICAgICAgICAgICAgIDxsaT48YSBocmVmPSJodHRwOi8vdmFuaWxsYS5oaXZlLXRlbXBsYXRlLmxvY2FsLmZlMS5zdGcuaGFydmVzdGRwLmFuY2hvci5uZXQuYXUvaW5kZXgucGhwL2Rhc2hib2FyZC9yZXBvcnRzL2F1ZGllbmNlIj5BdWRpZW5jZTwvYT48c3Bhbj5SZXBvcnRzICBBdWRpZW5jZSA8L3NwYW4+PC9saT4gICAgICAgICAgICAgICAgICAgICAgICAgICAgICAgICAgICAgICAgPGxpPjxhIGhyZWY9Imh0dHA6Ly92YW5pbGxhLmhpdmUtdGVtcGxhdGUubG9jYWwuZmUxLnN0Zy5oYXJ2ZXN0ZHAuYW5jaG9yLm5ldC5hdS9pbmRleC5waHAvZGFzaGJvYXJkL3JlcG9ydHMvcmVzdWx0cyI+UmVzdWx0czwvYT48c3Bhbj5SZXBvcnRzICBSZXN1bHRzIDwvc3Bhbj48L2xpPiAgICAgICAgICAgICAgICAgICAgICAgICAgICAgICAgICAgICAgICA8bGk+PGEgaHJlZj0iaHR0cDovL3ZhbmlsbGEuaGl2ZS10ZW1wbGF0ZS5sb2NhbC5mZTEuc3RnLmhhcnZlc3RkcC5hbmNob3IubmV0LmF1L2luZGV4LnBocC9kYXNoYm9hcmQvcmVwb3J0cy9iZWhhdmlvdXIiPkJlaGF2aW91cjwvYT48c3Bhbj5SZXBvcnRzICBCZWhhdmlvdXIgPC9zcGFuPjwvbGk+ICAgICAgICAgICAgICAgICAgICAgICAgICAgICAgICAgICAgICAgIDxsaT48YSBocmVmPSJodHRwOi8vdmFuaWxsYS5oaXZlLXRlbXBsYXRlLmxvY2FsLmZlMS5zdGcuaGFydmVzdGRwLmFuY2hvci5uZXQuYXUvaW5kZXgucGhwL2Rhc2hib2FyZC9yZXBvcnRzL2FjcXVpc2l0aW9uIj5BY3F1aXNpdGlvbjwvYT48c3Bhbj5SZXBvcnRzICBBY3F1aXNpdGlvbiA8L3NwYW4+PC9saT4gICAgICAgICAgICAgICAgICAgICAgICAgICAgICAgICAgICA8L3VsPiAgICAgICAgICAgICAgICA8L2Rpdj4gICAgICAgICAgICAgICAgICAgICAgICAgICAgICAgIDxkaXYgY2xhc3M9ImNjbS1pbnRlbGxpZ2VudC1zZWFyY2gtcmVzdWx0cy1tb2R1bGUgY2NtLWludGVsbGlnZW50LXNlYXJjaC1yZXN1bHRzLW1vZHVsZS1vbnNpdGUiPiAgICAgICAgICAgICAgICA8aDE+QW5hbHl0aWNzPC9oMT4gICAgICAgICAgICAgICAgPHVsIGNsYXNzPSJjY20taW50ZWxsaWdlbnQtc2VhcmNoLXJlc3VsdHMtbGlzdCI+ICAgICAgICAgICAgICAgICAgICAgICAgICAgICAgICAgICAgICAgICAgICAgICAgICAgIDxsaT48YSBocmVmPSJodHRwOi8vdmFuaWxsYS5oaXZlLXRlbXBsYXRlLmxvY2FsLmZlMS5zdGcuaGFydmVzdGRwLmFuY2hvci5uZXQuYXUvaW5kZXgucGhwL2Rhc2hib2FyZC9hbmFseXRpY3Mvc2Vzc2lvbnMiPlNlc3Npb25zPC9hPjxzcGFuPkFuYWx5dGljcyBmb3JtcywgbG9nLCBlcnJvciwgZW1haWwsIG15c3FsLCBleGNlcHRpb24sIHN1cnZleSBTZXNzaW9ucyA8L3NwYW4+PC9saT4gICAgICAgICAgICAgICAgICAgICAgICAgICAgICAgICAgICAgICAgPGxpPjxhIGhyZWY9Imh0dHA6Ly92YW5pbGxhLmhpdmUtdGVtcGxhdGUubG9jYWwuZmUxLnN0Zy5oYXJ2ZXN0ZHAuYW5jaG9yLm5ldC5hdS9pbmRleC5waHAvZGFzaGJvYXJkL2FuYWx5dGljcy92aXNpdG9ycyI+VmlzaXRvcnM8L2E+PHNwYW4+QW5hbHl0aWNzIGZvcm1zLCBsb2csIGVycm9yLCBlbWFpbCwgbXlzcWwsIGV4Y2VwdGlvbiwgc3VydmV5IFZpc2l0b3JzIDwvc3Bhbj48L2xpPiAgICAgICAgICAgICAgICAgICAgICAgICAgICAgICAgICAgIDwvdWw+ICAgICAgICAgICAgICAgIDwvZGl2PiAgICAgICAgICAgICAgICAgICAgICAgICAgICAgICAgPGRpdiBjbGFzcz0iY2NtLWludGVsbGlnZW50LXNlYXJjaC1yZXN1bHRzLW1vZHVsZSBjY20taW50ZWxsaWdlbnQtc2VhcmNoLXJlc3VsdHMtbW9kdWxlLW9uc2l0ZSI+ICAgICAgICAgICAgICAgIDxoMT5GaWxlczwvaDE+ICAgICAgICAgICAgICAgIDx1bCBjbGFzcz0iY2NtLWludGVsbGlnZW50LXNlYXJjaC1yZXN1bHRzLWxpc3QiPiAgICAgICAgICAgICAgICAgICAgICAgICAgICAgICAgICAgICAgICAgICAgICAgICAgICA8bGk+PGEgaHJlZj0iaHR0cDovL3ZhbmlsbGEuaGl2ZS10ZW1wbGF0ZS5sb2NhbC5mZTEuc3RnLmhhcnZlc3RkcC5hbmNob3IubmV0LmF1L2luZGV4LnBocC9kYXNoYm9hcmQvZmlsZXMvc2VhcmNoIj5GaWxlIE1hbmFnZXI8L2E+PHNwYW4+RmlsZXMgIEZpbGUgTWFuYWdlciBhZGQgZmlsZSwgZGVsZXRlIGZpbGUsIGNvcHksIG1vdmUsIGFsaWFzLCByZXNpemUsIGNyb3AsIHJlbmFtZSwgaW1hZ2VzLCB0aXRsZSwgYXR0cmlidXRlPC9zcGFuPjwvbGk+ICAgICAgICAgICAgICAgICAgICAgICAgICAgICAgICAgICAgICAgIDxsaT48YSBocmVmPSJodHRwOi8vdmFuaWxsYS5oaXZlLXRlbXBsYXRlLmxvY2FsLmZlMS5zdGcuaGFydmVzdGRwLmFuY2hvci5uZXQuYXUvaW5kZXgucGhwL2Rhc2hib2FyZC9maWxlcy9hdHRyaWJ1dGVzIj5BdHRyaWJ1dGVzPC9hPjxzcGFuPkZpbGVzICBBdHRyaWJ1dGVzIGZpbGUsIGZpbGUgYXR0cmlidXRlcywgdGl0bGUsIGF0dHJpYnV0ZSwgZGVzY3JpcHRpb24sIHJlbmFtZTwvc3Bhbj48L2xpPiAgICAgICAgICAgICAgICAgICAgICAgICAgICAgICAgICAgICAgICA8bGk+PGEgaHJlZj0iaHR0cDovL3ZhbmlsbGEuaGl2ZS10ZW1wbGF0ZS5sb2NhbC5mZTEuc3RnLmhhcnZlc3RkcC5hbmNob3IubmV0LmF1L2luZGV4LnBocC9kYXNoYm9hcmQvZmlsZXMvc2V0cyI+RmlsZSBTZXRzPC9hPjxzcGFuPkZpbGVzICBGaWxlIFNldHMgZmlsZXMsIGNhdGVnb3J5LCBjYXRlZ29yaWVzPC9zcGFuPjwvbGk+ICAgICAgICAgICAgICAgICAgICAgICAgICAgICAgICAgICAgICAgIDxsaT48YSBocmVmPSJodHRwOi8vdmFuaWxsYS5oaXZlLXRlbXBsYXRlLmxvY2FsLmZlMS5zdGcuaGFydmVzdGRwLmFuY2hvci5uZXQuYXUvaW5kZXgucGhwL2Rhc2hib2FyZC9maWxlcy9hZGRfc2V0Ij5BZGQgRmlsZSBTZXQ8L2E+PHNwYW4+RmlsZXMgIEFkZCBGaWxlIFNldCBuZXcgZmlsZSBzZXQ8L3NwYW4+PC9saT4gICAgICAgICAgICAgICAgICAgICAgICAgICAgICAgICAgICA8L3VsPiAgICAgICAgICAgICAgICA8L2Rpdj4gICAgICAgICAgICAgICAgICAgICAgICAgICAgICAgIDxkaXYgY2xhc3M9ImNjbS1pbnRlbGxpZ2VudC1zZWFyY2gtcmVzdWx0cy1tb2R1bGUgY2NtLWludGVsbGlnZW50LXNlYXJjaC1yZXN1bHRzLW1vZHVsZS1vbnNpdGUiPiAgICAgICAgICAgICAgICA8aDE+TWVtYmVyczwvaDE+ICAgICAgICAgICAgICAgIDx1bCBjbGFzcz0iY2NtLWludGVsbGlnZW50LXNlYXJjaC1yZXN1bHRzLWxpc3QiPiAgICAgICAgICAgICAgICAgICAgICAgICAgICAgICAgICAgICAgICAgICAgICAgICAgICA8bGk+PGEgaHJlZj0iaHR0cDovL3ZhbmlsbGEuaGl2ZS10ZW1wbGF0ZS5sb2NhbC5mZTEuc3RnLmhhcnZlc3RkcC5hbmNob3IubmV0LmF1L2luZGV4LnBocC9kYXNoYm9hcmQvdXNlcnMvY29tbXVuaXR5Ij5Db21tdW5pdHkgTWVtYmVyczwvYT48c3Bhbj5NZW1iZXJzIHVzZXJzLCBncm91cHMsIHBlb3BsZSwgZmluZCwgZGVsZXRlIHVzZXIsIHJlbW92ZSB1c2VyLCBjaGFuZ2UgcGFzc3dvcmQsIHBhc3N3b3JkIENvbW11bml0eSBNZW1iZXJzIDwvc3Bhbj48L2xpPiAgICAgICAgICAgICAgICAgICAgICAgICAgICAgICAgICAgICAgICA8bGk+PGEgaHJlZj0iaHR0cDovL3ZhbmlsbGEuaGl2ZS10ZW1wbGF0ZS5sb2NhbC5mZTEuc3RnLmhhcnZlc3RkcC5hbmNob3IubmV0LmF1L2luZGV4LnBocC9kYXNoYm9hcmQvdXNlcnMvc2l0ZSI+U2l0ZSBVc2VyczwvYT48c3Bhbj5NZW1iZXJzIHVzZXJzLCBncm91cHMsIHBlb3BsZSwgZmluZCwgZGVsZXRlIHVzZXIsIHJlbW92ZSB1c2VyLCBjaGFuZ2UgcGFzc3dvcmQsIHBhc3N3b3JkIFNpdGUgVXNlcnMgPC9zcGFuPjwvbGk+ICAgICAgICAgICAgICAgICAgICAgICAgICAgICAgICAgICAgICAgIDxsaT48YSBocmVmPSJodHRwOi8vdmFuaWxsYS5oaXZlLXRlbXBsYXRlLmxvY2FsLmZlMS5zdGcuaGFydmVzdGRwLmFuY2hvci5uZXQuYXUvaW5kZXgucGhwL2Rhc2hib2FyZC91c2Vycy9pbnRlcm5hbCI+SW50ZXJuYWwgVXNlcnM8L2E+PHNwYW4+TWVtYmVycyB1c2VycywgZ3JvdXBzLCBwZW9wbGUsIGZpbmQsIGRlbGV0ZSB1c2VyLCByZW1vdmUgdXNlciwgY2hhbmdlIHBhc3N3b3JkLCBwYXNzd29yZCBJbnRlcm5hbCBVc2VycyA8L3NwYW4+PC9saT4gICAgICAgICAgICAgICAgICAgICAgICAgICAgICAgICAgICAgICAgPGxpPjxhIGhyZWY9Imh0dHA6Ly92YW5pbGxhLmhpdmUtdGVtcGxhdGUubG9jYWwuZmUxLnN0Zy5oYXJ2ZXN0ZHAuYW5jaG9yLm5ldC5hdS9pbmRleC5waHAvZGFzaGJvYXJkL3VzZXJzL3NlYXJjaCI+QWxsIFVzZXJzPC9hPjxzcGFuPk1lbWJlcnMgdXNlcnMsIGdyb3VwcywgcGVvcGxlLCBmaW5kLCBkZWxldGUgdXNlciwgcmVtb3ZlIHVzZXIsIGNoYW5nZSBwYXNzd29yZCwgcGFzc3dvcmQgQWxsIFVzZXJzIGZpbmQsIHNlYXJjaCwgcGVvcGxlLCBkZWxldGUgdXNlciwgcmVtb3ZlIHVzZXIsIGNoYW5nZSBwYXNzd29yZCwgcGFzc3dvcmQ8L3NwYW4+PC9saT4gICAgICAgICAgICAgICAgICAgICAgICAgICAgICAgICAgICAgICAgPGxpPjxhIGhyZWY9Imh0dHA6Ly92YW5pbGxhLmhpdmUtdGVtcGxhdGUubG9jYWwuZmUxLnN0Zy5oYXJ2ZXN0ZHAuYW5jaG9yLm5ldC5hdS9pbmRleC5waHAvZGFzaGJvYXJkL3VzZXJzL2dyb3VwcyI+VXNlciBHcm91cHM8L2E+PHNwYW4+TWVtYmVycyB1c2VycywgZ3JvdXBzLCBwZW9wbGUsIGZpbmQsIGRlbGV0ZSB1c2VyLCByZW1vdmUgdXNlciwgY2hhbmdlIHBhc3N3b3JkLCBwYXNzd29yZCBVc2VyIEdyb3VwcyB1c2VyLCBncm91cCwgcGVvcGxlLCBwZXJtaXNzaW9ucywgZXhwaXJlLCBiYWRnZXM8L3NwYW4+PC9saT4gICAgICAgICAgICAgICAgICAgICAgICAgICAgICAgICAgICAgICAgPGxpPjxhIGhyZWY9Imh0dHA6Ly92YW5pbGxhLmhpdmUtdGVtcGxhdGUubG9jYWwuZmUxLnN0Zy5oYXJ2ZXN0ZHAuYW5jaG9yLm5ldC5hdS9pbmRleC5waHAvZGFzaGJvYXJkL3VzZXJzL2F0dHJpYnV0ZXMiPkF0dHJpYnV0ZXM8L2E+PHNwYW4+TWVtYmVycyB1c2VycywgZ3JvdXBzLCBwZW9wbGUsIGZpbmQsIGRlbGV0ZSB1c2VyLCByZW1vdmUgdXNlciwgY2hhbmdlIHBhc3N3b3JkLCBwYXNzd29yZCBBdHRyaWJ1dGVzIHVzZXIgYXR0cmlidXRlcywgdXNlciBkYXRhLCBnYXRoZXIgZGF0YSwgcmVnaXN0cmF0aW9uIGRhdGE8L3NwYW4+PC9saT4gICAgICAgICAgICAgICAgICAgICAgICAgICAgICAgICAgICAgICAgPGxpPjxhIGhyZWY9Imh0dHA6Ly92YW5pbGxhLmhpdmUtdGVtcGxhdGUubG9jYWwuZmUxLnN0Zy5oYXJ2ZXN0ZHAuYW5jaG9yLm5ldC5hdS9pbmRleC5waHAvZGFzaGJvYXJkL3VzZXJzL2FkZCI+QWRkIFVzZXI8L2E+PHNwYW4+TWVtYmVycyB1c2VycywgZ3JvdXBzLCBwZW9wbGUsIGZpbmQsIGRlbGV0ZSB1c2VyLCByZW1vdmUgdXNlciwgY2hhbmdlIHBhc3N3b3JkLCBwYXNzd29yZCBBZGQgVXNlciBuZXcgdXNlciwgY3JlYXRlPC9zcGFuPjwvbGk+ICAgICAgICAgICAgICAgICAgICAgICAgICAgICAgICAgICAgICAgIDxsaT48YSBocmVmPSJodHRwOi8vdmFuaWxsYS5oaXZlLXRlbXBsYXRlLmxvY2FsLmZlMS5zdGcuaGFydmVzdGRwLmFuY2hvci5uZXQuYXUvaW5kZXgucGhwL2Rhc2hib2FyZC91c2Vycy9hZGRfZ3JvdXAiPkFkZCBHcm91cDwvYT48c3Bhbj5NZW1iZXJzIHVzZXJzLCBncm91cHMsIHBlb3BsZSwgZmluZCwgZGVsZXRlIHVzZXIsIHJlbW92ZSB1c2VyLCBjaGFuZ2UgcGFzc3dvcmQsIHBhc3N3b3JkIEFkZCBHcm91cCBuZXcgdXNlciBncm91cCwgbmV3IGdyb3VwLCBncm91cCwgY3JlYXRlPC9zcGFuPjwvbGk+ICAgICAgICAgICAgICAgICAgICAgICAgICAgICAgICAgICAgICAgIDxsaT48YSBocmVmPSJodHRwOi8vdmFuaWxsYS5oaXZlLXRlbXBsYXRlLmxvY2FsLmZlMS5zdGcuaGFydmVzdGRwLmFuY2hvci5uZXQuYXUvaW5kZXgucGhwL2Rhc2hib2FyZC91c2Vycy9ncm91cF9zZXRzIj5Hcm91cCBTZXRzPC9hPjxzcGFuPk1lbWJlcnMgdXNlcnMsIGdyb3VwcywgcGVvcGxlLCBmaW5kLCBkZWxldGUgdXNlciwgcmVtb3ZlIHVzZXIsIGNoYW5nZSBwYXNzd29yZCwgcGFzc3dvcmQgR3JvdXAgU2V0cyBncm91cCBzZXQ8L3NwYW4+PC9saT4gICAgICAgICAgICAgICAgICAgICAgICAgICAgICAgICAgICAgICAgPGxpPjxhIGhyZWY9Imh0dHA6Ly92YW5pbGxhLmhpdmUtdGVtcGxhdGUubG9jYWwuZmUxLnN0Zy5oYXJ2ZXN0ZHAuYW5jaG9yLm5ldC5hdS9pbmRleC5waHAvZGFzaGJvYXJkL3VzZXJzL3BvaW50cyI+Q29tbXVuaXR5IFBvaW50czwvYT48c3Bhbj5NZW1iZXJzIHVzZXJzLCBncm91cHMsIHBlb3BsZSwgZmluZCwgZGVsZXRlIHVzZXIsIHJlbW92ZSB1c2VyLCBjaGFuZ2UgcGFzc3dvcmQsIHBhc3N3b3JkIENvbW11bml0eSBQb2ludHMgY29tbXVuaXR5LCBwb2ludHMsIGthcm1hPC9zcGFuPjwvbGk+ICAgICAgICAgICAgICAgICAgICAgICAgICAgICAgICAgICAgPC91bD4gICAgICAgICAgICAgICAgPC9kaXY+ICAgICAgICAgICAgICAgICAgICAgICAgICAgICAgICA8ZGl2IGNsYXNzPSJjY20taW50ZWxsaWdlbnQtc2VhcmNoLXJlc3VsdHMtbW9kdWxlIGNjbS1pbnRlbGxpZ2VudC1zZWFyY2gtcmVzdWx0cy1tb2R1bGUtb25zaXRlIj4gICAgICAgICAgICAgICAgPGgxPlNpdGVtYXA8L2gxPiAgICAgICAgICAgICAgICA8dWwgY2xhc3M9ImNjbS1pbnRlbGxpZ2VudC1zZWFyY2gtcmVzdWx0cy1saXN0Ij4gICAgICAgICAgICAgICAgICAgICAgICAgICAgICAgICAgICAgICAgICAgICAgICAgICAgPGxpPjxhIGhyZWY9Imh0dHA6Ly92YW5pbGxhLmhpdmUtdGVtcGxhdGUubG9jYWwuZmUxLnN0Zy5oYXJ2ZXN0ZHAuYW5jaG9yLm5ldC5hdS9pbmRleC5waHAvZGFzaGJvYXJkL3NpdGVtYXAvZnVsbCI+RnVsbCBTaXRlbWFwPC9hPjxzcGFuPlNpdGVtYXAgcGFnZXMsIGFkZCBwYWdlLCBkZWxldGUgcGFnZSwgY29weSwgbW92ZSwgYWxpYXMgRnVsbCBTaXRlbWFwIHBhZ2VzLCBhZGQgcGFnZSwgZGVsZXRlIHBhZ2UsIGNvcHksIG1vdmUsIGFsaWFzPC9zcGFuPjwvbGk+ICAgICAgICAgICAgICAgICAgICAgICAgICAgICAgICAgICAgICAgIDxsaT48YSBocmVmPSJodHRwOi8vdmFuaWxsYS5oaXZlLXRlbXBsYXRlLmxvY2FsLmZlMS5zdGcuaGFydmVzdGRwLmFuY2hvci5uZXQuYXUvaW5kZXgucGhwL2Rhc2hib2FyZC9zaXRlbWFwL2V4cGxvcmUiPkZsYXQgVmlldzwvYT48c3Bhbj5TaXRlbWFwIHBhZ2VzLCBhZGQgcGFnZSwgZGVsZXRlIHBhZ2UsIGNvcHksIG1vdmUsIGFsaWFzIEZsYXQgVmlldyBwYWdlcywgYWRkIHBhZ2UsIGRlbGV0ZSBwYWdlLCBjb3B5LCBtb3ZlLCBhbGlhcywgYnVsazwvc3Bhbj48L2xpPiAgICAgICAgICAgICAgICAgICAgICAgICAgICAgICAgICAgICAgICA8bGk+PGEgaHJlZj0iaHR0cDovL3ZhbmlsbGEuaGl2ZS10ZW1wbGF0ZS5sb2NhbC5mZTEuc3RnLmhhcnZlc3RkcC5hbmNob3IubmV0LmF1L2luZGV4LnBocC9kYXNoYm9hcmQvc2l0ZW1hcC9zZWFyY2giPlBhZ2UgU2VhcmNoPC9hPjxzcGFuPlNpdGVtYXAgcGFnZXMsIGFkZCBwYWdlLCBkZWxldGUgcGFnZSwgY29weSwgbW92ZSwgYWxpYXMgUGFnZSBTZWFyY2ggZmluZCBwYWdlLCBzZWFyY2ggcGFnZSwgc2VhcmNoLCBmaW5kLCBwYWdlcywgc2l0ZW1hcDwvc3Bhbj48L2xpPiAgICAgICAgICAgICAgICAgICAgICAgICAgICAgICAgICAgIDwvdWw+ICAgICAgICAgICAgICAgIDwvZGl2PiAgICAgICAgICAgICAgICAgICAgICAgICAgICAgICAgPGRpdiBjbGFzcz0iY2NtLWludGVsbGlnZW50LXNlYXJjaC1yZXN1bHRzLW1vZHVsZSBjY20taW50ZWxsaWdlbnQtc2VhcmNoLXJlc3VsdHMtbW9kdWxlLW9uc2l0ZSI+ICAgICAgICAgICAgICAgIDxoMT5QYWdlcyAmIFRoZW1lczwvaDE+ICAgICAgICAgICAgICAgIDx1bCBjbGFzcz0iY2NtLWludGVsbGlnZW50LXNlYXJjaC1yZXN1bHRzLWxpc3QiPiAgICAgICAgICAgICAgICAgICAgICAgICAgICAgICAgICAgICAgICAgICAgICAgICAgICA8bGk+PGEgaHJlZj0iaHR0cDovL3ZhbmlsbGEuaGl2ZS10ZW1wbGF0ZS5sb2NhbC5mZTEuc3RnLmhhcnZlc3RkcC5hbmNob3IubmV0LmF1L2luZGV4LnBocC9kYXNoYm9hcmQvcGFnZXMvdGhlbWVzIj5UaGVtZXM8L2E+PHNwYW4+UGFnZXMgJiBUaGVtZXMgIFRoZW1lcyBuZXcgdGhlbWUsIHRoZW1lLCBhY3RpdmUgdGhlbWUsIGNoYW5nZSB0aGVtZSwgdGVtcGxhdGUsIGNzczwvc3Bhbj48L2xpPiAgICAgICAgICAgICAgICAgICAgICAgICAgICAgICAgICAgICAgICA8bGk+PGEgaHJlZj0iaHR0cDovL3ZhbmlsbGEuaGl2ZS10ZW1wbGF0ZS5sb2NhbC5mZTEuc3RnLmhhcnZlc3RkcC5hbmNob3IubmV0LmF1L2luZGV4LnBocC9kYXNoYm9hcmQvcGFnZXMvdHlwZXMiPlBhZ2UgVHlwZXM8L2E+PHNwYW4+UGFnZXMgJiBUaGVtZXMgIFBhZ2UgVHlwZXMgPC9zcGFuPjwvbGk+ICAgICAgICAgICAgICAgICAgICAgICAgICAgICAgICAgICAgICAgIDxsaT48YSBocmVmPSJodHRwOi8vdmFuaWxsYS5oaXZlLXRlbXBsYXRlLmxvY2FsLmZlMS5zdGcuaGFydmVzdGRwLmFuY2hvci5uZXQuYXUvaW5kZXgucGhwL2Rhc2hib2FyZC9wYWdlcy90ZW1wbGF0ZXMiPlBhZ2UgVGVtcGxhdGVzPC9hPjxzcGFuPlBhZ2VzICYgVGhlbWVzICBQYWdlIFRlbXBsYXRlcyA8L3NwYW4+PC9saT4gICAgICAgICAgICAgICAgICAgICAgICAgICAgICAgICAgICAgICAgPGxpPjxhIGhyZWY9Imh0dHA6Ly92YW5pbGxhLmhpdmUtdGVtcGxhdGUubG9jYWwuZmUxLnN0Zy5oYXJ2ZXN0ZHAuYW5jaG9yLm5ldC5hdS9pbmRleC5waHAvZGFzaGJvYXJkL3BhZ2VzL2F0dHJpYnV0ZXMiPkF0dHJpYnV0ZXM8L2E+PHNwYW4+UGFnZXMgJiBUaGVtZXMgIEF0dHJpYnV0ZXMgcGFnZSBhdHRyaWJ1dGVzLCBjdXN0b208L3NwYW4+PC9saT4gICAgICAgICAgICAgICAgICAgICAgICAgICAgICAgICAgICAgICAgPGxpPjxhIGhyZWY9Imh0dHA6Ly92YW5pbGxhLmhpdmUtdGVtcGxhdGUubG9jYWwuZmUxLnN0Zy5oYXJ2ZXN0ZHAuYW5jaG9yLm5ldC5hdS9pbmRleC5waHAvZGFzaGJvYXJkL3BhZ2VzL3NpbmdsZSI+U2luZ2xlIFBhZ2VzPC9hPjxzcGFuPlBhZ2VzICYgVGhlbWVzICBTaW5nbGUgUGFnZXMgc2luZ2xlLCBwYWdlLCBjdXN0b20sIGFwcGxpY2F0aW9uPC9zcGFuPjwvbGk+ICAgICAgICAgICAgICAgICAgICAgICAgICAgICAgICAgICAgICAgIDxsaT48YSBocmVmPSJodHRwOi8vdmFuaWxsYS5oaXZlLXRlbXBsYXRlLmxvY2FsLmZlMS5zdGcuaGFydmVzdGRwLmFuY2hvci5uZXQuYXUvaW5kZXgucGhwL2Rhc2hib2FyZC9wYWdlcy9mZWVkcyI+UlNTIEZlZWRzPC9hPjxzcGFuPlBhZ2VzICYgVGhlbWVzICBSU1MgRmVlZHMgYXRvbSwgcnNzLCBmZWVkLCBzeW5kaWNhdGlvbjwvc3Bhbj48L2xpPiAgICAgICAgICAgICAgICAgICAgICAgICAgICAgICAgICAgIDwvdWw+ICAgICAgICAgICAgICAgIDwvZGl2PiAgICAgICAgICAgICAgICAgICAgICAgICAgICAgICAgPGRpdiBjbGFzcz0iY2NtLWludGVsbGlnZW50LXNlYXJjaC1yZXN1bHRzLW1vZHVsZSBjY20taW50ZWxsaWdlbnQtc2VhcmNoLXJlc3VsdHMtbW9kdWxlLW9uc2l0ZSI+ICAgICAgICAgICAgICAgIDxoMT5Db252ZXJzYXRpb25zPC9oMT4gICAgICAgICAgICAgICAgPHVsIGNsYXNzPSJjY20taW50ZWxsaWdlbnQtc2VhcmNoLXJlc3VsdHMtbGlzdCI+ICAgICAgICAgICAgICAgICAgICAgICAgICAgICAgICAgICAgICAgICAgICAgICAgICAgIDxsaT48YSBocmVmPSJodHRwOi8vdmFuaWxsYS5oaXZlLXRlbXBsYXRlLmxvY2FsLmZlMS5zdGcuaGFydmVzdGRwLmFuY2hvci5uZXQuYXUvaW5kZXgucGhwL2Rhc2hib2FyZC9jb252ZXJzYXRpb25zL21lc3NhZ2VzIj5NZXNzYWdlczwvYT48c3Bhbj5Db252ZXJzYXRpb25zICBNZXNzYWdlcyA8L3NwYW4+PC9saT4gICAgICAgICAgICAgICAgICAgICAgICAgICAgICAgICAgICA8L3VsPiAgICAgICAgICAgICAgICA8L2Rpdj4gICAgICAgICAgICAgICAgICAgICAgICAgICAgICAgIDxkaXYgY2xhc3M9ImNjbS1pbnRlbGxpZ2VudC1zZWFyY2gtcmVzdWx0cy1tb2R1bGUgY2NtLWludGVsbGlnZW50LXNlYXJjaC1yZXN1bHRzLW1vZHVsZS1vbnNpdGUiPiAgICAgICAgICAgICAgICA8aDE+U3RhY2tzICYgQmxvY2tzPC9oMT4gICAgICAgICAgICAgICAgPHVsIGNsYXNzPSJjY20taW50ZWxsaWdlbnQtc2VhcmNoLXJlc3VsdHMtbGlzdCI+ICAgICAgICAgICAgICAgICAgICAgICAgICAgICAgICAgICAgICAgICAgICAgICAgICAgIDxsaT48YSBocmVmPSJodHRwOi8vdmFuaWxsYS5oaXZlLXRlbXBsYXRlLmxvY2FsLmZlMS5zdGcuaGFydmVzdGRwLmFuY2hvci5uZXQuYXUvaW5kZXgucGhwL2Rhc2hib2FyZC9ibG9ja3Mvc3RhY2tzIj5TdGFja3M8L2E+PHNwYW4+U3RhY2tzICYgQmxvY2tzICBTdGFja3Mgc3RhY2tzLCByZXVzYWJsZSBjb250ZW50LCBzY3JhcGJvb2ssIGNvcHksIHBhc3RlLCBwYXN0ZSBibG9jaywgY29weSBibG9jaywgc2l0ZSBuYW1lLCBsb2dvPC9zcGFuPjwvbGk+ICAgICAgICAgICAgICAgICAgICAgICAgICAgICAgICAgICAgICAgIDxsaT48YSBocmVmPSJodHRwOi8vdmFuaWxsYS5oaXZlLXRlbXBsYXRlLmxvY2FsLmZlMS5zdGcuaGFydmVzdGRwLmFuY2hvci5uZXQuYXUvaW5kZXgucGhwL2Rhc2hib2FyZC9ibG9ja3MvcGVybWlzc2lvbnMiPkJsb2NrICYgU3RhY2sgUGVybWlzc2lvbnM8L2E+PHNwYW4+U3RhY2tzICYgQmxvY2tzICBCbG9jayAmIFN0YWNrIFBlcm1pc3Npb25zIDwvc3Bhbj48L2xpPiAgICAgICAgICAgICAgICAgICAgICAgICAgICAgICAgICAgICAgICA8bGk+PGEgaHJlZj0iaHR0cDovL3ZhbmlsbGEuaGl2ZS10ZW1wbGF0ZS5sb2NhbC5mZTEuc3RnLmhhcnZlc3RkcC5hbmNob3IubmV0LmF1L2luZGV4LnBocC9kYXNoYm9hcmQvYmxvY2tzL3R5cGVzIj5CbG9jayBUeXBlczwvYT48c3Bhbj5TdGFja3MgJiBCbG9ja3MgIEJsb2NrIFR5cGVzIGJsb2NrLCByZWZyZXNoLCBjdXN0b208L3NwYW4+PC9saT4gICAgICAgICAgICAgICAgICAgICAgICAgICAgICAgICAgICA8L3VsPiAgICAgICAgICAgICAgICA8L2Rpdj4gICAgICAgICAgICAgICAgICAgICAgICAgICAgICAgIDxkaXYgY2xhc3M9ImNjbS1pbnRlbGxpZ2VudC1zZWFyY2gtcmVzdWx0cy1tb2R1bGUgY2NtLWludGVsbGlnZW50LXNlYXJjaC1yZXN1bHRzLW1vZHVsZS1vbnNpdGUiPiAgICAgICAgICAgICAgICA8aDE+RXh0ZW5kIFRoZSBIaXZlPC9oMT4gICAgICAgICAgICAgICAgPHVsIGNsYXNzPSJjY20taW50ZWxsaWdlbnQtc2VhcmNoLXJlc3VsdHMtbGlzdCI+ICAgICAgICAgICAgICAgICAgICAgICAgICAgICAgICAgICAgICAgICAgICAgICAgICAgIDxsaT48YSBocmVmPSJodHRwOi8vdmFuaWxsYS5oaXZlLXRlbXBsYXRlLmxvY2FsLmZlMS5zdGcuaGFydmVzdGRwLmFuY2hvci5uZXQuYXUvaW5kZXgucGhwL2Rhc2hib2FyZC9leHRlbmQvaW5zdGFsbCI+QWRkIEZ1bmN0aW9uYWxpdHk8L2E+PHNwYW4+RXh0ZW5kIFRoZSBIaXZlIGFkZC1vbiwgYWRkb24sIGFkZCBvbiwgcGFja2FnZSwgYXBwLCBlY29tbWVyY2UsIGRpc2N1c3Npb25zLCBmb3J1bXMsIHRoZW1lcywgdGVtcGxhdGVzLCBibG9ja3MgQWRkIEZ1bmN0aW9uYWxpdHkgYWRkLW9uLCBhZGRvbiwgZWNvbW1lcmNlLCBpbnN0YWxsLCBkaXNjdXNzaW9ucywgZm9ydW1zLCB0aGVtZXMsIHRlbXBsYXRlcywgYmxvY2tzPC9zcGFuPjwvbGk+ICAgICAgICAgICAgICAgICAgICAgICAgICAgICAgICAgICAgICAgIDxsaT48YSBocmVmPSJodHRwOi8vdmFuaWxsYS5oaXZlLXRlbXBsYXRlLmxvY2FsLmZlMS5zdGcuaGFydmVzdGRwLmFuY2hvci5uZXQuYXUvaW5kZXgucGhwL2Rhc2hib2FyZC9leHRlbmQvdXBkYXRlIj5VcGRhdGUgQWRkLU9uczwvYT48c3Bhbj5FeHRlbmQgVGhlIEhpdmUgYWRkLW9uLCBhZGRvbiwgYWRkIG9uLCBwYWNrYWdlLCBhcHAsIGVjb21tZXJjZSwgZGlzY3Vzc2lvbnMsIGZvcnVtcywgdGhlbWVzLCB0ZW1wbGF0ZXMsIGJsb2NrcyBVcGRhdGUgQWRkLU9ucyB1cGRhdGUsIHVwZ3JhZGU8L3NwYW4+PC9saT4gICAgICAgICAgICAgICAgICAgICAgICAgICAgICAgICAgICAgICAgPGxpPjxhIGhyZWY9Imh0dHA6Ly92YW5pbGxhLmhpdmUtdGVtcGxhdGUubG9jYWwuZmUxLnN0Zy5oYXJ2ZXN0ZHAuYW5jaG9yLm5ldC5hdS9pbmRleC5waHAvZGFzaGJvYXJkL2V4dGVuZC9jb25uZWN0Ij5Db25uZWN0IHRvIHRoZSBDb21tdW5pdHk8L2E+PHNwYW4+RXh0ZW5kIFRoZSBIaXZlIGFkZC1vbiwgYWRkb24sIGFkZCBvbiwgcGFja2FnZSwgYXBwLCBlY29tbWVyY2UsIGRpc2N1c3Npb25zLCBmb3J1bXMsIHRoZW1lcywgdGVtcGxhdGVzLCBibG9ja3MgQ29ubmVjdCB0byB0aGUgQ29tbXVuaXR5IGNvbmNyZXRlNS5vcmcsIG15IGFjY291bnQsIG1hcmtldHBsYWNlPC9zcGFuPjwvbGk+ICAgICAgICAgICAgICAgICAgICAgICAgICAgICAgICAgICAgICAgIDxsaT48YSBocmVmPSJodHRwOi8vdmFuaWxsYS5oaXZlLXRlbXBsYXRlLmxvY2FsLmZlMS5zdGcuaGFydmVzdGRwLmFuY2hvci5uZXQuYXUvaW5kZXgucGhwL2Rhc2hib2FyZC9leHRlbmQvdGhlbWVzIj5HZXQgTW9yZSBUaGVtZXM8L2E+PHNwYW4+RXh0ZW5kIFRoZSBIaXZlIGFkZC1vbiwgYWRkb24sIGFkZCBvbiwgcGFja2FnZSwgYXBwLCBlY29tbWVyY2UsIGRpc2N1c3Npb25zLCBmb3J1bXMsIHRoZW1lcywgdGVtcGxhdGVzLCBibG9ja3MgR2V0IE1vcmUgVGhlbWVzIGJ1eSB0aGVtZSwgbmV3IHRoZW1lLCBtYXJrZXRwbGFjZSwgdGVtcGxhdGU8L3NwYW4+PC9saT4gICAgICAgICAgICAgICAgICAgICAgICAgICAgICAgICAgICAgICAgPGxpPjxhIGhyZWY9Imh0dHA6Ly92YW5pbGxhLmhpdmUtdGVtcGxhdGUubG9jYWwuZmUxLnN0Zy5oYXJ2ZXN0ZHAuYW5jaG9yLm5ldC5hdS9pbmRleC5waHAvZGFzaGJvYXJkL2V4dGVuZC9hZGRvbnMiPkdldCBNb3JlIEFkZC1PbnM8L2E+PHNwYW4+RXh0ZW5kIFRoZSBIaXZlIGFkZC1vbiwgYWRkb24sIGFkZCBvbiwgcGFja2FnZSwgYXBwLCBlY29tbWVyY2UsIGRpc2N1c3Npb25zLCBmb3J1bXMsIHRoZW1lcywgdGVtcGxhdGVzLCBibG9ja3MgR2V0IE1vcmUgQWRkLU9ucyBidXkgYWRkb24sIGJ1eSBhZGQgb24sIGJ1eSBhZGQtb24sIHB1cmNoYXNlIGFkZG9uLCBwdXJjaGFzZSBhZGQgb24sIHB1cmNoYXNlIGFkZC1vbiwgZmluZCBhZGRvbiwgbmV3IGFkZG9uLCBtYXJrZXRwbGFjZTwvc3Bhbj48L2xpPiAgICAgICAgICAgICAgICAgICAgICAgICAgICAgICAgICAgIDwvdWw+ICAgICAgICAgICAgICAgIDwvZGl2PiAgICAgICAgICAgICAgICAgICAgICAgICAgICAgICAgPGRpdiBjbGFzcz0iY2NtLWludGVsbGlnZW50LXNlYXJjaC1yZXN1bHRzLW1vZHVsZSBjY20taW50ZWxsaWdlbnQtc2VhcmNoLXJlc3VsdHMtbW9kdWxlLW9uc2l0ZSI+ICAgICAgICAgICAgICAgIDxoMT5EYXNoYm9hcmQ8L2gxPiAgICAgICAgICAgICAgICA8dWwgY2xhc3M9ImNjbS1pbnRlbGxpZ2VudC1zZWFyY2gtcmVzdWx0cy1saXN0Ij4gICAgICAgICAgICAgICAgICAgICAgICAgICAgICAgICAgICA8bGk+PGEgaHJlZj0iaHR0cDovL3ZhbmlsbGEuaGl2ZS10ZW1wbGF0ZS5sb2NhbC5mZTEuc3RnLmhhcnZlc3RkcC5hbmNob3IubmV0LmF1L2luZGV4LnBocC9kYXNoYm9hcmQvbmV3cyI+RGFzaGJvYXJkPC9hPjxzcGFuPkRhc2hib2FyZCA8L3NwYW4+PC9saT4gICAgICAgICAgICAgICAgICAgICAgICAgICAgICAgICAgICAgICAgICAgICAgICAgICAgPC91bD4gICAgICAgICAgICAgICAgPC9kaXY+ICAgICAgICAgICAgICAgICAgICAgICAgICAgICAgICA8ZGl2IGNsYXNzPSJjY20taW50ZWxsaWdlbnQtc2VhcmNoLXJlc3VsdHMtbW9kdWxlIGNjbS1pbnRlbGxpZ2VudC1zZWFyY2gtcmVzdWx0cy1tb2R1bGUtb25zaXRlIj4gICAgICAgICAgICAgICAgPGgxPlN5c3RlbSAmIFNldHRpbmdzPC9oMT4gICAgICAgICAgICAgICAgPHVsIGNsYXNzPSJjY20taW50ZWxsaWdlbnQtc2VhcmNoLXJlc3VsdHMtbGlzdCI+ICAgICAgICAgICAgICAgICAgICAgICAgICAgICAgICAgICAgICAgICAgICAgICAgICAgIDxsaT48YSBocmVmPSJodHRwOi8vdmFuaWxsYS5oaXZlLXRlbXBsYXRlLmxvY2FsLmZlMS5zdGcuaGFydmVzdGRwLmFuY2hvci5uZXQuYXUvaW5kZXgucGhwL2Rhc2hib2FyZC9zeXN0ZW0iPlZpZXcgQWxsPC9hPjxzcGFuPlN5c3RlbSAmIFNldHRpbmdzIGRhc2hib2FyZCwgY29uZmlndXJhdGlvbjwvc3Bhbj48L2xpPiAgICAgICAgICAgICAgICAgICAgICAgICAgICAgICAgICAgICAgICA8bGk+PGEgaHJlZj0iaHR0cDovL3ZhbmlsbGEuaGl2ZS10ZW1wbGF0ZS5sb2NhbC5mZTEuc3RnLmhhcnZlc3RkcC5hbmNob3IubmV0LmF1L2luZGV4LnBocC9kYXNoYm9hcmQvc3lzdGVtL2Jhc2ljcyI+QmFzaWNzPC9hPjxzcGFuPkJhc2ljcyA8L3NwYW4+PC9saT4gICAgICAgICAgICAgICAgICAgICAgICAgICAgICAgICAgICAgICAgPGxpPjxhIGhyZWY9Imh0dHA6Ly92YW5pbGxhLmhpdmUtdGVtcGxhdGUubG9jYWwuZmUxLnN0Zy5oYXJ2ZXN0ZHAuYW5jaG9yLm5ldC5hdS9pbmRleC5waHAvZGFzaGJvYXJkL3N5c3RlbS9iYXNpY3MvbmFtZSI+U2l0ZSBOYW1lPC9hPjxzcGFuPlNpdGUgTmFtZSB3ZWJzaXRlIG5hbWUsIHRpdGxlPC9zcGFuPjwvbGk+ICAgICAgICAgICAgICAgICAgICAgICAgICAgICAgICAgICAgICAgIDxsaT48YSBocmVmPSJodHRwOi8vdmFuaWxsYS5oaXZlLXRlbXBsYXRlLmxvY2FsLmZlMS5zdGcuaGFydmVzdGRwLmFuY2hvci5uZXQuYXUvaW5kZXgucGhwL2Rhc2hib2FyZC9zeXN0ZW0vYmFzaWNzL2FjY2Vzc2liaWxpdHkiPkFjY2Vzc2liaWxpdHk8L2E+PHNwYW4+QWNjZXNzaWJpbGl0eSBhY2Nlc3NpYmlsaXR5LCBlYXN5IG1vZGU8L3NwYW4+PC9saT4gICAgICAgICAgICAgICAgICAgICAgICAgICAgICAgICAgICAgICAgPGxpPjxhIGhyZWY9Imh0dHA6Ly92YW5pbGxhLmhpdmUtdGVtcGxhdGUubG9jYWwuZmUxLnN0Zy5oYXJ2ZXN0ZHAuYW5jaG9yLm5ldC5hdS9pbmRleC5waHAvZGFzaGJvYXJkL3N5c3RlbS9iYXNpY3Mvc29jaWFsIj5Tb2NpYWwgTGlua3M8L2E+PHNwYW4+U29jaWFsIExpbmtzIHNoYXJpbmcsIGZhY2Vib29rLCB0d2l0dGVyPC9zcGFuPjwvbGk+ICAgICAgICAgICAgICAgICAgICAgICAgICAgICAgICAgICAgICAgIDxsaT48YSBocmVmPSJodHRwOi8vdmFuaWxsYS5oaXZlLXRlbXBsYXRlLmxvY2FsLmZlMS5zdGcuaGFydmVzdGRwLmFuY2hvci5uZXQuYXUvaW5kZXgucGhwL2Rhc2hib2FyZC9zeXN0ZW0vYmFzaWNzL2ljb25zIj5Cb29rbWFyayBJY29uczwvYT48c3Bhbj5Cb29rbWFyayBJY29ucyBsb2dvLCBmYXZpY29uLCBpcGhvbmUsIGljb24sIGJvb2ttYXJrPC9zcGFuPjwvbGk+ICAgICAgICAgICAgICAgICAgICAgICAgICAgICAgICAgICAgICAgIDxsaT48YSBocmVmPSJodHRwOi8vdmFuaWxsYS5oaXZlLXRlbXBsYXRlLmxvY2FsLmZlMS5zdGcuaGFydmVzdGRwLmFuY2hvci5uZXQuYXUvaW5kZXgucGhwL2Rhc2hib2FyZC9zeXN0ZW0vYmFzaWNzL2VkaXRvciI+UmljaCBUZXh0IEVkaXRvcjwvYT48c3Bhbj5SaWNoIFRleHQgRWRpdG9yIHRpbnltY2UsIGNvbnRlbnQgYmxvY2ssIGZvbnRzLCBlZGl0b3IsIGNvbnRlbnQsIG92ZXJsYXk8L3NwYW4+PC9saT4gICAgICAgICAgICAgICAgICAgICAgICAgICAgICAgICAgICAgICAgPGxpPjxhIGhyZWY9Imh0dHA6Ly92YW5pbGxhLmhpdmUtdGVtcGxhdGUubG9jYWwuZmUxLnN0Zy5oYXJ2ZXN0ZHAuYW5jaG9yLm5ldC5hdS9pbmRleC5waHAvZGFzaGJvYXJkL3N5c3RlbS9iYXNpY3MvbXVsdGlsaW5ndWFsIj5MYW5ndWFnZXM8L2E+PHNwYW4+TGFuZ3VhZ2VzIHRyYW5zbGF0ZSwgdHJhbnNsYXRpb24sIGludGVybmF0aW9uYWxpemF0aW9uLCBtdWx0aWxpbmd1YWw8L3NwYW4+PC9saT4gICAgICAgICAgICAgICAgICAgICAgICAgICAgICAgICAgICAgICAgPGxpPjxhIGhyZWY9Imh0dHA6Ly92YW5pbGxhLmhpdmUtdGVtcGxhdGUubG9jYWwuZmUxLnN0Zy5oYXJ2ZXN0ZHAuYW5jaG9yLm5ldC5hdS9pbmRleC5waHAvZGFzaGJvYXJkL3N5c3RlbS9iYXNpY3MvdGltZXpvbmUiPlRpbWUgWm9uZTwvYT48c3Bhbj5UaW1lIFpvbmUgdGltZXpvbmUsIHByb2ZpbGUsIGxvY2FsZTwvc3Bhbj48L2xpPiAgICAgICAgICAgICAgICAgICAgICAgICAgICAgICAgICAgICAgICA8bGk+PGEgaHJlZj0iaHR0cDovL3ZhbmlsbGEuaGl2ZS10ZW1wbGF0ZS5sb2NhbC5mZTEuc3RnLmhhcnZlc3RkcC5hbmNob3IubmV0LmF1L2luZGV4LnBocC9kYXNoYm9hcmQvc3lzdGVtL2Jhc2ljcy9hcGkiPkFQSSBrZXlzPC9hPjxzcGFuPkFQSSBrZXlzIDwvc3Bhbj48L2xpPiAgICAgICAgICAgICAgICAgICAgICAgICAgICAgICAgICAgICAgICA8bGk+PGEgaHJlZj0iaHR0cDovL3ZhbmlsbGEuaGl2ZS10ZW1wbGF0ZS5sb2NhbC5mZTEuc3RnLmhhcnZlc3RkcC5hbmNob3IubmV0LmF1L2luZGV4LnBocC9kYXNoYm9hcmQvc3lzdGVtL211bHRpbGluZ3VhbCI+TXVsdGlsaW5ndWFsPC9hPjxzcGFuPk11bHRpbGluZ3VhbCBtdWx0aWxpbmd1YWwsIGxvY2FsaXphdGlvbiwgaW50ZXJuYXRpb25hbGl6YXRpb24sIGkxOG48L3NwYW4+PC9saT4gICAgICAgICAgICAgICAgICAgICAgICAgICAgICAgICAgICAgICAgPGxpPjxhIGhyZWY9Imh0dHA6Ly92YW5pbGxhLmhpdmUtdGVtcGxhdGUubG9jYWwuZmUxLnN0Zy5oYXJ2ZXN0ZHAuYW5jaG9yLm5ldC5hdS9pbmRleC5waHAvZGFzaGJvYXJkL3N5c3RlbS9tdWx0aWxpbmd1YWwvc2V0dXAiPk11bHRpbGluZ3VhbCBTZXR1cDwvYT48c3Bhbj5NdWx0aWxpbmd1YWwgU2V0dXAgPC9zcGFuPjwvbGk+ICAgICAgICAgICAgICAgICAgICAgICAgICAgICAgICAgICAgICAgIDxsaT48YSBocmVmPSJodHRwOi8vdmFuaWxsYS5oaXZlLXRlbXBsYXRlLmxvY2FsLmZlMS5zdGcuaGFydmVzdGRwLmFuY2hvci5uZXQuYXUvaW5kZXgucGhwL2Rhc2hib2FyZC9zeXN0ZW0vbXVsdGlsaW5ndWFsL3BhZ2VfcmVwb3J0Ij5QYWdlIFJlcG9ydDwvYT48c3Bhbj5QYWdlIFJlcG9ydCA8L3NwYW4+PC9saT4gICAgICAgICAgICAgICAgICAgICAgICAgICAgICAgICAgICAgICAgPGxpPjxhIGhyZWY9Imh0dHA6Ly92YW5pbGxhLmhpdmUtdGVtcGxhdGUubG9jYWwuZmUxLnN0Zy5oYXJ2ZXN0ZHAuYW5jaG9yLm5ldC5hdS9pbmRleC5waHAvZGFzaGJvYXJkL3N5c3RlbS9tdWx0aWxpbmd1YWwvdHJhbnNsYXRlX2ludGVyZmFjZSI+VHJhbnNsYXRlIFNpdGUgSW50ZXJmYWNlPC9hPjxzcGFuPlRyYW5zbGF0ZSBTaXRlIEludGVyZmFjZSA8L3NwYW4+PC9saT4gICAgICAgICAgICAgICAgICAgICAgICAgICAgICAgICAgICAgICAgPGxpPjxhIGhyZWY9Imh0dHA6Ly92YW5pbGxhLmhpdmUtdGVtcGxhdGUubG9jYWwuZmUxLnN0Zy5oYXJ2ZXN0ZHAuYW5jaG9yLm5ldC5hdS9pbmRleC5waHAvZGFzaGJvYXJkL3N5c3RlbS9tdWx0aWxpbmd1YWwvY29weSI+Q29weSBMYW5ndWFnZXM8L2E+PHNwYW4+Q29weSBMYW5ndWFnZXMgPC9zcGFuPjwvbGk+ICAgICAgICAgICAgICAgICAgICAgICAgICAgICAgICAgICAgICAgIDxsaT48YSBocmVmPSJodHRwOi8vdmFuaWxsYS5oaXZlLXRlbXBsYXRlLmxvY2FsLmZlMS5zdGcuaGFydmVzdGRwLmFuY2hvci5uZXQuYXUvaW5kZXgucGhwL2Rhc2hib2FyZC9zeXN0ZW0vc2VvIj5TRU8gJiBTdGF0aXN0aWNzPC9hPjxzcGFuPlNFTyAmIFN0YXRpc3RpY3MgPC9zcGFuPjwvbGk+ICAgICAgICAgICAgICAgICAgICAgICAgICAgICAgICAgICAgICAgIDxsaT48YSBocmVmPSJodHRwOi8vdmFuaWxsYS5oaXZlLXRlbXBsYXRlLmxvY2FsLmZlMS5zdGcuaGFydmVzdGRwLmFuY2hvci5uZXQuYXUvaW5kZXgucGhwL2Rhc2hib2FyZC9zeXN0ZW0vc2VvL3VybHMiPlVSTHMgYW5kIFJlZGlyZWN0aW9uPC9hPjxzcGFuPlVSTHMgYW5kIFJlZGlyZWN0aW9uIHZhbml0eSwgcHJldHR5IHVybCwgc2VvLCBwYWdldmlldywgdmlldzwvc3Bhbj48L2xpPiAgICAgICAgICAgICAgICAgICAgICAgICAgICAgICAgICAgICAgICA8bGk+PGEgaHJlZj0iaHR0cDovL3ZhbmlsbGEuaGl2ZS10ZW1wbGF0ZS5sb2NhbC5mZTEuc3RnLmhhcnZlc3RkcC5hbmNob3IubmV0LmF1L2luZGV4LnBocC9kYXNoYm9hcmQvc3lzdGVtL3Nlby9idWxrIj5CdWxrIFNFTyBVcGRhdGVyPC9hPjxzcGFuPkJ1bGsgU0VPIFVwZGF0ZXIgYnVsaywgc2VvLCBjaGFuZ2Uga2V5d29yZHMsIGVuZ2luZSwgb3B0aW1pemF0aW9uLCBzZWFyY2g8L3NwYW4+PC9saT4gICAgICAgICAgICAgICAgICAgICAgICAgICAgICAgICAgICAgICAgPGxpPjxhIGhyZWY9Imh0dHA6Ly92YW5pbGxhLmhpdmUtdGVtcGxhdGUubG9jYWwuZmUxLnN0Zy5oYXJ2ZXN0ZHAuYW5jaG9yLm5ldC5hdS9pbmRleC5waHAvZGFzaGJvYXJkL3N5c3RlbS9zZW8vY29kZXMiPlRyYWNraW5nIENvZGVzPC9hPjxzcGFuPlRyYWNraW5nIENvZGVzIHRyYWZmaWMsIHN0YXRpc3RpY3MsIGdvb2dsZSBhbmFseXRpY3MsIHF1YW50LCBwYWdldmlld3MsIGhpdHM8L3NwYW4+PC9saT4gICAgICAgICAgICAgICAgICAgICAgICAgICAgICAgICAgICAgICAgPGxpPjxhIGhyZWY9Imh0dHA6Ly92YW5pbGxhLmhpdmUtdGVtcGxhdGUubG9jYWwuZmUxLnN0Zy5oYXJ2ZXN0ZHAuYW5jaG9yLm5ldC5hdS9pbmRleC5waHAvZGFzaGJvYXJkL3N5c3RlbS9zZW8vZXhjbHVkZWQiPkV4Y2x1ZGVkIFVSTCBXb3JkIExpc3Q8L2E+PHNwYW4+RXhjbHVkZWQgVVJMIFdvcmQgTGlzdCBwcmV0dHksIHNsdWc8L3NwYW4+PC9saT4gICAgICAgICAgICAgICAgICAgICAgICAgICAgICAgICAgICAgICAgPGxpPjxhIGhyZWY9Imh0dHA6Ly92YW5pbGxhLmhpdmUtdGVtcGxhdGUubG9jYWwuZmUxLnN0Zy5oYXJ2ZXN0ZHAuYW5jaG9yLm5ldC5hdS9pbmRleC5waHAvZGFzaGJvYXJkL3N5c3RlbS9zZW8vc2VhcmNoaW5kZXgiPlNlYXJjaCBJbmRleDwvYT48c3Bhbj5TZWFyY2ggSW5kZXggY29uZmlndXJlIHNlYXJjaCwgc2l0ZSBzZWFyY2gsIHNlYXJjaCBvcHRpb248L3NwYW4+PC9saT4gICAgICAgICAgICAgICAgICAgICAgICAgICAgICAgICAgICAgICAgPGxpPjxhIGhyZWY9Imh0dHA6Ly92YW5pbGxhLmhpdmUtdGVtcGxhdGUubG9jYWwuZmUxLnN0Zy5oYXJ2ZXN0ZHAuYW5jaG9yLm5ldC5hdS9pbmRleC5waHAvZGFzaGJvYXJkL3N5c3RlbS9maWxlcyI+RmlsZXM8L2E+PHNwYW4+RmlsZXMgPC9zcGFuPjwvbGk+ICAgICAgICAgICAgICAgICAgICAgICAgICAgICAgICAgICAgICAgIDxsaT48YSBocmVmPSJodHRwOi8vdmFuaWxsYS5oaXZlLXRlbXBsYXRlLmxvY2FsLmZlMS5zdGcuaGFydmVzdGRwLmFuY2hvci5uZXQuYXUvaW5kZXgucGhwL2Rhc2hib2FyZC9zeXN0ZW0vZmlsZXMvcGVybWlzc2lvbnMiPkZpbGUgTWFuYWdlciBQZXJtaXNzaW9uczwvYT48c3Bhbj5GaWxlIE1hbmFnZXIgUGVybWlzc2lvbnMgZmlsZSBvcHRpb25zLCBmaWxlIG1hbmFnZXIsIHVwbG9hZCwgbW9kaWZ5PC9zcGFuPjwvbGk+ICAgICAgICAgICAgICAgICAgICAgICAgICAgICAgICAgICAgICAgIDxsaT48YSBocmVmPSJodHRwOi8vdmFuaWxsYS5oaXZlLXRlbXBsYXRlLmxvY2FsLmZlMS5zdGcuaGFydmVzdGRwLmFuY2hvci5uZXQuYXUvaW5kZXgucGhwL2Rhc2hib2FyZC9zeXN0ZW0vZmlsZXMvZmlsZXR5cGVzIj5BbGxvd2VkIEZpbGUgVHlwZXM8L2E+PHNwYW4+QWxsb3dlZCBGaWxlIFR5cGVzIHNlY3VyaXR5LCBmaWxlcywgbWVkaWEsIGV4dGVuc2lvbiwgbWFuYWdlciwgdXBsb2FkPC9zcGFuPjwvbGk+ICAgICAgICAgICAgICAgICAgICAgICAgICAgICAgICAgICAgICAgIDxsaT48YSBocmVmPSJodHRwOi8vdmFuaWxsYS5oaXZlLXRlbXBsYXRlLmxvY2FsLmZlMS5zdGcuaGFydmVzdGRwLmFuY2hvci5uZXQuYXUvaW5kZXgucGhwL2Rhc2hib2FyZC9zeXN0ZW0vZmlsZXMvdGh1bWJuYWlscyI+VGh1bWJuYWlsczwvYT48c3Bhbj5UaHVtYm5haWxzIGltYWdlcywgcGljdHVyZSwgcmVzcG9uc2l2ZSwgcmV0aW5hPC9zcGFuPjwvbGk+ICAgICAgICAgICAgICAgICAgICAgICAgICAgICAgICAgICAgICAgIDxsaT48YSBocmVmPSJodHRwOi8vdmFuaWxsYS5oaXZlLXRlbXBsYXRlLmxvY2FsLmZlMS5zdGcuaGFydmVzdGRwLmFuY2hvci5uZXQuYXUvaW5kZXgucGhwL2Rhc2hib2FyZC9zeXN0ZW0vZmlsZXMvc3RvcmFnZSI+RmlsZSBTdG9yYWdlIExvY2F0aW9uczwvYT48c3Bhbj5GaWxlIFN0b3JhZ2UgTG9jYXRpb25zIHNlY3VyaXR5LCBhbHRlcm5hdGUgc3RvcmFnZSwgaGlkZSBmaWxlczwvc3Bhbj48L2xpPiAgICAgICAgICAgICAgICAgICAgICAgICAgICAgICAgICAgICAgICA8bGk+PGEgaHJlZj0iaHR0cDovL3ZhbmlsbGEuaGl2ZS10ZW1wbGF0ZS5sb2NhbC5mZTEuc3RnLmhhcnZlc3RkcC5hbmNob3IubmV0LmF1L2luZGV4LnBocC9kYXNoYm9hcmQvc3lzdGVtL2ZpbGVzL2ltYWdlX3VwbG9hZGluZyI+SW1hZ2UgVXBsb2FkaW5nPC9hPjxzcGFuPkltYWdlIFVwbG9hZGluZyA8L3NwYW4+PC9saT4gICAgICAgICAgICAgICAgICAgICAgICAgICAgICAgICAgICAgICAgPGxpPjxhIGhyZWY9Imh0dHA6Ly92YW5pbGxhLmhpdmUtdGVtcGxhdGUubG9jYWwuZmUxLnN0Zy5oYXJ2ZXN0ZHAuYW5jaG9yLm5ldC5hdS9pbmRleC5waHAvZGFzaGJvYXJkL3N5c3RlbS9vcHRpbWl6YXRpb24iPk9wdGltaXphdGlvbjwvYT48c3Bhbj5PcHRpbWl6YXRpb24gPC9zcGFuPjwvbGk+ICAgICAgICAgICAgICAgICAgICAgICAgICAgICAgICAgICAgICAgIDxsaT48YSBocmVmPSJodHRwOi8vdmFuaWxsYS5oaXZlLXRlbXBsYXRlLmxvY2FsLmZlMS5zdGcuaGFydmVzdGRwLmFuY2hvci5uZXQuYXUvaW5kZXgucGhwL2Rhc2hib2FyZC9zeXN0ZW0vb3B0aW1pemF0aW9uL2NhY2hlIj5DYWNoZSAmIFNwZWVkIFNldHRpbmdzPC9hPjxzcGFuPkNhY2hlICYgU3BlZWQgU2V0dGluZ3MgY2FjaGUgb3B0aW9uLCBjaGFuZ2UgY2FjaGUsIG92ZXJyaWRlLCB0dXJuIG9uIGNhY2hlLCB0dXJuIG9mZiBjYWNoZSwgbm8gY2FjaGUsIHBhZ2UgY2FjaGUsIGNhY2hpbmc8L3NwYW4+PC9saT4gICAgICAgICAgICAgICAgICAgICAgICAgICAgICAgICAgICAgICAgPGxpPjxhIGhyZWY9Imh0dHA6Ly92YW5pbGxhLmhpdmUtdGVtcGxhdGUubG9jYWwuZmUxLnN0Zy5oYXJ2ZXN0ZHAuYW5jaG9yLm5ldC5hdS9pbmRleC5waHAvZGFzaGJvYXJkL3N5c3RlbS9vcHRpbWl6YXRpb24vY2xlYXJjYWNoZSI+Q2xlYXIgQ2FjaGU8L2E+PHNwYW4+Q2xlYXIgQ2FjaGUgY2FjaGUgb3B0aW9uLCB0dXJuIG9mZiBjYWNoZSwgbm8gY2FjaGUsIHBhZ2UgY2FjaGUsIGNhY2hpbmc8L3NwYW4+PC9saT4gICAgICAgICAgICAgICAgICAgICAgICAgICAgICAgICAgICAgICAgPGxpPjxhIGhyZWY9Imh0dHA6Ly92YW5pbGxhLmhpdmUtdGVtcGxhdGUubG9jYWwuZmUxLnN0Zy5oYXJ2ZXN0ZHAuYW5jaG9yLm5ldC5hdS9pbmRleC5waHAvZGFzaGJvYXJkL3N5c3RlbS9vcHRpbWl6YXRpb24vam9icyI+QXV0b21hdGVkIEpvYnM8L2E+PHNwYW4+QXV0b21hdGVkIEpvYnMgaW5kZXggc2VhcmNoLCByZWluZGV4IHNlYXJjaCwgYnVpbGQgc2l0ZW1hcCwgc2l0ZW1hcC54bWwsIGNsZWFyIG9sZCB2ZXJzaW9ucywgcGFnZSB2ZXJzaW9ucywgcmVtb3ZlIG9sZDwvc3Bhbj48L2xpPiAgICAgICAgICAgICAgICAgICAgICAgICAgICAgICAgICAgICAgICA8bGk+PGEgaHJlZj0iaHR0cDovL3ZhbmlsbGEuaGl2ZS10ZW1wbGF0ZS5sb2NhbC5mZTEuc3RnLmhhcnZlc3RkcC5hbmNob3IubmV0LmF1L2luZGV4LnBocC9kYXNoYm9hcmQvc3lzdGVtL29wdGltaXphdGlvbi9xdWVyeV9sb2ciPkRhdGFiYXNlIFF1ZXJ5IExvZzwvYT48c3Bhbj5EYXRhYmFzZSBRdWVyeSBMb2cgcXVlcmllcywgZGF0YWJhc2UsIG15c3FsPC9zcGFuPjwvbGk+ICAgICAgICAgICAgICAgICAgICAgICAgICAgICAgICAgICAgICAgIDxsaT48YSBocmVmPSJodHRwOi8vdmFuaWxsYS5oaXZlLXRlbXBsYXRlLmxvY2FsLmZlMS5zdGcuaGFydmVzdGRwLmFuY2hvci5uZXQuYXUvaW5kZXgucGhwL2Rhc2hib2FyZC9zeXN0ZW0vcGVybWlzc2lvbnMiPlBlcm1pc3Npb25zICYgQWNjZXNzPC9hPjxzcGFuPlBlcm1pc3Npb25zICYgQWNjZXNzIDwvc3Bhbj48L2xpPiAgICAgICAgICAgICAgICAgICAgICAgICAgICAgICAgICAgICAgICA8bGk+PGEgaHJlZj0iaHR0cDovL3ZhbmlsbGEuaGl2ZS10ZW1wbGF0ZS5sb2NhbC5mZTEuc3RnLmhhcnZlc3RkcC5hbmNob3IubmV0LmF1L2luZGV4LnBocC9kYXNoYm9hcmQvc3lzdGVtL3Blcm1pc3Npb25zL3NpdGUiPlNpdGUgQWNjZXNzPC9hPjxzcGFuPlNpdGUgQWNjZXNzIGVkaXRvcnMsIGhpZGUgc2l0ZSwgb2ZmbGluZSwgcHJpdmF0ZSwgcHVibGljLCBhY2Nlc3M8L3NwYW4+PC9saT4gICAgICAgICAgICAgICAgICAgICAgICAgICAgICAgICAgICAgICAgPGxpPjxhIGhyZWY9Imh0dHA6Ly92YW5pbGxhLmhpdmUtdGVtcGxhdGUubG9jYWwuZmUxLnN0Zy5oYXJ2ZXN0ZHAuYW5jaG9yLm5ldC5hdS9pbmRleC5waHAvZGFzaGJvYXJkL3N5c3RlbS9wZXJtaXNzaW9ucy90YXNrcyI+VGFzayBQZXJtaXNzaW9uczwvYT48c3Bhbj5UYXNrIFBlcm1pc3Npb25zIHNlY3VyaXR5LCBhY3Rpb25zLCBhZG1pbmlzdHJhdG9yLCBhZG1pbiwgcGFja2FnZSwgbWFya2V0cGxhY2UsIHNlYXJjaDwvc3Bhbj48L2xpPiAgICAgICAgICAgICAgICAgICAgICAgICAgICAgICAgICAgICAgICA8bGk+PGEgaHJlZj0iaHR0cDovL3ZhbmlsbGEuaGl2ZS10ZW1wbGF0ZS5sb2NhbC5mZTEuc3RnLmhhcnZlc3RkcC5hbmNob3IubmV0LmF1L2luZGV4LnBocC9kYXNoYm9hcmQvc3lzdGVtL3Blcm1pc3Npb25zL3VzZXJzIj5Vc2VyIFBlcm1pc3Npb25zPC9hPjxzcGFuPlVzZXIgUGVybWlzc2lvbnMgPC9zcGFuPjwvbGk+ICAgICAgICAgICAgICAgICAgICAgICAgICAgICAgICAgICAgICAgIDxsaT48YSBocmVmPSJodHRwOi8vdmFuaWxsYS5oaXZlLXRlbXBsYXRlLmxvY2FsLmZlMS5zdGcuaGFydmVzdGRwLmFuY2hvci5uZXQuYXUvaW5kZXgucGhwL2Rhc2hib2FyZC9zeXN0ZW0vcGVybWlzc2lvbnMvYWR2YW5jZWQiPkFkdmFuY2VkIFBlcm1pc3Npb25zPC9hPjxzcGFuPkFkdmFuY2VkIFBlcm1pc3Npb25zIDwvc3Bhbj48L2xpPiAgICAgICAgICAgICAgICAgICAgICAgICAgICAgICAgICAgICAgICA8bGk+PGEgaHJlZj0iaHR0cDovL3ZhbmlsbGEuaGl2ZS10ZW1wbGF0ZS5sb2NhbC5mZTEuc3RnLmhhcnZlc3RkcC5hbmNob3IubmV0LmF1L2luZGV4LnBocC9kYXNoYm9hcmQvc3lzdGVtL3Blcm1pc3Npb25zL2JsYWNrbGlzdCI+SVAgQmxhY2tsaXN0PC9hPjxzcGFuPklQIEJsYWNrbGlzdCBzZWN1cml0eSwgbG9jayBpcCwgbG9jayBvdXQsIGJsb2NrIGlwLCBhZGRyZXNzLCByZXN0cmljdCwgYWNjZXNzPC9zcGFuPjwvbGk+ICAgICAgICAgICAgICAgICAgICAgICAgICAgICAgICAgICAgICAgIDxsaT48YSBocmVmPSJodHRwOi8vdmFuaWxsYS5oaXZlLXRlbXBsYXRlLmxvY2FsLmZlMS5zdGcuaGFydmVzdGRwLmFuY2hvci5uZXQuYXUvaW5kZXgucGhwL2Rhc2hib2FyZC9zeXN0ZW0vcGVybWlzc2lvbnMvY2FwdGNoYSI+Q2FwdGNoYSBTZXR1cDwvYT48c3Bhbj5DYXB0Y2hhIFNldHVwIHNlY3VyaXR5LCByZWdpc3RyYXRpb248L3NwYW4+PC9saT4gICAgICAgICAgICAgICAgICAgICAgICAgICAgICAgICAgICAgICAgPGxpPjxhIGhyZWY9Imh0dHA6Ly92YW5pbGxhLmhpdmUtdGVtcGxhdGUubG9jYWwuZmUxLnN0Zy5oYXJ2ZXN0ZHAuYW5jaG9yLm5ldC5hdS9pbmRleC5waHAvZGFzaGJvYXJkL3N5c3RlbS9wZXJtaXNzaW9ucy9hbnRpc3BhbSI+U3BhbSBDb250cm9sPC9hPjxzcGFuPlNwYW0gQ29udHJvbCBhbnRpc3BhbSwgYmxvY2sgc3BhbSwgc2VjdXJpdHk8L3NwYW4+PC9saT4gICAgICAgICAgICAgICAgICAgICAgICAgICAgICAgICAgICAgICAgPGxpPjxhIGhyZWY9Imh0dHA6Ly92YW5pbGxhLmhpdmUtdGVtcGxhdGUubG9jYWwuZmUxLnN0Zy5oYXJ2ZXN0ZHAuYW5jaG9yLm5ldC5hdS9pbmRleC5waHAvZGFzaGJvYXJkL3N5c3RlbS9wZXJtaXNzaW9ucy9tYWludGVuYW5jZSI+TWFpbnRlbmFuY2UgTW9kZTwvYT48c3Bhbj5NYWludGVuYW5jZSBNb2RlIGxvY2sgc2l0ZSwgdW5kZXIgY29uc3RydWN0aW9uLCBoaWRlLCBoaWRkZW48L3NwYW4+PC9saT4gICAgICAgICAgICAgICAgICAgICAgICAgICAgICAgICAgICAgICAgPGxpPjxhIGhyZWY9Imh0dHA6Ly92YW5pbGxhLmhpdmUtdGVtcGxhdGUubG9jYWwuZmUxLnN0Zy5oYXJ2ZXN0ZHAuYW5jaG9yLm5ldC5hdS9pbmRleC5waHAvZGFzaGJvYXJkL3N5c3RlbS9yZWdpc3RyYXRpb24iPkxvZ2luICYgUmVnaXN0cmF0aW9uPC9hPjxzcGFuPkxvZ2luICYgUmVnaXN0cmF0aW9uIDwvc3Bhbj48L2xpPiAgICAgICAgICAgICAgICAgICAgICAgICAgICAgICAgICAgICAgICA8bGk+PGEgaHJlZj0iaHR0cDovL3ZhbmlsbGEuaGl2ZS10ZW1wbGF0ZS5sb2NhbC5mZTEuc3RnLmhhcnZlc3RkcC5hbmNob3IubmV0LmF1L2luZGV4LnBocC9kYXNoYm9hcmQvc3lzdGVtL3JlZ2lzdHJhdGlvbi9wb3N0bG9naW4iPkxvZ2luIERlc3RpbmF0aW9uPC9hPjxzcGFuPkxvZ2luIERlc3RpbmF0aW9uIHByb2ZpbGUsIGxvZ2luLCByZWRpcmVjdCwgc3BlY2lmaWMsIGRhc2hib2FyZCwgYWRtaW5pc3RyYXRvcnM8L3NwYW4+PC9saT4gICAgICAgICAgICAgICAgICAgICAgICAgICAgICAgICAgICAgICAgPGxpPjxhIGhyZWY9Imh0dHA6Ly92YW5pbGxhLmhpdmUtdGVtcGxhdGUubG9jYWwuZmUxLnN0Zy5oYXJ2ZXN0ZHAuYW5jaG9yLm5ldC5hdS9pbmRleC5waHAvZGFzaGJvYXJkL3N5c3RlbS9yZWdpc3RyYXRpb24vcHJvZmlsZXMiPlB1YmxpYyBQcm9maWxlczwvYT48c3Bhbj5QdWJsaWMgUHJvZmlsZXMgbWVtYmVyIHByb2ZpbGUsIG1lbWJlciBwYWdlLCBjb21tdW5pdHksIGZvcnVtcywgc29jaWFsLCBhdmF0YXI8L3NwYW4+PC9saT4gICAgICAgICAgICAgICAgICAgICAgICAgICAgICAgICAgICAgICAgPGxpPjxhIGhyZWY9Imh0dHA6Ly92YW5pbGxhLmhpdmUtdGVtcGxhdGUubG9jYWwuZmUxLnN0Zy5oYXJ2ZXN0ZHAuYW5jaG9yLm5ldC5hdS9pbmRleC5waHAvZGFzaGJvYXJkL3N5c3RlbS9yZWdpc3RyYXRpb24vb3BlbiI+UHVibGljIFJlZ2lzdHJhdGlvbjwvYT48c3Bhbj5QdWJsaWMgUmVnaXN0cmF0aW9uIHNpZ251cCwgbmV3IHVzZXIsIGNvbW11bml0eSwgcHVibGljIHJlZ2lzdHJhdGlvbiwgcHVibGljLCByZWdpc3RyYXRpb248L3NwYW4+PC9saT4gICAgICAgICAgICAgICAgICAgICAgICAgICAgICAgICAgICAgICAgPGxpPjxhIGhyZWY9Imh0dHA6Ly92YW5pbGxhLmhpdmUtdGVtcGxhdGUubG9jYWwuZmUxLnN0Zy5oYXJ2ZXN0ZHAuYW5jaG9yLm5ldC5hdS9pbmRleC5waHAvZGFzaGJvYXJkL3N5c3RlbS9yZWdpc3RyYXRpb24vYXV0aGVudGljYXRpb24iPkF1dGhlbnRpY2F0aW9uIFR5cGVzPC9hPjxzcGFuPkF1dGhlbnRpY2F0aW9uIFR5cGVzIGF1dGgsIGF1dGhlbnRpY2F0aW9uLCB0eXBlcywgb2F1dGgsIGZhY2Vib29rLCBsb2dpbiwgcmVnaXN0cmF0aW9uPC9zcGFuPjwvbGk+ICAgICAgICAgICAgICAgICAgICAgICAgICAgICAgICAgICAgICAgIDxsaT48YSBocmVmPSJodHRwOi8vdmFuaWxsYS5oaXZlLXRlbXBsYXRlLmxvY2FsLmZlMS5zdGcuaGFydmVzdGRwLmFuY2hvci5uZXQuYXUvaW5kZXgucGhwL2Rhc2hib2FyZC9zeXN0ZW0vbWFpbCI+RW1haWw8L2E+PHNwYW4+RW1haWwgc210cCwgbWFpbCBzZXR0aW5nczwvc3Bhbj48L2xpPiAgICAgICAgICAgICAgICAgICAgICAgICAgICAgICAgICAgICAgICA8bGk+PGEgaHJlZj0iaHR0cDovL3ZhbmlsbGEuaGl2ZS10ZW1wbGF0ZS5sb2NhbC5mZTEuc3RnLmhhcnZlc3RkcC5hbmNob3IubmV0LmF1L2luZGV4LnBocC9kYXNoYm9hcmQvc3lzdGVtL21haWwvbWV0aG9kIj5TTVRQIE1ldGhvZDwvYT48c3Bhbj5TTVRQIE1ldGhvZCBlbWFpbCBzZXJ2ZXIsIG1haWwgc2V0dGluZ3MsIG1haWwgY29uZmlndXJhdGlvbiwgZXh0ZXJuYWwsIGludGVybmFsPC9zcGFuPjwvbGk+ICAgICAgICAgICAgICAgICAgICAgICAgICAgICAgICAgICAgICAgIDxsaT48YSBocmVmPSJodHRwOi8vdmFuaWxsYS5oaXZlLXRlbXBsYXRlLmxvY2FsLmZlMS5zdGcuaGFydmVzdGRwLmFuY2hvci5uZXQuYXUvaW5kZXgucGhwL2Rhc2hib2FyZC9zeXN0ZW0vbWFpbC9tZXRob2QvdGVzdCI+VGVzdCBNYWlsIFNldHRpbmdzPC9hPjxzcGFuPlRlc3QgTWFpbCBTZXR0aW5ncyB0ZXN0IHNtdHAsIHRlc3QgbWFpbDwvc3Bhbj48L2xpPiAgICAgICAgICAgICAgICAgICAgICAgICAgICAgICAgICAgICAgICA8bGk+PGEgaHJlZj0iaHR0cDovL3ZhbmlsbGEuaGl2ZS10ZW1wbGF0ZS5sb2NhbC5mZTEuc3RnLmhhcnZlc3RkcC5hbmNob3IubmV0LmF1L2luZGV4LnBocC9kYXNoYm9hcmQvc3lzdGVtL21haWwvaW1wb3J0ZXJzIj5FbWFpbCBJbXBvcnRlcnM8L2E+PHNwYW4+RW1haWwgSW1wb3J0ZXJzIGVtYWlsIHNlcnZlciwgbWFpbCBzZXR0aW5ncywgbWFpbCBjb25maWd1cmF0aW9uLCBwcml2YXRlIG1lc3NhZ2UsIG1lc3NhZ2Ugc3lzdGVtLCBpbXBvcnQsIGVtYWlsLCBtZXNzYWdlPC9zcGFuPjwvbGk+ICAgICAgICAgICAgICAgICAgICAgICAgICAgICAgICAgICAgICAgIDxsaT48YSBocmVmPSJodHRwOi8vdmFuaWxsYS5oaXZlLXRlbXBsYXRlLmxvY2FsLmZlMS5zdGcuaGFydmVzdGRwLmFuY2hvci5uZXQuYXUvaW5kZXgucGhwL2Rhc2hib2FyZC9zeXN0ZW0vY29udmVyc2F0aW9ucyI+Q29udmVyc2F0aW9uczwvYT48c3Bhbj5Db252ZXJzYXRpb25zIGNvbnZlcnNhdGlvbnM8L3NwYW4+PC9saT4gICAgICAgICAgICAgICAgICAgICAgICAgICAgICAgICAgICAgICAgPGxpPjxhIGhyZWY9Imh0dHA6Ly92YW5pbGxhLmhpdmUtdGVtcGxhdGUubG9jYWwuZmUxLnN0Zy5oYXJ2ZXN0ZHAuYW5jaG9yLm5ldC5hdS9pbmRleC5waHAvZGFzaGJvYXJkL3N5c3RlbS9jb252ZXJzYXRpb25zL3NldHRpbmdzIj5TZXR0aW5nczwvYT48c3Bhbj5TZXR0aW5ncyBjb252ZXJzYXRpb25zPC9zcGFuPjwvbGk+ICAgICAgICAgICAgICAgICAgICAgICAgICAgICAgICAgICAgICAgIDxsaT48YSBocmVmPSJodHRwOi8vdmFuaWxsYS5oaXZlLXRlbXBsYXRlLmxvY2FsLmZlMS5zdGcuaGFydmVzdGRwLmFuY2hvci5uZXQuYXUvaW5kZXgucGhwL2Rhc2hib2FyZC9zeXN0ZW0vY29udmVyc2F0aW9ucy9wb2ludHMiPkNvbW11bml0eSBQb2ludHM8L2E+PHNwYW4+Q29tbXVuaXR5IFBvaW50cyBjb252ZXJzYXRpb25zIHJhdGluZ3MsIHJhdGluZ3MsIGNvbW11bml0eSwgY29tbXVuaXR5IHBvaW50czwvc3Bhbj48L2xpPiAgICAgICAgICAgICAgICAgICAgICAgICAgICAgICAgICAgICAgICA8bGk+PGEgaHJlZj0iaHR0cDovL3ZhbmlsbGEuaGl2ZS10ZW1wbGF0ZS5sb2NhbC5mZTEuc3RnLmhhcnZlc3RkcC5hbmNob3IubmV0LmF1L2luZGV4LnBocC9kYXNoYm9hcmQvc3lzdGVtL2NvbnZlcnNhdGlvbnMvYmFubmVkd29yZHMiPkJhbm5lZCBXb3JkczwvYT48c3Bhbj5CYW5uZWQgV29yZHMgY29udmVyc2F0aW9ucyBiYWQgd29yZHMsIGJhbm5lZCB3b3JkcywgYmFubmVkLCBiYWQgd29yZHMsIGJhZCwgd29yZHMsIGxpc3Q8L3NwYW4+PC9saT4gICAgICAgICAgICAgICAgICAgICAgICAgICAgICAgICAgICAgICAgPGxpPjxhIGhyZWY9Imh0dHA6Ly92YW5pbGxhLmhpdmUtdGVtcGxhdGUubG9jYWwuZmUxLnN0Zy5oYXJ2ZXN0ZHAuYW5jaG9yLm5ldC5hdS9pbmRleC5waHAvZGFzaGJvYXJkL3N5c3RlbS9jb252ZXJzYXRpb25zL3Blcm1pc3Npb25zIj5Db252ZXJzYXRpb24gUGVybWlzc2lvbnM8L2E+PHNwYW4+Q29udmVyc2F0aW9uIFBlcm1pc3Npb25zIDwvc3Bhbj48L2xpPiAgICAgICAgICAgICAgICAgICAgICAgICAgICAgICAgICAgICAgICA8bGk+PGEgaHJlZj0iaHR0cDovL3ZhbmlsbGEuaGl2ZS10ZW1wbGF0ZS5sb2NhbC5mZTEuc3RnLmhhcnZlc3RkcC5hbmNob3IubmV0LmF1L2luZGV4LnBocC9kYXNoYm9hcmQvc3lzdGVtL2F0dHJpYnV0ZXMiPkF0dHJpYnV0ZXM8L2E+PHNwYW4+QXR0cmlidXRlcyBhdHRyaWJ1dGUgY29uZmlndXJhdGlvbjwvc3Bhbj48L2xpPiAgICAgICAgICAgICAgICAgICAgICAgICAgICAgICAgICAgICAgICA8bGk+PGEgaHJlZj0iaHR0cDovL3ZhbmlsbGEuaGl2ZS10ZW1wbGF0ZS5sb2NhbC5mZTEuc3RnLmhhcnZlc3RkcC5hbmNob3IubmV0LmF1L2luZGV4LnBocC9kYXNoYm9hcmQvc3lzdGVtL2F0dHJpYnV0ZXMvc2V0cyI+U2V0czwvYT48c3Bhbj5TZXRzIGF0dHJpYnV0ZXMsIHNldHM8L3NwYW4+PC9saT4gICAgICAgICAgICAgICAgICAgICAgICAgICAgICAgICAgICAgICAgPGxpPjxhIGhyZWY9Imh0dHA6Ly92YW5pbGxhLmhpdmUtdGVtcGxhdGUubG9jYWwuZmUxLnN0Zy5oYXJ2ZXN0ZHAuYW5jaG9yLm5ldC5hdS9pbmRleC5waHAvZGFzaGJvYXJkL3N5c3RlbS9hdHRyaWJ1dGVzL3R5cGVzIj5UeXBlczwvYT48c3Bhbj5UeXBlcyBhdHRyaWJ1dGVzLCB0eXBlczwvc3Bhbj48L2xpPiAgICAgICAgICAgICAgICAgICAgICAgICAgICAgICAgICAgICAgICA8bGk+PGEgaHJlZj0iaHR0cDovL3ZhbmlsbGEuaGl2ZS10ZW1wbGF0ZS5sb2NhbC5mZTEuc3RnLmhhcnZlc3RkcC5hbmNob3IubmV0LmF1L2luZGV4LnBocC9kYXNoYm9hcmQvc3lzdGVtL2F0dHJpYnV0ZXMvdG9waWNzIj5Ub3BpY3M8L2E+PHNwYW4+VG9waWNzIHRvcGljcywgdGFncywgdGF4b25vbXk8L3NwYW4+PC9saT4gICAgICAgICAgICAgICAgICAgICAgICAgICAgICAgICAgICAgICAgPGxpPjxhIGhyZWY9Imh0dHA6Ly92YW5pbGxhLmhpdmUtdGVtcGxhdGUubG9jYWwuZmUxLnN0Zy5oYXJ2ZXN0ZHAuYW5jaG9yLm5ldC5hdS9pbmRleC5waHAvZGFzaGJvYXJkL3N5c3RlbS9hdHRyaWJ1dGVzL3RvcGljcy9hZGQiPkFkZCBUb3BpYyBUcmVlPC9hPjxzcGFuPkFkZCBUb3BpYyBUcmVlIDwvc3Bhbj48L2xpPiAgICAgICAgICAgICAgICAgICAgICAgICAgICAgICAgICAgICAgICA8bGk+PGEgaHJlZj0iaHR0cDovL3ZhbmlsbGEuaGl2ZS10ZW1wbGF0ZS5sb2NhbC5mZTEuc3RnLmhhcnZlc3RkcC5hbmNob3IubmV0LmF1L2luZGV4LnBocC9kYXNoYm9hcmQvc3lzdGVtL2Vudmlyb25tZW50L2luZm8iPkVudmlyb25tZW50IEluZm9ybWF0aW9uPC9hPjxzcGFuPkVudmlyb25tZW50IEluZm9ybWF0aW9uIG92ZXJyaWRlcywgc3lzdGVtIGluZm8sIGRlYnVnLCBzdXBwb3J0LCBoZWxwPC9zcGFuPjwvbGk+ICAgICAgICAgICAgICAgICAgICAgICAgICAgICAgICAgICAgICAgIDxsaT48YSBocmVmPSJodHRwOi8vdmFuaWxsYS5oaXZlLXRlbXBsYXRlLmxvY2FsLmZlMS5zdGcuaGFydmVzdGRwLmFuY2hvci5uZXQuYXUvaW5kZXgucGhwL2Rhc2hib2FyZC9zeXN0ZW0vZW52aXJvbm1lbnQvZGVidWciPkRlYnVnIFNldHRpbmdzPC9hPjxzcGFuPkRlYnVnIFNldHRpbmdzIGVycm9ycywgZXhjZXB0aW9ucywgZGV2ZWxvcCwgc3VwcG9ydCwgaGVscDwvc3Bhbj48L2xpPiAgICAgICAgICAgICAgICAgICAgICAgICAgICAgICAgICAgICAgICA8bGk+PGEgaHJlZj0iaHR0cDovL3ZhbmlsbGEuaGl2ZS10ZW1wbGF0ZS5sb2NhbC5mZTEuc3RnLmhhcnZlc3RkcC5hbmNob3IubmV0LmF1L2luZGV4LnBocC9kYXNoYm9hcmQvc3lzdGVtL2Vudmlyb25tZW50L2xvZ2dpbmciPkxvZ2dpbmcgU2V0dGluZ3M8L2E+PHNwYW4+TG9nZ2luZyBTZXR0aW5ncyBlbWFpbCwgbG9nZ2luZywgbG9ncywgc210cCwgcG9wLCBlcnJvcnMsIG15c3FsLCBsb2c8L3NwYW4+PC9saT4gICAgICAgICAgICAgICAgICAgICAgICAgICAgICAgICAgICAgICAgPGxpPjxhIGhyZWY9Imh0dHA6Ly92YW5pbGxhLmhpdmUtdGVtcGxhdGUubG9jYWwuZmUxLnN0Zy5oYXJ2ZXN0ZHAuYW5jaG9yLm5ldC5hdS9pbmRleC5waHAvZGFzaGJvYXJkL3N5c3RlbS9lbnZpcm9ubWVudC9wcm94eSI+UHJveHkgU2VydmVyPC9hPjxzcGFuPlByb3h5IFNlcnZlciBuZXR3b3JrLCBwcm94eSBzZXJ2ZXI8L3NwYW4+PC9saT4gICAgICAgICAgICAgICAgICAgICAgICAgICAgICAgICAgICAgICAgPGxpPjxhIGhyZWY9Imh0dHA6Ly92YW5pbGxhLmhpdmUtdGVtcGxhdGUubG9jYWwuZmUxLnN0Zy5oYXJ2ZXN0ZHAuYW5jaG9yLm5ldC5hdS9pbmRleC5waHAvZGFzaGJvYXJkL3N5c3RlbS9lbnZpcm9ubWVudC9lbnRpdGllcyI+RGF0YWJhc2UgRW50aXRpZXM8L2E+PHNwYW4+RGF0YWJhc2UgRW50aXRpZXMgZGF0YWJhc2UsIGVudGl0aWVzLCBkb2N0cmluZSwgb3JtPC9zcGFuPjwvbGk+ICAgICAgICAgICAgICAgICAgICAgICAgICAgICAgICAgICAgICAgIDxsaT48YSBocmVmPSJodHRwOi8vdmFuaWxsYS5oaXZlLXRlbXBsYXRlLmxvY2FsLmZlMS5zdGcuaGFydmVzdGRwLmFuY2hvci5uZXQuYXUvaW5kZXgucGhwL2Rhc2hib2FyZC9zeXN0ZW0vYmFja3VwIj5CYWNrdXAgJiBSZXN0b3JlPC9hPjxzcGFuPkJhY2t1cCAmIFJlc3RvcmUgZXhwb3J0LCBiYWNrdXAsIGRhdGFiYXNlLCBzcWwsIG15c3FsLCBlbmNyeXB0aW9uLCByZXN0b3JlPC9zcGFuPjwvbGk+ICAgICAgICAgICAgICAgICAgICAgICAgICAgICAgICAgICAgICAgIDxsaT48YSBocmVmPSJodHRwOi8vdmFuaWxsYS5oaXZlLXRlbXBsYXRlLmxvY2FsLmZlMS5zdGcuaGFydmVzdGRwLmFuY2hvci5uZXQuYXUvaW5kZXgucGhwL2Rhc2hib2FyZC9zeXN0ZW0vYmFja3VwL2JhY2t1cCI+QmFja3VwIERhdGFiYXNlPC9hPjxzcGFuPkJhY2t1cCBEYXRhYmFzZSA8L3NwYW4+PC9saT4gICAgICAgICAgICAgICAgICAgICAgICAgICAgICAgICAgICAgICAgPGxpPjxhIGhyZWY9Imh0dHA6Ly92YW5pbGxhLmhpdmUtdGVtcGxhdGUubG9jYWwuZmUxLnN0Zy5oYXJ2ZXN0ZHAuYW5jaG9yLm5ldC5hdS9pbmRleC5waHAvZGFzaGJvYXJkL3N5c3RlbS9iYWNrdXAvdXBkYXRlIj5VcGRhdGUgY29uY3JldGU1PC9hPjxzcGFuPlVwZGF0ZSBjb25jcmV0ZTUgdXBncmFkZSwgbmV3IHZlcnNpb24sIHVwZGF0ZTwvc3Bhbj48L2xpPiAgICAgICAgICAgICAgICAgICAgICAgICAgICAgICAgICAgICAgICA8bGk+PGEgaHJlZj0iaHR0cDovL3ZhbmlsbGEuaGl2ZS10ZW1wbGF0ZS5sb2NhbC5mZTEuc3RnLmhhcnZlc3RkcC5hbmNob3IubmV0LmF1L2luZGV4LnBocC9kYXNoYm9hcmQvc3lzdGVtL21vZGVyYXRpb24iPk1vZGVyYXRpb248L2E+PHNwYW4+TW9kZXJhdGlvbiA8L3NwYW4+PC9saT4gICAgICAgICAgICAgICAgICAgICAgICAgICAgICAgICAgICAgICAgPGxpPjxhIGhyZWY9Imh0dHA6Ly92YW5pbGxhLmhpdmUtdGVtcGxhdGUubG9jYWwuZmUxLnN0Zy5oYXJ2ZXN0ZHAuYW5jaG9yLm5ldC5hdS9pbmRleC5waHAvZGFzaGJvYXJkL3N5c3RlbS9tb2RlcmF0aW9uL3JlYXNvbiI+UmVhc29uPC9hPjxzcGFuPlJlYXNvbiA8L3NwYW4+PC9saT4gICAgICAgICAgICAgICAgICAgICAgICAgICAgICAgICAgICAgICAgPGxpPjxhIGhyZWY9Imh0dHA6Ly92YW5pbGxhLmhpdmUtdGVtcGxhdGUubG9jYWwuZmUxLnN0Zy5oYXJ2ZXN0ZHAuYW5jaG9yLm5ldC5hdS9pbmRleC5waHAvZGFzaGJvYXJkL3N5c3RlbS9tb2RlcmF0aW9uL3Blcm1pc3Npb25zIj5Nb2RlcmF0aW9uIFBlcm1pc3Npb25zPC9hPjxzcGFuPk1vZGVyYXRpb24gUGVybWlzc2lvbnMgPC9zcGFuPjwvbGk+ICAgICAgICAgICAgICAgICAgICAgICAgICAgICAgICAgICAgICAgIDxsaT48YSBocmVmPSJodHRwOi8vdmFuaWxsYS5oaXZlLXRlbXBsYXRlLmxvY2FsLmZlMS5zdGcuaGFydmVzdGRwLmFuY2hvci5uZXQuYXUvaW5kZXgucGhwL2Rhc2hib2FyZC9zeXN0ZW0vbW9kZXJhdGlvbi9zZXR0aW5ncyI+U2V0dGluZ3M8L2E+PHNwYW4+U2V0dGluZ3MgPC9zcGFuPjwvbGk+ICAgICAgICAgICAgICAgICAgICAgICAgICAgICAgICAgICAgPC91bD4gICAgICAgICAgICAgICAgPC9kaXY+ICAgICAgICAgICAgICAgICAgICAgICAgICAgICAgICA8ZGl2IGNsYXNzPSJjY20taW50ZWxsaWdlbnQtc2VhcmNoLXJlc3VsdHMtbW9kdWxlIGNjbS1pbnRlbGxpZ2VudC1zZWFyY2gtcmVzdWx0cy1tb2R1bGUtb25zaXRlIj4gICAgICAgICAgICAgICAgPGgxPkhpdmUgU2V0dGluZ3M8L2gxPiAgICAgICAgICAgICAgICA8dWwgY2xhc3M9ImNjbS1pbnRlbGxpZ2VudC1zZWFyY2gtcmVzdWx0cy1saXN0Ij4gICAgICAgICAgICAgICAgICAgICAgICAgICAgICAgICAgICAgICAgICAgICAgICAgICAgPGxpPjxhIGhyZWY9Imh0dHA6Ly92YW5pbGxhLmhpdmUtdGVtcGxhdGUubG9jYWwuZmUxLnN0Zy5oYXJ2ZXN0ZHAuYW5jaG9yLm5ldC5hdS9pbmRleC5waHAvZGFzaGJvYXJkL3NldHRpbmdzL3NpdGUiPlNpdGU8L2E+PHNwYW4+SGl2ZSBTZXR0aW5ncyAgU2l0ZSA8L3NwYW4+PC9saT4gICAgICAgICAgICAgICAgICAgICAgICAgICAgICAgICAgICAgICAgPGxpPjxhIGhyZWY9Imh0dHA6Ly92YW5pbGxhLmhpdmUtdGVtcGxhdGUubG9jYWwuZmUxLnN0Zy5oYXJ2ZXN0ZHAuYW5jaG9yLm5ldC5hdS9pbmRleC5waHAvZGFzaGJvYXJkL3NldHRpbmdzL3VzZXJzIj5Vc2VyczwvYT48c3Bhbj5IaXZlIFNldHRpbmdzICBVc2VycyA8L3NwYW4+PC9saT4gICAgICAgICAgICAgICAgICAgICAgICAgICAgICAgICAgICAgICAgPGxpPjxhIGhyZWY9Imh0dHA6Ly92YW5pbGxhLmhpdmUtdGVtcGxhdGUubG9jYWwuZmUxLnN0Zy5oYXJ2ZXN0ZHAuYW5jaG9yLm5ldC5hdS9pbmRleC5waHAvZGFzaGJvYXJkL3NldHRpbmdzL21vZGVyYXRpb24iPk1vZGVyYXRpb248L2E+PHNwYW4+SGl2ZSBTZXR0aW5ncyAgTW9kZXJhdGlvbiA8L3NwYW4+PC9saT4gICAgICAgICAgICAgICAgICAgICAgICAgICAgICAgICAgICAgICAgPGxpPjxhIGhyZWY9Imh0dHA6Ly92YW5pbGxhLmhpdmUtdGVtcGxhdGUubG9jYWwuZmUxLnN0Zy5oYXJ2ZXN0ZHAuYW5jaG9yLm5ldC5hdS9pbmRleC5waHAvZGFzaGJvYXJkL3NldHRpbmdzL2VtYWlsIj5FbWFpbDwvYT48c3Bhbj5IaXZlIFNldHRpbmdzICBFbWFpbCA8L3NwYW4+PC9saT4gICAgICAgICAgICAgICAgICAgICAgICAgICAgICAgICAgICAgICAgPGxpPjxhIGhyZWY9Imh0dHA6Ly92YW5pbGxhLmhpdmUtdGVtcGxhdGUubG9jYWwuZmUxLnN0Zy5oYXJ2ZXN0ZHAuYW5jaG9yLm5ldC5hdS9pbmRleC5waHAvZGFzaGJvYXJkL3NldHRpbmdzL3Byb2plY3RzIj5Qcm9qZWN0czwvYT48c3Bhbj5IaXZlIFNldHRpbmdzICBQcm9qZWN0cyA8L3NwYW4+PC9saT4gICAgICAgICAgICAgICAgICAgICAgICAgICAgICAgICAgICA8L3VsPiAgICAgICAgICAgICAgICA8L2Rpdj4gICAgICAgICAgICAgICAgICAgICAgICAgICAgPGRpdiBjbGFzcz0iY2NtLWludGVsbGlnZW50LXNlYXJjaC1yZXN1bHRzLW1vZHVsZSBjY20taW50ZWxsaWdlbnQtc2VhcmNoLXJlc3VsdHMtbW9kdWxlLW9uc2l0ZSI+ICAgICAgICAgICAgPGgxPkRhc2hib2FyZCBIb21lPC9oMT4gICAgICAgICAgICA8dWwgY2xhc3M9ImNjbS1pbnRlbGxpZ2VudC1zZWFyY2gtcmVzdWx0cy1saXN0Ij4gICAgICAgICAgICAgICAgPGxpPjxhIGhyZWY9Imh0dHA6Ly92YW5pbGxhLmhpdmUtdGVtcGxhdGUubG9jYWwuZmUxLnN0Zy5oYXJ2ZXN0ZHAuYW5jaG9yLm5ldC5hdS9pbmRleC5waHAvZGFzaGJvYXJkL2hvbWUiPkN1c3RvbWl6ZSA8c3Bhbj5DdXN0b21pemUgRGFzaGJvYXJkIEhvbWU8L3NwYW4+PC9hPjwvbGk+ICAgICAgICAgICAgPC91bD4gICAgICAgICAgICA8L2Rpdj4gICAgICAgICAgICAgICAgICAgICAgICA8ZGl2IGNsYXNzPSJjY20taW50ZWxsaWdlbnQtc2VhcmNoLXJlc3VsdHMtbW9kdWxlIj4gICAgICAgICAgICA8aDE+WW91ciBTaXRlPC9oMT4gICAgICAgICAgICA8ZGl2IGNsYXNzPSJsb2FkZXIiPiAgICAgICAgICAgICAgICA8ZGl2IGNsYXNzPSJkb3QgZG90MSI+PC9kaXY+ICAgICAgICAgICAgICAgIDxkaXYgY2xhc3M9ImRvdCBkb3QyIj48L2Rpdj4gICAgICAgICAgICAgICAgPGRpdiBjbGFzcz0iZG90IGRvdDMiPjwvZGl2PiAgICAgICAgICAgICAgICA8ZGl2IGNsYXNzPSJkb3QgZG90NCI+PC9kaXY+ICAgICAgICAgICAgPC9kaXY+ICAgICAgICAgICAgPHVsIGNsYXNzPSJjY20taW50ZWxsaWdlbnQtc2VhcmNoLXJlc3VsdHMtbGlzdCIgaWQ9ImNjbS1pbnRlbGxpZ2VudC1zZWFyY2gtcmVzdWx0cy1saXN0LXlvdXItc2l0ZSI+ICAgICAgICAgICAgPC91bD4gICAgICAgICAgICA8L2Rpdj4gICAgICAgICAgICAgICAgICAgICAgICAgICAgICAgIDwvZGl2PiAgICAgICAgIjt9czoxODoiQ0xJRU5UX1JFTU9URV9BRERSIjtzOjE1OiIyMDMuMjA2LjE0Mi4yMzIiO3M6MjI6IkNMSUVOVF9IVFRQX1VTRVJfQUdFTlQiO3M6Nzg6Ik1vemlsbGEvNS4wIChXaW5kb3dzIE5UIDEwLjA7IFdpbjY0OyB4NjQ7IHJ2OjU4LjApIEdlY2tvLzIwMTAwMTAxIEZpcmVmb3gvNTguMCI7czoxMjoidU9ubGluZUNoZWNrIjtpOjE1MTkwMTQ5ODI7czoyMjoiZnJvbnRlbmRQcmV2aW91c1BhZ2VJRCI7czoxOiIxIjt9X3NmMl9mbGFzaGVzfGE6MDp7fV9zZjJfbWV0YXxhOjM6e3M6MToidSI7aToxNTE5MDE0OTgyO3M6MToiYyI7aToxNTE5MDE0OTM1O3M6MToibCI7czo0OiI3MjAwIjt9',1519014982),('a60tn56o2b730ceg77th586m8v','X3NmMl9hdHRyaWJ1dGVzfGE6Mzp7czo3OiJ1R3JvdXBzIjthOjE6e2k6MTtzOjE6IjEiO31zOjE0OiJhY2Nlc3NFbnRpdGllcyI7YToxOntpOjA7Tzo1MDoiQ29uY3JldGVcQ29yZVxQZXJtaXNzaW9uXEFjY2Vzc1xFbnRpdHlcR3JvdXBFbnRpdHkiOjY6e3M6ODoiACoAZ3JvdXAiO086MzA6IkNvbmNyZXRlXENvcmVcVXNlclxHcm91cFxHcm91cCI6MjI6e3M6NDoiY3RJRCI7TjtzOjEzOiJwZXJtaXNzaW9uU2V0IjtOO3M6NDM6IgBDb25jcmV0ZVxDb3JlXFVzZXJcR3JvdXBcR3JvdXAAcGVybWlzc2lvbnMiO2E6MDp7fXM6NToiZXJyb3IiO3M6MDoiIjtzOjM6ImdJRCI7czoxOiIxIjtzOjU6ImdOYW1lIjtzOjU6Ikd1ZXN0IjtzOjEyOiJnRGVzY3JpcHRpb24iO3M6NjI6IlRoZSBndWVzdCBncm91cCByZXByZXNlbnRzIHVucmVnaXN0ZXJlZCB2aXNpdG9ycyB0byB5b3VyIHNpdGUuIjtzOjI0OiJnVXNlckV4cGlyYXRpb25Jc0VuYWJsZWQiO3M6MToiMCI7czoyMToiZ1VzZXJFeHBpcmF0aW9uTWV0aG9kIjtOO3M6MjY6ImdVc2VyRXhwaXJhdGlvblNldERhdGVUaW1lIjtOO3M6MjM6ImdVc2VyRXhwaXJhdGlvbkludGVydmFsIjtzOjE6IjAiO3M6MjE6ImdVc2VyRXhwaXJhdGlvbkFjdGlvbiI7TjtzOjg6ImdJc0JhZGdlIjtzOjE6IjAiO3M6OToiZ0JhZGdlRklEIjtzOjE6IjAiO3M6MTc6ImdCYWRnZURlc2NyaXB0aW9uIjtOO3M6MjU6ImdCYWRnZUNvbW11bml0eVBvaW50VmFsdWUiO3M6MToiMCI7czoxMjoiZ0lzQXV0b21hdGVkIjtzOjE6IjAiO3M6MjY6ImdDaGVja0F1dG9tYXRpb25PblJlZ2lzdGVyIjtzOjE6IjAiO3M6MjM6ImdDaGVja0F1dG9tYXRpb25PbkxvZ2luIjtzOjE6IjAiO3M6MjQ6ImdDaGVja0F1dG9tYXRpb25PbkpvYlJ1biI7czoxOiIwIjtzOjU6ImdQYXRoIjtzOjY6Ii9HdWVzdCI7czo1OiJwa2dJRCI7czoxOiIwIjt9czo1OiJwZXRJRCI7czoxOiIxIjtzOjk6InBldEhhbmRsZSI7czo1OiJncm91cCI7czo0OiJwZUlEIjtzOjE6IjMiO3M6NToibGFiZWwiO3M6NToiR3Vlc3QiO3M6NToiZXJyb3IiO3M6MDoiIjt9fXM6MjE6ImFjY2Vzc0VudGl0aWVzVXBkYXRlZCI7aToxNTIzNTEyMzgzO31fc2YyX2ZsYXNoZXN8YTowOnt9X3NmMl9tZXRhfGE6Mzp7czoxOiJ1IjtpOjE1MjM1MTIzODU7czoxOiJjIjtpOjE1MjM1MTIzODM7czoxOiJsIjtzOjQ6IjcyMDAiO30=',1523512386),('e53983adjhqjmil0djgapvg7lh','X3NmMl9hdHRyaWJ1dGVzfGE6MTI6e3M6MzoidUlEIjtzOjE6IjEiO3M6NToidU5hbWUiO3M6NToiYWRtaW4iO3M6MTQ6InVCbG9ja1R5cGVzU2V0IjtiOjA7czoxMToidUxhc3RPbmxpbmUiO2k6MTUyMDM5NTg5MjtzOjk6InVUaW1lem9uZSI7TjtzOjE2OiJ1RGVmYXVsdExhbmd1YWdlIjtOO3M6MTk6InVMYXN0UGFzc3dvcmRDaGFuZ2UiO3M6MTk6IjIwMTUtMDMtMTMgMDU6MTA6MjAiO3M6MTQ6ImRhc2hib2FyZE1lbnVzIjthOjE6e3M6NToiZW5fVVMiO3M6Mzg1NTc6IiAgICAgICAgICAgIDxkaXYgaWQ9ImNjbS1pbnRlbGxpZ2VudC1zZWFyY2gtcmVzdWx0cyI+ICAgICAgICAgICAgICAgICAgICAgICAgICAgIDxkaXYgY2xhc3M9ImNjbS1pbnRlbGxpZ2VudC1zZWFyY2gtcmVzdWx0cy1tb2R1bGUgY2NtLWludGVsbGlnZW50LXNlYXJjaC1yZXN1bHRzLW1vZHVsZS1vbnNpdGUiPiAgICAgICAgICAgICAgICA8aDE+V29ya2Zsb3c8L2gxPiAgICAgICAgICAgICAgICA8dWwgY2xhc3M9ImNjbS1pbnRlbGxpZ2VudC1zZWFyY2gtcmVzdWx0cy1saXN0Ij4gICAgICAgICAgICAgICAgICAgICAgICAgICAgICAgICAgICAgICAgICAgICAgICAgICAgPGxpPjxhIGhyZWY9Imh0dHA6Ly92YW5pbGxhLmhpdmUtdGVtcGxhdGUubG9jYWwuZmUxLnN0Zy5oYXJ2ZXN0ZHAuYW5jaG9yLm5ldC5hdS9pbmRleC5waHAvZGFzaGJvYXJkL3dvcmtmbG93L3dvcmtmbG93cyI+V29ya2Zsb3cgTGlzdDwvYT48c3Bhbj5Xb3JrZmxvdyBhZGQgd29ya2Zsb3csIHJlbW92ZSB3b3JrZmxvdyBXb3JrZmxvdyBMaXN0IDwvc3Bhbj48L2xpPiAgICAgICAgICAgICAgICAgICAgICAgICAgICAgICAgICAgICAgICA8bGk+PGEgaHJlZj0iaHR0cDovL3ZhbmlsbGEuaGl2ZS10ZW1wbGF0ZS5sb2NhbC5mZTEuc3RnLmhhcnZlc3RkcC5hbmNob3IubmV0LmF1L2luZGV4LnBocC9kYXNoYm9hcmQvd29ya2Zsb3cvbWUiPldhaXRpbmcgZm9yIE1lPC9hPjxzcGFuPldvcmtmbG93IGFkZCB3b3JrZmxvdywgcmVtb3ZlIHdvcmtmbG93IFdhaXRpbmcgZm9yIE1lIDwvc3Bhbj48L2xpPiAgICAgICAgICAgICAgICAgICAgICAgICAgICAgICAgICAgIDwvdWw+ICAgICAgICAgICAgICAgIDwvZGl2PiAgICAgICAgICAgICAgICAgICAgICAgICAgICAgICAgPGRpdiBjbGFzcz0iY2NtLWludGVsbGlnZW50LXNlYXJjaC1yZXN1bHRzLW1vZHVsZSBjY20taW50ZWxsaWdlbnQtc2VhcmNoLXJlc3VsdHMtbW9kdWxlLW9uc2l0ZSI+ICAgICAgICAgICAgICAgIDxoMT5Nb2RlcmF0aW9uPC9oMT4gICAgICAgICAgICAgICAgPHVsIGNsYXNzPSJjY20taW50ZWxsaWdlbnQtc2VhcmNoLXJlc3VsdHMtbGlzdCI+ICAgICAgICAgICAgICAgICAgICAgICAgICAgICAgICAgICAgPGxpPjxhIGhyZWY9Imh0dHA6Ly92YW5pbGxhLmhpdmUtdGVtcGxhdGUubG9jYWwuZmUxLnN0Zy5oYXJ2ZXN0ZHAuYW5jaG9yLm5ldC5hdS9pbmRleC5waHAvZGFzaGJvYXJkL21vZGVyYXRpb24iPk1vZGVyYXRpb248L2E+PHNwYW4+TW9kZXJhdGlvbiA8L3NwYW4+PC9saT4gICAgICAgICAgICAgICAgICAgICAgICAgICAgICAgICAgICAgICAgICAgICAgICAgICAgPC91bD4gICAgICAgICAgICAgICAgPC9kaXY+ICAgICAgICAgICAgICAgICAgICAgICAgICAgICAgICA8ZGl2IGNsYXNzPSJjY20taW50ZWxsaWdlbnQtc2VhcmNoLXJlc3VsdHMtbW9kdWxlIGNjbS1pbnRlbGxpZ2VudC1zZWFyY2gtcmVzdWx0cy1tb2R1bGUtb25zaXRlIj4gICAgICAgICAgICAgICAgPGgxPlByb2plY3RzPC9oMT4gICAgICAgICAgICAgICAgPHVsIGNsYXNzPSJjY20taW50ZWxsaWdlbnQtc2VhcmNoLXJlc3VsdHMtbGlzdCI+ICAgICAgICAgICAgICAgICAgICAgICAgICAgICAgICAgICAgICAgICAgICAgICAgICAgIDxsaT48YSBocmVmPSJodHRwOi8vdmFuaWxsYS5oaXZlLXRlbXBsYXRlLmxvY2FsLmZlMS5zdGcuaGFydmVzdGRwLmFuY2hvci5uZXQuYXUvaW5kZXgucGhwL2Rhc2hib2FyZC9wcm9qZWN0cy9sYXVuY2giPkxhdW5jaCBOZXcgUHJvamVjdDwvYT48c3Bhbj5Qcm9qZWN0cyAgTGF1bmNoIE5ldyBQcm9qZWN0IDwvc3Bhbj48L2xpPiAgICAgICAgICAgICAgICAgICAgICAgICAgICAgICAgICAgICAgICA8bGk+PGEgaHJlZj0iaHR0cDovL3ZhbmlsbGEuaGl2ZS10ZW1wbGF0ZS5sb2NhbC5mZTEuc3RnLmhhcnZlc3RkcC5hbmNob3IubmV0LmF1L2luZGV4LnBocC9kYXNoYm9hcmQvcHJvamVjdHMvc2V0dGluZ3MiPlByb2plY3QgU2V0dGluZ3M8L2E+PHNwYW4+UHJvamVjdHMgIFByb2plY3QgU2V0dGluZ3MgPC9zcGFuPjwvbGk+ICAgICAgICAgICAgICAgICAgICAgICAgICAgICAgICAgICAgPC91bD4gICAgICAgICAgICAgICAgPC9kaXY+ICAgICAgICAgICAgICAgICAgICAgICAgICAgICAgICA8ZGl2IGNsYXNzPSJjY20taW50ZWxsaWdlbnQtc2VhcmNoLXJlc3VsdHMtbW9kdWxlIGNjbS1pbnRlbGxpZ2VudC1zZWFyY2gtcmVzdWx0cy1tb2R1bGUtb25zaXRlIj4gICAgICAgICAgICAgICAgPGgxPlJlcG9ydHM8L2gxPiAgICAgICAgICAgICAgICA8dWwgY2xhc3M9ImNjbS1pbnRlbGxpZ2VudC1zZWFyY2gtcmVzdWx0cy1saXN0Ij4gICAgICAgICAgICAgICAgICAgICAgICAgICAgICAgICAgICAgICAgICAgICAgICAgICAgPGxpPjxhIGhyZWY9Imh0dHA6Ly92YW5pbGxhLmhpdmUtdGVtcGxhdGUubG9jYWwuZmUxLnN0Zy5oYXJ2ZXN0ZHAuYW5jaG9yLm5ldC5hdS9pbmRleC5waHAvZGFzaGJvYXJkL3JlcG9ydHMvY29udmVyc2F0aW9ucyI+Q29udmVyc2F0aW9uczwvYT48c3Bhbj5SZXBvcnRzICBDb252ZXJzYXRpb25zIGNvbnZlcnNhdGlvbiwgZGlzY3Vzc2lvbiwgZm9ydW0sIGd1ZXN0Ym9vazwvc3Bhbj48L2xpPiAgICAgICAgICAgICAgICAgICAgICAgICAgICAgICAgICAgICAgICA8bGk+PGEgaHJlZj0iaHR0cDovL3ZhbmlsbGEuaGl2ZS10ZW1wbGF0ZS5sb2NhbC5mZTEuc3RnLmhhcnZlc3RkcC5hbmNob3IubmV0LmF1L2luZGV4LnBocC9kYXNoYm9hcmQvcmVwb3J0cy9mb3JtcyI+Rm9ybXM8L2E+PHNwYW4+UmVwb3J0cyAgRm9ybXMgZm9ybXMsIHF1ZXN0aW9ucywgcmVzcG9uc2UsIGRhdGE8L3NwYW4+PC9saT4gICAgICAgICAgICAgICAgICAgICAgICAgICAgICAgICAgICAgICAgPGxpPjxhIGhyZWY9Imh0dHA6Ly92YW5pbGxhLmhpdmUtdGVtcGxhdGUubG9jYWwuZmUxLnN0Zy5oYXJ2ZXN0ZHAuYW5jaG9yLm5ldC5hdS9pbmRleC5waHAvZGFzaGJvYXJkL3JlcG9ydHMvc3VydmV5cyI+UG9sbHM8L2E+PHNwYW4+UmVwb3J0cyAgUG9sbHMgcXVlc3Rpb25zLCBxdWl6LCByZXNwb25zZTwvc3Bhbj48L2xpPiAgICAgICAgICAgICAgICAgICAgICAgICAgICAgICAgICAgICAgICA8bGk+PGEgaHJlZj0iaHR0cDovL3ZhbmlsbGEuaGl2ZS10ZW1wbGF0ZS5sb2NhbC5mZTEuc3RnLmhhcnZlc3RkcC5hbmNob3IubmV0LmF1L2luZGV4LnBocC9kYXNoYm9hcmQvcmVwb3J0cy9zdWJzY3JpcHRpb25zIj5TdWJzY3JpcHRpb25zPC9hPjxzcGFuPlJlcG9ydHMgIFN1YnNjcmlwdGlvbnMgPC9zcGFuPjwvbGk+ICAgICAgICAgICAgICAgICAgICAgICAgICAgICAgICAgICAgICAgIDxsaT48YSBocmVmPSJodHRwOi8vdmFuaWxsYS5oaXZlLXRlbXBsYXRlLmxvY2FsLmZlMS5zdGcuaGFydmVzdGRwLmFuY2hvci5uZXQuYXUvaW5kZXgucGhwL2Rhc2hib2FyZC9yZXBvcnRzL3NvY2lhbF9tYXBzIj5Tb2NpYWwgTWFwcGluZzwvYT48c3Bhbj5SZXBvcnRzICBTb2NpYWwgTWFwcGluZyA8L3NwYW4+PC9saT4gICAgICAgICAgICAgICAgICAgICAgICAgICAgICAgICAgICAgICAgPGxpPjxhIGhyZWY9Imh0dHA6Ly92YW5pbGxhLmhpdmUtdGVtcGxhdGUubG9jYWwuZmUxLnN0Zy5oYXJ2ZXN0ZHAuYW5jaG9yLm5ldC5hdS9pbmRleC5waHAvZGFzaGJvYXJkL3JlcG9ydHMvdmlzaW9ucyI+VmlzaW9uaW5nPC9hPjxzcGFuPlJlcG9ydHMgIFZpc2lvbmluZyA8L3NwYW4+PC9saT4gICAgICAgICAgICAgICAgICAgICAgICAgICAgICAgICAgICAgICAgPGxpPjxhIGhyZWY9Imh0dHA6Ly92YW5pbGxhLmhpdmUtdGVtcGxhdGUubG9jYWwuZmUxLnN0Zy5oYXJ2ZXN0ZHAuYW5jaG9yLm5ldC5hdS9pbmRleC5waHAvZGFzaGJvYXJkL3JlcG9ydHMvbG9ncyI+TG9nczwvYT48c3Bhbj5SZXBvcnRzICBMb2dzIGZvcm1zLCBsb2csIGVycm9yLCBlbWFpbCwgbXlzcWwsIGV4Y2VwdGlvbiwgc3VydmV5LCBoaXN0b3J5PC9zcGFuPjwvbGk+ICAgICAgICAgICAgICAgICAgICAgICAgICAgICAgICAgICAgICAgIDxsaT48YSBocmVmPSJodHRwOi8vdmFuaWxsYS5oaXZlLXRlbXBsYXRlLmxvY2FsLmZlMS5zdGcuaGFydmVzdGRwLmFuY2hvci5uZXQuYXUvaW5kZXgucGhwL2Rhc2hib2FyZC9yZXBvcnRzL292ZXJ2aWV3Ij5PdmVydmlldzwvYT48c3Bhbj5SZXBvcnRzICBPdmVydmlldyA8L3NwYW4+PC9saT4gICAgICAgICAgICAgICAgICAgICAgICAgICAgICAgICAgICAgICAgPGxpPjxhIGhyZWY9Imh0dHA6Ly92YW5pbGxhLmhpdmUtdGVtcGxhdGUubG9jYWwuZmUxLnN0Zy5oYXJ2ZXN0ZHAuYW5jaG9yLm5ldC5hdS9pbmRleC5waHAvZGFzaGJvYXJkL3JlcG9ydHMvYXVkaWVuY2UiPkF1ZGllbmNlPC9hPjxzcGFuPlJlcG9ydHMgIEF1ZGllbmNlIDwvc3Bhbj48L2xpPiAgICAgICAgICAgICAgICAgICAgICAgICAgICAgICAgICAgICAgICA8bGk+PGEgaHJlZj0iaHR0cDovL3ZhbmlsbGEuaGl2ZS10ZW1wbGF0ZS5sb2NhbC5mZTEuc3RnLmhhcnZlc3RkcC5hbmNob3IubmV0LmF1L2luZGV4LnBocC9kYXNoYm9hcmQvcmVwb3J0cy9yZXN1bHRzIj5SZXN1bHRzPC9hPjxzcGFuPlJlcG9ydHMgIFJlc3VsdHMgPC9zcGFuPjwvbGk+ICAgICAgICAgICAgICAgICAgICAgICAgICAgICAgICAgICAgICAgIDxsaT48YSBocmVmPSJodHRwOi8vdmFuaWxsYS5oaXZlLXRlbXBsYXRlLmxvY2FsLmZlMS5zdGcuaGFydmVzdGRwLmFuY2hvci5uZXQuYXUvaW5kZXgucGhwL2Rhc2hib2FyZC9yZXBvcnRzL2JlaGF2aW91ciI+QmVoYXZpb3VyPC9hPjxzcGFuPlJlcG9ydHMgIEJlaGF2aW91ciA8L3NwYW4+PC9saT4gICAgICAgICAgICAgICAgICAgICAgICAgICAgICAgICAgICAgICAgPGxpPjxhIGhyZWY9Imh0dHA6Ly92YW5pbGxhLmhpdmUtdGVtcGxhdGUubG9jYWwuZmUxLnN0Zy5oYXJ2ZXN0ZHAuYW5jaG9yLm5ldC5hdS9pbmRleC5waHAvZGFzaGJvYXJkL3JlcG9ydHMvYWNxdWlzaXRpb24iPkFjcXVpc2l0aW9uPC9hPjxzcGFuPlJlcG9ydHMgIEFjcXVpc2l0aW9uIDwvc3Bhbj48L2xpPiAgICAgICAgICAgICAgICAgICAgICAgICAgICAgICAgICAgICAgICA8bGk+PGEgaHJlZj0iaHR0cDovL3ZhbmlsbGEuaGl2ZS10ZW1wbGF0ZS5sb2NhbC5mZTEuc3RnLmhhcnZlc3RkcC5hbmNob3IubmV0LmF1L2luZGV4LnBocC9kYXNoYm9hcmQvcmVwb3J0cy9xYSI+UXVlc3Rpb24gYW5kIEFuc3dlcjwvYT48c3Bhbj5SZXBvcnRzICBRdWVzdGlvbiBhbmQgQW5zd2VyIDwvc3Bhbj48L2xpPiAgICAgICAgICAgICAgICAgICAgICAgICAgICAgICAgICAgIDwvdWw+ICAgICAgICAgICAgICAgIDwvZGl2PiAgICAgICAgICAgICAgICAgICAgICAgICAgICAgICAgPGRpdiBjbGFzcz0iY2NtLWludGVsbGlnZW50LXNlYXJjaC1yZXN1bHRzLW1vZHVsZSBjY20taW50ZWxsaWdlbnQtc2VhcmNoLXJlc3VsdHMtbW9kdWxlLW9uc2l0ZSI+ICAgICAgICAgICAgICAgIDxoMT5BbmFseXRpY3M8L2gxPiAgICAgICAgICAgICAgICA8dWwgY2xhc3M9ImNjbS1pbnRlbGxpZ2VudC1zZWFyY2gtcmVzdWx0cy1saXN0Ij4gICAgICAgICAgICAgICAgICAgICAgICAgICAgICAgICAgICAgICAgICAgICAgICAgICAgPGxpPjxhIGhyZWY9Imh0dHA6Ly92YW5pbGxhLmhpdmUtdGVtcGxhdGUubG9jYWwuZmUxLnN0Zy5oYXJ2ZXN0ZHAuYW5jaG9yLm5ldC5hdS9pbmRleC5waHAvZGFzaGJvYXJkL2FuYWx5dGljcy9zZXNzaW9ucyI+U2Vzc2lvbnM8L2E+PHNwYW4+QW5hbHl0aWNzIGZvcm1zLCBsb2csIGVycm9yLCBlbWFpbCwgbXlzcWwsIGV4Y2VwdGlvbiwgc3VydmV5IFNlc3Npb25zIDwvc3Bhbj48L2xpPiAgICAgICAgICAgICAgICAgICAgICAgICAgICAgICAgICAgICAgICA8bGk+PGEgaHJlZj0iaHR0cDovL3ZhbmlsbGEuaGl2ZS10ZW1wbGF0ZS5sb2NhbC5mZTEuc3RnLmhhcnZlc3RkcC5hbmNob3IubmV0LmF1L2luZGV4LnBocC9kYXNoYm9hcmQvYW5hbHl0aWNzL3Zpc2l0b3JzIj5WaXNpdG9yczwvYT48c3Bhbj5BbmFseXRpY3MgZm9ybXMsIGxvZywgZXJyb3IsIGVtYWlsLCBteXNxbCwgZXhjZXB0aW9uLCBzdXJ2ZXkgVmlzaXRvcnMgPC9zcGFuPjwvbGk+ICAgICAgICAgICAgICAgICAgICAgICAgICAgICAgICAgICAgPC91bD4gICAgICAgICAgICAgICAgPC9kaXY+ICAgICAgICAgICAgICAgICAgICAgICAgICAgICAgICA8ZGl2IGNsYXNzPSJjY20taW50ZWxsaWdlbnQtc2VhcmNoLXJlc3VsdHMtbW9kdWxlIGNjbS1pbnRlbGxpZ2VudC1zZWFyY2gtcmVzdWx0cy1tb2R1bGUtb25zaXRlIj4gICAgICAgICAgICAgICAgPGgxPkZpbGVzPC9oMT4gICAgICAgICAgICAgICAgPHVsIGNsYXNzPSJjY20taW50ZWxsaWdlbnQtc2VhcmNoLXJlc3VsdHMtbGlzdCI+ICAgICAgICAgICAgICAgICAgICAgICAgICAgICAgICAgICAgICAgICAgICAgICAgICAgIDxsaT48YSBocmVmPSJodHRwOi8vdmFuaWxsYS5oaXZlLXRlbXBsYXRlLmxvY2FsLmZlMS5zdGcuaGFydmVzdGRwLmFuY2hvci5uZXQuYXUvaW5kZXgucGhwL2Rhc2hib2FyZC9maWxlcy9zZWFyY2giPkZpbGUgTWFuYWdlcjwvYT48c3Bhbj5GaWxlcyAgRmlsZSBNYW5hZ2VyIGFkZCBmaWxlLCBkZWxldGUgZmlsZSwgY29weSwgbW92ZSwgYWxpYXMsIHJlc2l6ZSwgY3JvcCwgcmVuYW1lLCBpbWFnZXMsIHRpdGxlLCBhdHRyaWJ1dGU8L3NwYW4+PC9saT4gICAgICAgICAgICAgICAgICAgICAgICAgICAgICAgICAgICAgICAgPGxpPjxhIGhyZWY9Imh0dHA6Ly92YW5pbGxhLmhpdmUtdGVtcGxhdGUubG9jYWwuZmUxLnN0Zy5oYXJ2ZXN0ZHAuYW5jaG9yLm5ldC5hdS9pbmRleC5waHAvZGFzaGJvYXJkL2ZpbGVzL2F0dHJpYnV0ZXMiPkF0dHJpYnV0ZXM8L2E+PHNwYW4+RmlsZXMgIEF0dHJpYnV0ZXMgZmlsZSwgZmlsZSBhdHRyaWJ1dGVzLCB0aXRsZSwgYXR0cmlidXRlLCBkZXNjcmlwdGlvbiwgcmVuYW1lPC9zcGFuPjwvbGk+ICAgICAgICAgICAgICAgICAgICAgICAgICAgICAgICAgICAgICAgIDxsaT48YSBocmVmPSJodHRwOi8vdmFuaWxsYS5oaXZlLXRlbXBsYXRlLmxvY2FsLmZlMS5zdGcuaGFydmVzdGRwLmFuY2hvci5uZXQuYXUvaW5kZXgucGhwL2Rhc2hib2FyZC9maWxlcy9zZXRzIj5GaWxlIFNldHM8L2E+PHNwYW4+RmlsZXMgIEZpbGUgU2V0cyBmaWxlcywgY2F0ZWdvcnksIGNhdGVnb3JpZXM8L3NwYW4+PC9saT4gICAgICAgICAgICAgICAgICAgICAgICAgICAgICAgICAgICAgICAgPGxpPjxhIGhyZWY9Imh0dHA6Ly92YW5pbGxhLmhpdmUtdGVtcGxhdGUubG9jYWwuZmUxLnN0Zy5oYXJ2ZXN0ZHAuYW5jaG9yLm5ldC5hdS9pbmRleC5waHAvZGFzaGJvYXJkL2ZpbGVzL2FkZF9zZXQiPkFkZCBGaWxlIFNldDwvYT48c3Bhbj5GaWxlcyAgQWRkIEZpbGUgU2V0IG5ldyBmaWxlIHNldDwvc3Bhbj48L2xpPiAgICAgICAgICAgICAgICAgICAgICAgICAgICAgICAgICAgIDwvdWw+ICAgICAgICAgICAgICAgIDwvZGl2PiAgICAgICAgICAgICAgICAgICAgICAgICAgICAgICAgPGRpdiBjbGFzcz0iY2NtLWludGVsbGlnZW50LXNlYXJjaC1yZXN1bHRzLW1vZHVsZSBjY20taW50ZWxsaWdlbnQtc2VhcmNoLXJlc3VsdHMtbW9kdWxlLW9uc2l0ZSI+ICAgICAgICAgICAgICAgIDxoMT5NZW1iZXJzPC9oMT4gICAgICAgICAgICAgICAgPHVsIGNsYXNzPSJjY20taW50ZWxsaWdlbnQtc2VhcmNoLXJlc3VsdHMtbGlzdCI+ICAgICAgICAgICAgICAgICAgICAgICAgICAgICAgICAgICAgICAgICAgICAgICAgICAgIDxsaT48YSBocmVmPSJodHRwOi8vdmFuaWxsYS5oaXZlLXRlbXBsYXRlLmxvY2FsLmZlMS5zdGcuaGFydmVzdGRwLmFuY2hvci5uZXQuYXUvaW5kZXgucGhwL2Rhc2hib2FyZC91c2Vycy9jb21tdW5pdHkiPkNvbW11bml0eSBNZW1iZXJzPC9hPjxzcGFuPk1lbWJlcnMgdXNlcnMsIGdyb3VwcywgcGVvcGxlLCBmaW5kLCBkZWxldGUgdXNlciwgcmVtb3ZlIHVzZXIsIGNoYW5nZSBwYXNzd29yZCwgcGFzc3dvcmQgQ29tbXVuaXR5IE1lbWJlcnMgPC9zcGFuPjwvbGk+ICAgICAgICAgICAgICAgICAgICAgICAgICAgICAgICAgICAgICAgIDxsaT48YSBocmVmPSJodHRwOi8vdmFuaWxsYS5oaXZlLXRlbXBsYXRlLmxvY2FsLmZlMS5zdGcuaGFydmVzdGRwLmFuY2hvci5uZXQuYXUvaW5kZXgucGhwL2Rhc2hib2FyZC91c2Vycy9zaXRlIj5TaXRlIFVzZXJzPC9hPjxzcGFuPk1lbWJlcnMgdXNlcnMsIGdyb3VwcywgcGVvcGxlLCBmaW5kLCBkZWxldGUgdXNlciwgcmVtb3ZlIHVzZXIsIGNoYW5nZSBwYXNzd29yZCwgcGFzc3dvcmQgU2l0ZSBVc2VycyA8L3NwYW4+PC9saT4gICAgICAgICAgICAgICAgICAgICAgICAgICAgICAgICAgICAgICAgPGxpPjxhIGhyZWY9Imh0dHA6Ly92YW5pbGxhLmhpdmUtdGVtcGxhdGUubG9jYWwuZmUxLnN0Zy5oYXJ2ZXN0ZHAuYW5jaG9yLm5ldC5hdS9pbmRleC5waHAvZGFzaGJvYXJkL3VzZXJzL2ludGVybmFsIj5JbnRlcm5hbCBVc2VyczwvYT48c3Bhbj5NZW1iZXJzIHVzZXJzLCBncm91cHMsIHBlb3BsZSwgZmluZCwgZGVsZXRlIHVzZXIsIHJlbW92ZSB1c2VyLCBjaGFuZ2UgcGFzc3dvcmQsIHBhc3N3b3JkIEludGVybmFsIFVzZXJzIDwvc3Bhbj48L2xpPiAgICAgICAgICAgICAgICAgICAgICAgICAgICAgICAgICAgICAgICA8bGk+PGEgaHJlZj0iaHR0cDovL3ZhbmlsbGEuaGl2ZS10ZW1wbGF0ZS5sb2NhbC5mZTEuc3RnLmhhcnZlc3RkcC5hbmNob3IubmV0LmF1L2luZGV4LnBocC9kYXNoYm9hcmQvdXNlcnMvc2VhcmNoIj5BbGwgVXNlcnM8L2E+PHNwYW4+TWVtYmVycyB1c2VycywgZ3JvdXBzLCBwZW9wbGUsIGZpbmQsIGRlbGV0ZSB1c2VyLCByZW1vdmUgdXNlciwgY2hhbmdlIHBhc3N3b3JkLCBwYXNzd29yZCBBbGwgVXNlcnMgZmluZCwgc2VhcmNoLCBwZW9wbGUsIGRlbGV0ZSB1c2VyLCByZW1vdmUgdXNlciwgY2hhbmdlIHBhc3N3b3JkLCBwYXNzd29yZDwvc3Bhbj48L2xpPiAgICAgICAgICAgICAgICAgICAgICAgICAgICAgICAgICAgICAgICA8bGk+PGEgaHJlZj0iaHR0cDovL3ZhbmlsbGEuaGl2ZS10ZW1wbGF0ZS5sb2NhbC5mZTEuc3RnLmhhcnZlc3RkcC5hbmNob3IubmV0LmF1L2luZGV4LnBocC9kYXNoYm9hcmQvdXNlcnMvZ3JvdXBzIj5Vc2VyIEdyb3VwczwvYT48c3Bhbj5NZW1iZXJzIHVzZXJzLCBncm91cHMsIHBlb3BsZSwgZmluZCwgZGVsZXRlIHVzZXIsIHJlbW92ZSB1c2VyLCBjaGFuZ2UgcGFzc3dvcmQsIHBhc3N3b3JkIFVzZXIgR3JvdXBzIHVzZXIsIGdyb3VwLCBwZW9wbGUsIHBlcm1pc3Npb25zLCBleHBpcmUsIGJhZGdlczwvc3Bhbj48L2xpPiAgICAgICAgICAgICAgICAgICAgICAgICAgICAgICAgICAgICAgICA8bGk+PGEgaHJlZj0iaHR0cDovL3ZhbmlsbGEuaGl2ZS10ZW1wbGF0ZS5sb2NhbC5mZTEuc3RnLmhhcnZlc3RkcC5hbmNob3IubmV0LmF1L2luZGV4LnBocC9kYXNoYm9hcmQvdXNlcnMvYXR0cmlidXRlcyI+QXR0cmlidXRlczwvYT48c3Bhbj5NZW1iZXJzIHVzZXJzLCBncm91cHMsIHBlb3BsZSwgZmluZCwgZGVsZXRlIHVzZXIsIHJlbW92ZSB1c2VyLCBjaGFuZ2UgcGFzc3dvcmQsIHBhc3N3b3JkIEF0dHJpYnV0ZXMgdXNlciBhdHRyaWJ1dGVzLCB1c2VyIGRhdGEsIGdhdGhlciBkYXRhLCByZWdpc3RyYXRpb24gZGF0YTwvc3Bhbj48L2xpPiAgICAgICAgICAgICAgICAgICAgICAgICAgICAgICAgICAgICAgICA8bGk+PGEgaHJlZj0iaHR0cDovL3ZhbmlsbGEuaGl2ZS10ZW1wbGF0ZS5sb2NhbC5mZTEuc3RnLmhhcnZlc3RkcC5hbmNob3IubmV0LmF1L2luZGV4LnBocC9kYXNoYm9hcmQvdXNlcnMvYWRkIj5BZGQgVXNlcjwvYT48c3Bhbj5NZW1iZXJzIHVzZXJzLCBncm91cHMsIHBlb3BsZSwgZmluZCwgZGVsZXRlIHVzZXIsIHJlbW92ZSB1c2VyLCBjaGFuZ2UgcGFzc3dvcmQsIHBhc3N3b3JkIEFkZCBVc2VyIG5ldyB1c2VyLCBjcmVhdGU8L3NwYW4+PC9saT4gICAgICAgICAgICAgICAgICAgICAgICAgICAgICAgICAgICAgICAgPGxpPjxhIGhyZWY9Imh0dHA6Ly92YW5pbGxhLmhpdmUtdGVtcGxhdGUubG9jYWwuZmUxLnN0Zy5oYXJ2ZXN0ZHAuYW5jaG9yLm5ldC5hdS9pbmRleC5waHAvZGFzaGJvYXJkL3VzZXJzL2FkZF9ncm91cCI+QWRkIEdyb3VwPC9hPjxzcGFuPk1lbWJlcnMgdXNlcnMsIGdyb3VwcywgcGVvcGxlLCBmaW5kLCBkZWxldGUgdXNlciwgcmVtb3ZlIHVzZXIsIGNoYW5nZSBwYXNzd29yZCwgcGFzc3dvcmQgQWRkIEdyb3VwIG5ldyB1c2VyIGdyb3VwLCBuZXcgZ3JvdXAsIGdyb3VwLCBjcmVhdGU8L3NwYW4+PC9saT4gICAgICAgICAgICAgICAgICAgICAgICAgICAgICAgICAgICAgICAgPGxpPjxhIGhyZWY9Imh0dHA6Ly92YW5pbGxhLmhpdmUtdGVtcGxhdGUubG9jYWwuZmUxLnN0Zy5oYXJ2ZXN0ZHAuYW5jaG9yLm5ldC5hdS9pbmRleC5waHAvZGFzaGJvYXJkL3VzZXJzL2dyb3VwX3NldHMiPkdyb3VwIFNldHM8L2E+PHNwYW4+TWVtYmVycyB1c2VycywgZ3JvdXBzLCBwZW9wbGUsIGZpbmQsIGRlbGV0ZSB1c2VyLCByZW1vdmUgdXNlciwgY2hhbmdlIHBhc3N3b3JkLCBwYXNzd29yZCBHcm91cCBTZXRzIGdyb3VwIHNldDwvc3Bhbj48L2xpPiAgICAgICAgICAgICAgICAgICAgICAgICAgICAgICAgICAgICAgICA8bGk+PGEgaHJlZj0iaHR0cDovL3ZhbmlsbGEuaGl2ZS10ZW1wbGF0ZS5sb2NhbC5mZTEuc3RnLmhhcnZlc3RkcC5hbmNob3IubmV0LmF1L2luZGV4LnBocC9kYXNoYm9hcmQvdXNlcnMvcG9pbnRzIj5Db21tdW5pdHkgUG9pbnRzPC9hPjxzcGFuPk1lbWJlcnMgdXNlcnMsIGdyb3VwcywgcGVvcGxlLCBmaW5kLCBkZWxldGUgdXNlciwgcmVtb3ZlIHVzZXIsIGNoYW5nZSBwYXNzd29yZCwgcGFzc3dvcmQgQ29tbXVuaXR5IFBvaW50cyBjb21tdW5pdHksIHBvaW50cywga2FybWE8L3NwYW4+PC9saT4gICAgICAgICAgICAgICAgICAgICAgICAgICAgICAgICAgICA8L3VsPiAgICAgICAgICAgICAgICA8L2Rpdj4gICAgICAgICAgICAgICAgICAgICAgICAgICAgICAgIDxkaXYgY2xhc3M9ImNjbS1pbnRlbGxpZ2VudC1zZWFyY2gtcmVzdWx0cy1tb2R1bGUgY2NtLWludGVsbGlnZW50LXNlYXJjaC1yZXN1bHRzLW1vZHVsZS1vbnNpdGUiPiAgICAgICAgICAgICAgICA8aDE+U2l0ZW1hcDwvaDE+ICAgICAgICAgICAgICAgIDx1bCBjbGFzcz0iY2NtLWludGVsbGlnZW50LXNlYXJjaC1yZXN1bHRzLWxpc3QiPiAgICAgICAgICAgICAgICAgICAgICAgICAgICAgICAgICAgICAgICAgICAgICAgICAgICA8bGk+PGEgaHJlZj0iaHR0cDovL3ZhbmlsbGEuaGl2ZS10ZW1wbGF0ZS5sb2NhbC5mZTEuc3RnLmhhcnZlc3RkcC5hbmNob3IubmV0LmF1L2luZGV4LnBocC9kYXNoYm9hcmQvc2l0ZW1hcC9mdWxsIj5GdWxsIFNpdGVtYXA8L2E+PHNwYW4+U2l0ZW1hcCBwYWdlcywgYWRkIHBhZ2UsIGRlbGV0ZSBwYWdlLCBjb3B5LCBtb3ZlLCBhbGlhcyBGdWxsIFNpdGVtYXAgcGFnZXMsIGFkZCBwYWdlLCBkZWxldGUgcGFnZSwgY29weSwgbW92ZSwgYWxpYXM8L3NwYW4+PC9saT4gICAgICAgICAgICAgICAgICAgICAgICAgICAgICAgICAgICAgICAgPGxpPjxhIGhyZWY9Imh0dHA6Ly92YW5pbGxhLmhpdmUtdGVtcGxhdGUubG9jYWwuZmUxLnN0Zy5oYXJ2ZXN0ZHAuYW5jaG9yLm5ldC5hdS9pbmRleC5waHAvZGFzaGJvYXJkL3NpdGVtYXAvZXhwbG9yZSI+RmxhdCBWaWV3PC9hPjxzcGFuPlNpdGVtYXAgcGFnZXMsIGFkZCBwYWdlLCBkZWxldGUgcGFnZSwgY29weSwgbW92ZSwgYWxpYXMgRmxhdCBWaWV3IHBhZ2VzLCBhZGQgcGFnZSwgZGVsZXRlIHBhZ2UsIGNvcHksIG1vdmUsIGFsaWFzLCBidWxrPC9zcGFuPjwvbGk+ICAgICAgICAgICAgICAgICAgICAgICAgICAgICAgICAgICAgICAgIDxsaT48YSBocmVmPSJodHRwOi8vdmFuaWxsYS5oaXZlLXRlbXBsYXRlLmxvY2FsLmZlMS5zdGcuaGFydmVzdGRwLmFuY2hvci5uZXQuYXUvaW5kZXgucGhwL2Rhc2hib2FyZC9zaXRlbWFwL3NlYXJjaCI+UGFnZSBTZWFyY2g8L2E+PHNwYW4+U2l0ZW1hcCBwYWdlcywgYWRkIHBhZ2UsIGRlbGV0ZSBwYWdlLCBjb3B5LCBtb3ZlLCBhbGlhcyBQYWdlIFNlYXJjaCBmaW5kIHBhZ2UsIHNlYXJjaCBwYWdlLCBzZWFyY2gsIGZpbmQsIHBhZ2VzLCBzaXRlbWFwPC9zcGFuPjwvbGk+ICAgICAgICAgICAgICAgICAgICAgICAgICAgICAgICAgICAgPC91bD4gICAgICAgICAgICAgICAgPC9kaXY+ICAgICAgICAgICAgICAgICAgICAgICAgICAgICAgICA8ZGl2IGNsYXNzPSJjY20taW50ZWxsaWdlbnQtc2VhcmNoLXJlc3VsdHMtbW9kdWxlIGNjbS1pbnRlbGxpZ2VudC1zZWFyY2gtcmVzdWx0cy1tb2R1bGUtb25zaXRlIj4gICAgICAgICAgICAgICAgPGgxPlBhZ2VzICYgVGhlbWVzPC9oMT4gICAgICAgICAgICAgICAgPHVsIGNsYXNzPSJjY20taW50ZWxsaWdlbnQtc2VhcmNoLXJlc3VsdHMtbGlzdCI+ICAgICAgICAgICAgICAgICAgICAgICAgICAgICAgICAgICAgICAgICAgICAgICAgICAgIDxsaT48YSBocmVmPSJodHRwOi8vdmFuaWxsYS5oaXZlLXRlbXBsYXRlLmxvY2FsLmZlMS5zdGcuaGFydmVzdGRwLmFuY2hvci5uZXQuYXUvaW5kZXgucGhwL2Rhc2hib2FyZC9wYWdlcy90aGVtZXMiPlRoZW1lczwvYT48c3Bhbj5QYWdlcyAmIFRoZW1lcyAgVGhlbWVzIG5ldyB0aGVtZSwgdGhlbWUsIGFjdGl2ZSB0aGVtZSwgY2hhbmdlIHRoZW1lLCB0ZW1wbGF0ZSwgY3NzPC9zcGFuPjwvbGk+ICAgICAgICAgICAgICAgICAgICAgICAgICAgICAgICAgICAgICAgIDxsaT48YSBocmVmPSJodHRwOi8vdmFuaWxsYS5oaXZlLXRlbXBsYXRlLmxvY2FsLmZlMS5zdGcuaGFydmVzdGRwLmFuY2hvci5uZXQuYXUvaW5kZXgucGhwL2Rhc2hib2FyZC9wYWdlcy90eXBlcyI+UGFnZSBUeXBlczwvYT48c3Bhbj5QYWdlcyAmIFRoZW1lcyAgUGFnZSBUeXBlcyA8L3NwYW4+PC9saT4gICAgICAgICAgICAgICAgICAgICAgICAgICAgICAgICAgICAgICAgPGxpPjxhIGhyZWY9Imh0dHA6Ly92YW5pbGxhLmhpdmUtdGVtcGxhdGUubG9jYWwuZmUxLnN0Zy5oYXJ2ZXN0ZHAuYW5jaG9yLm5ldC5hdS9pbmRleC5waHAvZGFzaGJvYXJkL3BhZ2VzL3RlbXBsYXRlcyI+UGFnZSBUZW1wbGF0ZXM8L2E+PHNwYW4+UGFnZXMgJiBUaGVtZXMgIFBhZ2UgVGVtcGxhdGVzIDwvc3Bhbj48L2xpPiAgICAgICAgICAgICAgICAgICAgICAgICAgICAgICAgICAgICAgICA8bGk+PGEgaHJlZj0iaHR0cDovL3ZhbmlsbGEuaGl2ZS10ZW1wbGF0ZS5sb2NhbC5mZTEuc3RnLmhhcnZlc3RkcC5hbmNob3IubmV0LmF1L2luZGV4LnBocC9kYXNoYm9hcmQvcGFnZXMvYXR0cmlidXRlcyI+QXR0cmlidXRlczwvYT48c3Bhbj5QYWdlcyAmIFRoZW1lcyAgQXR0cmlidXRlcyBwYWdlIGF0dHJpYnV0ZXMsIGN1c3RvbTwvc3Bhbj48L2xpPiAgICAgICAgICAgICAgICAgICAgICAgICAgICAgICAgICAgICAgICA8bGk+PGEgaHJlZj0iaHR0cDovL3ZhbmlsbGEuaGl2ZS10ZW1wbGF0ZS5sb2NhbC5mZTEuc3RnLmhhcnZlc3RkcC5hbmNob3IubmV0LmF1L2luZGV4LnBocC9kYXNoYm9hcmQvcGFnZXMvc2luZ2xlIj5TaW5nbGUgUGFnZXM8L2E+PHNwYW4+UGFnZXMgJiBUaGVtZXMgIFNpbmdsZSBQYWdlcyBzaW5nbGUsIHBhZ2UsIGN1c3RvbSwgYXBwbGljYXRpb248L3NwYW4+PC9saT4gICAgICAgICAgICAgICAgICAgICAgICAgICAgICAgICAgICAgICAgPGxpPjxhIGhyZWY9Imh0dHA6Ly92YW5pbGxhLmhpdmUtdGVtcGxhdGUubG9jYWwuZmUxLnN0Zy5oYXJ2ZXN0ZHAuYW5jaG9yLm5ldC5hdS9pbmRleC5waHAvZGFzaGJvYXJkL3BhZ2VzL2ZlZWRzIj5SU1MgRmVlZHM8L2E+PHNwYW4+UGFnZXMgJiBUaGVtZXMgIFJTUyBGZWVkcyBhdG9tLCByc3MsIGZlZWQsIHN5bmRpY2F0aW9uPC9zcGFuPjwvbGk+ICAgICAgICAgICAgICAgICAgICAgICAgICAgICAgICAgICAgPC91bD4gICAgICAgICAgICAgICAgPC9kaXY+ICAgICAgICAgICAgICAgICAgICAgICAgICAgICAgICA8ZGl2IGNsYXNzPSJjY20taW50ZWxsaWdlbnQtc2VhcmNoLXJlc3VsdHMtbW9kdWxlIGNjbS1pbnRlbGxpZ2VudC1zZWFyY2gtcmVzdWx0cy1tb2R1bGUtb25zaXRlIj4gICAgICAgICAgICAgICAgPGgxPkNvbnZlcnNhdGlvbnM8L2gxPiAgICAgICAgICAgICAgICA8dWwgY2xhc3M9ImNjbS1pbnRlbGxpZ2VudC1zZWFyY2gtcmVzdWx0cy1saXN0Ij4gICAgICAgICAgICAgICAgICAgICAgICAgICAgICAgICAgICAgICAgICAgICAgICAgICAgPGxpPjxhIGhyZWY9Imh0dHA6Ly92YW5pbGxhLmhpdmUtdGVtcGxhdGUubG9jYWwuZmUxLnN0Zy5oYXJ2ZXN0ZHAuYW5jaG9yLm5ldC5hdS9pbmRleC5waHAvZGFzaGJvYXJkL2NvbnZlcnNhdGlvbnMvbWVzc2FnZXMiPk1lc3NhZ2VzPC9hPjxzcGFuPkNvbnZlcnNhdGlvbnMgIE1lc3NhZ2VzIDwvc3Bhbj48L2xpPiAgICAgICAgICAgICAgICAgICAgICAgICAgICAgICAgICAgIDwvdWw+ICAgICAgICAgICAgICAgIDwvZGl2PiAgICAgICAgICAgICAgICAgICAgICAgICAgICAgICAgPGRpdiBjbGFzcz0iY2NtLWludGVsbGlnZW50LXNlYXJjaC1yZXN1bHRzLW1vZHVsZSBjY20taW50ZWxsaWdlbnQtc2VhcmNoLXJlc3VsdHMtbW9kdWxlLW9uc2l0ZSI+ICAgICAgICAgICAgICAgIDxoMT5TdGFja3MgJiBCbG9ja3M8L2gxPiAgICAgICAgICAgICAgICA8dWwgY2xhc3M9ImNjbS1pbnRlbGxpZ2VudC1zZWFyY2gtcmVzdWx0cy1saXN0Ij4gICAgICAgICAgICAgICAgICAgICAgICAgICAgICAgICAgICAgICAgICAgICAgICAgICAgPGxpPjxhIGhyZWY9Imh0dHA6Ly92YW5pbGxhLmhpdmUtdGVtcGxhdGUubG9jYWwuZmUxLnN0Zy5oYXJ2ZXN0ZHAuYW5jaG9yLm5ldC5hdS9pbmRleC5waHAvZGFzaGJvYXJkL2Jsb2Nrcy9zdGFja3MiPlN0YWNrczwvYT48c3Bhbj5TdGFja3MgJiBCbG9ja3MgIFN0YWNrcyBzdGFja3MsIHJldXNhYmxlIGNvbnRlbnQsIHNjcmFwYm9vaywgY29weSwgcGFzdGUsIHBhc3RlIGJsb2NrLCBjb3B5IGJsb2NrLCBzaXRlIG5hbWUsIGxvZ288L3NwYW4+PC9saT4gICAgICAgICAgICAgICAgICAgICAgICAgICAgICAgICAgICAgICAgPGxpPjxhIGhyZWY9Imh0dHA6Ly92YW5pbGxhLmhpdmUtdGVtcGxhdGUubG9jYWwuZmUxLnN0Zy5oYXJ2ZXN0ZHAuYW5jaG9yLm5ldC5hdS9pbmRleC5waHAvZGFzaGJvYXJkL2Jsb2Nrcy9wZXJtaXNzaW9ucyI+QmxvY2sgJiBTdGFjayBQZXJtaXNzaW9uczwvYT48c3Bhbj5TdGFja3MgJiBCbG9ja3MgIEJsb2NrICYgU3RhY2sgUGVybWlzc2lvbnMgPC9zcGFuPjwvbGk+ICAgICAgICAgICAgICAgICAgICAgICAgICAgICAgICAgICAgICAgIDxsaT48YSBocmVmPSJodHRwOi8vdmFuaWxsYS5oaXZlLXRlbXBsYXRlLmxvY2FsLmZlMS5zdGcuaGFydmVzdGRwLmFuY2hvci5uZXQuYXUvaW5kZXgucGhwL2Rhc2hib2FyZC9ibG9ja3MvdHlwZXMiPkJsb2NrIFR5cGVzPC9hPjxzcGFuPlN0YWNrcyAmIEJsb2NrcyAgQmxvY2sgVHlwZXMgYmxvY2ssIHJlZnJlc2gsIGN1c3RvbTwvc3Bhbj48L2xpPiAgICAgICAgICAgICAgICAgICAgICAgICAgICAgICAgICAgIDwvdWw+ICAgICAgICAgICAgICAgIDwvZGl2PiAgICAgICAgICAgICAgICAgICAgICAgICAgICAgICAgPGRpdiBjbGFzcz0iY2NtLWludGVsbGlnZW50LXNlYXJjaC1yZXN1bHRzLW1vZHVsZSBjY20taW50ZWxsaWdlbnQtc2VhcmNoLXJlc3VsdHMtbW9kdWxlLW9uc2l0ZSI+ICAgICAgICAgICAgICAgIDxoMT5FeHRlbmQgVGhlIEhpdmU8L2gxPiAgICAgICAgICAgICAgICA8dWwgY2xhc3M9ImNjbS1pbnRlbGxpZ2VudC1zZWFyY2gtcmVzdWx0cy1saXN0Ij4gICAgICAgICAgICAgICAgICAgICAgICAgICAgICAgICAgICAgICAgICAgICAgICAgICAgPGxpPjxhIGhyZWY9Imh0dHA6Ly92YW5pbGxhLmhpdmUtdGVtcGxhdGUubG9jYWwuZmUxLnN0Zy5oYXJ2ZXN0ZHAuYW5jaG9yLm5ldC5hdS9pbmRleC5waHAvZGFzaGJvYXJkL2V4dGVuZC9pbnN0YWxsIj5BZGQgRnVuY3Rpb25hbGl0eTwvYT48c3Bhbj5FeHRlbmQgVGhlIEhpdmUgYWRkLW9uLCBhZGRvbiwgYWRkIG9uLCBwYWNrYWdlLCBhcHAsIGVjb21tZXJjZSwgZGlzY3Vzc2lvbnMsIGZvcnVtcywgdGhlbWVzLCB0ZW1wbGF0ZXMsIGJsb2NrcyBBZGQgRnVuY3Rpb25hbGl0eSBhZGQtb24sIGFkZG9uLCBlY29tbWVyY2UsIGluc3RhbGwsIGRpc2N1c3Npb25zLCBmb3J1bXMsIHRoZW1lcywgdGVtcGxhdGVzLCBibG9ja3M8L3NwYW4+PC9saT4gICAgICAgICAgICAgICAgICAgICAgICAgICAgICAgICAgICAgICAgPGxpPjxhIGhyZWY9Imh0dHA6Ly92YW5pbGxhLmhpdmUtdGVtcGxhdGUubG9jYWwuZmUxLnN0Zy5oYXJ2ZXN0ZHAuYW5jaG9yLm5ldC5hdS9pbmRleC5waHAvZGFzaGJvYXJkL2V4dGVuZC91cGRhdGUiPlVwZGF0ZSBBZGQtT25zPC9hPjxzcGFuPkV4dGVuZCBUaGUgSGl2ZSBhZGQtb24sIGFkZG9uLCBhZGQgb24sIHBhY2thZ2UsIGFwcCwgZWNvbW1lcmNlLCBkaXNjdXNzaW9ucywgZm9ydW1zLCB0aGVtZXMsIHRlbXBsYXRlcywgYmxvY2tzIFVwZGF0ZSBBZGQtT25zIHVwZGF0ZSwgdXBncmFkZTwvc3Bhbj48L2xpPiAgICAgICAgICAgICAgICAgICAgICAgICAgICAgICAgICAgICAgICA8bGk+PGEgaHJlZj0iaHR0cDovL3ZhbmlsbGEuaGl2ZS10ZW1wbGF0ZS5sb2NhbC5mZTEuc3RnLmhhcnZlc3RkcC5hbmNob3IubmV0LmF1L2luZGV4LnBocC9kYXNoYm9hcmQvZXh0ZW5kL2Nvbm5lY3QiPkNvbm5lY3QgdG8gdGhlIENvbW11bml0eTwvYT48c3Bhbj5FeHRlbmQgVGhlIEhpdmUgYWRkLW9uLCBhZGRvbiwgYWRkIG9uLCBwYWNrYWdlLCBhcHAsIGVjb21tZXJjZSwgZGlzY3Vzc2lvbnMsIGZvcnVtcywgdGhlbWVzLCB0ZW1wbGF0ZXMsIGJsb2NrcyBDb25uZWN0IHRvIHRoZSBDb21tdW5pdHkgY29uY3JldGU1Lm9yZywgbXkgYWNjb3VudCwgbWFya2V0cGxhY2U8L3NwYW4+PC9saT4gICAgICAgICAgICAgICAgICAgICAgICAgICAgICAgICAgICAgICAgPGxpPjxhIGhyZWY9Imh0dHA6Ly92YW5pbGxhLmhpdmUtdGVtcGxhdGUubG9jYWwuZmUxLnN0Zy5oYXJ2ZXN0ZHAuYW5jaG9yLm5ldC5hdS9pbmRleC5waHAvZGFzaGJvYXJkL2V4dGVuZC90aGVtZXMiPkdldCBNb3JlIFRoZW1lczwvYT48c3Bhbj5FeHRlbmQgVGhlIEhpdmUgYWRkLW9uLCBhZGRvbiwgYWRkIG9uLCBwYWNrYWdlLCBhcHAsIGVjb21tZXJjZSwgZGlzY3Vzc2lvbnMsIGZvcnVtcywgdGhlbWVzLCB0ZW1wbGF0ZXMsIGJsb2NrcyBHZXQgTW9yZSBUaGVtZXMgYnV5IHRoZW1lLCBuZXcgdGhlbWUsIG1hcmtldHBsYWNlLCB0ZW1wbGF0ZTwvc3Bhbj48L2xpPiAgICAgICAgICAgICAgICAgICAgICAgICAgICAgICAgICAgICAgICA8bGk+PGEgaHJlZj0iaHR0cDovL3ZhbmlsbGEuaGl2ZS10ZW1wbGF0ZS5sb2NhbC5mZTEuc3RnLmhhcnZlc3RkcC5hbmNob3IubmV0LmF1L2luZGV4LnBocC9kYXNoYm9hcmQvZXh0ZW5kL2FkZG9ucyI+R2V0IE1vcmUgQWRkLU9uczwvYT48c3Bhbj5FeHRlbmQgVGhlIEhpdmUgYWRkLW9uLCBhZGRvbiwgYWRkIG9uLCBwYWNrYWdlLCBhcHAsIGVjb21tZXJjZSwgZGlzY3Vzc2lvbnMsIGZvcnVtcywgdGhlbWVzLCB0ZW1wbGF0ZXMsIGJsb2NrcyBHZXQgTW9yZSBBZGQtT25zIGJ1eSBhZGRvbiwgYnV5IGFkZCBvbiwgYnV5IGFkZC1vbiwgcHVyY2hhc2UgYWRkb24sIHB1cmNoYXNlIGFkZCBvbiwgcHVyY2hhc2UgYWRkLW9uLCBmaW5kIGFkZG9uLCBuZXcgYWRkb24sIG1hcmtldHBsYWNlPC9zcGFuPjwvbGk+ICAgICAgICAgICAgICAgICAgICAgICAgICAgICAgICAgICAgPC91bD4gICAgICAgICAgICAgICAgPC9kaXY+ICAgICAgICAgICAgICAgICAgICAgICAgICAgICAgICA8ZGl2IGNsYXNzPSJjY20taW50ZWxsaWdlbnQtc2VhcmNoLXJlc3VsdHMtbW9kdWxlIGNjbS1pbnRlbGxpZ2VudC1zZWFyY2gtcmVzdWx0cy1tb2R1bGUtb25zaXRlIj4gICAgICAgICAgICAgICAgPGgxPkRhc2hib2FyZDwvaDE+ICAgICAgICAgICAgICAgIDx1bCBjbGFzcz0iY2NtLWludGVsbGlnZW50LXNlYXJjaC1yZXN1bHRzLWxpc3QiPiAgICAgICAgICAgICAgICAgICAgICAgICAgICAgICAgICAgIDxsaT48YSBocmVmPSJodHRwOi8vdmFuaWxsYS5oaXZlLXRlbXBsYXRlLmxvY2FsLmZlMS5zdGcuaGFydmVzdGRwLmFuY2hvci5uZXQuYXUvaW5kZXgucGhwL2Rhc2hib2FyZC9uZXdzIj5EYXNoYm9hcmQ8L2E+PHNwYW4+RGFzaGJvYXJkIDwvc3Bhbj48L2xpPiAgICAgICAgICAgICAgICAgICAgICAgICAgICAgICAgICAgICAgICAgICAgICAgICAgICA8L3VsPiAgICAgICAgICAgICAgICA8L2Rpdj4gICAgICAgICAgICAgICAgICAgICAgICAgICAgICAgIDxkaXYgY2xhc3M9ImNjbS1pbnRlbGxpZ2VudC1zZWFyY2gtcmVzdWx0cy1tb2R1bGUgY2NtLWludGVsbGlnZW50LXNlYXJjaC1yZXN1bHRzLW1vZHVsZS1vbnNpdGUiPiAgICAgICAgICAgICAgICA8aDE+U3lzdGVtICYgU2V0dGluZ3M8L2gxPiAgICAgICAgICAgICAgICA8dWwgY2xhc3M9ImNjbS1pbnRlbGxpZ2VudC1zZWFyY2gtcmVzdWx0cy1saXN0Ij4gICAgICAgICAgICAgICAgICAgICAgICAgICAgICAgICAgICAgICAgICAgICAgICAgICAgPGxpPjxhIGhyZWY9Imh0dHA6Ly92YW5pbGxhLmhpdmUtdGVtcGxhdGUubG9jYWwuZmUxLnN0Zy5oYXJ2ZXN0ZHAuYW5jaG9yLm5ldC5hdS9pbmRleC5waHAvZGFzaGJvYXJkL3N5c3RlbSI+VmlldyBBbGw8L2E+PHNwYW4+U3lzdGVtICYgU2V0dGluZ3MgZGFzaGJvYXJkLCBjb25maWd1cmF0aW9uPC9zcGFuPjwvbGk+ICAgICAgICAgICAgICAgICAgICAgICAgICAgICAgICAgICAgICAgIDxsaT48YSBocmVmPSJodHRwOi8vdmFuaWxsYS5oaXZlLXRlbXBsYXRlLmxvY2FsLmZlMS5zdGcuaGFydmVzdGRwLmFuY2hvci5uZXQuYXUvaW5kZXgucGhwL2Rhc2hib2FyZC9zeXN0ZW0vYmFzaWNzIj5CYXNpY3M8L2E+PHNwYW4+QmFzaWNzIDwvc3Bhbj48L2xpPiAgICAgICAgICAgICAgICAgICAgICAgICAgICAgICAgICAgICAgICA8bGk+PGEgaHJlZj0iaHR0cDovL3ZhbmlsbGEuaGl2ZS10ZW1wbGF0ZS5sb2NhbC5mZTEuc3RnLmhhcnZlc3RkcC5hbmNob3IubmV0LmF1L2luZGV4LnBocC9kYXNoYm9hcmQvc3lzdGVtL2Jhc2ljcy9uYW1lIj5TaXRlIE5hbWU8L2E+PHNwYW4+U2l0ZSBOYW1lIHdlYnNpdGUgbmFtZSwgdGl0bGU8L3NwYW4+PC9saT4gICAgICAgICAgICAgICAgICAgICAgICAgICAgICAgICAgICAgICAgPGxpPjxhIGhyZWY9Imh0dHA6Ly92YW5pbGxhLmhpdmUtdGVtcGxhdGUubG9jYWwuZmUxLnN0Zy5oYXJ2ZXN0ZHAuYW5jaG9yLm5ldC5hdS9pbmRleC5waHAvZGFzaGJvYXJkL3N5c3RlbS9iYXNpY3MvYWNjZXNzaWJpbGl0eSI+QWNjZXNzaWJpbGl0eTwvYT48c3Bhbj5BY2Nlc3NpYmlsaXR5IGFjY2Vzc2liaWxpdHksIGVhc3kgbW9kZTwvc3Bhbj48L2xpPiAgICAgICAgICAgICAgICAgICAgICAgICAgICAgICAgICAgICAgICA8bGk+PGEgaHJlZj0iaHR0cDovL3ZhbmlsbGEuaGl2ZS10ZW1wbGF0ZS5sb2NhbC5mZTEuc3RnLmhhcnZlc3RkcC5hbmNob3IubmV0LmF1L2luZGV4LnBocC9kYXNoYm9hcmQvc3lzdGVtL2Jhc2ljcy9zb2NpYWwiPlNvY2lhbCBMaW5rczwvYT48c3Bhbj5Tb2NpYWwgTGlua3Mgc2hhcmluZywgZmFjZWJvb2ssIHR3aXR0ZXI8L3NwYW4+PC9saT4gICAgICAgICAgICAgICAgICAgICAgICAgICAgICAgICAgICAgICAgPGxpPjxhIGhyZWY9Imh0dHA6Ly92YW5pbGxhLmhpdmUtdGVtcGxhdGUubG9jYWwuZmUxLnN0Zy5oYXJ2ZXN0ZHAuYW5jaG9yLm5ldC5hdS9pbmRleC5waHAvZGFzaGJvYXJkL3N5c3RlbS9iYXNpY3MvaWNvbnMiPkJvb2ttYXJrIEljb25zPC9hPjxzcGFuPkJvb2ttYXJrIEljb25zIGxvZ28sIGZhdmljb24sIGlwaG9uZSwgaWNvbiwgYm9va21hcms8L3NwYW4+PC9saT4gICAgICAgICAgICAgICAgICAgICAgICAgICAgICAgICAgICAgICAgPGxpPjxhIGhyZWY9Imh0dHA6Ly92YW5pbGxhLmhpdmUtdGVtcGxhdGUubG9jYWwuZmUxLnN0Zy5oYXJ2ZXN0ZHAuYW5jaG9yLm5ldC5hdS9pbmRleC5waHAvZGFzaGJvYXJkL3N5c3RlbS9iYXNpY3MvZWRpdG9yIj5SaWNoIFRleHQgRWRpdG9yPC9hPjxzcGFuPlJpY2ggVGV4dCBFZGl0b3IgdGlueW1jZSwgY29udGVudCBibG9jaywgZm9udHMsIGVkaXRvciwgY29udGVudCwgb3ZlcmxheTwvc3Bhbj48L2xpPiAgICAgICAgICAgICAgICAgICAgICAgICAgICAgICAgICAgICAgICA8bGk+PGEgaHJlZj0iaHR0cDovL3ZhbmlsbGEuaGl2ZS10ZW1wbGF0ZS5sb2NhbC5mZTEuc3RnLmhhcnZlc3RkcC5hbmNob3IubmV0LmF1L2luZGV4LnBocC9kYXNoYm9hcmQvc3lzdGVtL2Jhc2ljcy9tdWx0aWxpbmd1YWwiPkxhbmd1YWdlczwvYT48c3Bhbj5MYW5ndWFnZXMgdHJhbnNsYXRlLCB0cmFuc2xhdGlvbiwgaW50ZXJuYXRpb25hbGl6YXRpb24sIG11bHRpbGluZ3VhbDwvc3Bhbj48L2xpPiAgICAgICAgICAgICAgICAgICAgICAgICAgICAgICAgICAgICAgICA8bGk+PGEgaHJlZj0iaHR0cDovL3ZhbmlsbGEuaGl2ZS10ZW1wbGF0ZS5sb2NhbC5mZTEuc3RnLmhhcnZlc3RkcC5hbmNob3IubmV0LmF1L2luZGV4LnBocC9kYXNoYm9hcmQvc3lzdGVtL2Jhc2ljcy90aW1lem9uZSI+VGltZSBab25lPC9hPjxzcGFuPlRpbWUgWm9uZSB0aW1lem9uZSwgcHJvZmlsZSwgbG9jYWxlPC9zcGFuPjwvbGk+ICAgICAgICAgICAgICAgICAgICAgICAgICAgICAgICAgICAgICAgIDxsaT48YSBocmVmPSJodHRwOi8vdmFuaWxsYS5oaXZlLXRlbXBsYXRlLmxvY2FsLmZlMS5zdGcuaGFydmVzdGRwLmFuY2hvci5uZXQuYXUvaW5kZXgucGhwL2Rhc2hib2FyZC9zeXN0ZW0vYmFzaWNzL2FwaSI+QVBJIGtleXM8L2E+PHNwYW4+QVBJIGtleXMgPC9zcGFuPjwvbGk+ICAgICAgICAgICAgICAgICAgICAgICAgICAgICAgICAgICAgICAgIDxsaT48YSBocmVmPSJodHRwOi8vdmFuaWxsYS5oaXZlLXRlbXBsYXRlLmxvY2FsLmZlMS5zdGcuaGFydmVzdGRwLmFuY2hvci5uZXQuYXUvaW5kZXgucGhwL2Rhc2hib2FyZC9zeXN0ZW0vbXVsdGlsaW5ndWFsIj5NdWx0aWxpbmd1YWw8L2E+PHNwYW4+TXVsdGlsaW5ndWFsIG11bHRpbGluZ3VhbCwgbG9jYWxpemF0aW9uLCBpbnRlcm5hdGlvbmFsaXphdGlvbiwgaTE4bjwvc3Bhbj48L2xpPiAgICAgICAgICAgICAgICAgICAgICAgICAgICAgICAgICAgICAgICA8bGk+PGEgaHJlZj0iaHR0cDovL3ZhbmlsbGEuaGl2ZS10ZW1wbGF0ZS5sb2NhbC5mZTEuc3RnLmhhcnZlc3RkcC5hbmNob3IubmV0LmF1L2luZGV4LnBocC9kYXNoYm9hcmQvc3lzdGVtL211bHRpbGluZ3VhbC9zZXR1cCI+TXVsdGlsaW5ndWFsIFNldHVwPC9hPjxzcGFuPk11bHRpbGluZ3VhbCBTZXR1cCA8L3NwYW4+PC9saT4gICAgICAgICAgICAgICAgICAgICAgICAgICAgICAgICAgICAgICAgPGxpPjxhIGhyZWY9Imh0dHA6Ly92YW5pbGxhLmhpdmUtdGVtcGxhdGUubG9jYWwuZmUxLnN0Zy5oYXJ2ZXN0ZHAuYW5jaG9yLm5ldC5hdS9pbmRleC5waHAvZGFzaGJvYXJkL3N5c3RlbS9tdWx0aWxpbmd1YWwvcGFnZV9yZXBvcnQiPlBhZ2UgUmVwb3J0PC9hPjxzcGFuPlBhZ2UgUmVwb3J0IDwvc3Bhbj48L2xpPiAgICAgICAgICAgICAgICAgICAgICAgICAgICAgICAgICAgICAgICA8bGk+PGEgaHJlZj0iaHR0cDovL3ZhbmlsbGEuaGl2ZS10ZW1wbGF0ZS5sb2NhbC5mZTEuc3RnLmhhcnZlc3RkcC5hbmNob3IubmV0LmF1L2luZGV4LnBocC9kYXNoYm9hcmQvc3lzdGVtL211bHRpbGluZ3VhbC90cmFuc2xhdGVfaW50ZXJmYWNlIj5UcmFuc2xhdGUgU2l0ZSBJbnRlcmZhY2U8L2E+PHNwYW4+VHJhbnNsYXRlIFNpdGUgSW50ZXJmYWNlIDwvc3Bhbj48L2xpPiAgICAgICAgICAgICAgICAgICAgICAgICAgICAgICAgICAgICAgICA8bGk+PGEgaHJlZj0iaHR0cDovL3ZhbmlsbGEuaGl2ZS10ZW1wbGF0ZS5sb2NhbC5mZTEuc3RnLmhhcnZlc3RkcC5hbmNob3IubmV0LmF1L2luZGV4LnBocC9kYXNoYm9hcmQvc3lzdGVtL211bHRpbGluZ3VhbC9jb3B5Ij5Db3B5IExhbmd1YWdlczwvYT48c3Bhbj5Db3B5IExhbmd1YWdlcyA8L3NwYW4+PC9saT4gICAgICAgICAgICAgICAgICAgICAgICAgICAgICAgICAgICAgICAgPGxpPjxhIGhyZWY9Imh0dHA6Ly92YW5pbGxhLmhpdmUtdGVtcGxhdGUubG9jYWwuZmUxLnN0Zy5oYXJ2ZXN0ZHAuYW5jaG9yLm5ldC5hdS9pbmRleC5waHAvZGFzaGJvYXJkL3N5c3RlbS9zZW8iPlNFTyAmIFN0YXRpc3RpY3M8L2E+PHNwYW4+U0VPICYgU3RhdGlzdGljcyA8L3NwYW4+PC9saT4gICAgICAgICAgICAgICAgICAgICAgICAgICAgICAgICAgICAgICAgPGxpPjxhIGhyZWY9Imh0dHA6Ly92YW5pbGxhLmhpdmUtdGVtcGxhdGUubG9jYWwuZmUxLnN0Zy5oYXJ2ZXN0ZHAuYW5jaG9yLm5ldC5hdS9pbmRleC5waHAvZGFzaGJvYXJkL3N5c3RlbS9zZW8vdXJscyI+VVJMcyBhbmQgUmVkaXJlY3Rpb248L2E+PHNwYW4+VVJMcyBhbmQgUmVkaXJlY3Rpb24gdmFuaXR5LCBwcmV0dHkgdXJsLCBzZW8sIHBhZ2V2aWV3LCB2aWV3PC9zcGFuPjwvbGk+ICAgICAgICAgICAgICAgICAgICAgICAgICAgICAgICAgICAgICAgIDxsaT48YSBocmVmPSJodHRwOi8vdmFuaWxsYS5oaXZlLXRlbXBsYXRlLmxvY2FsLmZlMS5zdGcuaGFydmVzdGRwLmFuY2hvci5uZXQuYXUvaW5kZXgucGhwL2Rhc2hib2FyZC9zeXN0ZW0vc2VvL2J1bGsiPkJ1bGsgU0VPIFVwZGF0ZXI8L2E+PHNwYW4+QnVsayBTRU8gVXBkYXRlciBidWxrLCBzZW8sIGNoYW5nZSBrZXl3b3JkcywgZW5naW5lLCBvcHRpbWl6YXRpb24sIHNlYXJjaDwvc3Bhbj48L2xpPiAgICAgICAgICAgICAgICAgICAgICAgICAgICAgICAgICAgICAgICA8bGk+PGEgaHJlZj0iaHR0cDovL3ZhbmlsbGEuaGl2ZS10ZW1wbGF0ZS5sb2NhbC5mZTEuc3RnLmhhcnZlc3RkcC5hbmNob3IubmV0LmF1L2luZGV4LnBocC9kYXNoYm9hcmQvc3lzdGVtL3Nlby9jb2RlcyI+VHJhY2tpbmcgQ29kZXM8L2E+PHNwYW4+VHJhY2tpbmcgQ29kZXMgdHJhZmZpYywgc3RhdGlzdGljcywgZ29vZ2xlIGFuYWx5dGljcywgcXVhbnQsIHBhZ2V2aWV3cywgaGl0czwvc3Bhbj48L2xpPiAgICAgICAgICAgICAgICAgICAgICAgICAgICAgICAgICAgICAgICA8bGk+PGEgaHJlZj0iaHR0cDovL3ZhbmlsbGEuaGl2ZS10ZW1wbGF0ZS5sb2NhbC5mZTEuc3RnLmhhcnZlc3RkcC5hbmNob3IubmV0LmF1L2luZGV4LnBocC9kYXNoYm9hcmQvc3lzdGVtL3Nlby9leGNsdWRlZCI+RXhjbHVkZWQgVVJMIFdvcmQgTGlzdDwvYT48c3Bhbj5FeGNsdWRlZCBVUkwgV29yZCBMaXN0IHByZXR0eSwgc2x1Zzwvc3Bhbj48L2xpPiAgICAgICAgICAgICAgICAgICAgICAgICAgICAgICAgICAgICAgICA8bGk+PGEgaHJlZj0iaHR0cDovL3ZhbmlsbGEuaGl2ZS10ZW1wbGF0ZS5sb2NhbC5mZTEuc3RnLmhhcnZlc3RkcC5hbmNob3IubmV0LmF1L2luZGV4LnBocC9kYXNoYm9hcmQvc3lzdGVtL3Nlby9zZWFyY2hpbmRleCI+U2VhcmNoIEluZGV4PC9hPjxzcGFuPlNlYXJjaCBJbmRleCBjb25maWd1cmUgc2VhcmNoLCBzaXRlIHNlYXJjaCwgc2VhcmNoIG9wdGlvbjwvc3Bhbj48L2xpPiAgICAgICAgICAgICAgICAgICAgICAgICAgICAgICAgICAgICAgICA8bGk+PGEgaHJlZj0iaHR0cDovL3ZhbmlsbGEuaGl2ZS10ZW1wbGF0ZS5sb2NhbC5mZTEuc3RnLmhhcnZlc3RkcC5hbmNob3IubmV0LmF1L2luZGV4LnBocC9kYXNoYm9hcmQvc3lzdGVtL2ZpbGVzIj5GaWxlczwvYT48c3Bhbj5GaWxlcyA8L3NwYW4+PC9saT4gICAgICAgICAgICAgICAgICAgICAgICAgICAgICAgICAgICAgICAgPGxpPjxhIGhyZWY9Imh0dHA6Ly92YW5pbGxhLmhpdmUtdGVtcGxhdGUubG9jYWwuZmUxLnN0Zy5oYXJ2ZXN0ZHAuYW5jaG9yLm5ldC5hdS9pbmRleC5waHAvZGFzaGJvYXJkL3N5c3RlbS9maWxlcy9wZXJtaXNzaW9ucyI+RmlsZSBNYW5hZ2VyIFBlcm1pc3Npb25zPC9hPjxzcGFuPkZpbGUgTWFuYWdlciBQZXJtaXNzaW9ucyBmaWxlIG9wdGlvbnMsIGZpbGUgbWFuYWdlciwgdXBsb2FkLCBtb2RpZnk8L3NwYW4+PC9saT4gICAgICAgICAgICAgICAgICAgICAgICAgICAgICAgICAgICAgICAgPGxpPjxhIGhyZWY9Imh0dHA6Ly92YW5pbGxhLmhpdmUtdGVtcGxhdGUubG9jYWwuZmUxLnN0Zy5oYXJ2ZXN0ZHAuYW5jaG9yLm5ldC5hdS9pbmRleC5waHAvZGFzaGJvYXJkL3N5c3RlbS9maWxlcy9maWxldHlwZXMiPkFsbG93ZWQgRmlsZSBUeXBlczwvYT48c3Bhbj5BbGxvd2VkIEZpbGUgVHlwZXMgc2VjdXJpdHksIGZpbGVzLCBtZWRpYSwgZXh0ZW5zaW9uLCBtYW5hZ2VyLCB1cGxvYWQ8L3NwYW4+PC9saT4gICAgICAgICAgICAgICAgICAgICAgICAgICAgICAgICAgICAgICAgPGxpPjxhIGhyZWY9Imh0dHA6Ly92YW5pbGxhLmhpdmUtdGVtcGxhdGUubG9jYWwuZmUxLnN0Zy5oYXJ2ZXN0ZHAuYW5jaG9yLm5ldC5hdS9pbmRleC5waHAvZGFzaGJvYXJkL3N5c3RlbS9maWxlcy90aHVtYm5haWxzIj5UaHVtYm5haWxzPC9hPjxzcGFuPlRodW1ibmFpbHMgaW1hZ2VzLCBwaWN0dXJlLCByZXNwb25zaXZlLCByZXRpbmE8L3NwYW4+PC9saT4gICAgICAgICAgICAgICAgICAgICAgICAgICAgICAgICAgICAgICAgPGxpPjxhIGhyZWY9Imh0dHA6Ly92YW5pbGxhLmhpdmUtdGVtcGxhdGUubG9jYWwuZmUxLnN0Zy5oYXJ2ZXN0ZHAuYW5jaG9yLm5ldC5hdS9pbmRleC5waHAvZGFzaGJvYXJkL3N5c3RlbS9maWxlcy9zdG9yYWdlIj5GaWxlIFN0b3JhZ2UgTG9jYXRpb25zPC9hPjxzcGFuPkZpbGUgU3RvcmFnZSBMb2NhdGlvbnMgc2VjdXJpdHksIGFsdGVybmF0ZSBzdG9yYWdlLCBoaWRlIGZpbGVzPC9zcGFuPjwvbGk+ICAgICAgICAgICAgICAgICAgICAgICAgICAgICAgICAgICAgICAgIDxsaT48YSBocmVmPSJodHRwOi8vdmFuaWxsYS5oaXZlLXRlbXBsYXRlLmxvY2FsLmZlMS5zdGcuaGFydmVzdGRwLmFuY2hvci5uZXQuYXUvaW5kZXgucGhwL2Rhc2hib2FyZC9zeXN0ZW0vZmlsZXMvaW1hZ2VfdXBsb2FkaW5nIj5JbWFnZSBVcGxvYWRpbmc8L2E+PHNwYW4+SW1hZ2UgVXBsb2FkaW5nIDwvc3Bhbj48L2xpPiAgICAgICAgICAgICAgICAgICAgICAgICAgICAgICAgICAgICAgICA8bGk+PGEgaHJlZj0iaHR0cDovL3ZhbmlsbGEuaGl2ZS10ZW1wbGF0ZS5sb2NhbC5mZTEuc3RnLmhhcnZlc3RkcC5hbmNob3IubmV0LmF1L2luZGV4LnBocC9kYXNoYm9hcmQvc3lzdGVtL29wdGltaXphdGlvbiI+T3B0aW1pemF0aW9uPC9hPjxzcGFuPk9wdGltaXphdGlvbiA8L3NwYW4+PC9saT4gICAgICAgICAgICAgICAgICAgICAgICAgICAgICAgICAgICAgICAgPGxpPjxhIGhyZWY9Imh0dHA6Ly92YW5pbGxhLmhpdmUtdGVtcGxhdGUubG9jYWwuZmUxLnN0Zy5oYXJ2ZXN0ZHAuYW5jaG9yLm5ldC5hdS9pbmRleC5waHAvZGFzaGJvYXJkL3N5c3RlbS9vcHRpbWl6YXRpb24vY2FjaGUiPkNhY2hlICYgU3BlZWQgU2V0dGluZ3M8L2E+PHNwYW4+Q2FjaGUgJiBTcGVlZCBTZXR0aW5ncyBjYWNoZSBvcHRpb24sIGNoYW5nZSBjYWNoZSwgb3ZlcnJpZGUsIHR1cm4gb24gY2FjaGUsIHR1cm4gb2ZmIGNhY2hlLCBubyBjYWNoZSwgcGFnZSBjYWNoZSwgY2FjaGluZzwvc3Bhbj48L2xpPiAgICAgICAgICAgICAgICAgICAgICAgICAgICAgICAgICAgICAgICA8bGk+PGEgaHJlZj0iaHR0cDovL3ZhbmlsbGEuaGl2ZS10ZW1wbGF0ZS5sb2NhbC5mZTEuc3RnLmhhcnZlc3RkcC5hbmNob3IubmV0LmF1L2luZGV4LnBocC9kYXNoYm9hcmQvc3lzdGVtL29wdGltaXphdGlvbi9jbGVhcmNhY2hlIj5DbGVhciBDYWNoZTwvYT48c3Bhbj5DbGVhciBDYWNoZSBjYWNoZSBvcHRpb24sIHR1cm4gb2ZmIGNhY2hlLCBubyBjYWNoZSwgcGFnZSBjYWNoZSwgY2FjaGluZzwvc3Bhbj48L2xpPiAgICAgICAgICAgICAgICAgICAgICAgICAgICAgICAgICAgICAgICA8bGk+PGEgaHJlZj0iaHR0cDovL3ZhbmlsbGEuaGl2ZS10ZW1wbGF0ZS5sb2NhbC5mZTEuc3RnLmhhcnZlc3RkcC5hbmNob3IubmV0LmF1L2luZGV4LnBocC9kYXNoYm9hcmQvc3lzdGVtL29wdGltaXphdGlvbi9qb2JzIj5BdXRvbWF0ZWQgSm9iczwvYT48c3Bhbj5BdXRvbWF0ZWQgSm9icyBpbmRleCBzZWFyY2gsIHJlaW5kZXggc2VhcmNoLCBidWlsZCBzaXRlbWFwLCBzaXRlbWFwLnhtbCwgY2xlYXIgb2xkIHZlcnNpb25zLCBwYWdlIHZlcnNpb25zLCByZW1vdmUgb2xkPC9zcGFuPjwvbGk+ICAgICAgICAgICAgICAgICAgICAgICAgICAgICAgICAgICAgICAgIDxsaT48YSBocmVmPSJodHRwOi8vdmFuaWxsYS5oaXZlLXRlbXBsYXRlLmxvY2FsLmZlMS5zdGcuaGFydmVzdGRwLmFuY2hvci5uZXQuYXUvaW5kZXgucGhwL2Rhc2hib2FyZC9zeXN0ZW0vb3B0aW1pemF0aW9uL3F1ZXJ5X2xvZyI+RGF0YWJhc2UgUXVlcnkgTG9nPC9hPjxzcGFuPkRhdGFiYXNlIFF1ZXJ5IExvZyBxdWVyaWVzLCBkYXRhYmFzZSwgbXlzcWw8L3NwYW4+PC9saT4gICAgICAgICAgICAgICAgICAgICAgICAgICAgICAgICAgICAgICAgPGxpPjxhIGhyZWY9Imh0dHA6Ly92YW5pbGxhLmhpdmUtdGVtcGxhdGUubG9jYWwuZmUxLnN0Zy5oYXJ2ZXN0ZHAuYW5jaG9yLm5ldC5hdS9pbmRleC5waHAvZGFzaGJvYXJkL3N5c3RlbS9wZXJtaXNzaW9ucyI+UGVybWlzc2lvbnMgJiBBY2Nlc3M8L2E+PHNwYW4+UGVybWlzc2lvbnMgJiBBY2Nlc3MgPC9zcGFuPjwvbGk+ICAgICAgICAgICAgICAgICAgICAgICAgICAgICAgICAgICAgICAgIDxsaT48YSBocmVmPSJodHRwOi8vdmFuaWxsYS5oaXZlLXRlbXBsYXRlLmxvY2FsLmZlMS5zdGcuaGFydmVzdGRwLmFuY2hvci5uZXQuYXUvaW5kZXgucGhwL2Rhc2hib2FyZC9zeXN0ZW0vcGVybWlzc2lvbnMvc2l0ZSI+U2l0ZSBBY2Nlc3M8L2E+PHNwYW4+U2l0ZSBBY2Nlc3MgZWRpdG9ycywgaGlkZSBzaXRlLCBvZmZsaW5lLCBwcml2YXRlLCBwdWJsaWMsIGFjY2Vzczwvc3Bhbj48L2xpPiAgICAgICAgICAgICAgICAgICAgICAgICAgICAgICAgICAgICAgICA8bGk+PGEgaHJlZj0iaHR0cDovL3ZhbmlsbGEuaGl2ZS10ZW1wbGF0ZS5sb2NhbC5mZTEuc3RnLmhhcnZlc3RkcC5hbmNob3IubmV0LmF1L2luZGV4LnBocC9kYXNoYm9hcmQvc3lzdGVtL3Blcm1pc3Npb25zL3Rhc2tzIj5UYXNrIFBlcm1pc3Npb25zPC9hPjxzcGFuPlRhc2sgUGVybWlzc2lvbnMgc2VjdXJpdHksIGFjdGlvbnMsIGFkbWluaXN0cmF0b3IsIGFkbWluLCBwYWNrYWdlLCBtYXJrZXRwbGFjZSwgc2VhcmNoPC9zcGFuPjwvbGk+ICAgICAgICAgICAgICAgICAgICAgICAgICAgICAgICAgICAgICAgIDxsaT48YSBocmVmPSJodHRwOi8vdmFuaWxsYS5oaXZlLXRlbXBsYXRlLmxvY2FsLmZlMS5zdGcuaGFydmVzdGRwLmFuY2hvci5uZXQuYXUvaW5kZXgucGhwL2Rhc2hib2FyZC9zeXN0ZW0vcGVybWlzc2lvbnMvdXNlcnMiPlVzZXIgUGVybWlzc2lvbnM8L2E+PHNwYW4+VXNlciBQZXJtaXNzaW9ucyA8L3NwYW4+PC9saT4gICAgICAgICAgICAgICAgICAgICAgICAgICAgICAgICAgICAgICAgPGxpPjxhIGhyZWY9Imh0dHA6Ly92YW5pbGxhLmhpdmUtdGVtcGxhdGUubG9jYWwuZmUxLnN0Zy5oYXJ2ZXN0ZHAuYW5jaG9yLm5ldC5hdS9pbmRleC5waHAvZGFzaGJvYXJkL3N5c3RlbS9wZXJtaXNzaW9ucy9hZHZhbmNlZCI+QWR2YW5jZWQgUGVybWlzc2lvbnM8L2E+PHNwYW4+QWR2YW5jZWQgUGVybWlzc2lvbnMgPC9zcGFuPjwvbGk+ICAgICAgICAgICAgICAgICAgICAgICAgICAgICAgICAgICAgICAgIDxsaT48YSBocmVmPSJodHRwOi8vdmFuaWxsYS5oaXZlLXRlbXBsYXRlLmxvY2FsLmZlMS5zdGcuaGFydmVzdGRwLmFuY2hvci5uZXQuYXUvaW5kZXgucGhwL2Rhc2hib2FyZC9zeXN0ZW0vcGVybWlzc2lvbnMvYmxhY2tsaXN0Ij5JUCBCbGFja2xpc3Q8L2E+PHNwYW4+SVAgQmxhY2tsaXN0IHNlY3VyaXR5LCBsb2NrIGlwLCBsb2NrIG91dCwgYmxvY2sgaXAsIGFkZHJlc3MsIHJlc3RyaWN0LCBhY2Nlc3M8L3NwYW4+PC9saT4gICAgICAgICAgICAgICAgICAgICAgICAgICAgICAgICAgICAgICAgPGxpPjxhIGhyZWY9Imh0dHA6Ly92YW5pbGxhLmhpdmUtdGVtcGxhdGUubG9jYWwuZmUxLnN0Zy5oYXJ2ZXN0ZHAuYW5jaG9yLm5ldC5hdS9pbmRleC5waHAvZGFzaGJvYXJkL3N5c3RlbS9wZXJtaXNzaW9ucy9jYXB0Y2hhIj5DYXB0Y2hhIFNldHVwPC9hPjxzcGFuPkNhcHRjaGEgU2V0dXAgc2VjdXJpdHksIHJlZ2lzdHJhdGlvbjwvc3Bhbj48L2xpPiAgICAgICAgICAgICAgICAgICAgICAgICAgICAgICAgICAgICAgICA8bGk+PGEgaHJlZj0iaHR0cDovL3ZhbmlsbGEuaGl2ZS10ZW1wbGF0ZS5sb2NhbC5mZTEuc3RnLmhhcnZlc3RkcC5hbmNob3IubmV0LmF1L2luZGV4LnBocC9kYXNoYm9hcmQvc3lzdGVtL3Blcm1pc3Npb25zL2FudGlzcGFtIj5TcGFtIENvbnRyb2w8L2E+PHNwYW4+U3BhbSBDb250cm9sIGFudGlzcGFtLCBibG9jayBzcGFtLCBzZWN1cml0eTwvc3Bhbj48L2xpPiAgICAgICAgICAgICAgICAgICAgICAgICAgICAgICAgICAgICAgICA8bGk+PGEgaHJlZj0iaHR0cDovL3ZhbmlsbGEuaGl2ZS10ZW1wbGF0ZS5sb2NhbC5mZTEuc3RnLmhhcnZlc3RkcC5hbmNob3IubmV0LmF1L2luZGV4LnBocC9kYXNoYm9hcmQvc3lzdGVtL3Blcm1pc3Npb25zL21haW50ZW5hbmNlIj5NYWludGVuYW5jZSBNb2RlPC9hPjxzcGFuPk1haW50ZW5hbmNlIE1vZGUgbG9jayBzaXRlLCB1bmRlciBjb25zdHJ1Y3Rpb24sIGhpZGUsIGhpZGRlbjwvc3Bhbj48L2xpPiAgICAgICAgICAgICAgICAgICAgICAgICAgICAgICAgICAgICAgICA8bGk+PGEgaHJlZj0iaHR0cDovL3ZhbmlsbGEuaGl2ZS10ZW1wbGF0ZS5sb2NhbC5mZTEuc3RnLmhhcnZlc3RkcC5hbmNob3IubmV0LmF1L2luZGV4LnBocC9kYXNoYm9hcmQvc3lzdGVtL3JlZ2lzdHJhdGlvbiI+TG9naW4gJiBSZWdpc3RyYXRpb248L2E+PHNwYW4+TG9naW4gJiBSZWdpc3RyYXRpb24gPC9zcGFuPjwvbGk+ICAgICAgICAgICAgICAgICAgICAgICAgICAgICAgICAgICAgICAgIDxsaT48YSBocmVmPSJodHRwOi8vdmFuaWxsYS5oaXZlLXRlbXBsYXRlLmxvY2FsLmZlMS5zdGcuaGFydmVzdGRwLmFuY2hvci5uZXQuYXUvaW5kZXgucGhwL2Rhc2hib2FyZC9zeXN0ZW0vcmVnaXN0cmF0aW9uL3Bvc3Rsb2dpbiI+TG9naW4gRGVzdGluYXRpb248L2E+PHNwYW4+TG9naW4gRGVzdGluYXRpb24gcHJvZmlsZSwgbG9naW4sIHJlZGlyZWN0LCBzcGVjaWZpYywgZGFzaGJvYXJkLCBhZG1pbmlzdHJhdG9yczwvc3Bhbj48L2xpPiAgICAgICAgICAgICAgICAgICAgICAgICAgICAgICAgICAgICAgICA8bGk+PGEgaHJlZj0iaHR0cDovL3ZhbmlsbGEuaGl2ZS10ZW1wbGF0ZS5sb2NhbC5mZTEuc3RnLmhhcnZlc3RkcC5hbmNob3IubmV0LmF1L2luZGV4LnBocC9kYXNoYm9hcmQvc3lzdGVtL3JlZ2lzdHJhdGlvbi9wcm9maWxlcyI+UHVibGljIFByb2ZpbGVzPC9hPjxzcGFuPlB1YmxpYyBQcm9maWxlcyBtZW1iZXIgcHJvZmlsZSwgbWVtYmVyIHBhZ2UsIGNvbW11bml0eSwgZm9ydW1zLCBzb2NpYWwsIGF2YXRhcjwvc3Bhbj48L2xpPiAgICAgICAgICAgICAgICAgICAgICAgICAgICAgICAgICAgICAgICA8bGk+PGEgaHJlZj0iaHR0cDovL3ZhbmlsbGEuaGl2ZS10ZW1wbGF0ZS5sb2NhbC5mZTEuc3RnLmhhcnZlc3RkcC5hbmNob3IubmV0LmF1L2luZGV4LnBocC9kYXNoYm9hcmQvc3lzdGVtL3JlZ2lzdHJhdGlvbi9vcGVuIj5QdWJsaWMgUmVnaXN0cmF0aW9uPC9hPjxzcGFuPlB1YmxpYyBSZWdpc3RyYXRpb24gc2lnbnVwLCBuZXcgdXNlciwgY29tbXVuaXR5LCBwdWJsaWMgcmVnaXN0cmF0aW9uLCBwdWJsaWMsIHJlZ2lzdHJhdGlvbjwvc3Bhbj48L2xpPiAgICAgICAgICAgICAgICAgICAgICAgICAgICAgICAgICAgICAgICA8bGk+PGEgaHJlZj0iaHR0cDovL3ZhbmlsbGEuaGl2ZS10ZW1wbGF0ZS5sb2NhbC5mZTEuc3RnLmhhcnZlc3RkcC5hbmNob3IubmV0LmF1L2luZGV4LnBocC9kYXNoYm9hcmQvc3lzdGVtL3JlZ2lzdHJhdGlvbi9hdXRoZW50aWNhdGlvbiI+QXV0aGVudGljYXRpb24gVHlwZXM8L2E+PHNwYW4+QXV0aGVudGljYXRpb24gVHlwZXMgYXV0aCwgYXV0aGVudGljYXRpb24sIHR5cGVzLCBvYXV0aCwgZmFjZWJvb2ssIGxvZ2luLCByZWdpc3RyYXRpb248L3NwYW4+PC9saT4gICAgICAgICAgICAgICAgICAgICAgICAgICAgICAgICAgICAgICAgPGxpPjxhIGhyZWY9Imh0dHA6Ly92YW5pbGxhLmhpdmUtdGVtcGxhdGUubG9jYWwuZmUxLnN0Zy5oYXJ2ZXN0ZHAuYW5jaG9yLm5ldC5hdS9pbmRleC5waHAvZGFzaGJvYXJkL3N5c3RlbS9tYWlsIj5FbWFpbDwvYT48c3Bhbj5FbWFpbCBzbXRwLCBtYWlsIHNldHRpbmdzPC9zcGFuPjwvbGk+ICAgICAgICAgICAgICAgICAgICAgICAgICAgICAgICAgICAgICAgIDxsaT48YSBocmVmPSJodHRwOi8vdmFuaWxsYS5oaXZlLXRlbXBsYXRlLmxvY2FsLmZlMS5zdGcuaGFydmVzdGRwLmFuY2hvci5uZXQuYXUvaW5kZXgucGhwL2Rhc2hib2FyZC9zeXN0ZW0vbWFpbC9tZXRob2QiPlNNVFAgTWV0aG9kPC9hPjxzcGFuPlNNVFAgTWV0aG9kIGVtYWlsIHNlcnZlciwgbWFpbCBzZXR0aW5ncywgbWFpbCBjb25maWd1cmF0aW9uLCBleHRlcm5hbCwgaW50ZXJuYWw8L3NwYW4+PC9saT4gICAgICAgICAgICAgICAgICAgICAgICAgICAgICAgICAgICAgICAgPGxpPjxhIGhyZWY9Imh0dHA6Ly92YW5pbGxhLmhpdmUtdGVtcGxhdGUubG9jYWwuZmUxLnN0Zy5oYXJ2ZXN0ZHAuYW5jaG9yLm5ldC5hdS9pbmRleC5waHAvZGFzaGJvYXJkL3N5c3RlbS9tYWlsL21ldGhvZC90ZXN0Ij5UZXN0IE1haWwgU2V0dGluZ3M8L2E+PHNwYW4+VGVzdCBNYWlsIFNldHRpbmdzIHRlc3Qgc210cCwgdGVzdCBtYWlsPC9zcGFuPjwvbGk+ICAgICAgICAgICAgICAgICAgICAgICAgICAgICAgICAgICAgICAgIDxsaT48YSBocmVmPSJodHRwOi8vdmFuaWxsYS5oaXZlLXRlbXBsYXRlLmxvY2FsLmZlMS5zdGcuaGFydmVzdGRwLmFuY2hvci5uZXQuYXUvaW5kZXgucGhwL2Rhc2hib2FyZC9zeXN0ZW0vbWFpbC9pbXBvcnRlcnMiPkVtYWlsIEltcG9ydGVyczwvYT48c3Bhbj5FbWFpbCBJbXBvcnRlcnMgZW1haWwgc2VydmVyLCBtYWlsIHNldHRpbmdzLCBtYWlsIGNvbmZpZ3VyYXRpb24sIHByaXZhdGUgbWVzc2FnZSwgbWVzc2FnZSBzeXN0ZW0sIGltcG9ydCwgZW1haWwsIG1lc3NhZ2U8L3NwYW4+PC9saT4gICAgICAgICAgICAgICAgICAgICAgICAgICAgICAgICAgICAgICAgPGxpPjxhIGhyZWY9Imh0dHA6Ly92YW5pbGxhLmhpdmUtdGVtcGxhdGUubG9jYWwuZmUxLnN0Zy5oYXJ2ZXN0ZHAuYW5jaG9yLm5ldC5hdS9pbmRleC5waHAvZGFzaGJvYXJkL3N5c3RlbS9jb252ZXJzYXRpb25zIj5Db252ZXJzYXRpb25zPC9hPjxzcGFuPkNvbnZlcnNhdGlvbnMgY29udmVyc2F0aW9uczwvc3Bhbj48L2xpPiAgICAgICAgICAgICAgICAgICAgICAgICAgICAgICAgICAgICAgICA8bGk+PGEgaHJlZj0iaHR0cDovL3ZhbmlsbGEuaGl2ZS10ZW1wbGF0ZS5sb2NhbC5mZTEuc3RnLmhhcnZlc3RkcC5hbmNob3IubmV0LmF1L2luZGV4LnBocC9kYXNoYm9hcmQvc3lzdGVtL2NvbnZlcnNhdGlvbnMvc2V0dGluZ3MiPlNldHRpbmdzPC9hPjxzcGFuPlNldHRpbmdzIGNvbnZlcnNhdGlvbnM8L3NwYW4+PC9saT4gICAgICAgICAgICAgICAgICAgICAgICAgICAgICAgICAgICAgICAgPGxpPjxhIGhyZWY9Imh0dHA6Ly92YW5pbGxhLmhpdmUtdGVtcGxhdGUubG9jYWwuZmUxLnN0Zy5oYXJ2ZXN0ZHAuYW5jaG9yLm5ldC5hdS9pbmRleC5waHAvZGFzaGJvYXJkL3N5c3RlbS9jb252ZXJzYXRpb25zL3BvaW50cyI+Q29tbXVuaXR5IFBvaW50czwvYT48c3Bhbj5Db21tdW5pdHkgUG9pbnRzIGNvbnZlcnNhdGlvbnMgcmF0aW5ncywgcmF0aW5ncywgY29tbXVuaXR5LCBjb21tdW5pdHkgcG9pbnRzPC9zcGFuPjwvbGk+ICAgICAgICAgICAgICAgICAgICAgICAgICAgICAgICAgICAgICAgIDxsaT48YSBocmVmPSJodHRwOi8vdmFuaWxsYS5oaXZlLXRlbXBsYXRlLmxvY2FsLmZlMS5zdGcuaGFydmVzdGRwLmFuY2hvci5uZXQuYXUvaW5kZXgucGhwL2Rhc2hib2FyZC9zeXN0ZW0vY29udmVyc2F0aW9ucy9iYW5uZWR3b3JkcyI+QmFubmVkIFdvcmRzPC9hPjxzcGFuPkJhbm5lZCBXb3JkcyBjb252ZXJzYXRpb25zIGJhZCB3b3JkcywgYmFubmVkIHdvcmRzLCBiYW5uZWQsIGJhZCB3b3JkcywgYmFkLCB3b3JkcywgbGlzdDwvc3Bhbj48L2xpPiAgICAgICAgICAgICAgICAgICAgICAgICAgICAgICAgICAgICAgICA8bGk+PGEgaHJlZj0iaHR0cDovL3ZhbmlsbGEuaGl2ZS10ZW1wbGF0ZS5sb2NhbC5mZTEuc3RnLmhhcnZlc3RkcC5hbmNob3IubmV0LmF1L2luZGV4LnBocC9kYXNoYm9hcmQvc3lzdGVtL2NvbnZlcnNhdGlvbnMvcGVybWlzc2lvbnMiPkNvbnZlcnNhdGlvbiBQZXJtaXNzaW9uczwvYT48c3Bhbj5Db252ZXJzYXRpb24gUGVybWlzc2lvbnMgPC9zcGFuPjwvbGk+ICAgICAgICAgICAgICAgICAgICAgICAgICAgICAgICAgICAgICAgIDxsaT48YSBocmVmPSJodHRwOi8vdmFuaWxsYS5oaXZlLXRlbXBsYXRlLmxvY2FsLmZlMS5zdGcuaGFydmVzdGRwLmFuY2hvci5uZXQuYXUvaW5kZXgucGhwL2Rhc2hib2FyZC9zeXN0ZW0vYXR0cmlidXRlcyI+QXR0cmlidXRlczwvYT48c3Bhbj5BdHRyaWJ1dGVzIGF0dHJpYnV0ZSBjb25maWd1cmF0aW9uPC9zcGFuPjwvbGk+ICAgICAgICAgICAgICAgICAgICAgICAgICAgICAgICAgICAgICAgIDxsaT48YSBocmVmPSJodHRwOi8vdmFuaWxsYS5oaXZlLXRlbXBsYXRlLmxvY2FsLmZlMS5zdGcuaGFydmVzdGRwLmFuY2hvci5uZXQuYXUvaW5kZXgucGhwL2Rhc2hib2FyZC9zeXN0ZW0vYXR0cmlidXRlcy9zZXRzIj5TZXRzPC9hPjxzcGFuPlNldHMgYXR0cmlidXRlcywgc2V0czwvc3Bhbj48L2xpPiAgICAgICAgICAgICAgICAgICAgICAgICAgICAgICAgICAgICAgICA8bGk+PGEgaHJlZj0iaHR0cDovL3ZhbmlsbGEuaGl2ZS10ZW1wbGF0ZS5sb2NhbC5mZTEuc3RnLmhhcnZlc3RkcC5hbmNob3IubmV0LmF1L2luZGV4LnBocC9kYXNoYm9hcmQvc3lzdGVtL2F0dHJpYnV0ZXMvdHlwZXMiPlR5cGVzPC9hPjxzcGFuPlR5cGVzIGF0dHJpYnV0ZXMsIHR5cGVzPC9zcGFuPjwvbGk+ICAgICAgICAgICAgICAgICAgICAgICAgICAgICAgICAgICAgICAgIDxsaT48YSBocmVmPSJodHRwOi8vdmFuaWxsYS5oaXZlLXRlbXBsYXRlLmxvY2FsLmZlMS5zdGcuaGFydmVzdGRwLmFuY2hvci5uZXQuYXUvaW5kZXgucGhwL2Rhc2hib2FyZC9zeXN0ZW0vYXR0cmlidXRlcy90b3BpY3MiPlRvcGljczwvYT48c3Bhbj5Ub3BpY3MgdG9waWNzLCB0YWdzLCB0YXhvbm9teTwvc3Bhbj48L2xpPiAgICAgICAgICAgICAgICAgICAgICAgICAgICAgICAgICAgICAgICA8bGk+PGEgaHJlZj0iaHR0cDovL3ZhbmlsbGEuaGl2ZS10ZW1wbGF0ZS5sb2NhbC5mZTEuc3RnLmhhcnZlc3RkcC5hbmNob3IubmV0LmF1L2luZGV4LnBocC9kYXNoYm9hcmQvc3lzdGVtL2F0dHJpYnV0ZXMvdG9waWNzL2FkZCI+QWRkIFRvcGljIFRyZWU8L2E+PHNwYW4+QWRkIFRvcGljIFRyZWUgPC9zcGFuPjwvbGk+ICAgICAgICAgICAgICAgICAgICAgICAgICAgICAgICAgICAgICAgIDxsaT48YSBocmVmPSJodHRwOi8vdmFuaWxsYS5oaXZlLXRlbXBsYXRlLmxvY2FsLmZlMS5zdGcuaGFydmVzdGRwLmFuY2hvci5uZXQuYXUvaW5kZXgucGhwL2Rhc2hib2FyZC9zeXN0ZW0vZW52aXJvbm1lbnQvaW5mbyI+RW52aXJvbm1lbnQgSW5mb3JtYXRpb248L2E+PHNwYW4+RW52aXJvbm1lbnQgSW5mb3JtYXRpb24gb3ZlcnJpZGVzLCBzeXN0ZW0gaW5mbywgZGVidWcsIHN1cHBvcnQsIGhlbHA8L3NwYW4+PC9saT4gICAgICAgICAgICAgICAgICAgICAgICAgICAgICAgICAgICAgICAgPGxpPjxhIGhyZWY9Imh0dHA6Ly92YW5pbGxhLmhpdmUtdGVtcGxhdGUubG9jYWwuZmUxLnN0Zy5oYXJ2ZXN0ZHAuYW5jaG9yLm5ldC5hdS9pbmRleC5waHAvZGFzaGJvYXJkL3N5c3RlbS9lbnZpcm9ubWVudC9kZWJ1ZyI+RGVidWcgU2V0dGluZ3M8L2E+PHNwYW4+RGVidWcgU2V0dGluZ3MgZXJyb3JzLCBleGNlcHRpb25zLCBkZXZlbG9wLCBzdXBwb3J0LCBoZWxwPC9zcGFuPjwvbGk+ICAgICAgICAgICAgICAgICAgICAgICAgICAgICAgICAgICAgICAgIDxsaT48YSBocmVmPSJodHRwOi8vdmFuaWxsYS5oaXZlLXRlbXBsYXRlLmxvY2FsLmZlMS5zdGcuaGFydmVzdGRwLmFuY2hvci5uZXQuYXUvaW5kZXgucGhwL2Rhc2hib2FyZC9zeXN0ZW0vZW52aXJvbm1lbnQvbG9nZ2luZyI+TG9nZ2luZyBTZXR0aW5nczwvYT48c3Bhbj5Mb2dnaW5nIFNldHRpbmdzIGVtYWlsLCBsb2dnaW5nLCBsb2dzLCBzbXRwLCBwb3AsIGVycm9ycywgbXlzcWwsIGxvZzwvc3Bhbj48L2xpPiAgICAgICAgICAgICAgICAgICAgICAgICAgICAgICAgICAgICAgICA8bGk+PGEgaHJlZj0iaHR0cDovL3ZhbmlsbGEuaGl2ZS10ZW1wbGF0ZS5sb2NhbC5mZTEuc3RnLmhhcnZlc3RkcC5hbmNob3IubmV0LmF1L2luZGV4LnBocC9kYXNoYm9hcmQvc3lzdGVtL2Vudmlyb25tZW50L3Byb3h5Ij5Qcm94eSBTZXJ2ZXI8L2E+PHNwYW4+UHJveHkgU2VydmVyIG5ldHdvcmssIHByb3h5IHNlcnZlcjwvc3Bhbj48L2xpPiAgICAgICAgICAgICAgICAgICAgICAgICAgICAgICAgICAgICAgICA8bGk+PGEgaHJlZj0iaHR0cDovL3ZhbmlsbGEuaGl2ZS10ZW1wbGF0ZS5sb2NhbC5mZTEuc3RnLmhhcnZlc3RkcC5hbmNob3IubmV0LmF1L2luZGV4LnBocC9kYXNoYm9hcmQvc3lzdGVtL2Vudmlyb25tZW50L2VudGl0aWVzIj5EYXRhYmFzZSBFbnRpdGllczwvYT48c3Bhbj5EYXRhYmFzZSBFbnRpdGllcyBkYXRhYmFzZSwgZW50aXRpZXMsIGRvY3RyaW5lLCBvcm08L3NwYW4+PC9saT4gICAgICAgICAgICAgICAgICAgICAgICAgICAgICAgICAgICAgICAgPGxpPjxhIGhyZWY9Imh0dHA6Ly92YW5pbGxhLmhpdmUtdGVtcGxhdGUubG9jYWwuZmUxLnN0Zy5oYXJ2ZXN0ZHAuYW5jaG9yLm5ldC5hdS9pbmRleC5waHAvZGFzaGJvYXJkL3N5c3RlbS9iYWNrdXAiPkJhY2t1cCAmIFJlc3RvcmU8L2E+PHNwYW4+QmFja3VwICYgUmVzdG9yZSBleHBvcnQsIGJhY2t1cCwgZGF0YWJhc2UsIHNxbCwgbXlzcWwsIGVuY3J5cHRpb24sIHJlc3RvcmU8L3NwYW4+PC9saT4gICAgICAgICAgICAgICAgICAgICAgICAgICAgICAgICAgICAgICAgPGxpPjxhIGhyZWY9Imh0dHA6Ly92YW5pbGxhLmhpdmUtdGVtcGxhdGUubG9jYWwuZmUxLnN0Zy5oYXJ2ZXN0ZHAuYW5jaG9yLm5ldC5hdS9pbmRleC5waHAvZGFzaGJvYXJkL3N5c3RlbS9iYWNrdXAvYmFja3VwIj5CYWNrdXAgRGF0YWJhc2U8L2E+PHNwYW4+QmFja3VwIERhdGFiYXNlIDwvc3Bhbj48L2xpPiAgICAgICAgICAgICAgICAgICAgICAgICAgICAgICAgICAgICAgICA8bGk+PGEgaHJlZj0iaHR0cDovL3ZhbmlsbGEuaGl2ZS10ZW1wbGF0ZS5sb2NhbC5mZTEuc3RnLmhhcnZlc3RkcC5hbmNob3IubmV0LmF1L2luZGV4LnBocC9kYXNoYm9hcmQvc3lzdGVtL2JhY2t1cC91cGRhdGUiPlVwZGF0ZSBjb25jcmV0ZTU8L2E+PHNwYW4+VXBkYXRlIGNvbmNyZXRlNSB1cGdyYWRlLCBuZXcgdmVyc2lvbiwgdXBkYXRlPC9zcGFuPjwvbGk+ICAgICAgICAgICAgICAgICAgICAgICAgICAgICAgICAgICAgICAgIDxsaT48YSBocmVmPSJodHRwOi8vdmFuaWxsYS5oaXZlLXRlbXBsYXRlLmxvY2FsLmZlMS5zdGcuaGFydmVzdGRwLmFuY2hvci5uZXQuYXUvaW5kZXgucGhwL2Rhc2hib2FyZC9zeXN0ZW0vbW9kZXJhdGlvbiI+TW9kZXJhdGlvbjwvYT48c3Bhbj5Nb2RlcmF0aW9uIDwvc3Bhbj48L2xpPiAgICAgICAgICAgICAgICAgICAgICAgICAgICAgICAgICAgICAgICA8bGk+PGEgaHJlZj0iaHR0cDovL3ZhbmlsbGEuaGl2ZS10ZW1wbGF0ZS5sb2NhbC5mZTEuc3RnLmhhcnZlc3RkcC5hbmNob3IubmV0LmF1L2luZGV4LnBocC9kYXNoYm9hcmQvc3lzdGVtL21vZGVyYXRpb24vcmVhc29uIj5SZWFzb248L2E+PHNwYW4+UmVhc29uIDwvc3Bhbj48L2xpPiAgICAgICAgICAgICAgICAgICAgICAgICAgICAgICAgICAgICAgICA8bGk+PGEgaHJlZj0iaHR0cDovL3ZhbmlsbGEuaGl2ZS10ZW1wbGF0ZS5sb2NhbC5mZTEuc3RnLmhhcnZlc3RkcC5hbmNob3IubmV0LmF1L2luZGV4LnBocC9kYXNoYm9hcmQvc3lzdGVtL21vZGVyYXRpb24vcGVybWlzc2lvbnMiPk1vZGVyYXRpb24gUGVybWlzc2lvbnM8L2E+PHNwYW4+TW9kZXJhdGlvbiBQZXJtaXNzaW9ucyA8L3NwYW4+PC9saT4gICAgICAgICAgICAgICAgICAgICAgICAgICAgICAgICAgICAgICAgPGxpPjxhIGhyZWY9Imh0dHA6Ly92YW5pbGxhLmhpdmUtdGVtcGxhdGUubG9jYWwuZmUxLnN0Zy5oYXJ2ZXN0ZHAuYW5jaG9yLm5ldC5hdS9pbmRleC5waHAvZGFzaGJvYXJkL3N5c3RlbS9tb2RlcmF0aW9uL3NldHRpbmdzIj5TZXR0aW5nczwvYT48c3Bhbj5TZXR0aW5ncyA8L3NwYW4+PC9saT4gICAgICAgICAgICAgICAgICAgICAgICAgICAgICAgICAgICA8L3VsPiAgICAgICAgICAgICAgICA8L2Rpdj4gICAgICAgICAgICAgICAgICAgICAgICAgICAgICAgIDxkaXYgY2xhc3M9ImNjbS1pbnRlbGxpZ2VudC1zZWFyY2gtcmVzdWx0cy1tb2R1bGUgY2NtLWludGVsbGlnZW50LXNlYXJjaC1yZXN1bHRzLW1vZHVsZS1vbnNpdGUiPiAgICAgICAgICAgICAgICA8aDE+SGl2ZSBTZXR0aW5nczwvaDE+ICAgICAgICAgICAgICAgIDx1bCBjbGFzcz0iY2NtLWludGVsbGlnZW50LXNlYXJjaC1yZXN1bHRzLWxpc3QiPiAgICAgICAgICAgICAgICAgICAgICAgICAgICAgICAgICAgICAgICAgICAgICAgICAgICA8bGk+PGEgaHJlZj0iaHR0cDovL3ZhbmlsbGEuaGl2ZS10ZW1wbGF0ZS5sb2NhbC5mZTEuc3RnLmhhcnZlc3RkcC5hbmNob3IubmV0LmF1L2luZGV4LnBocC9kYXNoYm9hcmQvc2V0dGluZ3Mvc2l0ZSI+U2l0ZTwvYT48c3Bhbj5IaXZlIFNldHRpbmdzICBTaXRlIDwvc3Bhbj48L2xpPiAgICAgICAgICAgICAgICAgICAgICAgICAgICAgICAgICAgICAgICA8bGk+PGEgaHJlZj0iaHR0cDovL3ZhbmlsbGEuaGl2ZS10ZW1wbGF0ZS5sb2NhbC5mZTEuc3RnLmhhcnZlc3RkcC5hbmNob3IubmV0LmF1L2luZGV4LnBocC9kYXNoYm9hcmQvc2V0dGluZ3MvdXNlcnMiPlVzZXJzPC9hPjxzcGFuPkhpdmUgU2V0dGluZ3MgIFVzZXJzIDwvc3Bhbj48L2xpPiAgICAgICAgICAgICAgICAgICAgICAgICAgICAgICAgICAgICAgICA8bGk+PGEgaHJlZj0iaHR0cDovL3ZhbmlsbGEuaGl2ZS10ZW1wbGF0ZS5sb2NhbC5mZTEuc3RnLmhhcnZlc3RkcC5hbmNob3IubmV0LmF1L2luZGV4LnBocC9kYXNoYm9hcmQvc2V0dGluZ3MvbW9kZXJhdGlvbiI+TW9kZXJhdGlvbjwvYT48c3Bhbj5IaXZlIFNldHRpbmdzICBNb2RlcmF0aW9uIDwvc3Bhbj48L2xpPiAgICAgICAgICAgICAgICAgICAgICAgICAgICAgICAgICAgICAgICA8bGk+PGEgaHJlZj0iaHR0cDovL3ZhbmlsbGEuaGl2ZS10ZW1wbGF0ZS5sb2NhbC5mZTEuc3RnLmhhcnZlc3RkcC5hbmNob3IubmV0LmF1L2luZGV4LnBocC9kYXNoYm9hcmQvc2V0dGluZ3MvZW1haWwiPkVtYWlsPC9hPjxzcGFuPkhpdmUgU2V0dGluZ3MgIEVtYWlsIDwvc3Bhbj48L2xpPiAgICAgICAgICAgICAgICAgICAgICAgICAgICAgICAgICAgICAgICA8bGk+PGEgaHJlZj0iaHR0cDovL3ZhbmlsbGEuaGl2ZS10ZW1wbGF0ZS5sb2NhbC5mZTEuc3RnLmhhcnZlc3RkcC5hbmNob3IubmV0LmF1L2luZGV4LnBocC9kYXNoYm9hcmQvc2V0dGluZ3MvcHJvamVjdHMiPlByb2plY3RzPC9hPjxzcGFuPkhpdmUgU2V0dGluZ3MgIFByb2plY3RzIDwvc3Bhbj48L2xpPiAgICAgICAgICAgICAgICAgICAgICAgICAgICAgICAgICAgIDwvdWw+ICAgICAgICAgICAgICAgIDwvZGl2PiAgICAgICAgICAgICAgICAgICAgICAgICAgICA8ZGl2IGNsYXNzPSJjY20taW50ZWxsaWdlbnQtc2VhcmNoLXJlc3VsdHMtbW9kdWxlIGNjbS1pbnRlbGxpZ2VudC1zZWFyY2gtcmVzdWx0cy1tb2R1bGUtb25zaXRlIj4gICAgICAgICAgICA8aDE+RGFzaGJvYXJkIEhvbWU8L2gxPiAgICAgICAgICAgIDx1bCBjbGFzcz0iY2NtLWludGVsbGlnZW50LXNlYXJjaC1yZXN1bHRzLWxpc3QiPiAgICAgICAgICAgICAgICA8bGk+PGEgaHJlZj0iaHR0cDovL3ZhbmlsbGEuaGl2ZS10ZW1wbGF0ZS5sb2NhbC5mZTEuc3RnLmhhcnZlc3RkcC5hbmNob3IubmV0LmF1L2luZGV4LnBocC9kYXNoYm9hcmQvaG9tZSI+Q3VzdG9taXplIDxzcGFuPkN1c3RvbWl6ZSBEYXNoYm9hcmQgSG9tZTwvc3Bhbj48L2E+PC9saT4gICAgICAgICAgICA8L3VsPiAgICAgICAgICAgIDwvZGl2PiAgICAgICAgICAgICAgICAgICAgICAgIDxkaXYgY2xhc3M9ImNjbS1pbnRlbGxpZ2VudC1zZWFyY2gtcmVzdWx0cy1tb2R1bGUiPiAgICAgICAgICAgIDxoMT5Zb3VyIFNpdGU8L2gxPiAgICAgICAgICAgIDxkaXYgY2xhc3M9ImxvYWRlciI+ICAgICAgICAgICAgICAgIDxkaXYgY2xhc3M9ImRvdCBkb3QxIj48L2Rpdj4gICAgICAgICAgICAgICAgPGRpdiBjbGFzcz0iZG90IGRvdDIiPjwvZGl2PiAgICAgICAgICAgICAgICA8ZGl2IGNsYXNzPSJkb3QgZG90MyI+PC9kaXY+ICAgICAgICAgICAgICAgIDxkaXYgY2xhc3M9ImRvdCBkb3Q0Ij48L2Rpdj4gICAgICAgICAgICA8L2Rpdj4gICAgICAgICAgICA8dWwgY2xhc3M9ImNjbS1pbnRlbGxpZ2VudC1zZWFyY2gtcmVzdWx0cy1saXN0IiBpZD0iY2NtLWludGVsbGlnZW50LXNlYXJjaC1yZXN1bHRzLWxpc3QteW91ci1zaXRlIj4gICAgICAgICAgICA8L3VsPiAgICAgICAgICAgIDwvZGl2PiAgICAgICAgICAgICAgICAgICAgICAgICAgICAgICAgPC9kaXY+ICAgICAgICAiO31zOjE4OiJDTElFTlRfUkVNT1RFX0FERFIiO3M6MTU6IjIwMy4yMDYuMTQyLjIzMiI7czoyMjoiQ0xJRU5UX0hUVFBfVVNFUl9BR0VOVCI7czoxMTU6Ik1vemlsbGEvNS4wIChXaW5kb3dzIE5UIDEwLjA7IFdpbjY0OyB4NjQpIEFwcGxlV2ViS2l0LzUzNy4zNiAoS0hUTUwsIGxpa2UgR2Vja28pIENocm9tZS82NC4wLjMyODIuMTg2IFNhZmFyaS81MzcuMzYiO3M6MTI6InVPbmxpbmVDaGVjayI7aToxNTIwMzk1OTAwO3M6NzoidUdyb3VwcyI7YTozOntpOjI7czoxOiIyIjtpOjEyO3M6MjoiMTIiO2k6MTtzOjE6IjEiO319X3NmMl9mbGFzaGVzfGE6MDp7fV9zZjJfbWV0YXxhOjM6e3M6MToidSI7aToxNTIwMzk1OTAwO3M6MToiYyI7aToxNTIwMzk1ODkwO3M6MToibCI7czo0OiI3MjAwIjt9',1520395900),('fppgd1pgtv9khfsn5c4cf9huu3','X3NmMl9hdHRyaWJ1dGVzfGE6Mzp7czo3OiJ1R3JvdXBzIjthOjE6e2k6MTtzOjE6IjEiO31zOjE0OiJhY2Nlc3NFbnRpdGllcyI7YToxOntpOjA7Tzo1MDoiQ29uY3JldGVcQ29yZVxQZXJtaXNzaW9uXEFjY2Vzc1xFbnRpdHlcR3JvdXBFbnRpdHkiOjY6e3M6ODoiACoAZ3JvdXAiO086MzA6IkNvbmNyZXRlXENvcmVcVXNlclxHcm91cFxHcm91cCI6MjI6e3M6NDoiY3RJRCI7TjtzOjEzOiJwZXJtaXNzaW9uU2V0IjtOO3M6NDM6IgBDb25jcmV0ZVxDb3JlXFVzZXJcR3JvdXBcR3JvdXAAcGVybWlzc2lvbnMiO2E6MDp7fXM6NToiZXJyb3IiO3M6MDoiIjtzOjM6ImdJRCI7czoxOiIxIjtzOjU6ImdOYW1lIjtzOjU6Ikd1ZXN0IjtzOjEyOiJnRGVzY3JpcHRpb24iO3M6NjI6IlRoZSBndWVzdCBncm91cCByZXByZXNlbnRzIHVucmVnaXN0ZXJlZCB2aXNpdG9ycyB0byB5b3VyIHNpdGUuIjtzOjI0OiJnVXNlckV4cGlyYXRpb25Jc0VuYWJsZWQiO3M6MToiMCI7czoyMToiZ1VzZXJFeHBpcmF0aW9uTWV0aG9kIjtOO3M6MjY6ImdVc2VyRXhwaXJhdGlvblNldERhdGVUaW1lIjtOO3M6MjM6ImdVc2VyRXhwaXJhdGlvbkludGVydmFsIjtzOjE6IjAiO3M6MjE6ImdVc2VyRXhwaXJhdGlvbkFjdGlvbiI7TjtzOjg6ImdJc0JhZGdlIjtzOjE6IjAiO3M6OToiZ0JhZGdlRklEIjtzOjE6IjAiO3M6MTc6ImdCYWRnZURlc2NyaXB0aW9uIjtOO3M6MjU6ImdCYWRnZUNvbW11bml0eVBvaW50VmFsdWUiO3M6MToiMCI7czoxMjoiZ0lzQXV0b21hdGVkIjtzOjE6IjAiO3M6MjY6ImdDaGVja0F1dG9tYXRpb25PblJlZ2lzdGVyIjtzOjE6IjAiO3M6MjM6ImdDaGVja0F1dG9tYXRpb25PbkxvZ2luIjtzOjE6IjAiO3M6MjQ6ImdDaGVja0F1dG9tYXRpb25PbkpvYlJ1biI7czoxOiIwIjtzOjU6ImdQYXRoIjtzOjY6Ii9HdWVzdCI7czo1OiJwa2dJRCI7czoxOiIwIjt9czo1OiJwZXRJRCI7czoxOiIxIjtzOjk6InBldEhhbmRsZSI7czo1OiJncm91cCI7czo0OiJwZUlEIjtzOjE6IjMiO3M6NToibGFiZWwiO3M6NToiR3Vlc3QiO3M6NToiZXJyb3IiO3M6MDoiIjt9fXM6MjE6ImFjY2Vzc0VudGl0aWVzVXBkYXRlZCI7aToxNTE4MDQ5MjQ5O31fc2YyX2ZsYXNoZXN8YTowOnt9X3NmMl9tZXRhfGE6Mzp7czoxOiJ1IjtpOjE1MTgwNDkyNTM7czoxOiJjIjtpOjE1MTgwNDkyNDk7czoxOiJsIjtzOjQ6IjcyMDAiO30=',1518049253),('hc19blnvt7lo77iq6e2sscvfrj','X3NmMl9hdHRyaWJ1dGVzfGE6Mzp7czo3OiJ1R3JvdXBzIjthOjE6e2k6MTtzOjE6IjEiO31zOjE0OiJhY2Nlc3NFbnRpdGllcyI7YToxOntpOjA7Tzo1MDoiQ29uY3JldGVcQ29yZVxQZXJtaXNzaW9uXEFjY2Vzc1xFbnRpdHlcR3JvdXBFbnRpdHkiOjY6e3M6ODoiACoAZ3JvdXAiO086MzA6IkNvbmNyZXRlXENvcmVcVXNlclxHcm91cFxHcm91cCI6MjI6e3M6NDoiY3RJRCI7TjtzOjEzOiJwZXJtaXNzaW9uU2V0IjtOO3M6NDM6IgBDb25jcmV0ZVxDb3JlXFVzZXJcR3JvdXBcR3JvdXAAcGVybWlzc2lvbnMiO2E6MDp7fXM6NToiZXJyb3IiO3M6MDoiIjtzOjM6ImdJRCI7czoxOiIxIjtzOjU6ImdOYW1lIjtzOjU6Ikd1ZXN0IjtzOjEyOiJnRGVzY3JpcHRpb24iO3M6NjI6IlRoZSBndWVzdCBncm91cCByZXByZXNlbnRzIHVucmVnaXN0ZXJlZCB2aXNpdG9ycyB0byB5b3VyIHNpdGUuIjtzOjI0OiJnVXNlckV4cGlyYXRpb25Jc0VuYWJsZWQiO3M6MToiMCI7czoyMToiZ1VzZXJFeHBpcmF0aW9uTWV0aG9kIjtOO3M6MjY6ImdVc2VyRXhwaXJhdGlvblNldERhdGVUaW1lIjtOO3M6MjM6ImdVc2VyRXhwaXJhdGlvbkludGVydmFsIjtzOjE6IjAiO3M6MjE6ImdVc2VyRXhwaXJhdGlvbkFjdGlvbiI7TjtzOjg6ImdJc0JhZGdlIjtzOjE6IjAiO3M6OToiZ0JhZGdlRklEIjtzOjE6IjAiO3M6MTc6ImdCYWRnZURlc2NyaXB0aW9uIjtOO3M6MjU6ImdCYWRnZUNvbW11bml0eVBvaW50VmFsdWUiO3M6MToiMCI7czoxMjoiZ0lzQXV0b21hdGVkIjtzOjE6IjAiO3M6MjY6ImdDaGVja0F1dG9tYXRpb25PblJlZ2lzdGVyIjtzOjE6IjAiO3M6MjM6ImdDaGVja0F1dG9tYXRpb25PbkxvZ2luIjtzOjE6IjAiO3M6MjQ6ImdDaGVja0F1dG9tYXRpb25PbkpvYlJ1biI7czoxOiIwIjtzOjU6ImdQYXRoIjtzOjY6Ii9HdWVzdCI7czo1OiJwa2dJRCI7czoxOiIwIjt9czo1OiJwZXRJRCI7czoxOiIxIjtzOjk6InBldEhhbmRsZSI7czo1OiJncm91cCI7czo0OiJwZUlEIjtzOjE6IjMiO3M6NToibGFiZWwiO3M6NToiR3Vlc3QiO3M6NToiZXJyb3IiO3M6MDoiIjt9fXM6MjE6ImFjY2Vzc0VudGl0aWVzVXBkYXRlZCI7aToxNTQ5NTE2NTEyO31fc2YyX2ZsYXNoZXN8YTowOnt9X3NmMl9tZXRhfGE6Mzp7czoxOiJ1IjtpOjE1NDk1MTY1MTU7czoxOiJjIjtpOjE1NDk1MTY1MTI7czoxOiJsIjtzOjE6IjAiO30=',1549516516),('idnao51519f4e3gkktnvmn0n37','X3NmMl9hdHRyaWJ1dGVzfGE6MTU6e3M6MjE6ImFjY2Vzc0VudGl0aWVzVXBkYXRlZCI7aToxNTE5MDA2NTYyO3M6NzoidUdyb3VwcyI7YTozOntpOjI7czoxOiIyIjtpOjEyO3M6MjoiMTIiO2k6MTtzOjE6IjEiO31zOjM6InVJRCI7czoxOiIxIjtzOjU6InVOYW1lIjtzOjU6ImFkbWluIjtzOjE0OiJ1QmxvY2tUeXBlc1NldCI7YjowO3M6MTE6InVMYXN0T25saW5lIjtpOjE1MTkwMTExNjc7czo5OiJ1VGltZXpvbmUiO047czoxNjoidURlZmF1bHRMYW5ndWFnZSI7TjtzOjE5OiJ1TGFzdFBhc3N3b3JkQ2hhbmdlIjtzOjE5OiIyMDE1LTAzLTEzIDA1OjEwOjIwIjtzOjE0OiJkYXNoYm9hcmRNZW51cyI7YToxOntzOjU6ImVuX1VTIjtzOjM4MzM1OiIgICAgICAgICAgICA8ZGl2IGlkPSJjY20taW50ZWxsaWdlbnQtc2VhcmNoLXJlc3VsdHMiPiAgICAgICAgICAgICAgICAgICAgICAgICAgICA8ZGl2IGNsYXNzPSJjY20taW50ZWxsaWdlbnQtc2VhcmNoLXJlc3VsdHMtbW9kdWxlIGNjbS1pbnRlbGxpZ2VudC1zZWFyY2gtcmVzdWx0cy1tb2R1bGUtb25zaXRlIj4gICAgICAgICAgICAgICAgPGgxPldvcmtmbG93PC9oMT4gICAgICAgICAgICAgICAgPHVsIGNsYXNzPSJjY20taW50ZWxsaWdlbnQtc2VhcmNoLXJlc3VsdHMtbGlzdCI+ICAgICAgICAgICAgICAgICAgICAgICAgICAgICAgICAgICAgICAgICAgICAgICAgICAgIDxsaT48YSBocmVmPSJodHRwOi8vdmFuaWxsYS5oaXZlLXRlbXBsYXRlLmxvY2FsLmZlMS5zdGcuaGFydmVzdGRwLmFuY2hvci5uZXQuYXUvaW5kZXgucGhwL2Rhc2hib2FyZC93b3JrZmxvdy93b3JrZmxvd3MiPldvcmtmbG93IExpc3Q8L2E+PHNwYW4+V29ya2Zsb3cgYWRkIHdvcmtmbG93LCByZW1vdmUgd29ya2Zsb3cgV29ya2Zsb3cgTGlzdCA8L3NwYW4+PC9saT4gICAgICAgICAgICAgICAgICAgICAgICAgICAgICAgICAgICAgICAgPGxpPjxhIGhyZWY9Imh0dHA6Ly92YW5pbGxhLmhpdmUtdGVtcGxhdGUubG9jYWwuZmUxLnN0Zy5oYXJ2ZXN0ZHAuYW5jaG9yLm5ldC5hdS9pbmRleC5waHAvZGFzaGJvYXJkL3dvcmtmbG93L21lIj5XYWl0aW5nIGZvciBNZTwvYT48c3Bhbj5Xb3JrZmxvdyBhZGQgd29ya2Zsb3csIHJlbW92ZSB3b3JrZmxvdyBXYWl0aW5nIGZvciBNZSA8L3NwYW4+PC9saT4gICAgICAgICAgICAgICAgICAgICAgICAgICAgICAgICAgICA8L3VsPiAgICAgICAgICAgICAgICA8L2Rpdj4gICAgICAgICAgICAgICAgICAgICAgICAgICAgICAgIDxkaXYgY2xhc3M9ImNjbS1pbnRlbGxpZ2VudC1zZWFyY2gtcmVzdWx0cy1tb2R1bGUgY2NtLWludGVsbGlnZW50LXNlYXJjaC1yZXN1bHRzLW1vZHVsZS1vbnNpdGUiPiAgICAgICAgICAgICAgICA8aDE+TW9kZXJhdGlvbjwvaDE+ICAgICAgICAgICAgICAgIDx1bCBjbGFzcz0iY2NtLWludGVsbGlnZW50LXNlYXJjaC1yZXN1bHRzLWxpc3QiPiAgICAgICAgICAgICAgICAgICAgICAgICAgICAgICAgICAgIDxsaT48YSBocmVmPSJodHRwOi8vdmFuaWxsYS5oaXZlLXRlbXBsYXRlLmxvY2FsLmZlMS5zdGcuaGFydmVzdGRwLmFuY2hvci5uZXQuYXUvaW5kZXgucGhwL2Rhc2hib2FyZC9tb2RlcmF0aW9uIj5Nb2RlcmF0aW9uPC9hPjxzcGFuPk1vZGVyYXRpb24gPC9zcGFuPjwvbGk+ICAgICAgICAgICAgICAgICAgICAgICAgICAgICAgICAgICAgICAgICAgICAgICAgICAgIDwvdWw+ICAgICAgICAgICAgICAgIDwvZGl2PiAgICAgICAgICAgICAgICAgICAgICAgICAgICAgICAgPGRpdiBjbGFzcz0iY2NtLWludGVsbGlnZW50LXNlYXJjaC1yZXN1bHRzLW1vZHVsZSBjY20taW50ZWxsaWdlbnQtc2VhcmNoLXJlc3VsdHMtbW9kdWxlLW9uc2l0ZSI+ICAgICAgICAgICAgICAgIDxoMT5Qcm9qZWN0czwvaDE+ICAgICAgICAgICAgICAgIDx1bCBjbGFzcz0iY2NtLWludGVsbGlnZW50LXNlYXJjaC1yZXN1bHRzLWxpc3QiPiAgICAgICAgICAgICAgICAgICAgICAgICAgICAgICAgICAgICAgICAgICAgICAgICAgICA8bGk+PGEgaHJlZj0iaHR0cDovL3ZhbmlsbGEuaGl2ZS10ZW1wbGF0ZS5sb2NhbC5mZTEuc3RnLmhhcnZlc3RkcC5hbmNob3IubmV0LmF1L2luZGV4LnBocC9kYXNoYm9hcmQvcHJvamVjdHMvbGF1bmNoIj5MYXVuY2ggTmV3IFByb2plY3Q8L2E+PHNwYW4+UHJvamVjdHMgIExhdW5jaCBOZXcgUHJvamVjdCA8L3NwYW4+PC9saT4gICAgICAgICAgICAgICAgICAgICAgICAgICAgICAgICAgICAgICAgPGxpPjxhIGhyZWY9Imh0dHA6Ly92YW5pbGxhLmhpdmUtdGVtcGxhdGUubG9jYWwuZmUxLnN0Zy5oYXJ2ZXN0ZHAuYW5jaG9yLm5ldC5hdS9pbmRleC5waHAvZGFzaGJvYXJkL3Byb2plY3RzL3NldHRpbmdzIj5Qcm9qZWN0IFNldHRpbmdzPC9hPjxzcGFuPlByb2plY3RzICBQcm9qZWN0IFNldHRpbmdzIDwvc3Bhbj48L2xpPiAgICAgICAgICAgICAgICAgICAgICAgICAgICAgICAgICAgIDwvdWw+ICAgICAgICAgICAgICAgIDwvZGl2PiAgICAgICAgICAgICAgICAgICAgICAgICAgICAgICAgPGRpdiBjbGFzcz0iY2NtLWludGVsbGlnZW50LXNlYXJjaC1yZXN1bHRzLW1vZHVsZSBjY20taW50ZWxsaWdlbnQtc2VhcmNoLXJlc3VsdHMtbW9kdWxlLW9uc2l0ZSI+ICAgICAgICAgICAgICAgIDxoMT5SZXBvcnRzPC9oMT4gICAgICAgICAgICAgICAgPHVsIGNsYXNzPSJjY20taW50ZWxsaWdlbnQtc2VhcmNoLXJlc3VsdHMtbGlzdCI+ICAgICAgICAgICAgICAgICAgICAgICAgICAgICAgICAgICAgICAgICAgICAgICAgICAgIDxsaT48YSBocmVmPSJodHRwOi8vdmFuaWxsYS5oaXZlLXRlbXBsYXRlLmxvY2FsLmZlMS5zdGcuaGFydmVzdGRwLmFuY2hvci5uZXQuYXUvaW5kZXgucGhwL2Rhc2hib2FyZC9yZXBvcnRzL2NvbnZlcnNhdGlvbnMiPkNvbnZlcnNhdGlvbnM8L2E+PHNwYW4+UmVwb3J0cyAgQ29udmVyc2F0aW9ucyBjb252ZXJzYXRpb24sIGRpc2N1c3Npb24sIGZvcnVtLCBndWVzdGJvb2s8L3NwYW4+PC9saT4gICAgICAgICAgICAgICAgICAgICAgICAgICAgICAgICAgICAgICAgPGxpPjxhIGhyZWY9Imh0dHA6Ly92YW5pbGxhLmhpdmUtdGVtcGxhdGUubG9jYWwuZmUxLnN0Zy5oYXJ2ZXN0ZHAuYW5jaG9yLm5ldC5hdS9pbmRleC5waHAvZGFzaGJvYXJkL3JlcG9ydHMvZm9ybXMiPkZvcm1zPC9hPjxzcGFuPlJlcG9ydHMgIEZvcm1zIGZvcm1zLCBxdWVzdGlvbnMsIHJlc3BvbnNlLCBkYXRhPC9zcGFuPjwvbGk+ICAgICAgICAgICAgICAgICAgICAgICAgICAgICAgICAgICAgICAgIDxsaT48YSBocmVmPSJodHRwOi8vdmFuaWxsYS5oaXZlLXRlbXBsYXRlLmxvY2FsLmZlMS5zdGcuaGFydmVzdGRwLmFuY2hvci5uZXQuYXUvaW5kZXgucGhwL2Rhc2hib2FyZC9yZXBvcnRzL3N1cnZleXMiPlBvbGxzPC9hPjxzcGFuPlJlcG9ydHMgIFBvbGxzIHF1ZXN0aW9ucywgcXVpeiwgcmVzcG9uc2U8L3NwYW4+PC9saT4gICAgICAgICAgICAgICAgICAgICAgICAgICAgICAgICAgICAgICAgPGxpPjxhIGhyZWY9Imh0dHA6Ly92YW5pbGxhLmhpdmUtdGVtcGxhdGUubG9jYWwuZmUxLnN0Zy5oYXJ2ZXN0ZHAuYW5jaG9yLm5ldC5hdS9pbmRleC5waHAvZGFzaGJvYXJkL3JlcG9ydHMvc3Vic2NyaXB0aW9ucyI+U3Vic2NyaXB0aW9uczwvYT48c3Bhbj5SZXBvcnRzICBTdWJzY3JpcHRpb25zIDwvc3Bhbj48L2xpPiAgICAgICAgICAgICAgICAgICAgICAgICAgICAgICAgICAgICAgICA8bGk+PGEgaHJlZj0iaHR0cDovL3ZhbmlsbGEuaGl2ZS10ZW1wbGF0ZS5sb2NhbC5mZTEuc3RnLmhhcnZlc3RkcC5hbmNob3IubmV0LmF1L2luZGV4LnBocC9kYXNoYm9hcmQvcmVwb3J0cy9zb2NpYWxfbWFwcyI+U29jaWFsIE1hcHBpbmc8L2E+PHNwYW4+UmVwb3J0cyAgU29jaWFsIE1hcHBpbmcgPC9zcGFuPjwvbGk+ICAgICAgICAgICAgICAgICAgICAgICAgICAgICAgICAgICAgICAgIDxsaT48YSBocmVmPSJodHRwOi8vdmFuaWxsYS5oaXZlLXRlbXBsYXRlLmxvY2FsLmZlMS5zdGcuaGFydmVzdGRwLmFuY2hvci5uZXQuYXUvaW5kZXgucGhwL2Rhc2hib2FyZC9yZXBvcnRzL3Zpc2lvbnMiPlZpc2lvbmluZzwvYT48c3Bhbj5SZXBvcnRzICBWaXNpb25pbmcgPC9zcGFuPjwvbGk+ICAgICAgICAgICAgICAgICAgICAgICAgICAgICAgICAgICAgICAgIDxsaT48YSBocmVmPSJodHRwOi8vdmFuaWxsYS5oaXZlLXRlbXBsYXRlLmxvY2FsLmZlMS5zdGcuaGFydmVzdGRwLmFuY2hvci5uZXQuYXUvaW5kZXgucGhwL2Rhc2hib2FyZC9yZXBvcnRzL2xvZ3MiPkxvZ3M8L2E+PHNwYW4+UmVwb3J0cyAgTG9ncyBmb3JtcywgbG9nLCBlcnJvciwgZW1haWwsIG15c3FsLCBleGNlcHRpb24sIHN1cnZleSwgaGlzdG9yeTwvc3Bhbj48L2xpPiAgICAgICAgICAgICAgICAgICAgICAgICAgICAgICAgICAgICAgICA8bGk+PGEgaHJlZj0iaHR0cDovL3ZhbmlsbGEuaGl2ZS10ZW1wbGF0ZS5sb2NhbC5mZTEuc3RnLmhhcnZlc3RkcC5hbmNob3IubmV0LmF1L2luZGV4LnBocC9kYXNoYm9hcmQvcmVwb3J0cy9vdmVydmlldyI+T3ZlcnZpZXc8L2E+PHNwYW4+UmVwb3J0cyAgT3ZlcnZpZXcgPC9zcGFuPjwvbGk+ICAgICAgICAgICAgICAgICAgICAgICAgICAgICAgICAgICAgICAgIDxsaT48YSBocmVmPSJodHRwOi8vdmFuaWxsYS5oaXZlLXRlbXBsYXRlLmxvY2FsLmZlMS5zdGcuaGFydmVzdGRwLmFuY2hvci5uZXQuYXUvaW5kZXgucGhwL2Rhc2hib2FyZC9yZXBvcnRzL2F1ZGllbmNlIj5BdWRpZW5jZTwvYT48c3Bhbj5SZXBvcnRzICBBdWRpZW5jZSA8L3NwYW4+PC9saT4gICAgICAgICAgICAgICAgICAgICAgICAgICAgICAgICAgICAgICAgPGxpPjxhIGhyZWY9Imh0dHA6Ly92YW5pbGxhLmhpdmUtdGVtcGxhdGUubG9jYWwuZmUxLnN0Zy5oYXJ2ZXN0ZHAuYW5jaG9yLm5ldC5hdS9pbmRleC5waHAvZGFzaGJvYXJkL3JlcG9ydHMvcmVzdWx0cyI+UmVzdWx0czwvYT48c3Bhbj5SZXBvcnRzICBSZXN1bHRzIDwvc3Bhbj48L2xpPiAgICAgICAgICAgICAgICAgICAgICAgICAgICAgICAgICAgICAgICA8bGk+PGEgaHJlZj0iaHR0cDovL3ZhbmlsbGEuaGl2ZS10ZW1wbGF0ZS5sb2NhbC5mZTEuc3RnLmhhcnZlc3RkcC5hbmNob3IubmV0LmF1L2luZGV4LnBocC9kYXNoYm9hcmQvcmVwb3J0cy9iZWhhdmlvdXIiPkJlaGF2aW91cjwvYT48c3Bhbj5SZXBvcnRzICBCZWhhdmlvdXIgPC9zcGFuPjwvbGk+ICAgICAgICAgICAgICAgICAgICAgICAgICAgICAgICAgICAgICAgIDxsaT48YSBocmVmPSJodHRwOi8vdmFuaWxsYS5oaXZlLXRlbXBsYXRlLmxvY2FsLmZlMS5zdGcuaGFydmVzdGRwLmFuY2hvci5uZXQuYXUvaW5kZXgucGhwL2Rhc2hib2FyZC9yZXBvcnRzL2FjcXVpc2l0aW9uIj5BY3F1aXNpdGlvbjwvYT48c3Bhbj5SZXBvcnRzICBBY3F1aXNpdGlvbiA8L3NwYW4+PC9saT4gICAgICAgICAgICAgICAgICAgICAgICAgICAgICAgICAgICA8L3VsPiAgICAgICAgICAgICAgICA8L2Rpdj4gICAgICAgICAgICAgICAgICAgICAgICAgICAgICAgIDxkaXYgY2xhc3M9ImNjbS1pbnRlbGxpZ2VudC1zZWFyY2gtcmVzdWx0cy1tb2R1bGUgY2NtLWludGVsbGlnZW50LXNlYXJjaC1yZXN1bHRzLW1vZHVsZS1vbnNpdGUiPiAgICAgICAgICAgICAgICA8aDE+QW5hbHl0aWNzPC9oMT4gICAgICAgICAgICAgICAgPHVsIGNsYXNzPSJjY20taW50ZWxsaWdlbnQtc2VhcmNoLXJlc3VsdHMtbGlzdCI+ICAgICAgICAgICAgICAgICAgICAgICAgICAgICAgICAgICAgICAgICAgICAgICAgICAgIDxsaT48YSBocmVmPSJodHRwOi8vdmFuaWxsYS5oaXZlLXRlbXBsYXRlLmxvY2FsLmZlMS5zdGcuaGFydmVzdGRwLmFuY2hvci5uZXQuYXUvaW5kZXgucGhwL2Rhc2hib2FyZC9hbmFseXRpY3Mvc2Vzc2lvbnMiPlNlc3Npb25zPC9hPjxzcGFuPkFuYWx5dGljcyBmb3JtcywgbG9nLCBlcnJvciwgZW1haWwsIG15c3FsLCBleGNlcHRpb24sIHN1cnZleSBTZXNzaW9ucyA8L3NwYW4+PC9saT4gICAgICAgICAgICAgICAgICAgICAgICAgICAgICAgICAgICAgICAgPGxpPjxhIGhyZWY9Imh0dHA6Ly92YW5pbGxhLmhpdmUtdGVtcGxhdGUubG9jYWwuZmUxLnN0Zy5oYXJ2ZXN0ZHAuYW5jaG9yLm5ldC5hdS9pbmRleC5waHAvZGFzaGJvYXJkL2FuYWx5dGljcy92aXNpdG9ycyI+VmlzaXRvcnM8L2E+PHNwYW4+QW5hbHl0aWNzIGZvcm1zLCBsb2csIGVycm9yLCBlbWFpbCwgbXlzcWwsIGV4Y2VwdGlvbiwgc3VydmV5IFZpc2l0b3JzIDwvc3Bhbj48L2xpPiAgICAgICAgICAgICAgICAgICAgICAgICAgICAgICAgICAgIDwvdWw+ICAgICAgICAgICAgICAgIDwvZGl2PiAgICAgICAgICAgICAgICAgICAgICAgICAgICAgICAgPGRpdiBjbGFzcz0iY2NtLWludGVsbGlnZW50LXNlYXJjaC1yZXN1bHRzLW1vZHVsZSBjY20taW50ZWxsaWdlbnQtc2VhcmNoLXJlc3VsdHMtbW9kdWxlLW9uc2l0ZSI+ICAgICAgICAgICAgICAgIDxoMT5GaWxlczwvaDE+ICAgICAgICAgICAgICAgIDx1bCBjbGFzcz0iY2NtLWludGVsbGlnZW50LXNlYXJjaC1yZXN1bHRzLWxpc3QiPiAgICAgICAgICAgICAgICAgICAgICAgICAgICAgICAgICAgICAgICAgICAgICAgICAgICA8bGk+PGEgaHJlZj0iaHR0cDovL3ZhbmlsbGEuaGl2ZS10ZW1wbGF0ZS5sb2NhbC5mZTEuc3RnLmhhcnZlc3RkcC5hbmNob3IubmV0LmF1L2luZGV4LnBocC9kYXNoYm9hcmQvZmlsZXMvc2VhcmNoIj5GaWxlIE1hbmFnZXI8L2E+PHNwYW4+RmlsZXMgIEZpbGUgTWFuYWdlciBhZGQgZmlsZSwgZGVsZXRlIGZpbGUsIGNvcHksIG1vdmUsIGFsaWFzLCByZXNpemUsIGNyb3AsIHJlbmFtZSwgaW1hZ2VzLCB0aXRsZSwgYXR0cmlidXRlPC9zcGFuPjwvbGk+ICAgICAgICAgICAgICAgICAgICAgICAgICAgICAgICAgICAgICAgIDxsaT48YSBocmVmPSJodHRwOi8vdmFuaWxsYS5oaXZlLXRlbXBsYXRlLmxvY2FsLmZlMS5zdGcuaGFydmVzdGRwLmFuY2hvci5uZXQuYXUvaW5kZXgucGhwL2Rhc2hib2FyZC9maWxlcy9hdHRyaWJ1dGVzIj5BdHRyaWJ1dGVzPC9hPjxzcGFuPkZpbGVzICBBdHRyaWJ1dGVzIGZpbGUsIGZpbGUgYXR0cmlidXRlcywgdGl0bGUsIGF0dHJpYnV0ZSwgZGVzY3JpcHRpb24sIHJlbmFtZTwvc3Bhbj48L2xpPiAgICAgICAgICAgICAgICAgICAgICAgICAgICAgICAgICAgICAgICA8bGk+PGEgaHJlZj0iaHR0cDovL3ZhbmlsbGEuaGl2ZS10ZW1wbGF0ZS5sb2NhbC5mZTEuc3RnLmhhcnZlc3RkcC5hbmNob3IubmV0LmF1L2luZGV4LnBocC9kYXNoYm9hcmQvZmlsZXMvc2V0cyI+RmlsZSBTZXRzPC9hPjxzcGFuPkZpbGVzICBGaWxlIFNldHMgZmlsZXMsIGNhdGVnb3J5LCBjYXRlZ29yaWVzPC9zcGFuPjwvbGk+ICAgICAgICAgICAgICAgICAgICAgICAgICAgICAgICAgICAgICAgIDxsaT48YSBocmVmPSJodHRwOi8vdmFuaWxsYS5oaXZlLXRlbXBsYXRlLmxvY2FsLmZlMS5zdGcuaGFydmVzdGRwLmFuY2hvci5uZXQuYXUvaW5kZXgucGhwL2Rhc2hib2FyZC9maWxlcy9hZGRfc2V0Ij5BZGQgRmlsZSBTZXQ8L2E+PHNwYW4+RmlsZXMgIEFkZCBGaWxlIFNldCBuZXcgZmlsZSBzZXQ8L3NwYW4+PC9saT4gICAgICAgICAgICAgICAgICAgICAgICAgICAgICAgICAgICA8L3VsPiAgICAgICAgICAgICAgICA8L2Rpdj4gICAgICAgICAgICAgICAgICAgICAgICAgICAgICAgIDxkaXYgY2xhc3M9ImNjbS1pbnRlbGxpZ2VudC1zZWFyY2gtcmVzdWx0cy1tb2R1bGUgY2NtLWludGVsbGlnZW50LXNlYXJjaC1yZXN1bHRzLW1vZHVsZS1vbnNpdGUiPiAgICAgICAgICAgICAgICA8aDE+TWVtYmVyczwvaDE+ICAgICAgICAgICAgICAgIDx1bCBjbGFzcz0iY2NtLWludGVsbGlnZW50LXNlYXJjaC1yZXN1bHRzLWxpc3QiPiAgICAgICAgICAgICAgICAgICAgICAgICAgICAgICAgICAgICAgICAgICAgICAgICAgICA8bGk+PGEgaHJlZj0iaHR0cDovL3ZhbmlsbGEuaGl2ZS10ZW1wbGF0ZS5sb2NhbC5mZTEuc3RnLmhhcnZlc3RkcC5hbmNob3IubmV0LmF1L2luZGV4LnBocC9kYXNoYm9hcmQvdXNlcnMvY29tbXVuaXR5Ij5Db21tdW5pdHkgTWVtYmVyczwvYT48c3Bhbj5NZW1iZXJzIHVzZXJzLCBncm91cHMsIHBlb3BsZSwgZmluZCwgZGVsZXRlIHVzZXIsIHJlbW92ZSB1c2VyLCBjaGFuZ2UgcGFzc3dvcmQsIHBhc3N3b3JkIENvbW11bml0eSBNZW1iZXJzIDwvc3Bhbj48L2xpPiAgICAgICAgICAgICAgICAgICAgICAgICAgICAgICAgICAgICAgICA8bGk+PGEgaHJlZj0iaHR0cDovL3ZhbmlsbGEuaGl2ZS10ZW1wbGF0ZS5sb2NhbC5mZTEuc3RnLmhhcnZlc3RkcC5hbmNob3IubmV0LmF1L2luZGV4LnBocC9kYXNoYm9hcmQvdXNlcnMvc2l0ZSI+U2l0ZSBVc2VyczwvYT48c3Bhbj5NZW1iZXJzIHVzZXJzLCBncm91cHMsIHBlb3BsZSwgZmluZCwgZGVsZXRlIHVzZXIsIHJlbW92ZSB1c2VyLCBjaGFuZ2UgcGFzc3dvcmQsIHBhc3N3b3JkIFNpdGUgVXNlcnMgPC9zcGFuPjwvbGk+ICAgICAgICAgICAgICAgICAgICAgICAgICAgICAgICAgICAgICAgIDxsaT48YSBocmVmPSJodHRwOi8vdmFuaWxsYS5oaXZlLXRlbXBsYXRlLmxvY2FsLmZlMS5zdGcuaGFydmVzdGRwLmFuY2hvci5uZXQuYXUvaW5kZXgucGhwL2Rhc2hib2FyZC91c2Vycy9pbnRlcm5hbCI+SW50ZXJuYWwgVXNlcnM8L2E+PHNwYW4+TWVtYmVycyB1c2VycywgZ3JvdXBzLCBwZW9wbGUsIGZpbmQsIGRlbGV0ZSB1c2VyLCByZW1vdmUgdXNlciwgY2hhbmdlIHBhc3N3b3JkLCBwYXNzd29yZCBJbnRlcm5hbCBVc2VycyA8L3NwYW4+PC9saT4gICAgICAgICAgICAgICAgICAgICAgICAgICAgICAgICAgICAgICAgPGxpPjxhIGhyZWY9Imh0dHA6Ly92YW5pbGxhLmhpdmUtdGVtcGxhdGUubG9jYWwuZmUxLnN0Zy5oYXJ2ZXN0ZHAuYW5jaG9yLm5ldC5hdS9pbmRleC5waHAvZGFzaGJvYXJkL3VzZXJzL3NlYXJjaCI+QWxsIFVzZXJzPC9hPjxzcGFuPk1lbWJlcnMgdXNlcnMsIGdyb3VwcywgcGVvcGxlLCBmaW5kLCBkZWxldGUgdXNlciwgcmVtb3ZlIHVzZXIsIGNoYW5nZSBwYXNzd29yZCwgcGFzc3dvcmQgQWxsIFVzZXJzIGZpbmQsIHNlYXJjaCwgcGVvcGxlLCBkZWxldGUgdXNlciwgcmVtb3ZlIHVzZXIsIGNoYW5nZSBwYXNzd29yZCwgcGFzc3dvcmQ8L3NwYW4+PC9saT4gICAgICAgICAgICAgICAgICAgICAgICAgICAgICAgICAgICAgICAgPGxpPjxhIGhyZWY9Imh0dHA6Ly92YW5pbGxhLmhpdmUtdGVtcGxhdGUubG9jYWwuZmUxLnN0Zy5oYXJ2ZXN0ZHAuYW5jaG9yLm5ldC5hdS9pbmRleC5waHAvZGFzaGJvYXJkL3VzZXJzL2dyb3VwcyI+VXNlciBHcm91cHM8L2E+PHNwYW4+TWVtYmVycyB1c2VycywgZ3JvdXBzLCBwZW9wbGUsIGZpbmQsIGRlbGV0ZSB1c2VyLCByZW1vdmUgdXNlciwgY2hhbmdlIHBhc3N3b3JkLCBwYXNzd29yZCBVc2VyIEdyb3VwcyB1c2VyLCBncm91cCwgcGVvcGxlLCBwZXJtaXNzaW9ucywgZXhwaXJlLCBiYWRnZXM8L3NwYW4+PC9saT4gICAgICAgICAgICAgICAgICAgICAgICAgICAgICAgICAgICAgICAgPGxpPjxhIGhyZWY9Imh0dHA6Ly92YW5pbGxhLmhpdmUtdGVtcGxhdGUubG9jYWwuZmUxLnN0Zy5oYXJ2ZXN0ZHAuYW5jaG9yLm5ldC5hdS9pbmRleC5waHAvZGFzaGJvYXJkL3VzZXJzL2F0dHJpYnV0ZXMiPkF0dHJpYnV0ZXM8L2E+PHNwYW4+TWVtYmVycyB1c2VycywgZ3JvdXBzLCBwZW9wbGUsIGZpbmQsIGRlbGV0ZSB1c2VyLCByZW1vdmUgdXNlciwgY2hhbmdlIHBhc3N3b3JkLCBwYXNzd29yZCBBdHRyaWJ1dGVzIHVzZXIgYXR0cmlidXRlcywgdXNlciBkYXRhLCBnYXRoZXIgZGF0YSwgcmVnaXN0cmF0aW9uIGRhdGE8L3NwYW4+PC9saT4gICAgICAgICAgICAgICAgICAgICAgICAgICAgICAgICAgICAgICAgPGxpPjxhIGhyZWY9Imh0dHA6Ly92YW5pbGxhLmhpdmUtdGVtcGxhdGUubG9jYWwuZmUxLnN0Zy5oYXJ2ZXN0ZHAuYW5jaG9yLm5ldC5hdS9pbmRleC5waHAvZGFzaGJvYXJkL3VzZXJzL2FkZCI+QWRkIFVzZXI8L2E+PHNwYW4+TWVtYmVycyB1c2VycywgZ3JvdXBzLCBwZW9wbGUsIGZpbmQsIGRlbGV0ZSB1c2VyLCByZW1vdmUgdXNlciwgY2hhbmdlIHBhc3N3b3JkLCBwYXNzd29yZCBBZGQgVXNlciBuZXcgdXNlciwgY3JlYXRlPC9zcGFuPjwvbGk+ICAgICAgICAgICAgICAgICAgICAgICAgICAgICAgICAgICAgICAgIDxsaT48YSBocmVmPSJodHRwOi8vdmFuaWxsYS5oaXZlLXRlbXBsYXRlLmxvY2FsLmZlMS5zdGcuaGFydmVzdGRwLmFuY2hvci5uZXQuYXUvaW5kZXgucGhwL2Rhc2hib2FyZC91c2Vycy9hZGRfZ3JvdXAiPkFkZCBHcm91cDwvYT48c3Bhbj5NZW1iZXJzIHVzZXJzLCBncm91cHMsIHBlb3BsZSwgZmluZCwgZGVsZXRlIHVzZXIsIHJlbW92ZSB1c2VyLCBjaGFuZ2UgcGFzc3dvcmQsIHBhc3N3b3JkIEFkZCBHcm91cCBuZXcgdXNlciBncm91cCwgbmV3IGdyb3VwLCBncm91cCwgY3JlYXRlPC9zcGFuPjwvbGk+ICAgICAgICAgICAgICAgICAgICAgICAgICAgICAgICAgICAgICAgIDxsaT48YSBocmVmPSJodHRwOi8vdmFuaWxsYS5oaXZlLXRlbXBsYXRlLmxvY2FsLmZlMS5zdGcuaGFydmVzdGRwLmFuY2hvci5uZXQuYXUvaW5kZXgucGhwL2Rhc2hib2FyZC91c2Vycy9ncm91cF9zZXRzIj5Hcm91cCBTZXRzPC9hPjxzcGFuPk1lbWJlcnMgdXNlcnMsIGdyb3VwcywgcGVvcGxlLCBmaW5kLCBkZWxldGUgdXNlciwgcmVtb3ZlIHVzZXIsIGNoYW5nZSBwYXNzd29yZCwgcGFzc3dvcmQgR3JvdXAgU2V0cyBncm91cCBzZXQ8L3NwYW4+PC9saT4gICAgICAgICAgICAgICAgICAgICAgICAgICAgICAgICAgICAgICAgPGxpPjxhIGhyZWY9Imh0dHA6Ly92YW5pbGxhLmhpdmUtdGVtcGxhdGUubG9jYWwuZmUxLnN0Zy5oYXJ2ZXN0ZHAuYW5jaG9yLm5ldC5hdS9pbmRleC5waHAvZGFzaGJvYXJkL3VzZXJzL3BvaW50cyI+Q29tbXVuaXR5IFBvaW50czwvYT48c3Bhbj5NZW1iZXJzIHVzZXJzLCBncm91cHMsIHBlb3BsZSwgZmluZCwgZGVsZXRlIHVzZXIsIHJlbW92ZSB1c2VyLCBjaGFuZ2UgcGFzc3dvcmQsIHBhc3N3b3JkIENvbW11bml0eSBQb2ludHMgY29tbXVuaXR5LCBwb2ludHMsIGthcm1hPC9zcGFuPjwvbGk+ICAgICAgICAgICAgICAgICAgICAgICAgICAgICAgICAgICAgPC91bD4gICAgICAgICAgICAgICAgPC9kaXY+ICAgICAgICAgICAgICAgICAgICAgICAgICAgICAgICA8ZGl2IGNsYXNzPSJjY20taW50ZWxsaWdlbnQtc2VhcmNoLXJlc3VsdHMtbW9kdWxlIGNjbS1pbnRlbGxpZ2VudC1zZWFyY2gtcmVzdWx0cy1tb2R1bGUtb25zaXRlIj4gICAgICAgICAgICAgICAgPGgxPlNpdGVtYXA8L2gxPiAgICAgICAgICAgICAgICA8dWwgY2xhc3M9ImNjbS1pbnRlbGxpZ2VudC1zZWFyY2gtcmVzdWx0cy1saXN0Ij4gICAgICAgICAgICAgICAgICAgICAgICAgICAgICAgICAgICAgICAgICAgICAgICAgICAgPGxpPjxhIGhyZWY9Imh0dHA6Ly92YW5pbGxhLmhpdmUtdGVtcGxhdGUubG9jYWwuZmUxLnN0Zy5oYXJ2ZXN0ZHAuYW5jaG9yLm5ldC5hdS9pbmRleC5waHAvZGFzaGJvYXJkL3NpdGVtYXAvZnVsbCI+RnVsbCBTaXRlbWFwPC9hPjxzcGFuPlNpdGVtYXAgcGFnZXMsIGFkZCBwYWdlLCBkZWxldGUgcGFnZSwgY29weSwgbW92ZSwgYWxpYXMgRnVsbCBTaXRlbWFwIHBhZ2VzLCBhZGQgcGFnZSwgZGVsZXRlIHBhZ2UsIGNvcHksIG1vdmUsIGFsaWFzPC9zcGFuPjwvbGk+ICAgICAgICAgICAgICAgICAgICAgICAgICAgICAgICAgICAgICAgIDxsaT48YSBocmVmPSJodHRwOi8vdmFuaWxsYS5oaXZlLXRlbXBsYXRlLmxvY2FsLmZlMS5zdGcuaGFydmVzdGRwLmFuY2hvci5uZXQuYXUvaW5kZXgucGhwL2Rhc2hib2FyZC9zaXRlbWFwL2V4cGxvcmUiPkZsYXQgVmlldzwvYT48c3Bhbj5TaXRlbWFwIHBhZ2VzLCBhZGQgcGFnZSwgZGVsZXRlIHBhZ2UsIGNvcHksIG1vdmUsIGFsaWFzIEZsYXQgVmlldyBwYWdlcywgYWRkIHBhZ2UsIGRlbGV0ZSBwYWdlLCBjb3B5LCBtb3ZlLCBhbGlhcywgYnVsazwvc3Bhbj48L2xpPiAgICAgICAgICAgICAgICAgICAgICAgICAgICAgICAgICAgICAgICA8bGk+PGEgaHJlZj0iaHR0cDovL3ZhbmlsbGEuaGl2ZS10ZW1wbGF0ZS5sb2NhbC5mZTEuc3RnLmhhcnZlc3RkcC5hbmNob3IubmV0LmF1L2luZGV4LnBocC9kYXNoYm9hcmQvc2l0ZW1hcC9zZWFyY2giPlBhZ2UgU2VhcmNoPC9hPjxzcGFuPlNpdGVtYXAgcGFnZXMsIGFkZCBwYWdlLCBkZWxldGUgcGFnZSwgY29weSwgbW92ZSwgYWxpYXMgUGFnZSBTZWFyY2ggZmluZCBwYWdlLCBzZWFyY2ggcGFnZSwgc2VhcmNoLCBmaW5kLCBwYWdlcywgc2l0ZW1hcDwvc3Bhbj48L2xpPiAgICAgICAgICAgICAgICAgICAgICAgICAgICAgICAgICAgIDwvdWw+ICAgICAgICAgICAgICAgIDwvZGl2PiAgICAgICAgICAgICAgICAgICAgICAgICAgICAgICAgPGRpdiBjbGFzcz0iY2NtLWludGVsbGlnZW50LXNlYXJjaC1yZXN1bHRzLW1vZHVsZSBjY20taW50ZWxsaWdlbnQtc2VhcmNoLXJlc3VsdHMtbW9kdWxlLW9uc2l0ZSI+ICAgICAgICAgICAgICAgIDxoMT5QYWdlcyAmIFRoZW1lczwvaDE+ICAgICAgICAgICAgICAgIDx1bCBjbGFzcz0iY2NtLWludGVsbGlnZW50LXNlYXJjaC1yZXN1bHRzLWxpc3QiPiAgICAgICAgICAgICAgICAgICAgICAgICAgICAgICAgICAgICAgICAgICAgICAgICAgICA8bGk+PGEgaHJlZj0iaHR0cDovL3ZhbmlsbGEuaGl2ZS10ZW1wbGF0ZS5sb2NhbC5mZTEuc3RnLmhhcnZlc3RkcC5hbmNob3IubmV0LmF1L2luZGV4LnBocC9kYXNoYm9hcmQvcGFnZXMvdGhlbWVzIj5UaGVtZXM8L2E+PHNwYW4+UGFnZXMgJiBUaGVtZXMgIFRoZW1lcyBuZXcgdGhlbWUsIHRoZW1lLCBhY3RpdmUgdGhlbWUsIGNoYW5nZSB0aGVtZSwgdGVtcGxhdGUsIGNzczwvc3Bhbj48L2xpPiAgICAgICAgICAgICAgICAgICAgICAgICAgICAgICAgICAgICAgICA8bGk+PGEgaHJlZj0iaHR0cDovL3ZhbmlsbGEuaGl2ZS10ZW1wbGF0ZS5sb2NhbC5mZTEuc3RnLmhhcnZlc3RkcC5hbmNob3IubmV0LmF1L2luZGV4LnBocC9kYXNoYm9hcmQvcGFnZXMvdHlwZXMiPlBhZ2UgVHlwZXM8L2E+PHNwYW4+UGFnZXMgJiBUaGVtZXMgIFBhZ2UgVHlwZXMgPC9zcGFuPjwvbGk+ICAgICAgICAgICAgICAgICAgICAgICAgICAgICAgICAgICAgICAgIDxsaT48YSBocmVmPSJodHRwOi8vdmFuaWxsYS5oaXZlLXRlbXBsYXRlLmxvY2FsLmZlMS5zdGcuaGFydmVzdGRwLmFuY2hvci5uZXQuYXUvaW5kZXgucGhwL2Rhc2hib2FyZC9wYWdlcy90ZW1wbGF0ZXMiPlBhZ2UgVGVtcGxhdGVzPC9hPjxzcGFuPlBhZ2VzICYgVGhlbWVzICBQYWdlIFRlbXBsYXRlcyA8L3NwYW4+PC9saT4gICAgICAgICAgICAgICAgICAgICAgICAgICAgICAgICAgICAgICAgPGxpPjxhIGhyZWY9Imh0dHA6Ly92YW5pbGxhLmhpdmUtdGVtcGxhdGUubG9jYWwuZmUxLnN0Zy5oYXJ2ZXN0ZHAuYW5jaG9yLm5ldC5hdS9pbmRleC5waHAvZGFzaGJvYXJkL3BhZ2VzL2F0dHJpYnV0ZXMiPkF0dHJpYnV0ZXM8L2E+PHNwYW4+UGFnZXMgJiBUaGVtZXMgIEF0dHJpYnV0ZXMgcGFnZSBhdHRyaWJ1dGVzLCBjdXN0b208L3NwYW4+PC9saT4gICAgICAgICAgICAgICAgICAgICAgICAgICAgICAgICAgICAgICAgPGxpPjxhIGhyZWY9Imh0dHA6Ly92YW5pbGxhLmhpdmUtdGVtcGxhdGUubG9jYWwuZmUxLnN0Zy5oYXJ2ZXN0ZHAuYW5jaG9yLm5ldC5hdS9pbmRleC5waHAvZGFzaGJvYXJkL3BhZ2VzL3NpbmdsZSI+U2luZ2xlIFBhZ2VzPC9hPjxzcGFuPlBhZ2VzICYgVGhlbWVzICBTaW5nbGUgUGFnZXMgc2luZ2xlLCBwYWdlLCBjdXN0b20sIGFwcGxpY2F0aW9uPC9zcGFuPjwvbGk+ICAgICAgICAgICAgICAgICAgICAgICAgICAgICAgICAgICAgICAgIDxsaT48YSBocmVmPSJodHRwOi8vdmFuaWxsYS5oaXZlLXRlbXBsYXRlLmxvY2FsLmZlMS5zdGcuaGFydmVzdGRwLmFuY2hvci5uZXQuYXUvaW5kZXgucGhwL2Rhc2hib2FyZC9wYWdlcy9mZWVkcyI+UlNTIEZlZWRzPC9hPjxzcGFuPlBhZ2VzICYgVGhlbWVzICBSU1MgRmVlZHMgYXRvbSwgcnNzLCBmZWVkLCBzeW5kaWNhdGlvbjwvc3Bhbj48L2xpPiAgICAgICAgICAgICAgICAgICAgICAgICAgICAgICAgICAgIDwvdWw+ICAgICAgICAgICAgICAgIDwvZGl2PiAgICAgICAgICAgICAgICAgICAgICAgICAgICAgICAgPGRpdiBjbGFzcz0iY2NtLWludGVsbGlnZW50LXNlYXJjaC1yZXN1bHRzLW1vZHVsZSBjY20taW50ZWxsaWdlbnQtc2VhcmNoLXJlc3VsdHMtbW9kdWxlLW9uc2l0ZSI+ICAgICAgICAgICAgICAgIDxoMT5Db252ZXJzYXRpb25zPC9oMT4gICAgICAgICAgICAgICAgPHVsIGNsYXNzPSJjY20taW50ZWxsaWdlbnQtc2VhcmNoLXJlc3VsdHMtbGlzdCI+ICAgICAgICAgICAgICAgICAgICAgICAgICAgICAgICAgICAgICAgICAgICAgICAgICAgIDxsaT48YSBocmVmPSJodHRwOi8vdmFuaWxsYS5oaXZlLXRlbXBsYXRlLmxvY2FsLmZlMS5zdGcuaGFydmVzdGRwLmFuY2hvci5uZXQuYXUvaW5kZXgucGhwL2Rhc2hib2FyZC9jb252ZXJzYXRpb25zL21lc3NhZ2VzIj5NZXNzYWdlczwvYT48c3Bhbj5Db252ZXJzYXRpb25zICBNZXNzYWdlcyA8L3NwYW4+PC9saT4gICAgICAgICAgICAgICAgICAgICAgICAgICAgICAgICAgICA8L3VsPiAgICAgICAgICAgICAgICA8L2Rpdj4gICAgICAgICAgICAgICAgICAgICAgICAgICAgICAgIDxkaXYgY2xhc3M9ImNjbS1pbnRlbGxpZ2VudC1zZWFyY2gtcmVzdWx0cy1tb2R1bGUgY2NtLWludGVsbGlnZW50LXNlYXJjaC1yZXN1bHRzLW1vZHVsZS1vbnNpdGUiPiAgICAgICAgICAgICAgICA8aDE+U3RhY2tzICYgQmxvY2tzPC9oMT4gICAgICAgICAgICAgICAgPHVsIGNsYXNzPSJjY20taW50ZWxsaWdlbnQtc2VhcmNoLXJlc3VsdHMtbGlzdCI+ICAgICAgICAgICAgICAgICAgICAgICAgICAgICAgICAgICAgICAgICAgICAgICAgICAgIDxsaT48YSBocmVmPSJodHRwOi8vdmFuaWxsYS5oaXZlLXRlbXBsYXRlLmxvY2FsLmZlMS5zdGcuaGFydmVzdGRwLmFuY2hvci5uZXQuYXUvaW5kZXgucGhwL2Rhc2hib2FyZC9ibG9ja3Mvc3RhY2tzIj5TdGFja3M8L2E+PHNwYW4+U3RhY2tzICYgQmxvY2tzICBTdGFja3Mgc3RhY2tzLCByZXVzYWJsZSBjb250ZW50LCBzY3JhcGJvb2ssIGNvcHksIHBhc3RlLCBwYXN0ZSBibG9jaywgY29weSBibG9jaywgc2l0ZSBuYW1lLCBsb2dvPC9zcGFuPjwvbGk+ICAgICAgICAgICAgICAgICAgICAgICAgICAgICAgICAgICAgICAgIDxsaT48YSBocmVmPSJodHRwOi8vdmFuaWxsYS5oaXZlLXRlbXBsYXRlLmxvY2FsLmZlMS5zdGcuaGFydmVzdGRwLmFuY2hvci5uZXQuYXUvaW5kZXgucGhwL2Rhc2hib2FyZC9ibG9ja3MvcGVybWlzc2lvbnMiPkJsb2NrICYgU3RhY2sgUGVybWlzc2lvbnM8L2E+PHNwYW4+U3RhY2tzICYgQmxvY2tzICBCbG9jayAmIFN0YWNrIFBlcm1pc3Npb25zIDwvc3Bhbj48L2xpPiAgICAgICAgICAgICAgICAgICAgICAgICAgICAgICAgICAgICAgICA8bGk+PGEgaHJlZj0iaHR0cDovL3ZhbmlsbGEuaGl2ZS10ZW1wbGF0ZS5sb2NhbC5mZTEuc3RnLmhhcnZlc3RkcC5hbmNob3IubmV0LmF1L2luZGV4LnBocC9kYXNoYm9hcmQvYmxvY2tzL3R5cGVzIj5CbG9jayBUeXBlczwvYT48c3Bhbj5TdGFja3MgJiBCbG9ja3MgIEJsb2NrIFR5cGVzIGJsb2NrLCByZWZyZXNoLCBjdXN0b208L3NwYW4+PC9saT4gICAgICAgICAgICAgICAgICAgICAgICAgICAgICAgICAgICA8L3VsPiAgICAgICAgICAgICAgICA8L2Rpdj4gICAgICAgICAgICAgICAgICAgICAgICAgICAgICAgIDxkaXYgY2xhc3M9ImNjbS1pbnRlbGxpZ2VudC1zZWFyY2gtcmVzdWx0cy1tb2R1bGUgY2NtLWludGVsbGlnZW50LXNlYXJjaC1yZXN1bHRzLW1vZHVsZS1vbnNpdGUiPiAgICAgICAgICAgICAgICA8aDE+RXh0ZW5kIFRoZSBIaXZlPC9oMT4gICAgICAgICAgICAgICAgPHVsIGNsYXNzPSJjY20taW50ZWxsaWdlbnQtc2VhcmNoLXJlc3VsdHMtbGlzdCI+ICAgICAgICAgICAgICAgICAgICAgICAgICAgICAgICAgICAgICAgICAgICAgICAgICAgIDxsaT48YSBocmVmPSJodHRwOi8vdmFuaWxsYS5oaXZlLXRlbXBsYXRlLmxvY2FsLmZlMS5zdGcuaGFydmVzdGRwLmFuY2hvci5uZXQuYXUvaW5kZXgucGhwL2Rhc2hib2FyZC9leHRlbmQvaW5zdGFsbCI+QWRkIEZ1bmN0aW9uYWxpdHk8L2E+PHNwYW4+RXh0ZW5kIFRoZSBIaXZlIGFkZC1vbiwgYWRkb24sIGFkZCBvbiwgcGFja2FnZSwgYXBwLCBlY29tbWVyY2UsIGRpc2N1c3Npb25zLCBmb3J1bXMsIHRoZW1lcywgdGVtcGxhdGVzLCBibG9ja3MgQWRkIEZ1bmN0aW9uYWxpdHkgYWRkLW9uLCBhZGRvbiwgZWNvbW1lcmNlLCBpbnN0YWxsLCBkaXNjdXNzaW9ucywgZm9ydW1zLCB0aGVtZXMsIHRlbXBsYXRlcywgYmxvY2tzPC9zcGFuPjwvbGk+ICAgICAgICAgICAgICAgICAgICAgICAgICAgICAgICAgICAgICAgIDxsaT48YSBocmVmPSJodHRwOi8vdmFuaWxsYS5oaXZlLXRlbXBsYXRlLmxvY2FsLmZlMS5zdGcuaGFydmVzdGRwLmFuY2hvci5uZXQuYXUvaW5kZXgucGhwL2Rhc2hib2FyZC9leHRlbmQvdXBkYXRlIj5VcGRhdGUgQWRkLU9uczwvYT48c3Bhbj5FeHRlbmQgVGhlIEhpdmUgYWRkLW9uLCBhZGRvbiwgYWRkIG9uLCBwYWNrYWdlLCBhcHAsIGVjb21tZXJjZSwgZGlzY3Vzc2lvbnMsIGZvcnVtcywgdGhlbWVzLCB0ZW1wbGF0ZXMsIGJsb2NrcyBVcGRhdGUgQWRkLU9ucyB1cGRhdGUsIHVwZ3JhZGU8L3NwYW4+PC9saT4gICAgICAgICAgICAgICAgICAgICAgICAgICAgICAgICAgICAgICAgPGxpPjxhIGhyZWY9Imh0dHA6Ly92YW5pbGxhLmhpdmUtdGVtcGxhdGUubG9jYWwuZmUxLnN0Zy5oYXJ2ZXN0ZHAuYW5jaG9yLm5ldC5hdS9pbmRleC5waHAvZGFzaGJvYXJkL2V4dGVuZC9jb25uZWN0Ij5Db25uZWN0IHRvIHRoZSBDb21tdW5pdHk8L2E+PHNwYW4+RXh0ZW5kIFRoZSBIaXZlIGFkZC1vbiwgYWRkb24sIGFkZCBvbiwgcGFja2FnZSwgYXBwLCBlY29tbWVyY2UsIGRpc2N1c3Npb25zLCBmb3J1bXMsIHRoZW1lcywgdGVtcGxhdGVzLCBibG9ja3MgQ29ubmVjdCB0byB0aGUgQ29tbXVuaXR5IGNvbmNyZXRlNS5vcmcsIG15IGFjY291bnQsIG1hcmtldHBsYWNlPC9zcGFuPjwvbGk+ICAgICAgICAgICAgICAgICAgICAgICAgICAgICAgICAgICAgICAgIDxsaT48YSBocmVmPSJodHRwOi8vdmFuaWxsYS5oaXZlLXRlbXBsYXRlLmxvY2FsLmZlMS5zdGcuaGFydmVzdGRwLmFuY2hvci5uZXQuYXUvaW5kZXgucGhwL2Rhc2hib2FyZC9leHRlbmQvdGhlbWVzIj5HZXQgTW9yZSBUaGVtZXM8L2E+PHNwYW4+RXh0ZW5kIFRoZSBIaXZlIGFkZC1vbiwgYWRkb24sIGFkZCBvbiwgcGFja2FnZSwgYXBwLCBlY29tbWVyY2UsIGRpc2N1c3Npb25zLCBmb3J1bXMsIHRoZW1lcywgdGVtcGxhdGVzLCBibG9ja3MgR2V0IE1vcmUgVGhlbWVzIGJ1eSB0aGVtZSwgbmV3IHRoZW1lLCBtYXJrZXRwbGFjZSwgdGVtcGxhdGU8L3NwYW4+PC9saT4gICAgICAgICAgICAgICAgICAgICAgICAgICAgICAgICAgICAgICAgPGxpPjxhIGhyZWY9Imh0dHA6Ly92YW5pbGxhLmhpdmUtdGVtcGxhdGUubG9jYWwuZmUxLnN0Zy5oYXJ2ZXN0ZHAuYW5jaG9yLm5ldC5hdS9pbmRleC5waHAvZGFzaGJvYXJkL2V4dGVuZC9hZGRvbnMiPkdldCBNb3JlIEFkZC1PbnM8L2E+PHNwYW4+RXh0ZW5kIFRoZSBIaXZlIGFkZC1vbiwgYWRkb24sIGFkZCBvbiwgcGFja2FnZSwgYXBwLCBlY29tbWVyY2UsIGRpc2N1c3Npb25zLCBmb3J1bXMsIHRoZW1lcywgdGVtcGxhdGVzLCBibG9ja3MgR2V0IE1vcmUgQWRkLU9ucyBidXkgYWRkb24sIGJ1eSBhZGQgb24sIGJ1eSBhZGQtb24sIHB1cmNoYXNlIGFkZG9uLCBwdXJjaGFzZSBhZGQgb24sIHB1cmNoYXNlIGFkZC1vbiwgZmluZCBhZGRvbiwgbmV3IGFkZG9uLCBtYXJrZXRwbGFjZTwvc3Bhbj48L2xpPiAgICAgICAgICAgICAgICAgICAgICAgICAgICAgICAgICAgIDwvdWw+ICAgICAgICAgICAgICAgIDwvZGl2PiAgICAgICAgICAgICAgICAgICAgICAgICAgICAgICAgPGRpdiBjbGFzcz0iY2NtLWludGVsbGlnZW50LXNlYXJjaC1yZXN1bHRzLW1vZHVsZSBjY20taW50ZWxsaWdlbnQtc2VhcmNoLXJlc3VsdHMtbW9kdWxlLW9uc2l0ZSI+ICAgICAgICAgICAgICAgIDxoMT5EYXNoYm9hcmQ8L2gxPiAgICAgICAgICAgICAgICA8dWwgY2xhc3M9ImNjbS1pbnRlbGxpZ2VudC1zZWFyY2gtcmVzdWx0cy1saXN0Ij4gICAgICAgICAgICAgICAgICAgICAgICAgICAgICAgICAgICA8bGk+PGEgaHJlZj0iaHR0cDovL3ZhbmlsbGEuaGl2ZS10ZW1wbGF0ZS5sb2NhbC5mZTEuc3RnLmhhcnZlc3RkcC5hbmNob3IubmV0LmF1L2luZGV4LnBocC9kYXNoYm9hcmQvbmV3cyI+RGFzaGJvYXJkPC9hPjxzcGFuPkRhc2hib2FyZCA8L3NwYW4+PC9saT4gICAgICAgICAgICAgICAgICAgICAgICAgICAgICAgICAgICAgICAgICAgICAgICAgICAgPC91bD4gICAgICAgICAgICAgICAgPC9kaXY+ICAgICAgICAgICAgICAgICAgICAgICAgICAgICAgICA8ZGl2IGNsYXNzPSJjY20taW50ZWxsaWdlbnQtc2VhcmNoLXJlc3VsdHMtbW9kdWxlIGNjbS1pbnRlbGxpZ2VudC1zZWFyY2gtcmVzdWx0cy1tb2R1bGUtb25zaXRlIj4gICAgICAgICAgICAgICAgPGgxPlN5c3RlbSAmIFNldHRpbmdzPC9oMT4gICAgICAgICAgICAgICAgPHVsIGNsYXNzPSJjY20taW50ZWxsaWdlbnQtc2VhcmNoLXJlc3VsdHMtbGlzdCI+ICAgICAgICAgICAgICAgICAgICAgICAgICAgICAgICAgICAgICAgICAgICAgICAgICAgIDxsaT48YSBocmVmPSJodHRwOi8vdmFuaWxsYS5oaXZlLXRlbXBsYXRlLmxvY2FsLmZlMS5zdGcuaGFydmVzdGRwLmFuY2hvci5uZXQuYXUvaW5kZXgucGhwL2Rhc2hib2FyZC9zeXN0ZW0iPlZpZXcgQWxsPC9hPjxzcGFuPlN5c3RlbSAmIFNldHRpbmdzIGRhc2hib2FyZCwgY29uZmlndXJhdGlvbjwvc3Bhbj48L2xpPiAgICAgICAgICAgICAgICAgICAgICAgICAgICAgICAgICAgICAgICA8bGk+PGEgaHJlZj0iaHR0cDovL3ZhbmlsbGEuaGl2ZS10ZW1wbGF0ZS5sb2NhbC5mZTEuc3RnLmhhcnZlc3RkcC5hbmNob3IubmV0LmF1L2luZGV4LnBocC9kYXNoYm9hcmQvc3lzdGVtL2Jhc2ljcyI+QmFzaWNzPC9hPjxzcGFuPkJhc2ljcyA8L3NwYW4+PC9saT4gICAgICAgICAgICAgICAgICAgICAgICAgICAgICAgICAgICAgICAgPGxpPjxhIGhyZWY9Imh0dHA6Ly92YW5pbGxhLmhpdmUtdGVtcGxhdGUubG9jYWwuZmUxLnN0Zy5oYXJ2ZXN0ZHAuYW5jaG9yLm5ldC5hdS9pbmRleC5waHAvZGFzaGJvYXJkL3N5c3RlbS9iYXNpY3MvbmFtZSI+U2l0ZSBOYW1lPC9hPjxzcGFuPlNpdGUgTmFtZSB3ZWJzaXRlIG5hbWUsIHRpdGxlPC9zcGFuPjwvbGk+ICAgICAgICAgICAgICAgICAgICAgICAgICAgICAgICAgICAgICAgIDxsaT48YSBocmVmPSJodHRwOi8vdmFuaWxsYS5oaXZlLXRlbXBsYXRlLmxvY2FsLmZlMS5zdGcuaGFydmVzdGRwLmFuY2hvci5uZXQuYXUvaW5kZXgucGhwL2Rhc2hib2FyZC9zeXN0ZW0vYmFzaWNzL2FjY2Vzc2liaWxpdHkiPkFjY2Vzc2liaWxpdHk8L2E+PHNwYW4+QWNjZXNzaWJpbGl0eSBhY2Nlc3NpYmlsaXR5LCBlYXN5IG1vZGU8L3NwYW4+PC9saT4gICAgICAgICAgICAgICAgICAgICAgICAgICAgICAgICAgICAgICAgPGxpPjxhIGhyZWY9Imh0dHA6Ly92YW5pbGxhLmhpdmUtdGVtcGxhdGUubG9jYWwuZmUxLnN0Zy5oYXJ2ZXN0ZHAuYW5jaG9yLm5ldC5hdS9pbmRleC5waHAvZGFzaGJvYXJkL3N5c3RlbS9iYXNpY3Mvc29jaWFsIj5Tb2NpYWwgTGlua3M8L2E+PHNwYW4+U29jaWFsIExpbmtzIHNoYXJpbmcsIGZhY2Vib29rLCB0d2l0dGVyPC9zcGFuPjwvbGk+ICAgICAgICAgICAgICAgICAgICAgICAgICAgICAgICAgICAgICAgIDxsaT48YSBocmVmPSJodHRwOi8vdmFuaWxsYS5oaXZlLXRlbXBsYXRlLmxvY2FsLmZlMS5zdGcuaGFydmVzdGRwLmFuY2hvci5uZXQuYXUvaW5kZXgucGhwL2Rhc2hib2FyZC9zeXN0ZW0vYmFzaWNzL2ljb25zIj5Cb29rbWFyayBJY29uczwvYT48c3Bhbj5Cb29rbWFyayBJY29ucyBsb2dvLCBmYXZpY29uLCBpcGhvbmUsIGljb24sIGJvb2ttYXJrPC9zcGFuPjwvbGk+ICAgICAgICAgICAgICAgICAgICAgICAgICAgICAgICAgICAgICAgIDxsaT48YSBocmVmPSJodHRwOi8vdmFuaWxsYS5oaXZlLXRlbXBsYXRlLmxvY2FsLmZlMS5zdGcuaGFydmVzdGRwLmFuY2hvci5uZXQuYXUvaW5kZXgucGhwL2Rhc2hib2FyZC9zeXN0ZW0vYmFzaWNzL2VkaXRvciI+UmljaCBUZXh0IEVkaXRvcjwvYT48c3Bhbj5SaWNoIFRleHQgRWRpdG9yIHRpbnltY2UsIGNvbnRlbnQgYmxvY2ssIGZvbnRzLCBlZGl0b3IsIGNvbnRlbnQsIG92ZXJsYXk8L3NwYW4+PC9saT4gICAgICAgICAgICAgICAgICAgICAgICAgICAgICAgICAgICAgICAgPGxpPjxhIGhyZWY9Imh0dHA6Ly92YW5pbGxhLmhpdmUtdGVtcGxhdGUubG9jYWwuZmUxLnN0Zy5oYXJ2ZXN0ZHAuYW5jaG9yLm5ldC5hdS9pbmRleC5waHAvZGFzaGJvYXJkL3N5c3RlbS9iYXNpY3MvbXVsdGlsaW5ndWFsIj5MYW5ndWFnZXM8L2E+PHNwYW4+TGFuZ3VhZ2VzIHRyYW5zbGF0ZSwgdHJhbnNsYXRpb24sIGludGVybmF0aW9uYWxpemF0aW9uLCBtdWx0aWxpbmd1YWw8L3NwYW4+PC9saT4gICAgICAgICAgICAgICAgICAgICAgICAgICAgICAgICAgICAgICAgPGxpPjxhIGhyZWY9Imh0dHA6Ly92YW5pbGxhLmhpdmUtdGVtcGxhdGUubG9jYWwuZmUxLnN0Zy5oYXJ2ZXN0ZHAuYW5jaG9yLm5ldC5hdS9pbmRleC5waHAvZGFzaGJvYXJkL3N5c3RlbS9iYXNpY3MvdGltZXpvbmUiPlRpbWUgWm9uZTwvYT48c3Bhbj5UaW1lIFpvbmUgdGltZXpvbmUsIHByb2ZpbGUsIGxvY2FsZTwvc3Bhbj48L2xpPiAgICAgICAgICAgICAgICAgICAgICAgICAgICAgICAgICAgICAgICA8bGk+PGEgaHJlZj0iaHR0cDovL3ZhbmlsbGEuaGl2ZS10ZW1wbGF0ZS5sb2NhbC5mZTEuc3RnLmhhcnZlc3RkcC5hbmNob3IubmV0LmF1L2luZGV4LnBocC9kYXNoYm9hcmQvc3lzdGVtL2Jhc2ljcy9hcGkiPkFQSSBrZXlzPC9hPjxzcGFuPkFQSSBrZXlzIDwvc3Bhbj48L2xpPiAgICAgICAgICAgICAgICAgICAgICAgICAgICAgICAgICAgICAgICA8bGk+PGEgaHJlZj0iaHR0cDovL3ZhbmlsbGEuaGl2ZS10ZW1wbGF0ZS5sb2NhbC5mZTEuc3RnLmhhcnZlc3RkcC5hbmNob3IubmV0LmF1L2luZGV4LnBocC9kYXNoYm9hcmQvc3lzdGVtL211bHRpbGluZ3VhbCI+TXVsdGlsaW5ndWFsPC9hPjxzcGFuPk11bHRpbGluZ3VhbCBtdWx0aWxpbmd1YWwsIGxvY2FsaXphdGlvbiwgaW50ZXJuYXRpb25hbGl6YXRpb24sIGkxOG48L3NwYW4+PC9saT4gICAgICAgICAgICAgICAgICAgICAgICAgICAgICAgICAgICAgICAgPGxpPjxhIGhyZWY9Imh0dHA6Ly92YW5pbGxhLmhpdmUtdGVtcGxhdGUubG9jYWwuZmUxLnN0Zy5oYXJ2ZXN0ZHAuYW5jaG9yLm5ldC5hdS9pbmRleC5waHAvZGFzaGJvYXJkL3N5c3RlbS9tdWx0aWxpbmd1YWwvc2V0dXAiPk11bHRpbGluZ3VhbCBTZXR1cDwvYT48c3Bhbj5NdWx0aWxpbmd1YWwgU2V0dXAgPC9zcGFuPjwvbGk+ICAgICAgICAgICAgICAgICAgICAgICAgICAgICAgICAgICAgICAgIDxsaT48YSBocmVmPSJodHRwOi8vdmFuaWxsYS5oaXZlLXRlbXBsYXRlLmxvY2FsLmZlMS5zdGcuaGFydmVzdGRwLmFuY2hvci5uZXQuYXUvaW5kZXgucGhwL2Rhc2hib2FyZC9zeXN0ZW0vbXVsdGlsaW5ndWFsL3BhZ2VfcmVwb3J0Ij5QYWdlIFJlcG9ydDwvYT48c3Bhbj5QYWdlIFJlcG9ydCA8L3NwYW4+PC9saT4gICAgICAgICAgICAgICAgICAgICAgICAgICAgICAgICAgICAgICAgPGxpPjxhIGhyZWY9Imh0dHA6Ly92YW5pbGxhLmhpdmUtdGVtcGxhdGUubG9jYWwuZmUxLnN0Zy5oYXJ2ZXN0ZHAuYW5jaG9yLm5ldC5hdS9pbmRleC5waHAvZGFzaGJvYXJkL3N5c3RlbS9tdWx0aWxpbmd1YWwvdHJhbnNsYXRlX2ludGVyZmFjZSI+VHJhbnNsYXRlIFNpdGUgSW50ZXJmYWNlPC9hPjxzcGFuPlRyYW5zbGF0ZSBTaXRlIEludGVyZmFjZSA8L3NwYW4+PC9saT4gICAgICAgICAgICAgICAgICAgICAgICAgICAgICAgICAgICAgICAgPGxpPjxhIGhyZWY9Imh0dHA6Ly92YW5pbGxhLmhpdmUtdGVtcGxhdGUubG9jYWwuZmUxLnN0Zy5oYXJ2ZXN0ZHAuYW5jaG9yLm5ldC5hdS9pbmRleC5waHAvZGFzaGJvYXJkL3N5c3RlbS9tdWx0aWxpbmd1YWwvY29weSI+Q29weSBMYW5ndWFnZXM8L2E+PHNwYW4+Q29weSBMYW5ndWFnZXMgPC9zcGFuPjwvbGk+ICAgICAgICAgICAgICAgICAgICAgICAgICAgICAgICAgICAgICAgIDxsaT48YSBocmVmPSJodHRwOi8vdmFuaWxsYS5oaXZlLXRlbXBsYXRlLmxvY2FsLmZlMS5zdGcuaGFydmVzdGRwLmFuY2hvci5uZXQuYXUvaW5kZXgucGhwL2Rhc2hib2FyZC9zeXN0ZW0vc2VvIj5TRU8gJiBTdGF0aXN0aWNzPC9hPjxzcGFuPlNFTyAmIFN0YXRpc3RpY3MgPC9zcGFuPjwvbGk+ICAgICAgICAgICAgICAgICAgICAgICAgICAgICAgICAgICAgICAgIDxsaT48YSBocmVmPSJodHRwOi8vdmFuaWxsYS5oaXZlLXRlbXBsYXRlLmxvY2FsLmZlMS5zdGcuaGFydmVzdGRwLmFuY2hvci5uZXQuYXUvaW5kZXgucGhwL2Rhc2hib2FyZC9zeXN0ZW0vc2VvL3VybHMiPlVSTHMgYW5kIFJlZGlyZWN0aW9uPC9hPjxzcGFuPlVSTHMgYW5kIFJlZGlyZWN0aW9uIHZhbml0eSwgcHJldHR5IHVybCwgc2VvLCBwYWdldmlldywgdmlldzwvc3Bhbj48L2xpPiAgICAgICAgICAgICAgICAgICAgICAgICAgICAgICAgICAgICAgICA8bGk+PGEgaHJlZj0iaHR0cDovL3ZhbmlsbGEuaGl2ZS10ZW1wbGF0ZS5sb2NhbC5mZTEuc3RnLmhhcnZlc3RkcC5hbmNob3IubmV0LmF1L2luZGV4LnBocC9kYXNoYm9hcmQvc3lzdGVtL3Nlby9idWxrIj5CdWxrIFNFTyBVcGRhdGVyPC9hPjxzcGFuPkJ1bGsgU0VPIFVwZGF0ZXIgYnVsaywgc2VvLCBjaGFuZ2Uga2V5d29yZHMsIGVuZ2luZSwgb3B0aW1pemF0aW9uLCBzZWFyY2g8L3NwYW4+PC9saT4gICAgICAgICAgICAgICAgICAgICAgICAgICAgICAgICAgICAgICAgPGxpPjxhIGhyZWY9Imh0dHA6Ly92YW5pbGxhLmhpdmUtdGVtcGxhdGUubG9jYWwuZmUxLnN0Zy5oYXJ2ZXN0ZHAuYW5jaG9yLm5ldC5hdS9pbmRleC5waHAvZGFzaGJvYXJkL3N5c3RlbS9zZW8vY29kZXMiPlRyYWNraW5nIENvZGVzPC9hPjxzcGFuPlRyYWNraW5nIENvZGVzIHRyYWZmaWMsIHN0YXRpc3RpY3MsIGdvb2dsZSBhbmFseXRpY3MsIHF1YW50LCBwYWdldmlld3MsIGhpdHM8L3NwYW4+PC9saT4gICAgICAgICAgICAgICAgICAgICAgICAgICAgICAgICAgICAgICAgPGxpPjxhIGhyZWY9Imh0dHA6Ly92YW5pbGxhLmhpdmUtdGVtcGxhdGUubG9jYWwuZmUxLnN0Zy5oYXJ2ZXN0ZHAuYW5jaG9yLm5ldC5hdS9pbmRleC5waHAvZGFzaGJvYXJkL3N5c3RlbS9zZW8vZXhjbHVkZWQiPkV4Y2x1ZGVkIFVSTCBXb3JkIExpc3Q8L2E+PHNwYW4+RXhjbHVkZWQgVVJMIFdvcmQgTGlzdCBwcmV0dHksIHNsdWc8L3NwYW4+PC9saT4gICAgICAgICAgICAgICAgICAgICAgICAgICAgICAgICAgICAgICAgPGxpPjxhIGhyZWY9Imh0dHA6Ly92YW5pbGxhLmhpdmUtdGVtcGxhdGUubG9jYWwuZmUxLnN0Zy5oYXJ2ZXN0ZHAuYW5jaG9yLm5ldC5hdS9pbmRleC5waHAvZGFzaGJvYXJkL3N5c3RlbS9zZW8vc2VhcmNoaW5kZXgiPlNlYXJjaCBJbmRleDwvYT48c3Bhbj5TZWFyY2ggSW5kZXggY29uZmlndXJlIHNlYXJjaCwgc2l0ZSBzZWFyY2gsIHNlYXJjaCBvcHRpb248L3NwYW4+PC9saT4gICAgICAgICAgICAgICAgICAgICAgICAgICAgICAgICAgICAgICAgPGxpPjxhIGhyZWY9Imh0dHA6Ly92YW5pbGxhLmhpdmUtdGVtcGxhdGUubG9jYWwuZmUxLnN0Zy5oYXJ2ZXN0ZHAuYW5jaG9yLm5ldC5hdS9pbmRleC5waHAvZGFzaGJvYXJkL3N5c3RlbS9maWxlcyI+RmlsZXM8L2E+PHNwYW4+RmlsZXMgPC9zcGFuPjwvbGk+ICAgICAgICAgICAgICAgICAgICAgICAgICAgICAgICAgICAgICAgIDxsaT48YSBocmVmPSJodHRwOi8vdmFuaWxsYS5oaXZlLXRlbXBsYXRlLmxvY2FsLmZlMS5zdGcuaGFydmVzdGRwLmFuY2hvci5uZXQuYXUvaW5kZXgucGhwL2Rhc2hib2FyZC9zeXN0ZW0vZmlsZXMvcGVybWlzc2lvbnMiPkZpbGUgTWFuYWdlciBQZXJtaXNzaW9uczwvYT48c3Bhbj5GaWxlIE1hbmFnZXIgUGVybWlzc2lvbnMgZmlsZSBvcHRpb25zLCBmaWxlIG1hbmFnZXIsIHVwbG9hZCwgbW9kaWZ5PC9zcGFuPjwvbGk+ICAgICAgICAgICAgICAgICAgICAgICAgICAgICAgICAgICAgICAgIDxsaT48YSBocmVmPSJodHRwOi8vdmFuaWxsYS5oaXZlLXRlbXBsYXRlLmxvY2FsLmZlMS5zdGcuaGFydmVzdGRwLmFuY2hvci5uZXQuYXUvaW5kZXgucGhwL2Rhc2hib2FyZC9zeXN0ZW0vZmlsZXMvZmlsZXR5cGVzIj5BbGxvd2VkIEZpbGUgVHlwZXM8L2E+PHNwYW4+QWxsb3dlZCBGaWxlIFR5cGVzIHNlY3VyaXR5LCBmaWxlcywgbWVkaWEsIGV4dGVuc2lvbiwgbWFuYWdlciwgdXBsb2FkPC9zcGFuPjwvbGk+ICAgICAgICAgICAgICAgICAgICAgICAgICAgICAgICAgICAgICAgIDxsaT48YSBocmVmPSJodHRwOi8vdmFuaWxsYS5oaXZlLXRlbXBsYXRlLmxvY2FsLmZlMS5zdGcuaGFydmVzdGRwLmFuY2hvci5uZXQuYXUvaW5kZXgucGhwL2Rhc2hib2FyZC9zeXN0ZW0vZmlsZXMvdGh1bWJuYWlscyI+VGh1bWJuYWlsczwvYT48c3Bhbj5UaHVtYm5haWxzIGltYWdlcywgcGljdHVyZSwgcmVzcG9uc2l2ZSwgcmV0aW5hPC9zcGFuPjwvbGk+ICAgICAgICAgICAgICAgICAgICAgICAgICAgICAgICAgICAgICAgIDxsaT48YSBocmVmPSJodHRwOi8vdmFuaWxsYS5oaXZlLXRlbXBsYXRlLmxvY2FsLmZlMS5zdGcuaGFydmVzdGRwLmFuY2hvci5uZXQuYXUvaW5kZXgucGhwL2Rhc2hib2FyZC9zeXN0ZW0vZmlsZXMvc3RvcmFnZSI+RmlsZSBTdG9yYWdlIExvY2F0aW9uczwvYT48c3Bhbj5GaWxlIFN0b3JhZ2UgTG9jYXRpb25zIHNlY3VyaXR5LCBhbHRlcm5hdGUgc3RvcmFnZSwgaGlkZSBmaWxlczwvc3Bhbj48L2xpPiAgICAgICAgICAgICAgICAgICAgICAgICAgICAgICAgICAgICAgICA8bGk+PGEgaHJlZj0iaHR0cDovL3ZhbmlsbGEuaGl2ZS10ZW1wbGF0ZS5sb2NhbC5mZTEuc3RnLmhhcnZlc3RkcC5hbmNob3IubmV0LmF1L2luZGV4LnBocC9kYXNoYm9hcmQvc3lzdGVtL2ZpbGVzL2ltYWdlX3VwbG9hZGluZyI+SW1hZ2UgVXBsb2FkaW5nPC9hPjxzcGFuPkltYWdlIFVwbG9hZGluZyA8L3NwYW4+PC9saT4gICAgICAgICAgICAgICAgICAgICAgICAgICAgICAgICAgICAgICAgPGxpPjxhIGhyZWY9Imh0dHA6Ly92YW5pbGxhLmhpdmUtdGVtcGxhdGUubG9jYWwuZmUxLnN0Zy5oYXJ2ZXN0ZHAuYW5jaG9yLm5ldC5hdS9pbmRleC5waHAvZGFzaGJvYXJkL3N5c3RlbS9vcHRpbWl6YXRpb24iPk9wdGltaXphdGlvbjwvYT48c3Bhbj5PcHRpbWl6YXRpb24gPC9zcGFuPjwvbGk+ICAgICAgICAgICAgICAgICAgICAgICAgICAgICAgICAgICAgICAgIDxsaT48YSBocmVmPSJodHRwOi8vdmFuaWxsYS5oaXZlLXRlbXBsYXRlLmxvY2FsLmZlMS5zdGcuaGFydmVzdGRwLmFuY2hvci5uZXQuYXUvaW5kZXgucGhwL2Rhc2hib2FyZC9zeXN0ZW0vb3B0aW1pemF0aW9uL2NhY2hlIj5DYWNoZSAmIFNwZWVkIFNldHRpbmdzPC9hPjxzcGFuPkNhY2hlICYgU3BlZWQgU2V0dGluZ3MgY2FjaGUgb3B0aW9uLCBjaGFuZ2UgY2FjaGUsIG92ZXJyaWRlLCB0dXJuIG9uIGNhY2hlLCB0dXJuIG9mZiBjYWNoZSwgbm8gY2FjaGUsIHBhZ2UgY2FjaGUsIGNhY2hpbmc8L3NwYW4+PC9saT4gICAgICAgICAgICAgICAgICAgICAgICAgICAgICAgICAgICAgICAgPGxpPjxhIGhyZWY9Imh0dHA6Ly92YW5pbGxhLmhpdmUtdGVtcGxhdGUubG9jYWwuZmUxLnN0Zy5oYXJ2ZXN0ZHAuYW5jaG9yLm5ldC5hdS9pbmRleC5waHAvZGFzaGJvYXJkL3N5c3RlbS9vcHRpbWl6YXRpb24vY2xlYXJjYWNoZSI+Q2xlYXIgQ2FjaGU8L2E+PHNwYW4+Q2xlYXIgQ2FjaGUgY2FjaGUgb3B0aW9uLCB0dXJuIG9mZiBjYWNoZSwgbm8gY2FjaGUsIHBhZ2UgY2FjaGUsIGNhY2hpbmc8L3NwYW4+PC9saT4gICAgICAgICAgICAgICAgICAgICAgICAgICAgICAgICAgICAgICAgPGxpPjxhIGhyZWY9Imh0dHA6Ly92YW5pbGxhLmhpdmUtdGVtcGxhdGUubG9jYWwuZmUxLnN0Zy5oYXJ2ZXN0ZHAuYW5jaG9yLm5ldC5hdS9pbmRleC5waHAvZGFzaGJvYXJkL3N5c3RlbS9vcHRpbWl6YXRpb24vam9icyI+QXV0b21hdGVkIEpvYnM8L2E+PHNwYW4+QXV0b21hdGVkIEpvYnMgaW5kZXggc2VhcmNoLCByZWluZGV4IHNlYXJjaCwgYnVpbGQgc2l0ZW1hcCwgc2l0ZW1hcC54bWwsIGNsZWFyIG9sZCB2ZXJzaW9ucywgcGFnZSB2ZXJzaW9ucywgcmVtb3ZlIG9sZDwvc3Bhbj48L2xpPiAgICAgICAgICAgICAgICAgICAgICAgICAgICAgICAgICAgICAgICA8bGk+PGEgaHJlZj0iaHR0cDovL3ZhbmlsbGEuaGl2ZS10ZW1wbGF0ZS5sb2NhbC5mZTEuc3RnLmhhcnZlc3RkcC5hbmNob3IubmV0LmF1L2luZGV4LnBocC9kYXNoYm9hcmQvc3lzdGVtL29wdGltaXphdGlvbi9xdWVyeV9sb2ciPkRhdGFiYXNlIFF1ZXJ5IExvZzwvYT48c3Bhbj5EYXRhYmFzZSBRdWVyeSBMb2cgcXVlcmllcywgZGF0YWJhc2UsIG15c3FsPC9zcGFuPjwvbGk+ICAgICAgICAgICAgICAgICAgICAgICAgICAgICAgICAgICAgICAgIDxsaT48YSBocmVmPSJodHRwOi8vdmFuaWxsYS5oaXZlLXRlbXBsYXRlLmxvY2FsLmZlMS5zdGcuaGFydmVzdGRwLmFuY2hvci5uZXQuYXUvaW5kZXgucGhwL2Rhc2hib2FyZC9zeXN0ZW0vcGVybWlzc2lvbnMiPlBlcm1pc3Npb25zICYgQWNjZXNzPC9hPjxzcGFuPlBlcm1pc3Npb25zICYgQWNjZXNzIDwvc3Bhbj48L2xpPiAgICAgICAgICAgICAgICAgICAgICAgICAgICAgICAgICAgICAgICA8bGk+PGEgaHJlZj0iaHR0cDovL3ZhbmlsbGEuaGl2ZS10ZW1wbGF0ZS5sb2NhbC5mZTEuc3RnLmhhcnZlc3RkcC5hbmNob3IubmV0LmF1L2luZGV4LnBocC9kYXNoYm9hcmQvc3lzdGVtL3Blcm1pc3Npb25zL3NpdGUiPlNpdGUgQWNjZXNzPC9hPjxzcGFuPlNpdGUgQWNjZXNzIGVkaXRvcnMsIGhpZGUgc2l0ZSwgb2ZmbGluZSwgcHJpdmF0ZSwgcHVibGljLCBhY2Nlc3M8L3NwYW4+PC9saT4gICAgICAgICAgICAgICAgICAgICAgICAgICAgICAgICAgICAgICAgPGxpPjxhIGhyZWY9Imh0dHA6Ly92YW5pbGxhLmhpdmUtdGVtcGxhdGUubG9jYWwuZmUxLnN0Zy5oYXJ2ZXN0ZHAuYW5jaG9yLm5ldC5hdS9pbmRleC5waHAvZGFzaGJvYXJkL3N5c3RlbS9wZXJtaXNzaW9ucy90YXNrcyI+VGFzayBQZXJtaXNzaW9uczwvYT48c3Bhbj5UYXNrIFBlcm1pc3Npb25zIHNlY3VyaXR5LCBhY3Rpb25zLCBhZG1pbmlzdHJhdG9yLCBhZG1pbiwgcGFja2FnZSwgbWFya2V0cGxhY2UsIHNlYXJjaDwvc3Bhbj48L2xpPiAgICAgICAgICAgICAgICAgICAgICAgICAgICAgICAgICAgICAgICA8bGk+PGEgaHJlZj0iaHR0cDovL3ZhbmlsbGEuaGl2ZS10ZW1wbGF0ZS5sb2NhbC5mZTEuc3RnLmhhcnZlc3RkcC5hbmNob3IubmV0LmF1L2luZGV4LnBocC9kYXNoYm9hcmQvc3lzdGVtL3Blcm1pc3Npb25zL3VzZXJzIj5Vc2VyIFBlcm1pc3Npb25zPC9hPjxzcGFuPlVzZXIgUGVybWlzc2lvbnMgPC9zcGFuPjwvbGk+ICAgICAgICAgICAgICAgICAgICAgICAgICAgICAgICAgICAgICAgIDxsaT48YSBocmVmPSJodHRwOi8vdmFuaWxsYS5oaXZlLXRlbXBsYXRlLmxvY2FsLmZlMS5zdGcuaGFydmVzdGRwLmFuY2hvci5uZXQuYXUvaW5kZXgucGhwL2Rhc2hib2FyZC9zeXN0ZW0vcGVybWlzc2lvbnMvYWR2YW5jZWQiPkFkdmFuY2VkIFBlcm1pc3Npb25zPC9hPjxzcGFuPkFkdmFuY2VkIFBlcm1pc3Npb25zIDwvc3Bhbj48L2xpPiAgICAgICAgICAgICAgICAgICAgICAgICAgICAgICAgICAgICAgICA8bGk+PGEgaHJlZj0iaHR0cDovL3ZhbmlsbGEuaGl2ZS10ZW1wbGF0ZS5sb2NhbC5mZTEuc3RnLmhhcnZlc3RkcC5hbmNob3IubmV0LmF1L2luZGV4LnBocC9kYXNoYm9hcmQvc3lzdGVtL3Blcm1pc3Npb25zL2JsYWNrbGlzdCI+SVAgQmxhY2tsaXN0PC9hPjxzcGFuPklQIEJsYWNrbGlzdCBzZWN1cml0eSwgbG9jayBpcCwgbG9jayBvdXQsIGJsb2NrIGlwLCBhZGRyZXNzLCByZXN0cmljdCwgYWNjZXNzPC9zcGFuPjwvbGk+ICAgICAgICAgICAgICAgICAgICAgICAgICAgICAgICAgICAgICAgIDxsaT48YSBocmVmPSJodHRwOi8vdmFuaWxsYS5oaXZlLXRlbXBsYXRlLmxvY2FsLmZlMS5zdGcuaGFydmVzdGRwLmFuY2hvci5uZXQuYXUvaW5kZXgucGhwL2Rhc2hib2FyZC9zeXN0ZW0vcGVybWlzc2lvbnMvY2FwdGNoYSI+Q2FwdGNoYSBTZXR1cDwvYT48c3Bhbj5DYXB0Y2hhIFNldHVwIHNlY3VyaXR5LCByZWdpc3RyYXRpb248L3NwYW4+PC9saT4gICAgICAgICAgICAgICAgICAgICAgICAgICAgICAgICAgICAgICAgPGxpPjxhIGhyZWY9Imh0dHA6Ly92YW5pbGxhLmhpdmUtdGVtcGxhdGUubG9jYWwuZmUxLnN0Zy5oYXJ2ZXN0ZHAuYW5jaG9yLm5ldC5hdS9pbmRleC5waHAvZGFzaGJvYXJkL3N5c3RlbS9wZXJtaXNzaW9ucy9hbnRpc3BhbSI+U3BhbSBDb250cm9sPC9hPjxzcGFuPlNwYW0gQ29udHJvbCBhbnRpc3BhbSwgYmxvY2sgc3BhbSwgc2VjdXJpdHk8L3NwYW4+PC9saT4gICAgICAgICAgICAgICAgICAgICAgICAgICAgICAgICAgICAgICAgPGxpPjxhIGhyZWY9Imh0dHA6Ly92YW5pbGxhLmhpdmUtdGVtcGxhdGUubG9jYWwuZmUxLnN0Zy5oYXJ2ZXN0ZHAuYW5jaG9yLm5ldC5hdS9pbmRleC5waHAvZGFzaGJvYXJkL3N5c3RlbS9wZXJtaXNzaW9ucy9tYWludGVuYW5jZSI+TWFpbnRlbmFuY2UgTW9kZTwvYT48c3Bhbj5NYWludGVuYW5jZSBNb2RlIGxvY2sgc2l0ZSwgdW5kZXIgY29uc3RydWN0aW9uLCBoaWRlLCBoaWRkZW48L3NwYW4+PC9saT4gICAgICAgICAgICAgICAgICAgICAgICAgICAgICAgICAgICAgICAgPGxpPjxhIGhyZWY9Imh0dHA6Ly92YW5pbGxhLmhpdmUtdGVtcGxhdGUubG9jYWwuZmUxLnN0Zy5oYXJ2ZXN0ZHAuYW5jaG9yLm5ldC5hdS9pbmRleC5waHAvZGFzaGJvYXJkL3N5c3RlbS9yZWdpc3RyYXRpb24iPkxvZ2luICYgUmVnaXN0cmF0aW9uPC9hPjxzcGFuPkxvZ2luICYgUmVnaXN0cmF0aW9uIDwvc3Bhbj48L2xpPiAgICAgICAgICAgICAgICAgICAgICAgICAgICAgICAgICAgICAgICA8bGk+PGEgaHJlZj0iaHR0cDovL3ZhbmlsbGEuaGl2ZS10ZW1wbGF0ZS5sb2NhbC5mZTEuc3RnLmhhcnZlc3RkcC5hbmNob3IubmV0LmF1L2luZGV4LnBocC9kYXNoYm9hcmQvc3lzdGVtL3JlZ2lzdHJhdGlvbi9wb3N0bG9naW4iPkxvZ2luIERlc3RpbmF0aW9uPC9hPjxzcGFuPkxvZ2luIERlc3RpbmF0aW9uIHByb2ZpbGUsIGxvZ2luLCByZWRpcmVjdCwgc3BlY2lmaWMsIGRhc2hib2FyZCwgYWRtaW5pc3RyYXRvcnM8L3NwYW4+PC9saT4gICAgICAgICAgICAgICAgICAgICAgICAgICAgICAgICAgICAgICAgPGxpPjxhIGhyZWY9Imh0dHA6Ly92YW5pbGxhLmhpdmUtdGVtcGxhdGUubG9jYWwuZmUxLnN0Zy5oYXJ2ZXN0ZHAuYW5jaG9yLm5ldC5hdS9pbmRleC5waHAvZGFzaGJvYXJkL3N5c3RlbS9yZWdpc3RyYXRpb24vcHJvZmlsZXMiPlB1YmxpYyBQcm9maWxlczwvYT48c3Bhbj5QdWJsaWMgUHJvZmlsZXMgbWVtYmVyIHByb2ZpbGUsIG1lbWJlciBwYWdlLCBjb21tdW5pdHksIGZvcnVtcywgc29jaWFsLCBhdmF0YXI8L3NwYW4+PC9saT4gICAgICAgICAgICAgICAgICAgICAgICAgICAgICAgICAgICAgICAgPGxpPjxhIGhyZWY9Imh0dHA6Ly92YW5pbGxhLmhpdmUtdGVtcGxhdGUubG9jYWwuZmUxLnN0Zy5oYXJ2ZXN0ZHAuYW5jaG9yLm5ldC5hdS9pbmRleC5waHAvZGFzaGJvYXJkL3N5c3RlbS9yZWdpc3RyYXRpb24vb3BlbiI+UHVibGljIFJlZ2lzdHJhdGlvbjwvYT48c3Bhbj5QdWJsaWMgUmVnaXN0cmF0aW9uIHNpZ251cCwgbmV3IHVzZXIsIGNvbW11bml0eSwgcHVibGljIHJlZ2lzdHJhdGlvbiwgcHVibGljLCByZWdpc3RyYXRpb248L3NwYW4+PC9saT4gICAgICAgICAgICAgICAgICAgICAgICAgICAgICAgICAgICAgICAgPGxpPjxhIGhyZWY9Imh0dHA6Ly92YW5pbGxhLmhpdmUtdGVtcGxhdGUubG9jYWwuZmUxLnN0Zy5oYXJ2ZXN0ZHAuYW5jaG9yLm5ldC5hdS9pbmRleC5waHAvZGFzaGJvYXJkL3N5c3RlbS9yZWdpc3RyYXRpb24vYXV0aGVudGljYXRpb24iPkF1dGhlbnRpY2F0aW9uIFR5cGVzPC9hPjxzcGFuPkF1dGhlbnRpY2F0aW9uIFR5cGVzIGF1dGgsIGF1dGhlbnRpY2F0aW9uLCB0eXBlcywgb2F1dGgsIGZhY2Vib29rLCBsb2dpbiwgcmVnaXN0cmF0aW9uPC9zcGFuPjwvbGk+ICAgICAgICAgICAgICAgICAgICAgICAgICAgICAgICAgICAgICAgIDxsaT48YSBocmVmPSJodHRwOi8vdmFuaWxsYS5oaXZlLXRlbXBsYXRlLmxvY2FsLmZlMS5zdGcuaGFydmVzdGRwLmFuY2hvci5uZXQuYXUvaW5kZXgucGhwL2Rhc2hib2FyZC9zeXN0ZW0vbWFpbCI+RW1haWw8L2E+PHNwYW4+RW1haWwgc210cCwgbWFpbCBzZXR0aW5nczwvc3Bhbj48L2xpPiAgICAgICAgICAgICAgICAgICAgICAgICAgICAgICAgICAgICAgICA8bGk+PGEgaHJlZj0iaHR0cDovL3ZhbmlsbGEuaGl2ZS10ZW1wbGF0ZS5sb2NhbC5mZTEuc3RnLmhhcnZlc3RkcC5hbmNob3IubmV0LmF1L2luZGV4LnBocC9kYXNoYm9hcmQvc3lzdGVtL21haWwvbWV0aG9kIj5TTVRQIE1ldGhvZDwvYT48c3Bhbj5TTVRQIE1ldGhvZCBlbWFpbCBzZXJ2ZXIsIG1haWwgc2V0dGluZ3MsIG1haWwgY29uZmlndXJhdGlvbiwgZXh0ZXJuYWwsIGludGVybmFsPC9zcGFuPjwvbGk+ICAgICAgICAgICAgICAgICAgICAgICAgICAgICAgICAgICAgICAgIDxsaT48YSBocmVmPSJodHRwOi8vdmFuaWxsYS5oaXZlLXRlbXBsYXRlLmxvY2FsLmZlMS5zdGcuaGFydmVzdGRwLmFuY2hvci5uZXQuYXUvaW5kZXgucGhwL2Rhc2hib2FyZC9zeXN0ZW0vbWFpbC9tZXRob2QvdGVzdCI+VGVzdCBNYWlsIFNldHRpbmdzPC9hPjxzcGFuPlRlc3QgTWFpbCBTZXR0aW5ncyB0ZXN0IHNtdHAsIHRlc3QgbWFpbDwvc3Bhbj48L2xpPiAgICAgICAgICAgICAgICAgICAgICAgICAgICAgICAgICAgICAgICA8bGk+PGEgaHJlZj0iaHR0cDovL3ZhbmlsbGEuaGl2ZS10ZW1wbGF0ZS5sb2NhbC5mZTEuc3RnLmhhcnZlc3RkcC5hbmNob3IubmV0LmF1L2luZGV4LnBocC9kYXNoYm9hcmQvc3lzdGVtL21haWwvaW1wb3J0ZXJzIj5FbWFpbCBJbXBvcnRlcnM8L2E+PHNwYW4+RW1haWwgSW1wb3J0ZXJzIGVtYWlsIHNlcnZlciwgbWFpbCBzZXR0aW5ncywgbWFpbCBjb25maWd1cmF0aW9uLCBwcml2YXRlIG1lc3NhZ2UsIG1lc3NhZ2Ugc3lzdGVtLCBpbXBvcnQsIGVtYWlsLCBtZXNzYWdlPC9zcGFuPjwvbGk+ICAgICAgICAgICAgICAgICAgICAgICAgICAgICAgICAgICAgICAgIDxsaT48YSBocmVmPSJodHRwOi8vdmFuaWxsYS5oaXZlLXRlbXBsYXRlLmxvY2FsLmZlMS5zdGcuaGFydmVzdGRwLmFuY2hvci5uZXQuYXUvaW5kZXgucGhwL2Rhc2hib2FyZC9zeXN0ZW0vY29udmVyc2F0aW9ucyI+Q29udmVyc2F0aW9uczwvYT48c3Bhbj5Db252ZXJzYXRpb25zIGNvbnZlcnNhdGlvbnM8L3NwYW4+PC9saT4gICAgICAgICAgICAgICAgICAgICAgICAgICAgICAgICAgICAgICAgPGxpPjxhIGhyZWY9Imh0dHA6Ly92YW5pbGxhLmhpdmUtdGVtcGxhdGUubG9jYWwuZmUxLnN0Zy5oYXJ2ZXN0ZHAuYW5jaG9yLm5ldC5hdS9pbmRleC5waHAvZGFzaGJvYXJkL3N5c3RlbS9jb252ZXJzYXRpb25zL3NldHRpbmdzIj5TZXR0aW5nczwvYT48c3Bhbj5TZXR0aW5ncyBjb252ZXJzYXRpb25zPC9zcGFuPjwvbGk+ICAgICAgICAgICAgICAgICAgICAgICAgICAgICAgICAgICAgICAgIDxsaT48YSBocmVmPSJodHRwOi8vdmFuaWxsYS5oaXZlLXRlbXBsYXRlLmxvY2FsLmZlMS5zdGcuaGFydmVzdGRwLmFuY2hvci5uZXQuYXUvaW5kZXgucGhwL2Rhc2hib2FyZC9zeXN0ZW0vY29udmVyc2F0aW9ucy9wb2ludHMiPkNvbW11bml0eSBQb2ludHM8L2E+PHNwYW4+Q29tbXVuaXR5IFBvaW50cyBjb252ZXJzYXRpb25zIHJhdGluZ3MsIHJhdGluZ3MsIGNvbW11bml0eSwgY29tbXVuaXR5IHBvaW50czwvc3Bhbj48L2xpPiAgICAgICAgICAgICAgICAgICAgICAgICAgICAgICAgICAgICAgICA8bGk+PGEgaHJlZj0iaHR0cDovL3ZhbmlsbGEuaGl2ZS10ZW1wbGF0ZS5sb2NhbC5mZTEuc3RnLmhhcnZlc3RkcC5hbmNob3IubmV0LmF1L2luZGV4LnBocC9kYXNoYm9hcmQvc3lzdGVtL2NvbnZlcnNhdGlvbnMvYmFubmVkd29yZHMiPkJhbm5lZCBXb3JkczwvYT48c3Bhbj5CYW5uZWQgV29yZHMgY29udmVyc2F0aW9ucyBiYWQgd29yZHMsIGJhbm5lZCB3b3JkcywgYmFubmVkLCBiYWQgd29yZHMsIGJhZCwgd29yZHMsIGxpc3Q8L3NwYW4+PC9saT4gICAgICAgICAgICAgICAgICAgICAgICAgICAgICAgICAgICAgICAgPGxpPjxhIGhyZWY9Imh0dHA6Ly92YW5pbGxhLmhpdmUtdGVtcGxhdGUubG9jYWwuZmUxLnN0Zy5oYXJ2ZXN0ZHAuYW5jaG9yLm5ldC5hdS9pbmRleC5waHAvZGFzaGJvYXJkL3N5c3RlbS9jb252ZXJzYXRpb25zL3Blcm1pc3Npb25zIj5Db252ZXJzYXRpb24gUGVybWlzc2lvbnM8L2E+PHNwYW4+Q29udmVyc2F0aW9uIFBlcm1pc3Npb25zIDwvc3Bhbj48L2xpPiAgICAgICAgICAgICAgICAgICAgICAgICAgICAgICAgICAgICAgICA8bGk+PGEgaHJlZj0iaHR0cDovL3ZhbmlsbGEuaGl2ZS10ZW1wbGF0ZS5sb2NhbC5mZTEuc3RnLmhhcnZlc3RkcC5hbmNob3IubmV0LmF1L2luZGV4LnBocC9kYXNoYm9hcmQvc3lzdGVtL2F0dHJpYnV0ZXMiPkF0dHJpYnV0ZXM8L2E+PHNwYW4+QXR0cmlidXRlcyBhdHRyaWJ1dGUgY29uZmlndXJhdGlvbjwvc3Bhbj48L2xpPiAgICAgICAgICAgICAgICAgICAgICAgICAgICAgICAgICAgICAgICA8bGk+PGEgaHJlZj0iaHR0cDovL3ZhbmlsbGEuaGl2ZS10ZW1wbGF0ZS5sb2NhbC5mZTEuc3RnLmhhcnZlc3RkcC5hbmNob3IubmV0LmF1L2luZGV4LnBocC9kYXNoYm9hcmQvc3lzdGVtL2F0dHJpYnV0ZXMvc2V0cyI+U2V0czwvYT48c3Bhbj5TZXRzIGF0dHJpYnV0ZXMsIHNldHM8L3NwYW4+PC9saT4gICAgICAgICAgICAgICAgICAgICAgICAgICAgICAgICAgICAgICAgPGxpPjxhIGhyZWY9Imh0dHA6Ly92YW5pbGxhLmhpdmUtdGVtcGxhdGUubG9jYWwuZmUxLnN0Zy5oYXJ2ZXN0ZHAuYW5jaG9yLm5ldC5hdS9pbmRleC5waHAvZGFzaGJvYXJkL3N5c3RlbS9hdHRyaWJ1dGVzL3R5cGVzIj5UeXBlczwvYT48c3Bhbj5UeXBlcyBhdHRyaWJ1dGVzLCB0eXBlczwvc3Bhbj48L2xpPiAgICAgICAgICAgICAgICAgICAgICAgICAgICAgICAgICAgICAgICA8bGk+PGEgaHJlZj0iaHR0cDovL3ZhbmlsbGEuaGl2ZS10ZW1wbGF0ZS5sb2NhbC5mZTEuc3RnLmhhcnZlc3RkcC5hbmNob3IubmV0LmF1L2luZGV4LnBocC9kYXNoYm9hcmQvc3lzdGVtL2F0dHJpYnV0ZXMvdG9waWNzIj5Ub3BpY3M8L2E+PHNwYW4+VG9waWNzIHRvcGljcywgdGFncywgdGF4b25vbXk8L3NwYW4+PC9saT4gICAgICAgICAgICAgICAgICAgICAgICAgICAgICAgICAgICAgICAgPGxpPjxhIGhyZWY9Imh0dHA6Ly92YW5pbGxhLmhpdmUtdGVtcGxhdGUubG9jYWwuZmUxLnN0Zy5oYXJ2ZXN0ZHAuYW5jaG9yLm5ldC5hdS9pbmRleC5waHAvZGFzaGJvYXJkL3N5c3RlbS9hdHRyaWJ1dGVzL3RvcGljcy9hZGQiPkFkZCBUb3BpYyBUcmVlPC9hPjxzcGFuPkFkZCBUb3BpYyBUcmVlIDwvc3Bhbj48L2xpPiAgICAgICAgICAgICAgICAgICAgICAgICAgICAgICAgICAgICAgICA8bGk+PGEgaHJlZj0iaHR0cDovL3ZhbmlsbGEuaGl2ZS10ZW1wbGF0ZS5sb2NhbC5mZTEuc3RnLmhhcnZlc3RkcC5hbmNob3IubmV0LmF1L2luZGV4LnBocC9kYXNoYm9hcmQvc3lzdGVtL2Vudmlyb25tZW50L2luZm8iPkVudmlyb25tZW50IEluZm9ybWF0aW9uPC9hPjxzcGFuPkVudmlyb25tZW50IEluZm9ybWF0aW9uIG92ZXJyaWRlcywgc3lzdGVtIGluZm8sIGRlYnVnLCBzdXBwb3J0LCBoZWxwPC9zcGFuPjwvbGk+ICAgICAgICAgICAgICAgICAgICAgICAgICAgICAgICAgICAgICAgIDxsaT48YSBocmVmPSJodHRwOi8vdmFuaWxsYS5oaXZlLXRlbXBsYXRlLmxvY2FsLmZlMS5zdGcuaGFydmVzdGRwLmFuY2hvci5uZXQuYXUvaW5kZXgucGhwL2Rhc2hib2FyZC9zeXN0ZW0vZW52aXJvbm1lbnQvZGVidWciPkRlYnVnIFNldHRpbmdzPC9hPjxzcGFuPkRlYnVnIFNldHRpbmdzIGVycm9ycywgZXhjZXB0aW9ucywgZGV2ZWxvcCwgc3VwcG9ydCwgaGVscDwvc3Bhbj48L2xpPiAgICAgICAgICAgICAgICAgICAgICAgICAgICAgICAgICAgICAgICA8bGk+PGEgaHJlZj0iaHR0cDovL3ZhbmlsbGEuaGl2ZS10ZW1wbGF0ZS5sb2NhbC5mZTEuc3RnLmhhcnZlc3RkcC5hbmNob3IubmV0LmF1L2luZGV4LnBocC9kYXNoYm9hcmQvc3lzdGVtL2Vudmlyb25tZW50L2xvZ2dpbmciPkxvZ2dpbmcgU2V0dGluZ3M8L2E+PHNwYW4+TG9nZ2luZyBTZXR0aW5ncyBlbWFpbCwgbG9nZ2luZywgbG9ncywgc210cCwgcG9wLCBlcnJvcnMsIG15c3FsLCBsb2c8L3NwYW4+PC9saT4gICAgICAgICAgICAgICAgICAgICAgICAgICAgICAgICAgICAgICAgPGxpPjxhIGhyZWY9Imh0dHA6Ly92YW5pbGxhLmhpdmUtdGVtcGxhdGUubG9jYWwuZmUxLnN0Zy5oYXJ2ZXN0ZHAuYW5jaG9yLm5ldC5hdS9pbmRleC5waHAvZGFzaGJvYXJkL3N5c3RlbS9lbnZpcm9ubWVudC9wcm94eSI+UHJveHkgU2VydmVyPC9hPjxzcGFuPlByb3h5IFNlcnZlciBuZXR3b3JrLCBwcm94eSBzZXJ2ZXI8L3NwYW4+PC9saT4gICAgICAgICAgICAgICAgICAgICAgICAgICAgICAgICAgICAgICAgPGxpPjxhIGhyZWY9Imh0dHA6Ly92YW5pbGxhLmhpdmUtdGVtcGxhdGUubG9jYWwuZmUxLnN0Zy5oYXJ2ZXN0ZHAuYW5jaG9yLm5ldC5hdS9pbmRleC5waHAvZGFzaGJvYXJkL3N5c3RlbS9lbnZpcm9ubWVudC9lbnRpdGllcyI+RGF0YWJhc2UgRW50aXRpZXM8L2E+PHNwYW4+RGF0YWJhc2UgRW50aXRpZXMgZGF0YWJhc2UsIGVudGl0aWVzLCBkb2N0cmluZSwgb3JtPC9zcGFuPjwvbGk+ICAgICAgICAgICAgICAgICAgICAgICAgICAgICAgICAgICAgICAgIDxsaT48YSBocmVmPSJodHRwOi8vdmFuaWxsYS5oaXZlLXRlbXBsYXRlLmxvY2FsLmZlMS5zdGcuaGFydmVzdGRwLmFuY2hvci5uZXQuYXUvaW5kZXgucGhwL2Rhc2hib2FyZC9zeXN0ZW0vYmFja3VwIj5CYWNrdXAgJiBSZXN0b3JlPC9hPjxzcGFuPkJhY2t1cCAmIFJlc3RvcmUgZXhwb3J0LCBiYWNrdXAsIGRhdGFiYXNlLCBzcWwsIG15c3FsLCBlbmNyeXB0aW9uLCByZXN0b3JlPC9zcGFuPjwvbGk+ICAgICAgICAgICAgICAgICAgICAgICAgICAgICAgICAgICAgICAgIDxsaT48YSBocmVmPSJodHRwOi8vdmFuaWxsYS5oaXZlLXRlbXBsYXRlLmxvY2FsLmZlMS5zdGcuaGFydmVzdGRwLmFuY2hvci5uZXQuYXUvaW5kZXgucGhwL2Rhc2hib2FyZC9zeXN0ZW0vYmFja3VwL2JhY2t1cCI+QmFja3VwIERhdGFiYXNlPC9hPjxzcGFuPkJhY2t1cCBEYXRhYmFzZSA8L3NwYW4+PC9saT4gICAgICAgICAgICAgICAgICAgICAgICAgICAgICAgICAgICAgICAgPGxpPjxhIGhyZWY9Imh0dHA6Ly92YW5pbGxhLmhpdmUtdGVtcGxhdGUubG9jYWwuZmUxLnN0Zy5oYXJ2ZXN0ZHAuYW5jaG9yLm5ldC5hdS9pbmRleC5waHAvZGFzaGJvYXJkL3N5c3RlbS9iYWNrdXAvdXBkYXRlIj5VcGRhdGUgY29uY3JldGU1PC9hPjxzcGFuPlVwZGF0ZSBjb25jcmV0ZTUgdXBncmFkZSwgbmV3IHZlcnNpb24sIHVwZGF0ZTwvc3Bhbj48L2xpPiAgICAgICAgICAgICAgICAgICAgICAgICAgICAgICAgICAgICAgICA8bGk+PGEgaHJlZj0iaHR0cDovL3ZhbmlsbGEuaGl2ZS10ZW1wbGF0ZS5sb2NhbC5mZTEuc3RnLmhhcnZlc3RkcC5hbmNob3IubmV0LmF1L2luZGV4LnBocC9kYXNoYm9hcmQvc3lzdGVtL21vZGVyYXRpb24iPk1vZGVyYXRpb248L2E+PHNwYW4+TW9kZXJhdGlvbiA8L3NwYW4+PC9saT4gICAgICAgICAgICAgICAgICAgICAgICAgICAgICAgICAgICAgICAgPGxpPjxhIGhyZWY9Imh0dHA6Ly92YW5pbGxhLmhpdmUtdGVtcGxhdGUubG9jYWwuZmUxLnN0Zy5oYXJ2ZXN0ZHAuYW5jaG9yLm5ldC5hdS9pbmRleC5waHAvZGFzaGJvYXJkL3N5c3RlbS9tb2RlcmF0aW9uL3JlYXNvbiI+UmVhc29uPC9hPjxzcGFuPlJlYXNvbiA8L3NwYW4+PC9saT4gICAgICAgICAgICAgICAgICAgICAgICAgICAgICAgICAgICAgICAgPGxpPjxhIGhyZWY9Imh0dHA6Ly92YW5pbGxhLmhpdmUtdGVtcGxhdGUubG9jYWwuZmUxLnN0Zy5oYXJ2ZXN0ZHAuYW5jaG9yLm5ldC5hdS9pbmRleC5waHAvZGFzaGJvYXJkL3N5c3RlbS9tb2RlcmF0aW9uL3Blcm1pc3Npb25zIj5Nb2RlcmF0aW9uIFBlcm1pc3Npb25zPC9hPjxzcGFuPk1vZGVyYXRpb24gUGVybWlzc2lvbnMgPC9zcGFuPjwvbGk+ICAgICAgICAgICAgICAgICAgICAgICAgICAgICAgICAgICAgICAgIDxsaT48YSBocmVmPSJodHRwOi8vdmFuaWxsYS5oaXZlLXRlbXBsYXRlLmxvY2FsLmZlMS5zdGcuaGFydmVzdGRwLmFuY2hvci5uZXQuYXUvaW5kZXgucGhwL2Rhc2hib2FyZC9zeXN0ZW0vbW9kZXJhdGlvbi9zZXR0aW5ncyI+U2V0dGluZ3M8L2E+PHNwYW4+U2V0dGluZ3MgPC9zcGFuPjwvbGk+ICAgICAgICAgICAgICAgICAgICAgICAgICAgICAgICAgICAgPC91bD4gICAgICAgICAgICAgICAgPC9kaXY+ICAgICAgICAgICAgICAgICAgICAgICAgICAgICAgICA8ZGl2IGNsYXNzPSJjY20taW50ZWxsaWdlbnQtc2VhcmNoLXJlc3VsdHMtbW9kdWxlIGNjbS1pbnRlbGxpZ2VudC1zZWFyY2gtcmVzdWx0cy1tb2R1bGUtb25zaXRlIj4gICAgICAgICAgICAgICAgPGgxPkhpdmUgU2V0dGluZ3M8L2gxPiAgICAgICAgICAgICAgICA8dWwgY2xhc3M9ImNjbS1pbnRlbGxpZ2VudC1zZWFyY2gtcmVzdWx0cy1saXN0Ij4gICAgICAgICAgICAgICAgICAgICAgICAgICAgICAgICAgICAgICAgICAgICAgICAgICAgPGxpPjxhIGhyZWY9Imh0dHA6Ly92YW5pbGxhLmhpdmUtdGVtcGxhdGUubG9jYWwuZmUxLnN0Zy5oYXJ2ZXN0ZHAuYW5jaG9yLm5ldC5hdS9pbmRleC5waHAvZGFzaGJvYXJkL3NldHRpbmdzL3NpdGUiPlNpdGU8L2E+PHNwYW4+SGl2ZSBTZXR0aW5ncyAgU2l0ZSA8L3NwYW4+PC9saT4gICAgICAgICAgICAgICAgICAgICAgICAgICAgICAgICAgICAgICAgPGxpPjxhIGhyZWY9Imh0dHA6Ly92YW5pbGxhLmhpdmUtdGVtcGxhdGUubG9jYWwuZmUxLnN0Zy5oYXJ2ZXN0ZHAuYW5jaG9yLm5ldC5hdS9pbmRleC5waHAvZGFzaGJvYXJkL3NldHRpbmdzL3VzZXJzIj5Vc2VyczwvYT48c3Bhbj5IaXZlIFNldHRpbmdzICBVc2VycyA8L3NwYW4+PC9saT4gICAgICAgICAgICAgICAgICAgICAgICAgICAgICAgICAgICAgICAgPGxpPjxhIGhyZWY9Imh0dHA6Ly92YW5pbGxhLmhpdmUtdGVtcGxhdGUubG9jYWwuZmUxLnN0Zy5oYXJ2ZXN0ZHAuYW5jaG9yLm5ldC5hdS9pbmRleC5waHAvZGFzaGJvYXJkL3NldHRpbmdzL21vZGVyYXRpb24iPk1vZGVyYXRpb248L2E+PHNwYW4+SGl2ZSBTZXR0aW5ncyAgTW9kZXJhdGlvbiA8L3NwYW4+PC9saT4gICAgICAgICAgICAgICAgICAgICAgICAgICAgICAgICAgICAgICAgPGxpPjxhIGhyZWY9Imh0dHA6Ly92YW5pbGxhLmhpdmUtdGVtcGxhdGUubG9jYWwuZmUxLnN0Zy5oYXJ2ZXN0ZHAuYW5jaG9yLm5ldC5hdS9pbmRleC5waHAvZGFzaGJvYXJkL3NldHRpbmdzL2VtYWlsIj5FbWFpbDwvYT48c3Bhbj5IaXZlIFNldHRpbmdzICBFbWFpbCA8L3NwYW4+PC9saT4gICAgICAgICAgICAgICAgICAgICAgICAgICAgICAgICAgICAgICAgPGxpPjxhIGhyZWY9Imh0dHA6Ly92YW5pbGxhLmhpdmUtdGVtcGxhdGUubG9jYWwuZmUxLnN0Zy5oYXJ2ZXN0ZHAuYW5jaG9yLm5ldC5hdS9pbmRleC5waHAvZGFzaGJvYXJkL3NldHRpbmdzL3Byb2plY3RzIj5Qcm9qZWN0czwvYT48c3Bhbj5IaXZlIFNldHRpbmdzICBQcm9qZWN0cyA8L3NwYW4+PC9saT4gICAgICAgICAgICAgICAgICAgICAgICAgICAgICAgICAgICA8L3VsPiAgICAgICAgICAgICAgICA8L2Rpdj4gICAgICAgICAgICAgICAgICAgICAgICAgICAgPGRpdiBjbGFzcz0iY2NtLWludGVsbGlnZW50LXNlYXJjaC1yZXN1bHRzLW1vZHVsZSBjY20taW50ZWxsaWdlbnQtc2VhcmNoLXJlc3VsdHMtbW9kdWxlLW9uc2l0ZSI+ICAgICAgICAgICAgPGgxPkRhc2hib2FyZCBIb21lPC9oMT4gICAgICAgICAgICA8dWwgY2xhc3M9ImNjbS1pbnRlbGxpZ2VudC1zZWFyY2gtcmVzdWx0cy1saXN0Ij4gICAgICAgICAgICAgICAgPGxpPjxhIGhyZWY9Imh0dHA6Ly92YW5pbGxhLmhpdmUtdGVtcGxhdGUubG9jYWwuZmUxLnN0Zy5oYXJ2ZXN0ZHAuYW5jaG9yLm5ldC5hdS9pbmRleC5waHAvZGFzaGJvYXJkL2hvbWUiPkN1c3RvbWl6ZSA8c3Bhbj5DdXN0b21pemUgRGFzaGJvYXJkIEhvbWU8L3NwYW4+PC9hPjwvbGk+ICAgICAgICAgICAgPC91bD4gICAgICAgICAgICA8L2Rpdj4gICAgICAgICAgICAgICAgICAgICAgICA8ZGl2IGNsYXNzPSJjY20taW50ZWxsaWdlbnQtc2VhcmNoLXJlc3VsdHMtbW9kdWxlIj4gICAgICAgICAgICA8aDE+WW91ciBTaXRlPC9oMT4gICAgICAgICAgICA8ZGl2IGNsYXNzPSJsb2FkZXIiPiAgICAgICAgICAgICAgICA8ZGl2IGNsYXNzPSJkb3QgZG90MSI+PC9kaXY+ICAgICAgICAgICAgICAgIDxkaXYgY2xhc3M9ImRvdCBkb3QyIj48L2Rpdj4gICAgICAgICAgICAgICAgPGRpdiBjbGFzcz0iZG90IGRvdDMiPjwvZGl2PiAgICAgICAgICAgICAgICA8ZGl2IGNsYXNzPSJkb3QgZG90NCI+PC9kaXY+ICAgICAgICAgICAgPC9kaXY+ICAgICAgICAgICAgPHVsIGNsYXNzPSJjY20taW50ZWxsaWdlbnQtc2VhcmNoLXJlc3VsdHMtbGlzdCIgaWQ9ImNjbS1pbnRlbGxpZ2VudC1zZWFyY2gtcmVzdWx0cy1saXN0LXlvdXItc2l0ZSI+ICAgICAgICAgICAgPC91bD4gICAgICAgICAgICA8L2Rpdj4gICAgICAgICAgICAgICAgICAgICAgICAgICAgICAgIDwvZGl2PiAgICAgICAgIjt9czoxODoiQ0xJRU5UX1JFTU9URV9BRERSIjtzOjE1OiIyMDMuMjA2LjE0Mi4yMzIiO3M6MjI6IkNMSUVOVF9IVFRQX1VTRVJfQUdFTlQiO3M6Nzg6Ik1vemlsbGEvNS4wIChXaW5kb3dzIE5UIDEwLjA7IFdpbjY0OyB4NjQ7IHJ2OjU4LjApIEdlY2tvLzIwMTAwMTAxIEZpcmVmb3gvNTguMCI7czoxMjoidU9ubGluZUNoZWNrIjtpOjE1MTkwMTExNzQ7czoyMjoiZnJvbnRlbmRQcmV2aW91c1BhZ2VJRCI7czoxOiIxIjtzOjc6ImVkaXRDSUQiO3M6MToiMSI7fV9zZjJfZmxhc2hlc3xhOjA6e31fc2YyX21ldGF8YTozOntzOjE6InUiO2k6MTUxOTAxMTE3NDtzOjE6ImMiO2k6MTUxOTAwNjU2MjtzOjE6ImwiO3M6NDoiNzIwMCI7fQ==',1519011174),('j0rjbrgl7shotoe5sc1u3k1vai','X3NmMl9hdHRyaWJ1dGVzfGE6MTU6e3M6MjE6ImFjY2Vzc0VudGl0aWVzVXBkYXRlZCI7aToxNTIxNzExNzExO3M6NzoidUdyb3VwcyI7YTozOntpOjI7czoxOiIyIjtpOjEyO3M6MjoiMTIiO2k6MTtzOjE6IjEiO31zOjM6InVJRCI7czoxOiIxIjtzOjU6InVOYW1lIjtzOjU6ImFkbWluIjtzOjE0OiJ1QmxvY2tUeXBlc1NldCI7YjowO3M6MTE6InVMYXN0T25saW5lIjtpOjE1MjE3MTIwMjk7czo5OiJ1VGltZXpvbmUiO047czoxNjoidURlZmF1bHRMYW5ndWFnZSI7TjtzOjE5OiJ1TGFzdFBhc3N3b3JkQ2hhbmdlIjtzOjE5OiIyMDE1LTAzLTEzIDA1OjEwOjIwIjtzOjE0OiJkYXNoYm9hcmRNZW51cyI7YToxOntzOjU6ImVuX1VTIjtzOjM4NzY2OiIgICAgICAgICAgICA8ZGl2IGlkPSJjY20taW50ZWxsaWdlbnQtc2VhcmNoLXJlc3VsdHMiPiAgICAgICAgICAgICAgICAgICAgICAgICAgICA8ZGl2IGNsYXNzPSJjY20taW50ZWxsaWdlbnQtc2VhcmNoLXJlc3VsdHMtbW9kdWxlIGNjbS1pbnRlbGxpZ2VudC1zZWFyY2gtcmVzdWx0cy1tb2R1bGUtb25zaXRlIj4gICAgICAgICAgICAgICAgPGgxPldvcmtmbG93PC9oMT4gICAgICAgICAgICAgICAgPHVsIGNsYXNzPSJjY20taW50ZWxsaWdlbnQtc2VhcmNoLXJlc3VsdHMtbGlzdCI+ICAgICAgICAgICAgICAgICAgICAgICAgICAgICAgICAgICAgICAgICAgICAgICAgICAgIDxsaT48YSBocmVmPSJodHRwOi8vdmFuaWxsYS5oaXZlLXRlbXBsYXRlLmxvY2FsLmZlMS5zdGcuaGFydmVzdGRwLmFuY2hvci5uZXQuYXUvaW5kZXgucGhwL2Rhc2hib2FyZC93b3JrZmxvdy93b3JrZmxvd3MiPldvcmtmbG93IExpc3Q8L2E+PHNwYW4+V29ya2Zsb3cgYWRkIHdvcmtmbG93LCByZW1vdmUgd29ya2Zsb3cgV29ya2Zsb3cgTGlzdCA8L3NwYW4+PC9saT4gICAgICAgICAgICAgICAgICAgICAgICAgICAgICAgICAgICAgICAgPGxpPjxhIGhyZWY9Imh0dHA6Ly92YW5pbGxhLmhpdmUtdGVtcGxhdGUubG9jYWwuZmUxLnN0Zy5oYXJ2ZXN0ZHAuYW5jaG9yLm5ldC5hdS9pbmRleC5waHAvZGFzaGJvYXJkL3dvcmtmbG93L21lIj5XYWl0aW5nIGZvciBNZTwvYT48c3Bhbj5Xb3JrZmxvdyBhZGQgd29ya2Zsb3csIHJlbW92ZSB3b3JrZmxvdyBXYWl0aW5nIGZvciBNZSA8L3NwYW4+PC9saT4gICAgICAgICAgICAgICAgICAgICAgICAgICAgICAgICAgICA8L3VsPiAgICAgICAgICAgICAgICA8L2Rpdj4gICAgICAgICAgICAgICAgICAgICAgICAgICAgICAgIDxkaXYgY2xhc3M9ImNjbS1pbnRlbGxpZ2VudC1zZWFyY2gtcmVzdWx0cy1tb2R1bGUgY2NtLWludGVsbGlnZW50LXNlYXJjaC1yZXN1bHRzLW1vZHVsZS1vbnNpdGUiPiAgICAgICAgICAgICAgICA8aDE+TW9kZXJhdGlvbjwvaDE+ICAgICAgICAgICAgICAgIDx1bCBjbGFzcz0iY2NtLWludGVsbGlnZW50LXNlYXJjaC1yZXN1bHRzLWxpc3QiPiAgICAgICAgICAgICAgICAgICAgICAgICAgICAgICAgICAgIDxsaT48YSBocmVmPSJodHRwOi8vdmFuaWxsYS5oaXZlLXRlbXBsYXRlLmxvY2FsLmZlMS5zdGcuaGFydmVzdGRwLmFuY2hvci5uZXQuYXUvaW5kZXgucGhwL2Rhc2hib2FyZC9tb2RlcmF0aW9uIj5Nb2RlcmF0aW9uPC9hPjxzcGFuPk1vZGVyYXRpb24gPC9zcGFuPjwvbGk+ICAgICAgICAgICAgICAgICAgICAgICAgICAgICAgICAgICAgICAgICAgICAgICAgICAgIDwvdWw+ICAgICAgICAgICAgICAgIDwvZGl2PiAgICAgICAgICAgICAgICAgICAgICAgICAgICAgICAgPGRpdiBjbGFzcz0iY2NtLWludGVsbGlnZW50LXNlYXJjaC1yZXN1bHRzLW1vZHVsZSBjY20taW50ZWxsaWdlbnQtc2VhcmNoLXJlc3VsdHMtbW9kdWxlLW9uc2l0ZSI+ICAgICAgICAgICAgICAgIDxoMT5Qcm9qZWN0czwvaDE+ICAgICAgICAgICAgICAgIDx1bCBjbGFzcz0iY2NtLWludGVsbGlnZW50LXNlYXJjaC1yZXN1bHRzLWxpc3QiPiAgICAgICAgICAgICAgICAgICAgICAgICAgICAgICAgICAgICAgICAgICAgICAgICAgICA8bGk+PGEgaHJlZj0iaHR0cDovL3ZhbmlsbGEuaGl2ZS10ZW1wbGF0ZS5sb2NhbC5mZTEuc3RnLmhhcnZlc3RkcC5hbmNob3IubmV0LmF1L2luZGV4LnBocC9kYXNoYm9hcmQvcHJvamVjdHMvbGF1bmNoIj5MYXVuY2ggTmV3IFByb2plY3Q8L2E+PHNwYW4+UHJvamVjdHMgIExhdW5jaCBOZXcgUHJvamVjdCA8L3NwYW4+PC9saT4gICAgICAgICAgICAgICAgICAgICAgICAgICAgICAgICAgICAgICAgPGxpPjxhIGhyZWY9Imh0dHA6Ly92YW5pbGxhLmhpdmUtdGVtcGxhdGUubG9jYWwuZmUxLnN0Zy5oYXJ2ZXN0ZHAuYW5jaG9yLm5ldC5hdS9pbmRleC5waHAvZGFzaGJvYXJkL3Byb2plY3RzL3NldHRpbmdzIj5Qcm9qZWN0IFNldHRpbmdzPC9hPjxzcGFuPlByb2plY3RzICBQcm9qZWN0IFNldHRpbmdzIDwvc3Bhbj48L2xpPiAgICAgICAgICAgICAgICAgICAgICAgICAgICAgICAgICAgIDwvdWw+ICAgICAgICAgICAgICAgIDwvZGl2PiAgICAgICAgICAgICAgICAgICAgICAgICAgICAgICAgPGRpdiBjbGFzcz0iY2NtLWludGVsbGlnZW50LXNlYXJjaC1yZXN1bHRzLW1vZHVsZSBjY20taW50ZWxsaWdlbnQtc2VhcmNoLXJlc3VsdHMtbW9kdWxlLW9uc2l0ZSI+ICAgICAgICAgICAgICAgIDxoMT5SZXBvcnRzPC9oMT4gICAgICAgICAgICAgICAgPHVsIGNsYXNzPSJjY20taW50ZWxsaWdlbnQtc2VhcmNoLXJlc3VsdHMtbGlzdCI+ICAgICAgICAgICAgICAgICAgICAgICAgICAgICAgICAgICAgICAgICAgICAgICAgICAgIDxsaT48YSBocmVmPSJodHRwOi8vdmFuaWxsYS5oaXZlLXRlbXBsYXRlLmxvY2FsLmZlMS5zdGcuaGFydmVzdGRwLmFuY2hvci5uZXQuYXUvaW5kZXgucGhwL2Rhc2hib2FyZC9yZXBvcnRzL2NvbnZlcnNhdGlvbnMiPkNvbnZlcnNhdGlvbnM8L2E+PHNwYW4+UmVwb3J0cyAgQ29udmVyc2F0aW9ucyBjb252ZXJzYXRpb24sIGRpc2N1c3Npb24sIGZvcnVtLCBndWVzdGJvb2s8L3NwYW4+PC9saT4gICAgICAgICAgICAgICAgICAgICAgICAgICAgICAgICAgICAgICAgPGxpPjxhIGhyZWY9Imh0dHA6Ly92YW5pbGxhLmhpdmUtdGVtcGxhdGUubG9jYWwuZmUxLnN0Zy5oYXJ2ZXN0ZHAuYW5jaG9yLm5ldC5hdS9pbmRleC5waHAvZGFzaGJvYXJkL3JlcG9ydHMvZm9ybXMiPkZvcm1zPC9hPjxzcGFuPlJlcG9ydHMgIEZvcm1zIGZvcm1zLCBxdWVzdGlvbnMsIHJlc3BvbnNlLCBkYXRhPC9zcGFuPjwvbGk+ICAgICAgICAgICAgICAgICAgICAgICAgICAgICAgICAgICAgICAgIDxsaT48YSBocmVmPSJodHRwOi8vdmFuaWxsYS5oaXZlLXRlbXBsYXRlLmxvY2FsLmZlMS5zdGcuaGFydmVzdGRwLmFuY2hvci5uZXQuYXUvaW5kZXgucGhwL2Rhc2hib2FyZC9yZXBvcnRzL3N1cnZleXMiPlBvbGxzPC9hPjxzcGFuPlJlcG9ydHMgIFBvbGxzIHF1ZXN0aW9ucywgcXVpeiwgcmVzcG9uc2U8L3NwYW4+PC9saT4gICAgICAgICAgICAgICAgICAgICAgICAgICAgICAgICAgICAgICAgPGxpPjxhIGhyZWY9Imh0dHA6Ly92YW5pbGxhLmhpdmUtdGVtcGxhdGUubG9jYWwuZmUxLnN0Zy5oYXJ2ZXN0ZHAuYW5jaG9yLm5ldC5hdS9pbmRleC5waHAvZGFzaGJvYXJkL3JlcG9ydHMvc3Vic2NyaXB0aW9ucyI+U3Vic2NyaXB0aW9uczwvYT48c3Bhbj5SZXBvcnRzICBTdWJzY3JpcHRpb25zIDwvc3Bhbj48L2xpPiAgICAgICAgICAgICAgICAgICAgICAgICAgICAgICAgICAgICAgICA8bGk+PGEgaHJlZj0iaHR0cDovL3ZhbmlsbGEuaGl2ZS10ZW1wbGF0ZS5sb2NhbC5mZTEuc3RnLmhhcnZlc3RkcC5hbmNob3IubmV0LmF1L2luZGV4LnBocC9kYXNoYm9hcmQvcmVwb3J0cy9zb2NpYWxfbWFwcyI+U29jaWFsIE1hcHBpbmc8L2E+PHNwYW4+UmVwb3J0cyAgU29jaWFsIE1hcHBpbmcgPC9zcGFuPjwvbGk+ICAgICAgICAgICAgICAgICAgICAgICAgICAgICAgICAgICAgICAgIDxsaT48YSBocmVmPSJodHRwOi8vdmFuaWxsYS5oaXZlLXRlbXBsYXRlLmxvY2FsLmZlMS5zdGcuaGFydmVzdGRwLmFuY2hvci5uZXQuYXUvaW5kZXgucGhwL2Rhc2hib2FyZC9yZXBvcnRzL3Zpc2lvbnMiPlZpc2lvbmluZzwvYT48c3Bhbj5SZXBvcnRzICBWaXNpb25pbmcgPC9zcGFuPjwvbGk+ICAgICAgICAgICAgICAgICAgICAgICAgICAgICAgICAgICAgICAgIDxsaT48YSBocmVmPSJodHRwOi8vdmFuaWxsYS5oaXZlLXRlbXBsYXRlLmxvY2FsLmZlMS5zdGcuaGFydmVzdGRwLmFuY2hvci5uZXQuYXUvaW5kZXgucGhwL2Rhc2hib2FyZC9yZXBvcnRzL2xvZ3MiPkxvZ3M8L2E+PHNwYW4+UmVwb3J0cyAgTG9ncyBmb3JtcywgbG9nLCBlcnJvciwgZW1haWwsIG15c3FsLCBleGNlcHRpb24sIHN1cnZleSwgaGlzdG9yeTwvc3Bhbj48L2xpPiAgICAgICAgICAgICAgICAgICAgICAgICAgICAgICAgICAgICAgICA8bGk+PGEgaHJlZj0iaHR0cDovL3ZhbmlsbGEuaGl2ZS10ZW1wbGF0ZS5sb2NhbC5mZTEuc3RnLmhhcnZlc3RkcC5hbmNob3IubmV0LmF1L2luZGV4LnBocC9kYXNoYm9hcmQvcmVwb3J0cy9vdmVydmlldyI+T3ZlcnZpZXc8L2E+PHNwYW4+UmVwb3J0cyAgT3ZlcnZpZXcgPC9zcGFuPjwvbGk+ICAgICAgICAgICAgICAgICAgICAgICAgICAgICAgICAgICAgICAgIDxsaT48YSBocmVmPSJodHRwOi8vdmFuaWxsYS5oaXZlLXRlbXBsYXRlLmxvY2FsLmZlMS5zdGcuaGFydmVzdGRwLmFuY2hvci5uZXQuYXUvaW5kZXgucGhwL2Rhc2hib2FyZC9yZXBvcnRzL2F1ZGllbmNlIj5BdWRpZW5jZTwvYT48c3Bhbj5SZXBvcnRzICBBdWRpZW5jZSA8L3NwYW4+PC9saT4gICAgICAgICAgICAgICAgICAgICAgICAgICAgICAgICAgICAgICAgPGxpPjxhIGhyZWY9Imh0dHA6Ly92YW5pbGxhLmhpdmUtdGVtcGxhdGUubG9jYWwuZmUxLnN0Zy5oYXJ2ZXN0ZHAuYW5jaG9yLm5ldC5hdS9pbmRleC5waHAvZGFzaGJvYXJkL3JlcG9ydHMvcmVzdWx0cyI+UmVzdWx0czwvYT48c3Bhbj5SZXBvcnRzICBSZXN1bHRzIDwvc3Bhbj48L2xpPiAgICAgICAgICAgICAgICAgICAgICAgICAgICAgICAgICAgICAgICA8bGk+PGEgaHJlZj0iaHR0cDovL3ZhbmlsbGEuaGl2ZS10ZW1wbGF0ZS5sb2NhbC5mZTEuc3RnLmhhcnZlc3RkcC5hbmNob3IubmV0LmF1L2luZGV4LnBocC9kYXNoYm9hcmQvcmVwb3J0cy9iZWhhdmlvdXIiPkJlaGF2aW91cjwvYT48c3Bhbj5SZXBvcnRzICBCZWhhdmlvdXIgPC9zcGFuPjwvbGk+ICAgICAgICAgICAgICAgICAgICAgICAgICAgICAgICAgICAgICAgIDxsaT48YSBocmVmPSJodHRwOi8vdmFuaWxsYS5oaXZlLXRlbXBsYXRlLmxvY2FsLmZlMS5zdGcuaGFydmVzdGRwLmFuY2hvci5uZXQuYXUvaW5kZXgucGhwL2Rhc2hib2FyZC9yZXBvcnRzL2FjcXVpc2l0aW9uIj5BY3F1aXNpdGlvbjwvYT48c3Bhbj5SZXBvcnRzICBBY3F1aXNpdGlvbiA8L3NwYW4+PC9saT4gICAgICAgICAgICAgICAgICAgICAgICAgICAgICAgICAgICAgICAgPGxpPjxhIGhyZWY9Imh0dHA6Ly92YW5pbGxhLmhpdmUtdGVtcGxhdGUubG9jYWwuZmUxLnN0Zy5oYXJ2ZXN0ZHAuYW5jaG9yLm5ldC5hdS9pbmRleC5waHAvZGFzaGJvYXJkL3JlcG9ydHMvcWEiPlF1ZXN0aW9uIGFuZCBBbnN3ZXI8L2E+PHNwYW4+UmVwb3J0cyAgUXVlc3Rpb24gYW5kIEFuc3dlciA8L3NwYW4+PC9saT4gICAgICAgICAgICAgICAgICAgICAgICAgICAgICAgICAgICAgICAgPGxpPjxhIGhyZWY9Imh0dHA6Ly92YW5pbGxhLmhpdmUtdGVtcGxhdGUubG9jYWwuZmUxLnN0Zy5oYXJ2ZXN0ZHAuYW5jaG9yLm5ldC5hdS9pbmRleC5waHAvZGFzaGJvYXJkL3JlcG9ydHMvYnVkZ2V0aW5nIj5CdWRnZXRpbmc8L2E+PHNwYW4+UmVwb3J0cyAgQnVkZ2V0aW5nIDwvc3Bhbj48L2xpPiAgICAgICAgICAgICAgICAgICAgICAgICAgICAgICAgICAgIDwvdWw+ICAgICAgICAgICAgICAgIDwvZGl2PiAgICAgICAgICAgICAgICAgICAgICAgICAgICAgICAgPGRpdiBjbGFzcz0iY2NtLWludGVsbGlnZW50LXNlYXJjaC1yZXN1bHRzLW1vZHVsZSBjY20taW50ZWxsaWdlbnQtc2VhcmNoLXJlc3VsdHMtbW9kdWxlLW9uc2l0ZSI+ICAgICAgICAgICAgICAgIDxoMT5BbmFseXRpY3M8L2gxPiAgICAgICAgICAgICAgICA8dWwgY2xhc3M9ImNjbS1pbnRlbGxpZ2VudC1zZWFyY2gtcmVzdWx0cy1saXN0Ij4gICAgICAgICAgICAgICAgICAgICAgICAgICAgICAgICAgICAgICAgICAgICAgICAgICAgPGxpPjxhIGhyZWY9Imh0dHA6Ly92YW5pbGxhLmhpdmUtdGVtcGxhdGUubG9jYWwuZmUxLnN0Zy5oYXJ2ZXN0ZHAuYW5jaG9yLm5ldC5hdS9pbmRleC5waHAvZGFzaGJvYXJkL2FuYWx5dGljcy9zZXNzaW9ucyI+U2Vzc2lvbnM8L2E+PHNwYW4+QW5hbHl0aWNzIGZvcm1zLCBsb2csIGVycm9yLCBlbWFpbCwgbXlzcWwsIGV4Y2VwdGlvbiwgc3VydmV5IFNlc3Npb25zIDwvc3Bhbj48L2xpPiAgICAgICAgICAgICAgICAgICAgICAgICAgICAgICAgICAgICAgICA8bGk+PGEgaHJlZj0iaHR0cDovL3ZhbmlsbGEuaGl2ZS10ZW1wbGF0ZS5sb2NhbC5mZTEuc3RnLmhhcnZlc3RkcC5hbmNob3IubmV0LmF1L2luZGV4LnBocC9kYXNoYm9hcmQvYW5hbHl0aWNzL3Zpc2l0b3JzIj5WaXNpdG9yczwvYT48c3Bhbj5BbmFseXRpY3MgZm9ybXMsIGxvZywgZXJyb3IsIGVtYWlsLCBteXNxbCwgZXhjZXB0aW9uLCBzdXJ2ZXkgVmlzaXRvcnMgPC9zcGFuPjwvbGk+ICAgICAgICAgICAgICAgICAgICAgICAgICAgICAgICAgICAgPC91bD4gICAgICAgICAgICAgICAgPC9kaXY+ICAgICAgICAgICAgICAgICAgICAgICAgICAgICAgICA8ZGl2IGNsYXNzPSJjY20taW50ZWxsaWdlbnQtc2VhcmNoLXJlc3VsdHMtbW9kdWxlIGNjbS1pbnRlbGxpZ2VudC1zZWFyY2gtcmVzdWx0cy1tb2R1bGUtb25zaXRlIj4gICAgICAgICAgICAgICAgPGgxPkZpbGVzPC9oMT4gICAgICAgICAgICAgICAgPHVsIGNsYXNzPSJjY20taW50ZWxsaWdlbnQtc2VhcmNoLXJlc3VsdHMtbGlzdCI+ICAgICAgICAgICAgICAgICAgICAgICAgICAgICAgICAgICAgICAgICAgICAgICAgICAgIDxsaT48YSBocmVmPSJodHRwOi8vdmFuaWxsYS5oaXZlLXRlbXBsYXRlLmxvY2FsLmZlMS5zdGcuaGFydmVzdGRwLmFuY2hvci5uZXQuYXUvaW5kZXgucGhwL2Rhc2hib2FyZC9maWxlcy9zZWFyY2giPkZpbGUgTWFuYWdlcjwvYT48c3Bhbj5GaWxlcyAgRmlsZSBNYW5hZ2VyIGFkZCBmaWxlLCBkZWxldGUgZmlsZSwgY29weSwgbW92ZSwgYWxpYXMsIHJlc2l6ZSwgY3JvcCwgcmVuYW1lLCBpbWFnZXMsIHRpdGxlLCBhdHRyaWJ1dGU8L3NwYW4+PC9saT4gICAgICAgICAgICAgICAgICAgICAgICAgICAgICAgICAgICAgICAgPGxpPjxhIGhyZWY9Imh0dHA6Ly92YW5pbGxhLmhpdmUtdGVtcGxhdGUubG9jYWwuZmUxLnN0Zy5oYXJ2ZXN0ZHAuYW5jaG9yLm5ldC5hdS9pbmRleC5waHAvZGFzaGJvYXJkL2ZpbGVzL2F0dHJpYnV0ZXMiPkF0dHJpYnV0ZXM8L2E+PHNwYW4+RmlsZXMgIEF0dHJpYnV0ZXMgZmlsZSwgZmlsZSBhdHRyaWJ1dGVzLCB0aXRsZSwgYXR0cmlidXRlLCBkZXNjcmlwdGlvbiwgcmVuYW1lPC9zcGFuPjwvbGk+ICAgICAgICAgICAgICAgICAgICAgICAgICAgICAgICAgICAgICAgIDxsaT48YSBocmVmPSJodHRwOi8vdmFuaWxsYS5oaXZlLXRlbXBsYXRlLmxvY2FsLmZlMS5zdGcuaGFydmVzdGRwLmFuY2hvci5uZXQuYXUvaW5kZXgucGhwL2Rhc2hib2FyZC9maWxlcy9zZXRzIj5GaWxlIFNldHM8L2E+PHNwYW4+RmlsZXMgIEZpbGUgU2V0cyBmaWxlcywgY2F0ZWdvcnksIGNhdGVnb3JpZXM8L3NwYW4+PC9saT4gICAgICAgICAgICAgICAgICAgICAgICAgICAgICAgICAgICAgICAgPGxpPjxhIGhyZWY9Imh0dHA6Ly92YW5pbGxhLmhpdmUtdGVtcGxhdGUubG9jYWwuZmUxLnN0Zy5oYXJ2ZXN0ZHAuYW5jaG9yLm5ldC5hdS9pbmRleC5waHAvZGFzaGJvYXJkL2ZpbGVzL2FkZF9zZXQiPkFkZCBGaWxlIFNldDwvYT48c3Bhbj5GaWxlcyAgQWRkIEZpbGUgU2V0IG5ldyBmaWxlIHNldDwvc3Bhbj48L2xpPiAgICAgICAgICAgICAgICAgICAgICAgICAgICAgICAgICAgIDwvdWw+ICAgICAgICAgICAgICAgIDwvZGl2PiAgICAgICAgICAgICAgICAgICAgICAgICAgICAgICAgPGRpdiBjbGFzcz0iY2NtLWludGVsbGlnZW50LXNlYXJjaC1yZXN1bHRzLW1vZHVsZSBjY20taW50ZWxsaWdlbnQtc2VhcmNoLXJlc3VsdHMtbW9kdWxlLW9uc2l0ZSI+ICAgICAgICAgICAgICAgIDxoMT5NZW1iZXJzPC9oMT4gICAgICAgICAgICAgICAgPHVsIGNsYXNzPSJjY20taW50ZWxsaWdlbnQtc2VhcmNoLXJlc3VsdHMtbGlzdCI+ICAgICAgICAgICAgICAgICAgICAgICAgICAgICAgICAgICAgICAgICAgICAgICAgICAgIDxsaT48YSBocmVmPSJodHRwOi8vdmFuaWxsYS5oaXZlLXRlbXBsYXRlLmxvY2FsLmZlMS5zdGcuaGFydmVzdGRwLmFuY2hvci5uZXQuYXUvaW5kZXgucGhwL2Rhc2hib2FyZC91c2Vycy9jb21tdW5pdHkiPkNvbW11bml0eSBNZW1iZXJzPC9hPjxzcGFuPk1lbWJlcnMgdXNlcnMsIGdyb3VwcywgcGVvcGxlLCBmaW5kLCBkZWxldGUgdXNlciwgcmVtb3ZlIHVzZXIsIGNoYW5nZSBwYXNzd29yZCwgcGFzc3dvcmQgQ29tbXVuaXR5IE1lbWJlcnMgPC9zcGFuPjwvbGk+ICAgICAgICAgICAgICAgICAgICAgICAgICAgICAgICAgICAgICAgIDxsaT48YSBocmVmPSJodHRwOi8vdmFuaWxsYS5oaXZlLXRlbXBsYXRlLmxvY2FsLmZlMS5zdGcuaGFydmVzdGRwLmFuY2hvci5uZXQuYXUvaW5kZXgucGhwL2Rhc2hib2FyZC91c2Vycy9zaXRlIj5TaXRlIFVzZXJzPC9hPjxzcGFuPk1lbWJlcnMgdXNlcnMsIGdyb3VwcywgcGVvcGxlLCBmaW5kLCBkZWxldGUgdXNlciwgcmVtb3ZlIHVzZXIsIGNoYW5nZSBwYXNzd29yZCwgcGFzc3dvcmQgU2l0ZSBVc2VycyA8L3NwYW4+PC9saT4gICAgICAgICAgICAgICAgICAgICAgICAgICAgICAgICAgICAgICAgPGxpPjxhIGhyZWY9Imh0dHA6Ly92YW5pbGxhLmhpdmUtdGVtcGxhdGUubG9jYWwuZmUxLnN0Zy5oYXJ2ZXN0ZHAuYW5jaG9yLm5ldC5hdS9pbmRleC5waHAvZGFzaGJvYXJkL3VzZXJzL2ludGVybmFsIj5JbnRlcm5hbCBVc2VyczwvYT48c3Bhbj5NZW1iZXJzIHVzZXJzLCBncm91cHMsIHBlb3BsZSwgZmluZCwgZGVsZXRlIHVzZXIsIHJlbW92ZSB1c2VyLCBjaGFuZ2UgcGFzc3dvcmQsIHBhc3N3b3JkIEludGVybmFsIFVzZXJzIDwvc3Bhbj48L2xpPiAgICAgICAgICAgICAgICAgICAgICAgICAgICAgICAgICAgICAgICA8bGk+PGEgaHJlZj0iaHR0cDovL3ZhbmlsbGEuaGl2ZS10ZW1wbGF0ZS5sb2NhbC5mZTEuc3RnLmhhcnZlc3RkcC5hbmNob3IubmV0LmF1L2luZGV4LnBocC9kYXNoYm9hcmQvdXNlcnMvc2VhcmNoIj5BbGwgVXNlcnM8L2E+PHNwYW4+TWVtYmVycyB1c2VycywgZ3JvdXBzLCBwZW9wbGUsIGZpbmQsIGRlbGV0ZSB1c2VyLCByZW1vdmUgdXNlciwgY2hhbmdlIHBhc3N3b3JkLCBwYXNzd29yZCBBbGwgVXNlcnMgZmluZCwgc2VhcmNoLCBwZW9wbGUsIGRlbGV0ZSB1c2VyLCByZW1vdmUgdXNlciwgY2hhbmdlIHBhc3N3b3JkLCBwYXNzd29yZDwvc3Bhbj48L2xpPiAgICAgICAgICAgICAgICAgICAgICAgICAgICAgICAgICAgICAgICA8bGk+PGEgaHJlZj0iaHR0cDovL3ZhbmlsbGEuaGl2ZS10ZW1wbGF0ZS5sb2NhbC5mZTEuc3RnLmhhcnZlc3RkcC5hbmNob3IubmV0LmF1L2luZGV4LnBocC9kYXNoYm9hcmQvdXNlcnMvZ3JvdXBzIj5Vc2VyIEdyb3VwczwvYT48c3Bhbj5NZW1iZXJzIHVzZXJzLCBncm91cHMsIHBlb3BsZSwgZmluZCwgZGVsZXRlIHVzZXIsIHJlbW92ZSB1c2VyLCBjaGFuZ2UgcGFzc3dvcmQsIHBhc3N3b3JkIFVzZXIgR3JvdXBzIHVzZXIsIGdyb3VwLCBwZW9wbGUsIHBlcm1pc3Npb25zLCBleHBpcmUsIGJhZGdlczwvc3Bhbj48L2xpPiAgICAgICAgICAgICAgICAgICAgICAgICAgICAgICAgICAgICAgICA8bGk+PGEgaHJlZj0iaHR0cDovL3ZhbmlsbGEuaGl2ZS10ZW1wbGF0ZS5sb2NhbC5mZTEuc3RnLmhhcnZlc3RkcC5hbmNob3IubmV0LmF1L2luZGV4LnBocC9kYXNoYm9hcmQvdXNlcnMvYXR0cmlidXRlcyI+QXR0cmlidXRlczwvYT48c3Bhbj5NZW1iZXJzIHVzZXJzLCBncm91cHMsIHBlb3BsZSwgZmluZCwgZGVsZXRlIHVzZXIsIHJlbW92ZSB1c2VyLCBjaGFuZ2UgcGFzc3dvcmQsIHBhc3N3b3JkIEF0dHJpYnV0ZXMgdXNlciBhdHRyaWJ1dGVzLCB1c2VyIGRhdGEsIGdhdGhlciBkYXRhLCByZWdpc3RyYXRpb24gZGF0YTwvc3Bhbj48L2xpPiAgICAgICAgICAgICAgICAgICAgICAgICAgICAgICAgICAgICAgICA8bGk+PGEgaHJlZj0iaHR0cDovL3ZhbmlsbGEuaGl2ZS10ZW1wbGF0ZS5sb2NhbC5mZTEuc3RnLmhhcnZlc3RkcC5hbmNob3IubmV0LmF1L2luZGV4LnBocC9kYXNoYm9hcmQvdXNlcnMvYWRkIj5BZGQgVXNlcjwvYT48c3Bhbj5NZW1iZXJzIHVzZXJzLCBncm91cHMsIHBlb3BsZSwgZmluZCwgZGVsZXRlIHVzZXIsIHJlbW92ZSB1c2VyLCBjaGFuZ2UgcGFzc3dvcmQsIHBhc3N3b3JkIEFkZCBVc2VyIG5ldyB1c2VyLCBjcmVhdGU8L3NwYW4+PC9saT4gICAgICAgICAgICAgICAgICAgICAgICAgICAgICAgICAgICAgICAgPGxpPjxhIGhyZWY9Imh0dHA6Ly92YW5pbGxhLmhpdmUtdGVtcGxhdGUubG9jYWwuZmUxLnN0Zy5oYXJ2ZXN0ZHAuYW5jaG9yLm5ldC5hdS9pbmRleC5waHAvZGFzaGJvYXJkL3VzZXJzL2FkZF9ncm91cCI+QWRkIEdyb3VwPC9hPjxzcGFuPk1lbWJlcnMgdXNlcnMsIGdyb3VwcywgcGVvcGxlLCBmaW5kLCBkZWxldGUgdXNlciwgcmVtb3ZlIHVzZXIsIGNoYW5nZSBwYXNzd29yZCwgcGFzc3dvcmQgQWRkIEdyb3VwIG5ldyB1c2VyIGdyb3VwLCBuZXcgZ3JvdXAsIGdyb3VwLCBjcmVhdGU8L3NwYW4+PC9saT4gICAgICAgICAgICAgICAgICAgICAgICAgICAgICAgICAgICAgICAgPGxpPjxhIGhyZWY9Imh0dHA6Ly92YW5pbGxhLmhpdmUtdGVtcGxhdGUubG9jYWwuZmUxLnN0Zy5oYXJ2ZXN0ZHAuYW5jaG9yLm5ldC5hdS9pbmRleC5waHAvZGFzaGJvYXJkL3VzZXJzL2dyb3VwX3NldHMiPkdyb3VwIFNldHM8L2E+PHNwYW4+TWVtYmVycyB1c2VycywgZ3JvdXBzLCBwZW9wbGUsIGZpbmQsIGRlbGV0ZSB1c2VyLCByZW1vdmUgdXNlciwgY2hhbmdlIHBhc3N3b3JkLCBwYXNzd29yZCBHcm91cCBTZXRzIGdyb3VwIHNldDwvc3Bhbj48L2xpPiAgICAgICAgICAgICAgICAgICAgICAgICAgICAgICAgICAgICAgICA8bGk+PGEgaHJlZj0iaHR0cDovL3ZhbmlsbGEuaGl2ZS10ZW1wbGF0ZS5sb2NhbC5mZTEuc3RnLmhhcnZlc3RkcC5hbmNob3IubmV0LmF1L2luZGV4LnBocC9kYXNoYm9hcmQvdXNlcnMvcG9pbnRzIj5Db21tdW5pdHkgUG9pbnRzPC9hPjxzcGFuPk1lbWJlcnMgdXNlcnMsIGdyb3VwcywgcGVvcGxlLCBmaW5kLCBkZWxldGUgdXNlciwgcmVtb3ZlIHVzZXIsIGNoYW5nZSBwYXNzd29yZCwgcGFzc3dvcmQgQ29tbXVuaXR5IFBvaW50cyBjb21tdW5pdHksIHBvaW50cywga2FybWE8L3NwYW4+PC9saT4gICAgICAgICAgICAgICAgICAgICAgICAgICAgICAgICAgICA8L3VsPiAgICAgICAgICAgICAgICA8L2Rpdj4gICAgICAgICAgICAgICAgICAgICAgICAgICAgICAgIDxkaXYgY2xhc3M9ImNjbS1pbnRlbGxpZ2VudC1zZWFyY2gtcmVzdWx0cy1tb2R1bGUgY2NtLWludGVsbGlnZW50LXNlYXJjaC1yZXN1bHRzLW1vZHVsZS1vbnNpdGUiPiAgICAgICAgICAgICAgICA8aDE+U2l0ZW1hcDwvaDE+ICAgICAgICAgICAgICAgIDx1bCBjbGFzcz0iY2NtLWludGVsbGlnZW50LXNlYXJjaC1yZXN1bHRzLWxpc3QiPiAgICAgICAgICAgICAgICAgICAgICAgICAgICAgICAgICAgICAgICAgICAgICAgICAgICA8bGk+PGEgaHJlZj0iaHR0cDovL3ZhbmlsbGEuaGl2ZS10ZW1wbGF0ZS5sb2NhbC5mZTEuc3RnLmhhcnZlc3RkcC5hbmNob3IubmV0LmF1L2luZGV4LnBocC9kYXNoYm9hcmQvc2l0ZW1hcC9mdWxsIj5GdWxsIFNpdGVtYXA8L2E+PHNwYW4+U2l0ZW1hcCBwYWdlcywgYWRkIHBhZ2UsIGRlbGV0ZSBwYWdlLCBjb3B5LCBtb3ZlLCBhbGlhcyBGdWxsIFNpdGVtYXAgcGFnZXMsIGFkZCBwYWdlLCBkZWxldGUgcGFnZSwgY29weSwgbW92ZSwgYWxpYXM8L3NwYW4+PC9saT4gICAgICAgICAgICAgICAgICAgICAgICAgICAgICAgICAgICAgICAgPGxpPjxhIGhyZWY9Imh0dHA6Ly92YW5pbGxhLmhpdmUtdGVtcGxhdGUubG9jYWwuZmUxLnN0Zy5oYXJ2ZXN0ZHAuYW5jaG9yLm5ldC5hdS9pbmRleC5waHAvZGFzaGJvYXJkL3NpdGVtYXAvZXhwbG9yZSI+RmxhdCBWaWV3PC9hPjxzcGFuPlNpdGVtYXAgcGFnZXMsIGFkZCBwYWdlLCBkZWxldGUgcGFnZSwgY29weSwgbW92ZSwgYWxpYXMgRmxhdCBWaWV3IHBhZ2VzLCBhZGQgcGFnZSwgZGVsZXRlIHBhZ2UsIGNvcHksIG1vdmUsIGFsaWFzLCBidWxrPC9zcGFuPjwvbGk+ICAgICAgICAgICAgICAgICAgICAgICAgICAgICAgICAgICAgICAgIDxsaT48YSBocmVmPSJodHRwOi8vdmFuaWxsYS5oaXZlLXRlbXBsYXRlLmxvY2FsLmZlMS5zdGcuaGFydmVzdGRwLmFuY2hvci5uZXQuYXUvaW5kZXgucGhwL2Rhc2hib2FyZC9zaXRlbWFwL3NlYXJjaCI+UGFnZSBTZWFyY2g8L2E+PHNwYW4+U2l0ZW1hcCBwYWdlcywgYWRkIHBhZ2UsIGRlbGV0ZSBwYWdlLCBjb3B5LCBtb3ZlLCBhbGlhcyBQYWdlIFNlYXJjaCBmaW5kIHBhZ2UsIHNlYXJjaCBwYWdlLCBzZWFyY2gsIGZpbmQsIHBhZ2VzLCBzaXRlbWFwPC9zcGFuPjwvbGk+ICAgICAgICAgICAgICAgICAgICAgICAgICAgICAgICAgICAgPC91bD4gICAgICAgICAgICAgICAgPC9kaXY+ICAgICAgICAgICAgICAgICAgICAgICAgICAgICAgICA8ZGl2IGNsYXNzPSJjY20taW50ZWxsaWdlbnQtc2VhcmNoLXJlc3VsdHMtbW9kdWxlIGNjbS1pbnRlbGxpZ2VudC1zZWFyY2gtcmVzdWx0cy1tb2R1bGUtb25zaXRlIj4gICAgICAgICAgICAgICAgPGgxPlBhZ2VzICYgVGhlbWVzPC9oMT4gICAgICAgICAgICAgICAgPHVsIGNsYXNzPSJjY20taW50ZWxsaWdlbnQtc2VhcmNoLXJlc3VsdHMtbGlzdCI+ICAgICAgICAgICAgICAgICAgICAgICAgICAgICAgICAgICAgICAgICAgICAgICAgICAgIDxsaT48YSBocmVmPSJodHRwOi8vdmFuaWxsYS5oaXZlLXRlbXBsYXRlLmxvY2FsLmZlMS5zdGcuaGFydmVzdGRwLmFuY2hvci5uZXQuYXUvaW5kZXgucGhwL2Rhc2hib2FyZC9wYWdlcy90aGVtZXMiPlRoZW1lczwvYT48c3Bhbj5QYWdlcyAmIFRoZW1lcyAgVGhlbWVzIG5ldyB0aGVtZSwgdGhlbWUsIGFjdGl2ZSB0aGVtZSwgY2hhbmdlIHRoZW1lLCB0ZW1wbGF0ZSwgY3NzPC9zcGFuPjwvbGk+ICAgICAgICAgICAgICAgICAgICAgICAgICAgICAgICAgICAgICAgIDxsaT48YSBocmVmPSJodHRwOi8vdmFuaWxsYS5oaXZlLXRlbXBsYXRlLmxvY2FsLmZlMS5zdGcuaGFydmVzdGRwLmFuY2hvci5uZXQuYXUvaW5kZXgucGhwL2Rhc2hib2FyZC9wYWdlcy90eXBlcyI+UGFnZSBUeXBlczwvYT48c3Bhbj5QYWdlcyAmIFRoZW1lcyAgUGFnZSBUeXBlcyA8L3NwYW4+PC9saT4gICAgICAgICAgICAgICAgICAgICAgICAgICAgICAgICAgICAgICAgPGxpPjxhIGhyZWY9Imh0dHA6Ly92YW5pbGxhLmhpdmUtdGVtcGxhdGUubG9jYWwuZmUxLnN0Zy5oYXJ2ZXN0ZHAuYW5jaG9yLm5ldC5hdS9pbmRleC5waHAvZGFzaGJvYXJkL3BhZ2VzL3RlbXBsYXRlcyI+UGFnZSBUZW1wbGF0ZXM8L2E+PHNwYW4+UGFnZXMgJiBUaGVtZXMgIFBhZ2UgVGVtcGxhdGVzIDwvc3Bhbj48L2xpPiAgICAgICAgICAgICAgICAgICAgICAgICAgICAgICAgICAgICAgICA8bGk+PGEgaHJlZj0iaHR0cDovL3ZhbmlsbGEuaGl2ZS10ZW1wbGF0ZS5sb2NhbC5mZTEuc3RnLmhhcnZlc3RkcC5hbmNob3IubmV0LmF1L2luZGV4LnBocC9kYXNoYm9hcmQvcGFnZXMvYXR0cmlidXRlcyI+QXR0cmlidXRlczwvYT48c3Bhbj5QYWdlcyAmIFRoZW1lcyAgQXR0cmlidXRlcyBwYWdlIGF0dHJpYnV0ZXMsIGN1c3RvbTwvc3Bhbj48L2xpPiAgICAgICAgICAgICAgICAgICAgICAgICAgICAgICAgICAgICAgICA8bGk+PGEgaHJlZj0iaHR0cDovL3ZhbmlsbGEuaGl2ZS10ZW1wbGF0ZS5sb2NhbC5mZTEuc3RnLmhhcnZlc3RkcC5hbmNob3IubmV0LmF1L2luZGV4LnBocC9kYXNoYm9hcmQvcGFnZXMvc2luZ2xlIj5TaW5nbGUgUGFnZXM8L2E+PHNwYW4+UGFnZXMgJiBUaGVtZXMgIFNpbmdsZSBQYWdlcyBzaW5nbGUsIHBhZ2UsIGN1c3RvbSwgYXBwbGljYXRpb248L3NwYW4+PC9saT4gICAgICAgICAgICAgICAgICAgICAgICAgICAgICAgICAgICAgICAgPGxpPjxhIGhyZWY9Imh0dHA6Ly92YW5pbGxhLmhpdmUtdGVtcGxhdGUubG9jYWwuZmUxLnN0Zy5oYXJ2ZXN0ZHAuYW5jaG9yLm5ldC5hdS9pbmRleC5waHAvZGFzaGJvYXJkL3BhZ2VzL2ZlZWRzIj5SU1MgRmVlZHM8L2E+PHNwYW4+UGFnZXMgJiBUaGVtZXMgIFJTUyBGZWVkcyBhdG9tLCByc3MsIGZlZWQsIHN5bmRpY2F0aW9uPC9zcGFuPjwvbGk+ICAgICAgICAgICAgICAgICAgICAgICAgICAgICAgICAgICAgPC91bD4gICAgICAgICAgICAgICAgPC9kaXY+ICAgICAgICAgICAgICAgICAgICAgICAgICAgICAgICA8ZGl2IGNsYXNzPSJjY20taW50ZWxsaWdlbnQtc2VhcmNoLXJlc3VsdHMtbW9kdWxlIGNjbS1pbnRlbGxpZ2VudC1zZWFyY2gtcmVzdWx0cy1tb2R1bGUtb25zaXRlIj4gICAgICAgICAgICAgICAgPGgxPkNvbnZlcnNhdGlvbnM8L2gxPiAgICAgICAgICAgICAgICA8dWwgY2xhc3M9ImNjbS1pbnRlbGxpZ2VudC1zZWFyY2gtcmVzdWx0cy1saXN0Ij4gICAgICAgICAgICAgICAgICAgICAgICAgICAgICAgICAgICAgICAgICAgICAgICAgICAgPGxpPjxhIGhyZWY9Imh0dHA6Ly92YW5pbGxhLmhpdmUtdGVtcGxhdGUubG9jYWwuZmUxLnN0Zy5oYXJ2ZXN0ZHAuYW5jaG9yLm5ldC5hdS9pbmRleC5waHAvZGFzaGJvYXJkL2NvbnZlcnNhdGlvbnMvbWVzc2FnZXMiPk1lc3NhZ2VzPC9hPjxzcGFuPkNvbnZlcnNhdGlvbnMgIE1lc3NhZ2VzIDwvc3Bhbj48L2xpPiAgICAgICAgICAgICAgICAgICAgICAgICAgICAgICAgICAgIDwvdWw+ICAgICAgICAgICAgICAgIDwvZGl2PiAgICAgICAgICAgICAgICAgICAgICAgICAgICAgICAgPGRpdiBjbGFzcz0iY2NtLWludGVsbGlnZW50LXNlYXJjaC1yZXN1bHRzLW1vZHVsZSBjY20taW50ZWxsaWdlbnQtc2VhcmNoLXJlc3VsdHMtbW9kdWxlLW9uc2l0ZSI+ICAgICAgICAgICAgICAgIDxoMT5TdGFja3MgJiBCbG9ja3M8L2gxPiAgICAgICAgICAgICAgICA8dWwgY2xhc3M9ImNjbS1pbnRlbGxpZ2VudC1zZWFyY2gtcmVzdWx0cy1saXN0Ij4gICAgICAgICAgICAgICAgICAgICAgICAgICAgICAgICAgICAgICAgICAgICAgICAgICAgPGxpPjxhIGhyZWY9Imh0dHA6Ly92YW5pbGxhLmhpdmUtdGVtcGxhdGUubG9jYWwuZmUxLnN0Zy5oYXJ2ZXN0ZHAuYW5jaG9yLm5ldC5hdS9pbmRleC5waHAvZGFzaGJvYXJkL2Jsb2Nrcy9zdGFja3MiPlN0YWNrczwvYT48c3Bhbj5TdGFja3MgJiBCbG9ja3MgIFN0YWNrcyBzdGFja3MsIHJldXNhYmxlIGNvbnRlbnQsIHNjcmFwYm9vaywgY29weSwgcGFzdGUsIHBhc3RlIGJsb2NrLCBjb3B5IGJsb2NrLCBzaXRlIG5hbWUsIGxvZ288L3NwYW4+PC9saT4gICAgICAgICAgICAgICAgICAgICAgICAgICAgICAgICAgICAgICAgPGxpPjxhIGhyZWY9Imh0dHA6Ly92YW5pbGxhLmhpdmUtdGVtcGxhdGUubG9jYWwuZmUxLnN0Zy5oYXJ2ZXN0ZHAuYW5jaG9yLm5ldC5hdS9pbmRleC5waHAvZGFzaGJvYXJkL2Jsb2Nrcy9wZXJtaXNzaW9ucyI+QmxvY2sgJiBTdGFjayBQZXJtaXNzaW9uczwvYT48c3Bhbj5TdGFja3MgJiBCbG9ja3MgIEJsb2NrICYgU3RhY2sgUGVybWlzc2lvbnMgPC9zcGFuPjwvbGk+ICAgICAgICAgICAgICAgICAgICAgICAgICAgICAgICAgICAgICAgIDxsaT48YSBocmVmPSJodHRwOi8vdmFuaWxsYS5oaXZlLXRlbXBsYXRlLmxvY2FsLmZlMS5zdGcuaGFydmVzdGRwLmFuY2hvci5uZXQuYXUvaW5kZXgucGhwL2Rhc2hib2FyZC9ibG9ja3MvdHlwZXMiPkJsb2NrIFR5cGVzPC9hPjxzcGFuPlN0YWNrcyAmIEJsb2NrcyAgQmxvY2sgVHlwZXMgYmxvY2ssIHJlZnJlc2gsIGN1c3RvbTwvc3Bhbj48L2xpPiAgICAgICAgICAgICAgICAgICAgICAgICAgICAgICAgICAgIDwvdWw+ICAgICAgICAgICAgICAgIDwvZGl2PiAgICAgICAgICAgICAgICAgICAgICAgICAgICAgICAgPGRpdiBjbGFzcz0iY2NtLWludGVsbGlnZW50LXNlYXJjaC1yZXN1bHRzLW1vZHVsZSBjY20taW50ZWxsaWdlbnQtc2VhcmNoLXJlc3VsdHMtbW9kdWxlLW9uc2l0ZSI+ICAgICAgICAgICAgICAgIDxoMT5FeHRlbmQgVGhlIEhpdmU8L2gxPiAgICAgICAgICAgICAgICA8dWwgY2xhc3M9ImNjbS1pbnRlbGxpZ2VudC1zZWFyY2gtcmVzdWx0cy1saXN0Ij4gICAgICAgICAgICAgICAgICAgICAgICAgICAgICAgICAgICAgICAgICAgICAgICAgICAgPGxpPjxhIGhyZWY9Imh0dHA6Ly92YW5pbGxhLmhpdmUtdGVtcGxhdGUubG9jYWwuZmUxLnN0Zy5oYXJ2ZXN0ZHAuYW5jaG9yLm5ldC5hdS9pbmRleC5waHAvZGFzaGJvYXJkL2V4dGVuZC9pbnN0YWxsIj5BZGQgRnVuY3Rpb25hbGl0eTwvYT48c3Bhbj5FeHRlbmQgVGhlIEhpdmUgYWRkLW9uLCBhZGRvbiwgYWRkIG9uLCBwYWNrYWdlLCBhcHAsIGVjb21tZXJjZSwgZGlzY3Vzc2lvbnMsIGZvcnVtcywgdGhlbWVzLCB0ZW1wbGF0ZXMsIGJsb2NrcyBBZGQgRnVuY3Rpb25hbGl0eSBhZGQtb24sIGFkZG9uLCBlY29tbWVyY2UsIGluc3RhbGwsIGRpc2N1c3Npb25zLCBmb3J1bXMsIHRoZW1lcywgdGVtcGxhdGVzLCBibG9ja3M8L3NwYW4+PC9saT4gICAgICAgICAgICAgICAgICAgICAgICAgICAgICAgICAgICAgICAgPGxpPjxhIGhyZWY9Imh0dHA6Ly92YW5pbGxhLmhpdmUtdGVtcGxhdGUubG9jYWwuZmUxLnN0Zy5oYXJ2ZXN0ZHAuYW5jaG9yLm5ldC5hdS9pbmRleC5waHAvZGFzaGJvYXJkL2V4dGVuZC91cGRhdGUiPlVwZGF0ZSBBZGQtT25zPC9hPjxzcGFuPkV4dGVuZCBUaGUgSGl2ZSBhZGQtb24sIGFkZG9uLCBhZGQgb24sIHBhY2thZ2UsIGFwcCwgZWNvbW1lcmNlLCBkaXNjdXNzaW9ucywgZm9ydW1zLCB0aGVtZXMsIHRlbXBsYXRlcywgYmxvY2tzIFVwZGF0ZSBBZGQtT25zIHVwZGF0ZSwgdXBncmFkZTwvc3Bhbj48L2xpPiAgICAgICAgICAgICAgICAgICAgICAgICAgICAgICAgICAgICAgICA8bGk+PGEgaHJlZj0iaHR0cDovL3ZhbmlsbGEuaGl2ZS10ZW1wbGF0ZS5sb2NhbC5mZTEuc3RnLmhhcnZlc3RkcC5hbmNob3IubmV0LmF1L2luZGV4LnBocC9kYXNoYm9hcmQvZXh0ZW5kL2Nvbm5lY3QiPkNvbm5lY3QgdG8gdGhlIENvbW11bml0eTwvYT48c3Bhbj5FeHRlbmQgVGhlIEhpdmUgYWRkLW9uLCBhZGRvbiwgYWRkIG9uLCBwYWNrYWdlLCBhcHAsIGVjb21tZXJjZSwgZGlzY3Vzc2lvbnMsIGZvcnVtcywgdGhlbWVzLCB0ZW1wbGF0ZXMsIGJsb2NrcyBDb25uZWN0IHRvIHRoZSBDb21tdW5pdHkgY29uY3JldGU1Lm9yZywgbXkgYWNjb3VudCwgbWFya2V0cGxhY2U8L3NwYW4+PC9saT4gICAgICAgICAgICAgICAgICAgICAgICAgICAgICAgICAgICAgICAgPGxpPjxhIGhyZWY9Imh0dHA6Ly92YW5pbGxhLmhpdmUtdGVtcGxhdGUubG9jYWwuZmUxLnN0Zy5oYXJ2ZXN0ZHAuYW5jaG9yLm5ldC5hdS9pbmRleC5waHAvZGFzaGJvYXJkL2V4dGVuZC90aGVtZXMiPkdldCBNb3JlIFRoZW1lczwvYT48c3Bhbj5FeHRlbmQgVGhlIEhpdmUgYWRkLW9uLCBhZGRvbiwgYWRkIG9uLCBwYWNrYWdlLCBhcHAsIGVjb21tZXJjZSwgZGlzY3Vzc2lvbnMsIGZvcnVtcywgdGhlbWVzLCB0ZW1wbGF0ZXMsIGJsb2NrcyBHZXQgTW9yZSBUaGVtZXMgYnV5IHRoZW1lLCBuZXcgdGhlbWUsIG1hcmtldHBsYWNlLCB0ZW1wbGF0ZTwvc3Bhbj48L2xpPiAgICAgICAgICAgICAgICAgICAgICAgICAgICAgICAgICAgICAgICA8bGk+PGEgaHJlZj0iaHR0cDovL3ZhbmlsbGEuaGl2ZS10ZW1wbGF0ZS5sb2NhbC5mZTEuc3RnLmhhcnZlc3RkcC5hbmNob3IubmV0LmF1L2luZGV4LnBocC9kYXNoYm9hcmQvZXh0ZW5kL2FkZG9ucyI+R2V0IE1vcmUgQWRkLU9uczwvYT48c3Bhbj5FeHRlbmQgVGhlIEhpdmUgYWRkLW9uLCBhZGRvbiwgYWRkIG9uLCBwYWNrYWdlLCBhcHAsIGVjb21tZXJjZSwgZGlzY3Vzc2lvbnMsIGZvcnVtcywgdGhlbWVzLCB0ZW1wbGF0ZXMsIGJsb2NrcyBHZXQgTW9yZSBBZGQtT25zIGJ1eSBhZGRvbiwgYnV5IGFkZCBvbiwgYnV5IGFkZC1vbiwgcHVyY2hhc2UgYWRkb24sIHB1cmNoYXNlIGFkZCBvbiwgcHVyY2hhc2UgYWRkLW9uLCBmaW5kIGFkZG9uLCBuZXcgYWRkb24sIG1hcmtldHBsYWNlPC9zcGFuPjwvbGk+ICAgICAgICAgICAgICAgICAgICAgICAgICAgICAgICAgICAgPC91bD4gICAgICAgICAgICAgICAgPC9kaXY+ICAgICAgICAgICAgICAgICAgICAgICAgICAgICAgICA8ZGl2IGNsYXNzPSJjY20taW50ZWxsaWdlbnQtc2VhcmNoLXJlc3VsdHMtbW9kdWxlIGNjbS1pbnRlbGxpZ2VudC1zZWFyY2gtcmVzdWx0cy1tb2R1bGUtb25zaXRlIj4gICAgICAgICAgICAgICAgPGgxPkRhc2hib2FyZDwvaDE+ICAgICAgICAgICAgICAgIDx1bCBjbGFzcz0iY2NtLWludGVsbGlnZW50LXNlYXJjaC1yZXN1bHRzLWxpc3QiPiAgICAgICAgICAgICAgICAgICAgICAgICAgICAgICAgICAgIDxsaT48YSBocmVmPSJodHRwOi8vdmFuaWxsYS5oaXZlLXRlbXBsYXRlLmxvY2FsLmZlMS5zdGcuaGFydmVzdGRwLmFuY2hvci5uZXQuYXUvaW5kZXgucGhwL2Rhc2hib2FyZC9uZXdzIj5EYXNoYm9hcmQ8L2E+PHNwYW4+RGFzaGJvYXJkIDwvc3Bhbj48L2xpPiAgICAgICAgICAgICAgICAgICAgICAgICAgICAgICAgICAgICAgICAgICAgICAgICAgICA8L3VsPiAgICAgICAgICAgICAgICA8L2Rpdj4gICAgICAgICAgICAgICAgICAgICAgICAgICAgICAgIDxkaXYgY2xhc3M9ImNjbS1pbnRlbGxpZ2VudC1zZWFyY2gtcmVzdWx0cy1tb2R1bGUgY2NtLWludGVsbGlnZW50LXNlYXJjaC1yZXN1bHRzLW1vZHVsZS1vbnNpdGUiPiAgICAgICAgICAgICAgICA8aDE+U3lzdGVtICYgU2V0dGluZ3M8L2gxPiAgICAgICAgICAgICAgICA8dWwgY2xhc3M9ImNjbS1pbnRlbGxpZ2VudC1zZWFyY2gtcmVzdWx0cy1saXN0Ij4gICAgICAgICAgICAgICAgICAgICAgICAgICAgICAgICAgICAgICAgICAgICAgICAgICAgPGxpPjxhIGhyZWY9Imh0dHA6Ly92YW5pbGxhLmhpdmUtdGVtcGxhdGUubG9jYWwuZmUxLnN0Zy5oYXJ2ZXN0ZHAuYW5jaG9yLm5ldC5hdS9pbmRleC5waHAvZGFzaGJvYXJkL3N5c3RlbSI+VmlldyBBbGw8L2E+PHNwYW4+U3lzdGVtICYgU2V0dGluZ3MgZGFzaGJvYXJkLCBjb25maWd1cmF0aW9uPC9zcGFuPjwvbGk+ICAgICAgICAgICAgICAgICAgICAgICAgICAgICAgICAgICAgICAgIDxsaT48YSBocmVmPSJodHRwOi8vdmFuaWxsYS5oaXZlLXRlbXBsYXRlLmxvY2FsLmZlMS5zdGcuaGFydmVzdGRwLmFuY2hvci5uZXQuYXUvaW5kZXgucGhwL2Rhc2hib2FyZC9zeXN0ZW0vYmFzaWNzIj5CYXNpY3M8L2E+PHNwYW4+QmFzaWNzIDwvc3Bhbj48L2xpPiAgICAgICAgICAgICAgICAgICAgICAgICAgICAgICAgICAgICAgICA8bGk+PGEgaHJlZj0iaHR0cDovL3ZhbmlsbGEuaGl2ZS10ZW1wbGF0ZS5sb2NhbC5mZTEuc3RnLmhhcnZlc3RkcC5hbmNob3IubmV0LmF1L2luZGV4LnBocC9kYXNoYm9hcmQvc3lzdGVtL2Jhc2ljcy9uYW1lIj5TaXRlIE5hbWU8L2E+PHNwYW4+U2l0ZSBOYW1lIHdlYnNpdGUgbmFtZSwgdGl0bGU8L3NwYW4+PC9saT4gICAgICAgICAgICAgICAgICAgICAgICAgICAgICAgICAgICAgICAgPGxpPjxhIGhyZWY9Imh0dHA6Ly92YW5pbGxhLmhpdmUtdGVtcGxhdGUubG9jYWwuZmUxLnN0Zy5oYXJ2ZXN0ZHAuYW5jaG9yLm5ldC5hdS9pbmRleC5waHAvZGFzaGJvYXJkL3N5c3RlbS9iYXNpY3MvYWNjZXNzaWJpbGl0eSI+QWNjZXNzaWJpbGl0eTwvYT48c3Bhbj5BY2Nlc3NpYmlsaXR5IGFjY2Vzc2liaWxpdHksIGVhc3kgbW9kZTwvc3Bhbj48L2xpPiAgICAgICAgICAgICAgICAgICAgICAgICAgICAgICAgICAgICAgICA8bGk+PGEgaHJlZj0iaHR0cDovL3ZhbmlsbGEuaGl2ZS10ZW1wbGF0ZS5sb2NhbC5mZTEuc3RnLmhhcnZlc3RkcC5hbmNob3IubmV0LmF1L2luZGV4LnBocC9kYXNoYm9hcmQvc3lzdGVtL2Jhc2ljcy9zb2NpYWwiPlNvY2lhbCBMaW5rczwvYT48c3Bhbj5Tb2NpYWwgTGlua3Mgc2hhcmluZywgZmFjZWJvb2ssIHR3aXR0ZXI8L3NwYW4+PC9saT4gICAgICAgICAgICAgICAgICAgICAgICAgICAgICAgICAgICAgICAgPGxpPjxhIGhyZWY9Imh0dHA6Ly92YW5pbGxhLmhpdmUtdGVtcGxhdGUubG9jYWwuZmUxLnN0Zy5oYXJ2ZXN0ZHAuYW5jaG9yLm5ldC5hdS9pbmRleC5waHAvZGFzaGJvYXJkL3N5c3RlbS9iYXNpY3MvaWNvbnMiPkJvb2ttYXJrIEljb25zPC9hPjxzcGFuPkJvb2ttYXJrIEljb25zIGxvZ28sIGZhdmljb24sIGlwaG9uZSwgaWNvbiwgYm9va21hcms8L3NwYW4+PC9saT4gICAgICAgICAgICAgICAgICAgICAgICAgICAgICAgICAgICAgICAgPGxpPjxhIGhyZWY9Imh0dHA6Ly92YW5pbGxhLmhpdmUtdGVtcGxhdGUubG9jYWwuZmUxLnN0Zy5oYXJ2ZXN0ZHAuYW5jaG9yLm5ldC5hdS9pbmRleC5waHAvZGFzaGJvYXJkL3N5c3RlbS9iYXNpY3MvZWRpdG9yIj5SaWNoIFRleHQgRWRpdG9yPC9hPjxzcGFuPlJpY2ggVGV4dCBFZGl0b3IgdGlueW1jZSwgY29udGVudCBibG9jaywgZm9udHMsIGVkaXRvciwgY29udGVudCwgb3ZlcmxheTwvc3Bhbj48L2xpPiAgICAgICAgICAgICAgICAgICAgICAgICAgICAgICAgICAgICAgICA8bGk+PGEgaHJlZj0iaHR0cDovL3ZhbmlsbGEuaGl2ZS10ZW1wbGF0ZS5sb2NhbC5mZTEuc3RnLmhhcnZlc3RkcC5hbmNob3IubmV0LmF1L2luZGV4LnBocC9kYXNoYm9hcmQvc3lzdGVtL2Jhc2ljcy9tdWx0aWxpbmd1YWwiPkxhbmd1YWdlczwvYT48c3Bhbj5MYW5ndWFnZXMgdHJhbnNsYXRlLCB0cmFuc2xhdGlvbiwgaW50ZXJuYXRpb25hbGl6YXRpb24sIG11bHRpbGluZ3VhbDwvc3Bhbj48L2xpPiAgICAgICAgICAgICAgICAgICAgICAgICAgICAgICAgICAgICAgICA8bGk+PGEgaHJlZj0iaHR0cDovL3ZhbmlsbGEuaGl2ZS10ZW1wbGF0ZS5sb2NhbC5mZTEuc3RnLmhhcnZlc3RkcC5hbmNob3IubmV0LmF1L2luZGV4LnBocC9kYXNoYm9hcmQvc3lzdGVtL2Jhc2ljcy90aW1lem9uZSI+VGltZSBab25lPC9hPjxzcGFuPlRpbWUgWm9uZSB0aW1lem9uZSwgcHJvZmlsZSwgbG9jYWxlPC9zcGFuPjwvbGk+ICAgICAgICAgICAgICAgICAgICAgICAgICAgICAgICAgICAgICAgIDxsaT48YSBocmVmPSJodHRwOi8vdmFuaWxsYS5oaXZlLXRlbXBsYXRlLmxvY2FsLmZlMS5zdGcuaGFydmVzdGRwLmFuY2hvci5uZXQuYXUvaW5kZXgucGhwL2Rhc2hib2FyZC9zeXN0ZW0vYmFzaWNzL2FwaSI+QVBJIGtleXM8L2E+PHNwYW4+QVBJIGtleXMgPC9zcGFuPjwvbGk+ICAgICAgICAgICAgICAgICAgICAgICAgICAgICAgICAgICAgICAgIDxsaT48YSBocmVmPSJodHRwOi8vdmFuaWxsYS5oaXZlLXRlbXBsYXRlLmxvY2FsLmZlMS5zdGcuaGFydmVzdGRwLmFuY2hvci5uZXQuYXUvaW5kZXgucGhwL2Rhc2hib2FyZC9zeXN0ZW0vbXVsdGlsaW5ndWFsIj5NdWx0aWxpbmd1YWw8L2E+PHNwYW4+TXVsdGlsaW5ndWFsIG11bHRpbGluZ3VhbCwgbG9jYWxpemF0aW9uLCBpbnRlcm5hdGlvbmFsaXphdGlvbiwgaTE4bjwvc3Bhbj48L2xpPiAgICAgICAgICAgICAgICAgICAgICAgICAgICAgICAgICAgICAgICA8bGk+PGEgaHJlZj0iaHR0cDovL3ZhbmlsbGEuaGl2ZS10ZW1wbGF0ZS5sb2NhbC5mZTEuc3RnLmhhcnZlc3RkcC5hbmNob3IubmV0LmF1L2luZGV4LnBocC9kYXNoYm9hcmQvc3lzdGVtL211bHRpbGluZ3VhbC9zZXR1cCI+TXVsdGlsaW5ndWFsIFNldHVwPC9hPjxzcGFuPk11bHRpbGluZ3VhbCBTZXR1cCA8L3NwYW4+PC9saT4gICAgICAgICAgICAgICAgICAgICAgICAgICAgICAgICAgICAgICAgPGxpPjxhIGhyZWY9Imh0dHA6Ly92YW5pbGxhLmhpdmUtdGVtcGxhdGUubG9jYWwuZmUxLnN0Zy5oYXJ2ZXN0ZHAuYW5jaG9yLm5ldC5hdS9pbmRleC5waHAvZGFzaGJvYXJkL3N5c3RlbS9tdWx0aWxpbmd1YWwvcGFnZV9yZXBvcnQiPlBhZ2UgUmVwb3J0PC9hPjxzcGFuPlBhZ2UgUmVwb3J0IDwvc3Bhbj48L2xpPiAgICAgICAgICAgICAgICAgICAgICAgICAgICAgICAgICAgICAgICA8bGk+PGEgaHJlZj0iaHR0cDovL3ZhbmlsbGEuaGl2ZS10ZW1wbGF0ZS5sb2NhbC5mZTEuc3RnLmhhcnZlc3RkcC5hbmNob3IubmV0LmF1L2luZGV4LnBocC9kYXNoYm9hcmQvc3lzdGVtL211bHRpbGluZ3VhbC90cmFuc2xhdGVfaW50ZXJmYWNlIj5UcmFuc2xhdGUgU2l0ZSBJbnRlcmZhY2U8L2E+PHNwYW4+VHJhbnNsYXRlIFNpdGUgSW50ZXJmYWNlIDwvc3Bhbj48L2xpPiAgICAgICAgICAgICAgICAgICAgICAgICAgICAgICAgICAgICAgICA8bGk+PGEgaHJlZj0iaHR0cDovL3ZhbmlsbGEuaGl2ZS10ZW1wbGF0ZS5sb2NhbC5mZTEuc3RnLmhhcnZlc3RkcC5hbmNob3IubmV0LmF1L2luZGV4LnBocC9kYXNoYm9hcmQvc3lzdGVtL211bHRpbGluZ3VhbC9jb3B5Ij5Db3B5IExhbmd1YWdlczwvYT48c3Bhbj5Db3B5IExhbmd1YWdlcyA8L3NwYW4+PC9saT4gICAgICAgICAgICAgICAgICAgICAgICAgICAgICAgICAgICAgICAgPGxpPjxhIGhyZWY9Imh0dHA6Ly92YW5pbGxhLmhpdmUtdGVtcGxhdGUubG9jYWwuZmUxLnN0Zy5oYXJ2ZXN0ZHAuYW5jaG9yLm5ldC5hdS9pbmRleC5waHAvZGFzaGJvYXJkL3N5c3RlbS9zZW8iPlNFTyAmIFN0YXRpc3RpY3M8L2E+PHNwYW4+U0VPICYgU3RhdGlzdGljcyA8L3NwYW4+PC9saT4gICAgICAgICAgICAgICAgICAgICAgICAgICAgICAgICAgICAgICAgPGxpPjxhIGhyZWY9Imh0dHA6Ly92YW5pbGxhLmhpdmUtdGVtcGxhdGUubG9jYWwuZmUxLnN0Zy5oYXJ2ZXN0ZHAuYW5jaG9yLm5ldC5hdS9pbmRleC5waHAvZGFzaGJvYXJkL3N5c3RlbS9zZW8vdXJscyI+VVJMcyBhbmQgUmVkaXJlY3Rpb248L2E+PHNwYW4+VVJMcyBhbmQgUmVkaXJlY3Rpb24gdmFuaXR5LCBwcmV0dHkgdXJsLCBzZW8sIHBhZ2V2aWV3LCB2aWV3PC9zcGFuPjwvbGk+ICAgICAgICAgICAgICAgICAgICAgICAgICAgICAgICAgICAgICAgIDxsaT48YSBocmVmPSJodHRwOi8vdmFuaWxsYS5oaXZlLXRlbXBsYXRlLmxvY2FsLmZlMS5zdGcuaGFydmVzdGRwLmFuY2hvci5uZXQuYXUvaW5kZXgucGhwL2Rhc2hib2FyZC9zeXN0ZW0vc2VvL2J1bGsiPkJ1bGsgU0VPIFVwZGF0ZXI8L2E+PHNwYW4+QnVsayBTRU8gVXBkYXRlciBidWxrLCBzZW8sIGNoYW5nZSBrZXl3b3JkcywgZW5naW5lLCBvcHRpbWl6YXRpb24sIHNlYXJjaDwvc3Bhbj48L2xpPiAgICAgICAgICAgICAgICAgICAgICAgICAgICAgICAgICAgICAgICA8bGk+PGEgaHJlZj0iaHR0cDovL3ZhbmlsbGEuaGl2ZS10ZW1wbGF0ZS5sb2NhbC5mZTEuc3RnLmhhcnZlc3RkcC5hbmNob3IubmV0LmF1L2luZGV4LnBocC9kYXNoYm9hcmQvc3lzdGVtL3Nlby9jb2RlcyI+VHJhY2tpbmcgQ29kZXM8L2E+PHNwYW4+VHJhY2tpbmcgQ29kZXMgdHJhZmZpYywgc3RhdGlzdGljcywgZ29vZ2xlIGFuYWx5dGljcywgcXVhbnQsIHBhZ2V2aWV3cywgaGl0czwvc3Bhbj48L2xpPiAgICAgICAgICAgICAgICAgICAgICAgICAgICAgICAgICAgICAgICA8bGk+PGEgaHJlZj0iaHR0cDovL3ZhbmlsbGEuaGl2ZS10ZW1wbGF0ZS5sb2NhbC5mZTEuc3RnLmhhcnZlc3RkcC5hbmNob3IubmV0LmF1L2luZGV4LnBocC9kYXNoYm9hcmQvc3lzdGVtL3Nlby9leGNsdWRlZCI+RXhjbHVkZWQgVVJMIFdvcmQgTGlzdDwvYT48c3Bhbj5FeGNsdWRlZCBVUkwgV29yZCBMaXN0IHByZXR0eSwgc2x1Zzwvc3Bhbj48L2xpPiAgICAgICAgICAgICAgICAgICAgICAgICAgICAgICAgICAgICAgICA8bGk+PGEgaHJlZj0iaHR0cDovL3ZhbmlsbGEuaGl2ZS10ZW1wbGF0ZS5sb2NhbC5mZTEuc3RnLmhhcnZlc3RkcC5hbmNob3IubmV0LmF1L2luZGV4LnBocC9kYXNoYm9hcmQvc3lzdGVtL3Nlby9zZWFyY2hpbmRleCI+U2VhcmNoIEluZGV4PC9hPjxzcGFuPlNlYXJjaCBJbmRleCBjb25maWd1cmUgc2VhcmNoLCBzaXRlIHNlYXJjaCwgc2VhcmNoIG9wdGlvbjwvc3Bhbj48L2xpPiAgICAgICAgICAgICAgICAgICAgICAgICAgICAgICAgICAgICAgICA8bGk+PGEgaHJlZj0iaHR0cDovL3ZhbmlsbGEuaGl2ZS10ZW1wbGF0ZS5sb2NhbC5mZTEuc3RnLmhhcnZlc3RkcC5hbmNob3IubmV0LmF1L2luZGV4LnBocC9kYXNoYm9hcmQvc3lzdGVtL2ZpbGVzIj5GaWxlczwvYT48c3Bhbj5GaWxlcyA8L3NwYW4+PC9saT4gICAgICAgICAgICAgICAgICAgICAgICAgICAgICAgICAgICAgICAgPGxpPjxhIGhyZWY9Imh0dHA6Ly92YW5pbGxhLmhpdmUtdGVtcGxhdGUubG9jYWwuZmUxLnN0Zy5oYXJ2ZXN0ZHAuYW5jaG9yLm5ldC5hdS9pbmRleC5waHAvZGFzaGJvYXJkL3N5c3RlbS9maWxlcy9wZXJtaXNzaW9ucyI+RmlsZSBNYW5hZ2VyIFBlcm1pc3Npb25zPC9hPjxzcGFuPkZpbGUgTWFuYWdlciBQZXJtaXNzaW9ucyBmaWxlIG9wdGlvbnMsIGZpbGUgbWFuYWdlciwgdXBsb2FkLCBtb2RpZnk8L3NwYW4+PC9saT4gICAgICAgICAgICAgICAgICAgICAgICAgICAgICAgICAgICAgICAgPGxpPjxhIGhyZWY9Imh0dHA6Ly92YW5pbGxhLmhpdmUtdGVtcGxhdGUubG9jYWwuZmUxLnN0Zy5oYXJ2ZXN0ZHAuYW5jaG9yLm5ldC5hdS9pbmRleC5waHAvZGFzaGJvYXJkL3N5c3RlbS9maWxlcy9maWxldHlwZXMiPkFsbG93ZWQgRmlsZSBUeXBlczwvYT48c3Bhbj5BbGxvd2VkIEZpbGUgVHlwZXMgc2VjdXJpdHksIGZpbGVzLCBtZWRpYSwgZXh0ZW5zaW9uLCBtYW5hZ2VyLCB1cGxvYWQ8L3NwYW4+PC9saT4gICAgICAgICAgICAgICAgICAgICAgICAgICAgICAgICAgICAgICAgPGxpPjxhIGhyZWY9Imh0dHA6Ly92YW5pbGxhLmhpdmUtdGVtcGxhdGUubG9jYWwuZmUxLnN0Zy5oYXJ2ZXN0ZHAuYW5jaG9yLm5ldC5hdS9pbmRleC5waHAvZGFzaGJvYXJkL3N5c3RlbS9maWxlcy90aHVtYm5haWxzIj5UaHVtYm5haWxzPC9hPjxzcGFuPlRodW1ibmFpbHMgaW1hZ2VzLCBwaWN0dXJlLCByZXNwb25zaXZlLCByZXRpbmE8L3NwYW4+PC9saT4gICAgICAgICAgICAgICAgICAgICAgICAgICAgICAgICAgICAgICAgPGxpPjxhIGhyZWY9Imh0dHA6Ly92YW5pbGxhLmhpdmUtdGVtcGxhdGUubG9jYWwuZmUxLnN0Zy5oYXJ2ZXN0ZHAuYW5jaG9yLm5ldC5hdS9pbmRleC5waHAvZGFzaGJvYXJkL3N5c3RlbS9maWxlcy9zdG9yYWdlIj5GaWxlIFN0b3JhZ2UgTG9jYXRpb25zPC9hPjxzcGFuPkZpbGUgU3RvcmFnZSBMb2NhdGlvbnMgc2VjdXJpdHksIGFsdGVybmF0ZSBzdG9yYWdlLCBoaWRlIGZpbGVzPC9zcGFuPjwvbGk+ICAgICAgICAgICAgICAgICAgICAgICAgICAgICAgICAgICAgICAgIDxsaT48YSBocmVmPSJodHRwOi8vdmFuaWxsYS5oaXZlLXRlbXBsYXRlLmxvY2FsLmZlMS5zdGcuaGFydmVzdGRwLmFuY2hvci5uZXQuYXUvaW5kZXgucGhwL2Rhc2hib2FyZC9zeXN0ZW0vZmlsZXMvaW1hZ2VfdXBsb2FkaW5nIj5JbWFnZSBVcGxvYWRpbmc8L2E+PHNwYW4+SW1hZ2UgVXBsb2FkaW5nIDwvc3Bhbj48L2xpPiAgICAgICAgICAgICAgICAgICAgICAgICAgICAgICAgICAgICAgICA8bGk+PGEgaHJlZj0iaHR0cDovL3ZhbmlsbGEuaGl2ZS10ZW1wbGF0ZS5sb2NhbC5mZTEuc3RnLmhhcnZlc3RkcC5hbmNob3IubmV0LmF1L2luZGV4LnBocC9kYXNoYm9hcmQvc3lzdGVtL29wdGltaXphdGlvbiI+T3B0aW1pemF0aW9uPC9hPjxzcGFuPk9wdGltaXphdGlvbiA8L3NwYW4+PC9saT4gICAgICAgICAgICAgICAgICAgICAgICAgICAgICAgICAgICAgICAgPGxpPjxhIGhyZWY9Imh0dHA6Ly92YW5pbGxhLmhpdmUtdGVtcGxhdGUubG9jYWwuZmUxLnN0Zy5oYXJ2ZXN0ZHAuYW5jaG9yLm5ldC5hdS9pbmRleC5waHAvZGFzaGJvYXJkL3N5c3RlbS9vcHRpbWl6YXRpb24vY2FjaGUiPkNhY2hlICYgU3BlZWQgU2V0dGluZ3M8L2E+PHNwYW4+Q2FjaGUgJiBTcGVlZCBTZXR0aW5ncyBjYWNoZSBvcHRpb24sIGNoYW5nZSBjYWNoZSwgb3ZlcnJpZGUsIHR1cm4gb24gY2FjaGUsIHR1cm4gb2ZmIGNhY2hlLCBubyBjYWNoZSwgcGFnZSBjYWNoZSwgY2FjaGluZzwvc3Bhbj48L2xpPiAgICAgICAgICAgICAgICAgICAgICAgICAgICAgICAgICAgICAgICA8bGk+PGEgaHJlZj0iaHR0cDovL3ZhbmlsbGEuaGl2ZS10ZW1wbGF0ZS5sb2NhbC5mZTEuc3RnLmhhcnZlc3RkcC5hbmNob3IubmV0LmF1L2luZGV4LnBocC9kYXNoYm9hcmQvc3lzdGVtL29wdGltaXphdGlvbi9jbGVhcmNhY2hlIj5DbGVhciBDYWNoZTwvYT48c3Bhbj5DbGVhciBDYWNoZSBjYWNoZSBvcHRpb24sIHR1cm4gb2ZmIGNhY2hlLCBubyBjYWNoZSwgcGFnZSBjYWNoZSwgY2FjaGluZzwvc3Bhbj48L2xpPiAgICAgICAgICAgICAgICAgICAgICAgICAgICAgICAgICAgICAgICA8bGk+PGEgaHJlZj0iaHR0cDovL3ZhbmlsbGEuaGl2ZS10ZW1wbGF0ZS5sb2NhbC5mZTEuc3RnLmhhcnZlc3RkcC5hbmNob3IubmV0LmF1L2luZGV4LnBocC9kYXNoYm9hcmQvc3lzdGVtL29wdGltaXphdGlvbi9qb2JzIj5BdXRvbWF0ZWQgSm9iczwvYT48c3Bhbj5BdXRvbWF0ZWQgSm9icyBpbmRleCBzZWFyY2gsIHJlaW5kZXggc2VhcmNoLCBidWlsZCBzaXRlbWFwLCBzaXRlbWFwLnhtbCwgY2xlYXIgb2xkIHZlcnNpb25zLCBwYWdlIHZlcnNpb25zLCByZW1vdmUgb2xkPC9zcGFuPjwvbGk+ICAgICAgICAgICAgICAgICAgICAgICAgICAgICAgICAgICAgICAgIDxsaT48YSBocmVmPSJodHRwOi8vdmFuaWxsYS5oaXZlLXRlbXBsYXRlLmxvY2FsLmZlMS5zdGcuaGFydmVzdGRwLmFuY2hvci5uZXQuYXUvaW5kZXgucGhwL2Rhc2hib2FyZC9zeXN0ZW0vb3B0aW1pemF0aW9uL3F1ZXJ5X2xvZyI+RGF0YWJhc2UgUXVlcnkgTG9nPC9hPjxzcGFuPkRhdGFiYXNlIFF1ZXJ5IExvZyBxdWVyaWVzLCBkYXRhYmFzZSwgbXlzcWw8L3NwYW4+PC9saT4gICAgICAgICAgICAgICAgICAgICAgICAgICAgICAgICAgICAgICAgPGxpPjxhIGhyZWY9Imh0dHA6Ly92YW5pbGxhLmhpdmUtdGVtcGxhdGUubG9jYWwuZmUxLnN0Zy5oYXJ2ZXN0ZHAuYW5jaG9yLm5ldC5hdS9pbmRleC5waHAvZGFzaGJvYXJkL3N5c3RlbS9wZXJtaXNzaW9ucyI+UGVybWlzc2lvbnMgJiBBY2Nlc3M8L2E+PHNwYW4+UGVybWlzc2lvbnMgJiBBY2Nlc3MgPC9zcGFuPjwvbGk+ICAgICAgICAgICAgICAgICAgICAgICAgICAgICAgICAgICAgICAgIDxsaT48YSBocmVmPSJodHRwOi8vdmFuaWxsYS5oaXZlLXRlbXBsYXRlLmxvY2FsLmZlMS5zdGcuaGFydmVzdGRwLmFuY2hvci5uZXQuYXUvaW5kZXgucGhwL2Rhc2hib2FyZC9zeXN0ZW0vcGVybWlzc2lvbnMvc2l0ZSI+U2l0ZSBBY2Nlc3M8L2E+PHNwYW4+U2l0ZSBBY2Nlc3MgZWRpdG9ycywgaGlkZSBzaXRlLCBvZmZsaW5lLCBwcml2YXRlLCBwdWJsaWMsIGFjY2Vzczwvc3Bhbj48L2xpPiAgICAgICAgICAgICAgICAgICAgICAgICAgICAgICAgICAgICAgICA8bGk+PGEgaHJlZj0iaHR0cDovL3ZhbmlsbGEuaGl2ZS10ZW1wbGF0ZS5sb2NhbC5mZTEuc3RnLmhhcnZlc3RkcC5hbmNob3IubmV0LmF1L2luZGV4LnBocC9kYXNoYm9hcmQvc3lzdGVtL3Blcm1pc3Npb25zL3Rhc2tzIj5UYXNrIFBlcm1pc3Npb25zPC9hPjxzcGFuPlRhc2sgUGVybWlzc2lvbnMgc2VjdXJpdHksIGFjdGlvbnMsIGFkbWluaXN0cmF0b3IsIGFkbWluLCBwYWNrYWdlLCBtYXJrZXRwbGFjZSwgc2VhcmNoPC9zcGFuPjwvbGk+ICAgICAgICAgICAgICAgICAgICAgICAgICAgICAgICAgICAgICAgIDxsaT48YSBocmVmPSJodHRwOi8vdmFuaWxsYS5oaXZlLXRlbXBsYXRlLmxvY2FsLmZlMS5zdGcuaGFydmVzdGRwLmFuY2hvci5uZXQuYXUvaW5kZXgucGhwL2Rhc2hib2FyZC9zeXN0ZW0vcGVybWlzc2lvbnMvdXNlcnMiPlVzZXIgUGVybWlzc2lvbnM8L2E+PHNwYW4+VXNlciBQZXJtaXNzaW9ucyA8L3NwYW4+PC9saT4gICAgICAgICAgICAgICAgICAgICAgICAgICAgICAgICAgICAgICAgPGxpPjxhIGhyZWY9Imh0dHA6Ly92YW5pbGxhLmhpdmUtdGVtcGxhdGUubG9jYWwuZmUxLnN0Zy5oYXJ2ZXN0ZHAuYW5jaG9yLm5ldC5hdS9pbmRleC5waHAvZGFzaGJvYXJkL3N5c3RlbS9wZXJtaXNzaW9ucy9hZHZhbmNlZCI+QWR2YW5jZWQgUGVybWlzc2lvbnM8L2E+PHNwYW4+QWR2YW5jZWQgUGVybWlzc2lvbnMgPC9zcGFuPjwvbGk+ICAgICAgICAgICAgICAgICAgICAgICAgICAgICAgICAgICAgICAgIDxsaT48YSBocmVmPSJodHRwOi8vdmFuaWxsYS5oaXZlLXRlbXBsYXRlLmxvY2FsLmZlMS5zdGcuaGFydmVzdGRwLmFuY2hvci5uZXQuYXUvaW5kZXgucGhwL2Rhc2hib2FyZC9zeXN0ZW0vcGVybWlzc2lvbnMvYmxhY2tsaXN0Ij5JUCBCbGFja2xpc3Q8L2E+PHNwYW4+SVAgQmxhY2tsaXN0IHNlY3VyaXR5LCBsb2NrIGlwLCBsb2NrIG91dCwgYmxvY2sgaXAsIGFkZHJlc3MsIHJlc3RyaWN0LCBhY2Nlc3M8L3NwYW4+PC9saT4gICAgICAgICAgICAgICAgICAgICAgICAgICAgICAgICAgICAgICAgPGxpPjxhIGhyZWY9Imh0dHA6Ly92YW5pbGxhLmhpdmUtdGVtcGxhdGUubG9jYWwuZmUxLnN0Zy5oYXJ2ZXN0ZHAuYW5jaG9yLm5ldC5hdS9pbmRleC5waHAvZGFzaGJvYXJkL3N5c3RlbS9wZXJtaXNzaW9ucy9jYXB0Y2hhIj5DYXB0Y2hhIFNldHVwPC9hPjxzcGFuPkNhcHRjaGEgU2V0dXAgc2VjdXJpdHksIHJlZ2lzdHJhdGlvbjwvc3Bhbj48L2xpPiAgICAgICAgICAgICAgICAgICAgICAgICAgICAgICAgICAgICAgICA8bGk+PGEgaHJlZj0iaHR0cDovL3ZhbmlsbGEuaGl2ZS10ZW1wbGF0ZS5sb2NhbC5mZTEuc3RnLmhhcnZlc3RkcC5hbmNob3IubmV0LmF1L2luZGV4LnBocC9kYXNoYm9hcmQvc3lzdGVtL3Blcm1pc3Npb25zL2FudGlzcGFtIj5TcGFtIENvbnRyb2w8L2E+PHNwYW4+U3BhbSBDb250cm9sIGFudGlzcGFtLCBibG9jayBzcGFtLCBzZWN1cml0eTwvc3Bhbj48L2xpPiAgICAgICAgICAgICAgICAgICAgICAgICAgICAgICAgICAgICAgICA8bGk+PGEgaHJlZj0iaHR0cDovL3ZhbmlsbGEuaGl2ZS10ZW1wbGF0ZS5sb2NhbC5mZTEuc3RnLmhhcnZlc3RkcC5hbmNob3IubmV0LmF1L2luZGV4LnBocC9kYXNoYm9hcmQvc3lzdGVtL3Blcm1pc3Npb25zL21haW50ZW5hbmNlIj5NYWludGVuYW5jZSBNb2RlPC9hPjxzcGFuPk1haW50ZW5hbmNlIE1vZGUgbG9jayBzaXRlLCB1bmRlciBjb25zdHJ1Y3Rpb24sIGhpZGUsIGhpZGRlbjwvc3Bhbj48L2xpPiAgICAgICAgICAgICAgICAgICAgICAgICAgICAgICAgICAgICAgICA8bGk+PGEgaHJlZj0iaHR0cDovL3ZhbmlsbGEuaGl2ZS10ZW1wbGF0ZS5sb2NhbC5mZTEuc3RnLmhhcnZlc3RkcC5hbmNob3IubmV0LmF1L2luZGV4LnBocC9kYXNoYm9hcmQvc3lzdGVtL3JlZ2lzdHJhdGlvbiI+TG9naW4gJiBSZWdpc3RyYXRpb248L2E+PHNwYW4+TG9naW4gJiBSZWdpc3RyYXRpb24gPC9zcGFuPjwvbGk+ICAgICAgICAgICAgICAgICAgICAgICAgICAgICAgICAgICAgICAgIDxsaT48YSBocmVmPSJodHRwOi8vdmFuaWxsYS5oaXZlLXRlbXBsYXRlLmxvY2FsLmZlMS5zdGcuaGFydmVzdGRwLmFuY2hvci5uZXQuYXUvaW5kZXgucGhwL2Rhc2hib2FyZC9zeXN0ZW0vcmVnaXN0cmF0aW9uL3Bvc3Rsb2dpbiI+TG9naW4gRGVzdGluYXRpb248L2E+PHNwYW4+TG9naW4gRGVzdGluYXRpb24gcHJvZmlsZSwgbG9naW4sIHJlZGlyZWN0LCBzcGVjaWZpYywgZGFzaGJvYXJkLCBhZG1pbmlzdHJhdG9yczwvc3Bhbj48L2xpPiAgICAgICAgICAgICAgICAgICAgICAgICAgICAgICAgICAgICAgICA8bGk+PGEgaHJlZj0iaHR0cDovL3ZhbmlsbGEuaGl2ZS10ZW1wbGF0ZS5sb2NhbC5mZTEuc3RnLmhhcnZlc3RkcC5hbmNob3IubmV0LmF1L2luZGV4LnBocC9kYXNoYm9hcmQvc3lzdGVtL3JlZ2lzdHJhdGlvbi9wcm9maWxlcyI+UHVibGljIFByb2ZpbGVzPC9hPjxzcGFuPlB1YmxpYyBQcm9maWxlcyBtZW1iZXIgcHJvZmlsZSwgbWVtYmVyIHBhZ2UsIGNvbW11bml0eSwgZm9ydW1zLCBzb2NpYWwsIGF2YXRhcjwvc3Bhbj48L2xpPiAgICAgICAgICAgICAgICAgICAgICAgICAgICAgICAgICAgICAgICA8bGk+PGEgaHJlZj0iaHR0cDovL3ZhbmlsbGEuaGl2ZS10ZW1wbGF0ZS5sb2NhbC5mZTEuc3RnLmhhcnZlc3RkcC5hbmNob3IubmV0LmF1L2luZGV4LnBocC9kYXNoYm9hcmQvc3lzdGVtL3JlZ2lzdHJhdGlvbi9vcGVuIj5QdWJsaWMgUmVnaXN0cmF0aW9uPC9hPjxzcGFuPlB1YmxpYyBSZWdpc3RyYXRpb24gc2lnbnVwLCBuZXcgdXNlciwgY29tbXVuaXR5LCBwdWJsaWMgcmVnaXN0cmF0aW9uLCBwdWJsaWMsIHJlZ2lzdHJhdGlvbjwvc3Bhbj48L2xpPiAgICAgICAgICAgICAgICAgICAgICAgICAgICAgICAgICAgICAgICA8bGk+PGEgaHJlZj0iaHR0cDovL3ZhbmlsbGEuaGl2ZS10ZW1wbGF0ZS5sb2NhbC5mZTEuc3RnLmhhcnZlc3RkcC5hbmNob3IubmV0LmF1L2luZGV4LnBocC9kYXNoYm9hcmQvc3lzdGVtL3JlZ2lzdHJhdGlvbi9hdXRoZW50aWNhdGlvbiI+QXV0aGVudGljYXRpb24gVHlwZXM8L2E+PHNwYW4+QXV0aGVudGljYXRpb24gVHlwZXMgYXV0aCwgYXV0aGVudGljYXRpb24sIHR5cGVzLCBvYXV0aCwgZmFjZWJvb2ssIGxvZ2luLCByZWdpc3RyYXRpb248L3NwYW4+PC9saT4gICAgICAgICAgICAgICAgICAgICAgICAgICAgICAgICAgICAgICAgPGxpPjxhIGhyZWY9Imh0dHA6Ly92YW5pbGxhLmhpdmUtdGVtcGxhdGUubG9jYWwuZmUxLnN0Zy5oYXJ2ZXN0ZHAuYW5jaG9yLm5ldC5hdS9pbmRleC5waHAvZGFzaGJvYXJkL3N5c3RlbS9tYWlsIj5FbWFpbDwvYT48c3Bhbj5FbWFpbCBzbXRwLCBtYWlsIHNldHRpbmdzPC9zcGFuPjwvbGk+ICAgICAgICAgICAgICAgICAgICAgICAgICAgICAgICAgICAgICAgIDxsaT48YSBocmVmPSJodHRwOi8vdmFuaWxsYS5oaXZlLXRlbXBsYXRlLmxvY2FsLmZlMS5zdGcuaGFydmVzdGRwLmFuY2hvci5uZXQuYXUvaW5kZXgucGhwL2Rhc2hib2FyZC9zeXN0ZW0vbWFpbC9tZXRob2QiPlNNVFAgTWV0aG9kPC9hPjxzcGFuPlNNVFAgTWV0aG9kIGVtYWlsIHNlcnZlciwgbWFpbCBzZXR0aW5ncywgbWFpbCBjb25maWd1cmF0aW9uLCBleHRlcm5hbCwgaW50ZXJuYWw8L3NwYW4+PC9saT4gICAgICAgICAgICAgICAgICAgICAgICAgICAgICAgICAgICAgICAgPGxpPjxhIGhyZWY9Imh0dHA6Ly92YW5pbGxhLmhpdmUtdGVtcGxhdGUubG9jYWwuZmUxLnN0Zy5oYXJ2ZXN0ZHAuYW5jaG9yLm5ldC5hdS9pbmRleC5waHAvZGFzaGJvYXJkL3N5c3RlbS9tYWlsL21ldGhvZC90ZXN0Ij5UZXN0IE1haWwgU2V0dGluZ3M8L2E+PHNwYW4+VGVzdCBNYWlsIFNldHRpbmdzIHRlc3Qgc210cCwgdGVzdCBtYWlsPC9zcGFuPjwvbGk+ICAgICAgICAgICAgICAgICAgICAgICAgICAgICAgICAgICAgICAgIDxsaT48YSBocmVmPSJodHRwOi8vdmFuaWxsYS5oaXZlLXRlbXBsYXRlLmxvY2FsLmZlMS5zdGcuaGFydmVzdGRwLmFuY2hvci5uZXQuYXUvaW5kZXgucGhwL2Rhc2hib2FyZC9zeXN0ZW0vbWFpbC9pbXBvcnRlcnMiPkVtYWlsIEltcG9ydGVyczwvYT48c3Bhbj5FbWFpbCBJbXBvcnRlcnMgZW1haWwgc2VydmVyLCBtYWlsIHNldHRpbmdzLCBtYWlsIGNvbmZpZ3VyYXRpb24sIHByaXZhdGUgbWVzc2FnZSwgbWVzc2FnZSBzeXN0ZW0sIGltcG9ydCwgZW1haWwsIG1lc3NhZ2U8L3NwYW4+PC9saT4gICAgICAgICAgICAgICAgICAgICAgICAgICAgICAgICAgICAgICAgPGxpPjxhIGhyZWY9Imh0dHA6Ly92YW5pbGxhLmhpdmUtdGVtcGxhdGUubG9jYWwuZmUxLnN0Zy5oYXJ2ZXN0ZHAuYW5jaG9yLm5ldC5hdS9pbmRleC5waHAvZGFzaGJvYXJkL3N5c3RlbS9jb252ZXJzYXRpb25zIj5Db252ZXJzYXRpb25zPC9hPjxzcGFuPkNvbnZlcnNhdGlvbnMgY29udmVyc2F0aW9uczwvc3Bhbj48L2xpPiAgICAgICAgICAgICAgICAgICAgICAgICAgICAgICAgICAgICAgICA8bGk+PGEgaHJlZj0iaHR0cDovL3ZhbmlsbGEuaGl2ZS10ZW1wbGF0ZS5sb2NhbC5mZTEuc3RnLmhhcnZlc3RkcC5hbmNob3IubmV0LmF1L2luZGV4LnBocC9kYXNoYm9hcmQvc3lzdGVtL2NvbnZlcnNhdGlvbnMvc2V0dGluZ3MiPlNldHRpbmdzPC9hPjxzcGFuPlNldHRpbmdzIGNvbnZlcnNhdGlvbnM8L3NwYW4+PC9saT4gICAgICAgICAgICAgICAgICAgICAgICAgICAgICAgICAgICAgICAgPGxpPjxhIGhyZWY9Imh0dHA6Ly92YW5pbGxhLmhpdmUtdGVtcGxhdGUubG9jYWwuZmUxLnN0Zy5oYXJ2ZXN0ZHAuYW5jaG9yLm5ldC5hdS9pbmRleC5waHAvZGFzaGJvYXJkL3N5c3RlbS9jb252ZXJzYXRpb25zL3BvaW50cyI+Q29tbXVuaXR5IFBvaW50czwvYT48c3Bhbj5Db21tdW5pdHkgUG9pbnRzIGNvbnZlcnNhdGlvbnMgcmF0aW5ncywgcmF0aW5ncywgY29tbXVuaXR5LCBjb21tdW5pdHkgcG9pbnRzPC9zcGFuPjwvbGk+ICAgICAgICAgICAgICAgICAgICAgICAgICAgICAgICAgICAgICAgIDxsaT48YSBocmVmPSJodHRwOi8vdmFuaWxsYS5oaXZlLXRlbXBsYXRlLmxvY2FsLmZlMS5zdGcuaGFydmVzdGRwLmFuY2hvci5uZXQuYXUvaW5kZXgucGhwL2Rhc2hib2FyZC9zeXN0ZW0vY29udmVyc2F0aW9ucy9iYW5uZWR3b3JkcyI+QmFubmVkIFdvcmRzPC9hPjxzcGFuPkJhbm5lZCBXb3JkcyBjb252ZXJzYXRpb25zIGJhZCB3b3JkcywgYmFubmVkIHdvcmRzLCBiYW5uZWQsIGJhZCB3b3JkcywgYmFkLCB3b3JkcywgbGlzdDwvc3Bhbj48L2xpPiAgICAgICAgICAgICAgICAgICAgICAgICAgICAgICAgICAgICAgICA8bGk+PGEgaHJlZj0iaHR0cDovL3ZhbmlsbGEuaGl2ZS10ZW1wbGF0ZS5sb2NhbC5mZTEuc3RnLmhhcnZlc3RkcC5hbmNob3IubmV0LmF1L2luZGV4LnBocC9kYXNoYm9hcmQvc3lzdGVtL2NvbnZlcnNhdGlvbnMvcGVybWlzc2lvbnMiPkNvbnZlcnNhdGlvbiBQZXJtaXNzaW9uczwvYT48c3Bhbj5Db252ZXJzYXRpb24gUGVybWlzc2lvbnMgPC9zcGFuPjwvbGk+ICAgICAgICAgICAgICAgICAgICAgICAgICAgICAgICAgICAgICAgIDxsaT48YSBocmVmPSJodHRwOi8vdmFuaWxsYS5oaXZlLXRlbXBsYXRlLmxvY2FsLmZlMS5zdGcuaGFydmVzdGRwLmFuY2hvci5uZXQuYXUvaW5kZXgucGhwL2Rhc2hib2FyZC9zeXN0ZW0vYXR0cmlidXRlcyI+QXR0cmlidXRlczwvYT48c3Bhbj5BdHRyaWJ1dGVzIGF0dHJpYnV0ZSBjb25maWd1cmF0aW9uPC9zcGFuPjwvbGk+ICAgICAgICAgICAgICAgICAgICAgICAgICAgICAgICAgICAgICAgIDxsaT48YSBocmVmPSJodHRwOi8vdmFuaWxsYS5oaXZlLXRlbXBsYXRlLmxvY2FsLmZlMS5zdGcuaGFydmVzdGRwLmFuY2hvci5uZXQuYXUvaW5kZXgucGhwL2Rhc2hib2FyZC9zeXN0ZW0vYXR0cmlidXRlcy9zZXRzIj5TZXRzPC9hPjxzcGFuPlNldHMgYXR0cmlidXRlcywgc2V0czwvc3Bhbj48L2xpPiAgICAgICAgICAgICAgICAgICAgICAgICAgICAgICAgICAgICAgICA8bGk+PGEgaHJlZj0iaHR0cDovL3ZhbmlsbGEuaGl2ZS10ZW1wbGF0ZS5sb2NhbC5mZTEuc3RnLmhhcnZlc3RkcC5hbmNob3IubmV0LmF1L2luZGV4LnBocC9kYXNoYm9hcmQvc3lzdGVtL2F0dHJpYnV0ZXMvdHlwZXMiPlR5cGVzPC9hPjxzcGFuPlR5cGVzIGF0dHJpYnV0ZXMsIHR5cGVzPC9zcGFuPjwvbGk+ICAgICAgICAgICAgICAgICAgICAgICAgICAgICAgICAgICAgICAgIDxsaT48YSBocmVmPSJodHRwOi8vdmFuaWxsYS5oaXZlLXRlbXBsYXRlLmxvY2FsLmZlMS5zdGcuaGFydmVzdGRwLmFuY2hvci5uZXQuYXUvaW5kZXgucGhwL2Rhc2hib2FyZC9zeXN0ZW0vYXR0cmlidXRlcy90b3BpY3MiPlRvcGljczwvYT48c3Bhbj5Ub3BpY3MgdG9waWNzLCB0YWdzLCB0YXhvbm9teTwvc3Bhbj48L2xpPiAgICAgICAgICAgICAgICAgICAgICAgICAgICAgICAgICAgICAgICA8bGk+PGEgaHJlZj0iaHR0cDovL3ZhbmlsbGEuaGl2ZS10ZW1wbGF0ZS5sb2NhbC5mZTEuc3RnLmhhcnZlc3RkcC5hbmNob3IubmV0LmF1L2luZGV4LnBocC9kYXNoYm9hcmQvc3lzdGVtL2F0dHJpYnV0ZXMvdG9waWNzL2FkZCI+QWRkIFRvcGljIFRyZWU8L2E+PHNwYW4+QWRkIFRvcGljIFRyZWUgPC9zcGFuPjwvbGk+ICAgICAgICAgICAgICAgICAgICAgICAgICAgICAgICAgICAgICAgIDxsaT48YSBocmVmPSJodHRwOi8vdmFuaWxsYS5oaXZlLXRlbXBsYXRlLmxvY2FsLmZlMS5zdGcuaGFydmVzdGRwLmFuY2hvci5uZXQuYXUvaW5kZXgucGhwL2Rhc2hib2FyZC9zeXN0ZW0vZW52aXJvbm1lbnQvaW5mbyI+RW52aXJvbm1lbnQgSW5mb3JtYXRpb248L2E+PHNwYW4+RW52aXJvbm1lbnQgSW5mb3JtYXRpb24gb3ZlcnJpZGVzLCBzeXN0ZW0gaW5mbywgZGVidWcsIHN1cHBvcnQsIGhlbHA8L3NwYW4+PC9saT4gICAgICAgICAgICAgICAgICAgICAgICAgICAgICAgICAgICAgICAgPGxpPjxhIGhyZWY9Imh0dHA6Ly92YW5pbGxhLmhpdmUtdGVtcGxhdGUubG9jYWwuZmUxLnN0Zy5oYXJ2ZXN0ZHAuYW5jaG9yLm5ldC5hdS9pbmRleC5waHAvZGFzaGJvYXJkL3N5c3RlbS9lbnZpcm9ubWVudC9kZWJ1ZyI+RGVidWcgU2V0dGluZ3M8L2E+PHNwYW4+RGVidWcgU2V0dGluZ3MgZXJyb3JzLCBleGNlcHRpb25zLCBkZXZlbG9wLCBzdXBwb3J0LCBoZWxwPC9zcGFuPjwvbGk+ICAgICAgICAgICAgICAgICAgICAgICAgICAgICAgICAgICAgICAgIDxsaT48YSBocmVmPSJodHRwOi8vdmFuaWxsYS5oaXZlLXRlbXBsYXRlLmxvY2FsLmZlMS5zdGcuaGFydmVzdGRwLmFuY2hvci5uZXQuYXUvaW5kZXgucGhwL2Rhc2hib2FyZC9zeXN0ZW0vZW52aXJvbm1lbnQvbG9nZ2luZyI+TG9nZ2luZyBTZXR0aW5nczwvYT48c3Bhbj5Mb2dnaW5nIFNldHRpbmdzIGVtYWlsLCBsb2dnaW5nLCBsb2dzLCBzbXRwLCBwb3AsIGVycm9ycywgbXlzcWwsIGxvZzwvc3Bhbj48L2xpPiAgICAgICAgICAgICAgICAgICAgICAgICAgICAgICAgICAgICAgICA8bGk+PGEgaHJlZj0iaHR0cDovL3ZhbmlsbGEuaGl2ZS10ZW1wbGF0ZS5sb2NhbC5mZTEuc3RnLmhhcnZlc3RkcC5hbmNob3IubmV0LmF1L2luZGV4LnBocC9kYXNoYm9hcmQvc3lzdGVtL2Vudmlyb25tZW50L3Byb3h5Ij5Qcm94eSBTZXJ2ZXI8L2E+PHNwYW4+UHJveHkgU2VydmVyIG5ldHdvcmssIHByb3h5IHNlcnZlcjwvc3Bhbj48L2xpPiAgICAgICAgICAgICAgICAgICAgICAgICAgICAgICAgICAgICAgICA8bGk+PGEgaHJlZj0iaHR0cDovL3ZhbmlsbGEuaGl2ZS10ZW1wbGF0ZS5sb2NhbC5mZTEuc3RnLmhhcnZlc3RkcC5hbmNob3IubmV0LmF1L2luZGV4LnBocC9kYXNoYm9hcmQvc3lzdGVtL2Vudmlyb25tZW50L2VudGl0aWVzIj5EYXRhYmFzZSBFbnRpdGllczwvYT48c3Bhbj5EYXRhYmFzZSBFbnRpdGllcyBkYXRhYmFzZSwgZW50aXRpZXMsIGRvY3RyaW5lLCBvcm08L3NwYW4+PC9saT4gICAgICAgICAgICAgICAgICAgICAgICAgICAgICAgICAgICAgICAgPGxpPjxhIGhyZWY9Imh0dHA6Ly92YW5pbGxhLmhpdmUtdGVtcGxhdGUubG9jYWwuZmUxLnN0Zy5oYXJ2ZXN0ZHAuYW5jaG9yLm5ldC5hdS9pbmRleC5waHAvZGFzaGJvYXJkL3N5c3RlbS9iYWNrdXAiPkJhY2t1cCAmIFJlc3RvcmU8L2E+PHNwYW4+QmFja3VwICYgUmVzdG9yZSBleHBvcnQsIGJhY2t1cCwgZGF0YWJhc2UsIHNxbCwgbXlzcWwsIGVuY3J5cHRpb24sIHJlc3RvcmU8L3NwYW4+PC9saT4gICAgICAgICAgICAgICAgICAgICAgICAgICAgICAgICAgICAgICAgPGxpPjxhIGhyZWY9Imh0dHA6Ly92YW5pbGxhLmhpdmUtdGVtcGxhdGUubG9jYWwuZmUxLnN0Zy5oYXJ2ZXN0ZHAuYW5jaG9yLm5ldC5hdS9pbmRleC5waHAvZGFzaGJvYXJkL3N5c3RlbS9iYWNrdXAvYmFja3VwIj5CYWNrdXAgRGF0YWJhc2U8L2E+PHNwYW4+QmFja3VwIERhdGFiYXNlIDwvc3Bhbj48L2xpPiAgICAgICAgICAgICAgICAgICAgICAgICAgICAgICAgICAgICAgICA8bGk+PGEgaHJlZj0iaHR0cDovL3ZhbmlsbGEuaGl2ZS10ZW1wbGF0ZS5sb2NhbC5mZTEuc3RnLmhhcnZlc3RkcC5hbmNob3IubmV0LmF1L2luZGV4LnBocC9kYXNoYm9hcmQvc3lzdGVtL2JhY2t1cC91cGRhdGUiPlVwZGF0ZSBjb25jcmV0ZTU8L2E+PHNwYW4+VXBkYXRlIGNvbmNyZXRlNSB1cGdyYWRlLCBuZXcgdmVyc2lvbiwgdXBkYXRlPC9zcGFuPjwvbGk+ICAgICAgICAgICAgICAgICAgICAgICAgICAgICAgICAgICAgICAgIDxsaT48YSBocmVmPSJodHRwOi8vdmFuaWxsYS5oaXZlLXRlbXBsYXRlLmxvY2FsLmZlMS5zdGcuaGFydmVzdGRwLmFuY2hvci5uZXQuYXUvaW5kZXgucGhwL2Rhc2hib2FyZC9zeXN0ZW0vbW9kZXJhdGlvbiI+TW9kZXJhdGlvbjwvYT48c3Bhbj5Nb2RlcmF0aW9uIDwvc3Bhbj48L2xpPiAgICAgICAgICAgICAgICAgICAgICAgICAgICAgICAgICAgICAgICA8bGk+PGEgaHJlZj0iaHR0cDovL3ZhbmlsbGEuaGl2ZS10ZW1wbGF0ZS5sb2NhbC5mZTEuc3RnLmhhcnZlc3RkcC5hbmNob3IubmV0LmF1L2luZGV4LnBocC9kYXNoYm9hcmQvc3lzdGVtL21vZGVyYXRpb24vcmVhc29uIj5SZWFzb248L2E+PHNwYW4+UmVhc29uIDwvc3Bhbj48L2xpPiAgICAgICAgICAgICAgICAgICAgICAgICAgICAgICAgICAgICAgICA8bGk+PGEgaHJlZj0iaHR0cDovL3ZhbmlsbGEuaGl2ZS10ZW1wbGF0ZS5sb2NhbC5mZTEuc3RnLmhhcnZlc3RkcC5hbmNob3IubmV0LmF1L2luZGV4LnBocC9kYXNoYm9hcmQvc3lzdGVtL21vZGVyYXRpb24vcGVybWlzc2lvbnMiPk1vZGVyYXRpb24gUGVybWlzc2lvbnM8L2E+PHNwYW4+TW9kZXJhdGlvbiBQZXJtaXNzaW9ucyA8L3NwYW4+PC9saT4gICAgICAgICAgICAgICAgICAgICAgICAgICAgICAgICAgICAgICAgPGxpPjxhIGhyZWY9Imh0dHA6Ly92YW5pbGxhLmhpdmUtdGVtcGxhdGUubG9jYWwuZmUxLnN0Zy5oYXJ2ZXN0ZHAuYW5jaG9yLm5ldC5hdS9pbmRleC5waHAvZGFzaGJvYXJkL3N5c3RlbS9tb2RlcmF0aW9uL3NldHRpbmdzIj5TZXR0aW5nczwvYT48c3Bhbj5TZXR0aW5ncyA8L3NwYW4+PC9saT4gICAgICAgICAgICAgICAgICAgICAgICAgICAgICAgICAgICA8L3VsPiAgICAgICAgICAgICAgICA8L2Rpdj4gICAgICAgICAgICAgICAgICAgICAgICAgICAgICAgIDxkaXYgY2xhc3M9ImNjbS1pbnRlbGxpZ2VudC1zZWFyY2gtcmVzdWx0cy1tb2R1bGUgY2NtLWludGVsbGlnZW50LXNlYXJjaC1yZXN1bHRzLW1vZHVsZS1vbnNpdGUiPiAgICAgICAgICAgICAgICA8aDE+SGl2ZSBTZXR0aW5nczwvaDE+ICAgICAgICAgICAgICAgIDx1bCBjbGFzcz0iY2NtLWludGVsbGlnZW50LXNlYXJjaC1yZXN1bHRzLWxpc3QiPiAgICAgICAgICAgICAgICAgICAgICAgICAgICAgICAgICAgICAgICAgICAgICAgICAgICA8bGk+PGEgaHJlZj0iaHR0cDovL3ZhbmlsbGEuaGl2ZS10ZW1wbGF0ZS5sb2NhbC5mZTEuc3RnLmhhcnZlc3RkcC5hbmNob3IubmV0LmF1L2luZGV4LnBocC9kYXNoYm9hcmQvc2V0dGluZ3Mvc2l0ZSI+U2l0ZTwvYT48c3Bhbj5IaXZlIFNldHRpbmdzICBTaXRlIDwvc3Bhbj48L2xpPiAgICAgICAgICAgICAgICAgICAgICAgICAgICAgICAgICAgICAgICA8bGk+PGEgaHJlZj0iaHR0cDovL3ZhbmlsbGEuaGl2ZS10ZW1wbGF0ZS5sb2NhbC5mZTEuc3RnLmhhcnZlc3RkcC5hbmNob3IubmV0LmF1L2luZGV4LnBocC9kYXNoYm9hcmQvc2V0dGluZ3MvdXNlcnMiPlVzZXJzPC9hPjxzcGFuPkhpdmUgU2V0dGluZ3MgIFVzZXJzIDwvc3Bhbj48L2xpPiAgICAgICAgICAgICAgICAgICAgICAgICAgICAgICAgICAgICAgICA8bGk+PGEgaHJlZj0iaHR0cDovL3ZhbmlsbGEuaGl2ZS10ZW1wbGF0ZS5sb2NhbC5mZTEuc3RnLmhhcnZlc3RkcC5hbmNob3IubmV0LmF1L2luZGV4LnBocC9kYXNoYm9hcmQvc2V0dGluZ3MvbW9kZXJhdGlvbiI+TW9kZXJhdGlvbjwvYT48c3Bhbj5IaXZlIFNldHRpbmdzICBNb2RlcmF0aW9uIDwvc3Bhbj48L2xpPiAgICAgICAgICAgICAgICAgICAgICAgICAgICAgICAgICAgICAgICA8bGk+PGEgaHJlZj0iaHR0cDovL3ZhbmlsbGEuaGl2ZS10ZW1wbGF0ZS5sb2NhbC5mZTEuc3RnLmhhcnZlc3RkcC5hbmNob3IubmV0LmF1L2luZGV4LnBocC9kYXNoYm9hcmQvc2V0dGluZ3MvZW1haWwiPkVtYWlsPC9hPjxzcGFuPkhpdmUgU2V0dGluZ3MgIEVtYWlsIDwvc3Bhbj48L2xpPiAgICAgICAgICAgICAgICAgICAgICAgICAgICAgICAgICAgICAgICA8bGk+PGEgaHJlZj0iaHR0cDovL3ZhbmlsbGEuaGl2ZS10ZW1wbGF0ZS5sb2NhbC5mZTEuc3RnLmhhcnZlc3RkcC5hbmNob3IubmV0LmF1L2luZGV4LnBocC9kYXNoYm9hcmQvc2V0dGluZ3MvcHJvamVjdHMiPlByb2plY3RzPC9hPjxzcGFuPkhpdmUgU2V0dGluZ3MgIFByb2plY3RzIDwvc3Bhbj48L2xpPiAgICAgICAgICAgICAgICAgICAgICAgICAgICAgICAgICAgIDwvdWw+ICAgICAgICAgICAgICAgIDwvZGl2PiAgICAgICAgICAgICAgICAgICAgICAgICAgICA8ZGl2IGNsYXNzPSJjY20taW50ZWxsaWdlbnQtc2VhcmNoLXJlc3VsdHMtbW9kdWxlIGNjbS1pbnRlbGxpZ2VudC1zZWFyY2gtcmVzdWx0cy1tb2R1bGUtb25zaXRlIj4gICAgICAgICAgICA8aDE+RGFzaGJvYXJkIEhvbWU8L2gxPiAgICAgICAgICAgIDx1bCBjbGFzcz0iY2NtLWludGVsbGlnZW50LXNlYXJjaC1yZXN1bHRzLWxpc3QiPiAgICAgICAgICAgICAgICA8bGk+PGEgaHJlZj0iaHR0cDovL3ZhbmlsbGEuaGl2ZS10ZW1wbGF0ZS5sb2NhbC5mZTEuc3RnLmhhcnZlc3RkcC5hbmNob3IubmV0LmF1L2luZGV4LnBocC9kYXNoYm9hcmQvaG9tZSI+Q3VzdG9taXplIDxzcGFuPkN1c3RvbWl6ZSBEYXNoYm9hcmQgSG9tZTwvc3Bhbj48L2E+PC9saT4gICAgICAgICAgICA8L3VsPiAgICAgICAgICAgIDwvZGl2PiAgICAgICAgICAgICAgICAgICAgICAgIDxkaXYgY2xhc3M9ImNjbS1pbnRlbGxpZ2VudC1zZWFyY2gtcmVzdWx0cy1tb2R1bGUiPiAgICAgICAgICAgIDxoMT5Zb3VyIFNpdGU8L2gxPiAgICAgICAgICAgIDxkaXYgY2xhc3M9ImxvYWRlciI+ICAgICAgICAgICAgICAgIDxkaXYgY2xhc3M9ImRvdCBkb3QxIj48L2Rpdj4gICAgICAgICAgICAgICAgPGRpdiBjbGFzcz0iZG90IGRvdDIiPjwvZGl2PiAgICAgICAgICAgICAgICA8ZGl2IGNsYXNzPSJkb3QgZG90MyI+PC9kaXY+ICAgICAgICAgICAgICAgIDxkaXYgY2xhc3M9ImRvdCBkb3Q0Ij48L2Rpdj4gICAgICAgICAgICA8L2Rpdj4gICAgICAgICAgICA8dWwgY2xhc3M9ImNjbS1pbnRlbGxpZ2VudC1zZWFyY2gtcmVzdWx0cy1saXN0IiBpZD0iY2NtLWludGVsbGlnZW50LXNlYXJjaC1yZXN1bHRzLWxpc3QteW91ci1zaXRlIj4gICAgICAgICAgICA8L3VsPiAgICAgICAgICAgIDwvZGl2PiAgICAgICAgICAgICAgICAgICAgICAgICAgICAgICAgPC9kaXY+ICAgICAgICAiO31zOjE4OiJDTElFTlRfUkVNT1RFX0FERFIiO3M6MTQ6IjEyNC4xNDguMTMwLjM0IjtzOjIyOiJDTElFTlRfSFRUUF9VU0VSX0FHRU5UIjtzOjc4OiJNb3ppbGxhLzUuMCAoV2luZG93cyBOVCAxMC4wOyBXaW42NDsgeDY0OyBydjo1OS4wKSBHZWNrby8yMDEwMDEwMSBGaXJlZm94LzU5LjAiO3M6MTI6InVPbmxpbmVDaGVjayI7aToxNTIxNzEyMDMwO3M6MjI6ImZyb250ZW5kUHJldmlvdXNQYWdlSUQiO3M6MToiMSI7czo3OiJlZGl0Q0lEIjtzOjE6IjEiO31fc2YyX2ZsYXNoZXN8YTowOnt9X3NmMl9tZXRhfGE6Mzp7czoxOiJ1IjtpOjE1MjE3MTIwMzA7czoxOiJjIjtpOjE1MjE3MTE3MTE7czoxOiJsIjtzOjQ6IjcyMDAiO30=',1521712030),('jrsp0f1cig7648vhttibeenr8m','X3NmMl9hdHRyaWJ1dGVzfGE6Mzp7czo3OiJ1R3JvdXBzIjthOjE6e2k6MTtzOjE6IjEiO31zOjE0OiJhY2Nlc3NFbnRpdGllcyI7YToxOntpOjA7Tzo1MDoiQ29uY3JldGVcQ29yZVxQZXJtaXNzaW9uXEFjY2Vzc1xFbnRpdHlcR3JvdXBFbnRpdHkiOjY6e3M6ODoiACoAZ3JvdXAiO086MzA6IkNvbmNyZXRlXENvcmVcVXNlclxHcm91cFxHcm91cCI6MjI6e3M6NDoiY3RJRCI7TjtzOjEzOiJwZXJtaXNzaW9uU2V0IjtOO3M6NDM6IgBDb25jcmV0ZVxDb3JlXFVzZXJcR3JvdXBcR3JvdXAAcGVybWlzc2lvbnMiO2E6MDp7fXM6NToiZXJyb3IiO3M6MDoiIjtzOjM6ImdJRCI7czoxOiIxIjtzOjU6ImdOYW1lIjtzOjU6Ikd1ZXN0IjtzOjEyOiJnRGVzY3JpcHRpb24iO3M6NjI6IlRoZSBndWVzdCBncm91cCByZXByZXNlbnRzIHVucmVnaXN0ZXJlZCB2aXNpdG9ycyB0byB5b3VyIHNpdGUuIjtzOjI0OiJnVXNlckV4cGlyYXRpb25Jc0VuYWJsZWQiO3M6MToiMCI7czoyMToiZ1VzZXJFeHBpcmF0aW9uTWV0aG9kIjtOO3M6MjY6ImdVc2VyRXhwaXJhdGlvblNldERhdGVUaW1lIjtOO3M6MjM6ImdVc2VyRXhwaXJhdGlvbkludGVydmFsIjtzOjE6IjAiO3M6MjE6ImdVc2VyRXhwaXJhdGlvbkFjdGlvbiI7TjtzOjg6ImdJc0JhZGdlIjtzOjE6IjAiO3M6OToiZ0JhZGdlRklEIjtzOjE6IjAiO3M6MTc6ImdCYWRnZURlc2NyaXB0aW9uIjtOO3M6MjU6ImdCYWRnZUNvbW11bml0eVBvaW50VmFsdWUiO3M6MToiMCI7czoxMjoiZ0lzQXV0b21hdGVkIjtzOjE6IjAiO3M6MjY6ImdDaGVja0F1dG9tYXRpb25PblJlZ2lzdGVyIjtzOjE6IjAiO3M6MjM6ImdDaGVja0F1dG9tYXRpb25PbkxvZ2luIjtzOjE6IjAiO3M6MjQ6ImdDaGVja0F1dG9tYXRpb25PbkpvYlJ1biI7czoxOiIwIjtzOjU6ImdQYXRoIjtzOjY6Ii9HdWVzdCI7czo1OiJwa2dJRCI7czoxOiIwIjt9czo1OiJwZXRJRCI7czoxOiIxIjtzOjk6InBldEhhbmRsZSI7czo1OiJncm91cCI7czo0OiJwZUlEIjtzOjE6IjMiO3M6NToibGFiZWwiO3M6NToiR3Vlc3QiO3M6NToiZXJyb3IiO3M6MDoiIjt9fXM6MjE6ImFjY2Vzc0VudGl0aWVzVXBkYXRlZCI7aToxNTUwMjAwMTk1O31fc2YyX2ZsYXNoZXN8YTowOnt9X3NmMl9tZXRhfGE6Mzp7czoxOiJ1IjtpOjE1NTAyMDAxOTg7czoxOiJjIjtpOjE1NTAyMDAxOTU7czoxOiJsIjtzOjE6IjAiO30=',1550200199),('ka3tlahbvrsadnp04osg39mp6t','X3NmMl9hdHRyaWJ1dGVzfGE6Mzp7czo3OiJ1R3JvdXBzIjthOjE6e2k6MTtzOjE6IjEiO31zOjE0OiJhY2Nlc3NFbnRpdGllcyI7YToxOntpOjA7Tzo1MDoiQ29uY3JldGVcQ29yZVxQZXJtaXNzaW9uXEFjY2Vzc1xFbnRpdHlcR3JvdXBFbnRpdHkiOjY6e3M6ODoiACoAZ3JvdXAiO086MzA6IkNvbmNyZXRlXENvcmVcVXNlclxHcm91cFxHcm91cCI6MjI6e3M6NDoiY3RJRCI7TjtzOjEzOiJwZXJtaXNzaW9uU2V0IjtOO3M6NDM6IgBDb25jcmV0ZVxDb3JlXFVzZXJcR3JvdXBcR3JvdXAAcGVybWlzc2lvbnMiO2E6MDp7fXM6NToiZXJyb3IiO3M6MDoiIjtzOjM6ImdJRCI7czoxOiIxIjtzOjU6ImdOYW1lIjtzOjU6Ikd1ZXN0IjtzOjEyOiJnRGVzY3JpcHRpb24iO3M6NjI6IlRoZSBndWVzdCBncm91cCByZXByZXNlbnRzIHVucmVnaXN0ZXJlZCB2aXNpdG9ycyB0byB5b3VyIHNpdGUuIjtzOjI0OiJnVXNlckV4cGlyYXRpb25Jc0VuYWJsZWQiO3M6MToiMCI7czoyMToiZ1VzZXJFeHBpcmF0aW9uTWV0aG9kIjtOO3M6MjY6ImdVc2VyRXhwaXJhdGlvblNldERhdGVUaW1lIjtOO3M6MjM6ImdVc2VyRXhwaXJhdGlvbkludGVydmFsIjtzOjE6IjAiO3M6MjE6ImdVc2VyRXhwaXJhdGlvbkFjdGlvbiI7TjtzOjg6ImdJc0JhZGdlIjtzOjE6IjAiO3M6OToiZ0JhZGdlRklEIjtzOjE6IjAiO3M6MTc6ImdCYWRnZURlc2NyaXB0aW9uIjtOO3M6MjU6ImdCYWRnZUNvbW11bml0eVBvaW50VmFsdWUiO3M6MToiMCI7czoxMjoiZ0lzQXV0b21hdGVkIjtzOjE6IjAiO3M6MjY6ImdDaGVja0F1dG9tYXRpb25PblJlZ2lzdGVyIjtzOjE6IjAiO3M6MjM6ImdDaGVja0F1dG9tYXRpb25PbkxvZ2luIjtzOjE6IjAiO3M6MjQ6ImdDaGVja0F1dG9tYXRpb25PbkpvYlJ1biI7czoxOiIwIjtzOjU6ImdQYXRoIjtzOjY6Ii9HdWVzdCI7czo1OiJwa2dJRCI7czoxOiIwIjt9czo1OiJwZXRJRCI7czoxOiIxIjtzOjk6InBldEhhbmRsZSI7czo1OiJncm91cCI7czo0OiJwZUlEIjtzOjE6IjMiO3M6NToibGFiZWwiO3M6NToiR3Vlc3QiO3M6NToiZXJyb3IiO3M6MDoiIjt9fXM6MjE6ImFjY2Vzc0VudGl0aWVzVXBkYXRlZCI7aToxNTI4MjQ2NDE2O31fc2YyX2ZsYXNoZXN8YTowOnt9X3NmMl9tZXRhfGE6Mzp7czoxOiJ1IjtpOjE1MjgyNDY0MjQ7czoxOiJjIjtpOjE1MjgyNDY0MTY7czoxOiJsIjtzOjQ6IjcyMDAiO30=',1528246424),('ko26edpl35kc6oorq1kah2hlf7','X3NmMl9hdHRyaWJ1dGVzfGE6MTM6e3M6MjE6ImFjY2Vzc0VudGl0aWVzVXBkYXRlZCI7aToxNTMxMjAwNTk0O3M6NDoicmNJRCI7czoxOiIyIjtzOjc6InVHcm91cHMiO2E6Mzp7aToyO3M6MToiMiI7aToxMjtzOjI6IjEyIjtpOjE7czoxOiIxIjt9czozOiJ1SUQiO3M6MToiMSI7czo1OiJ1TmFtZSI7czo1OiJhZG1pbiI7czoxNDoidUJsb2NrVHlwZXNTZXQiO2I6MDtzOjExOiJ1TGFzdE9ubGluZSI7aToxNTMxMjAwNjAzO3M6OToidVRpbWV6b25lIjtOO3M6MTY6InVEZWZhdWx0TGFuZ3VhZ2UiO047czoxOToidUxhc3RQYXNzd29yZENoYW5nZSI7czoxOToiMjAxNS0wMy0xMyAwNToxMDoyMCI7czoxODoiQ0xJRU5UX1JFTU9URV9BRERSIjtzOjE1OiIyMDMuMjA2LjE0Mi4yMzIiO3M6MjI6IkNMSUVOVF9IVFRQX1VTRVJfQUdFTlQiO3M6MTE0OiJNb3ppbGxhLzUuMCAoV2luZG93cyBOVCAxMC4wOyBXaW42NDsgeDY0KSBBcHBsZVdlYktpdC81MzcuMzYgKEtIVE1MLCBsaWtlIEdlY2tvKSBDaHJvbWUvNjcuMC4zMzk2Ljk5IFNhZmFyaS81MzcuMzYiO3M6MTI6InVPbmxpbmVDaGVjayI7aToxNTMxMjAwNjM1O31fc2YyX2ZsYXNoZXN8YTowOnt9X3NmMl9tZXRhfGE6Mzp7czoxOiJ1IjtpOjE1MzEyMDA2MzU7czoxOiJjIjtpOjE1MzEyMDA1OTQ7czoxOiJsIjtzOjQ6IjcyMDAiO30=',1531200635),('lc1slgpbt7r5lp0dd68c9qf835','X3NmMl9hdHRyaWJ1dGVzfGE6MTM6e3M6MjE6ImFjY2Vzc0VudGl0aWVzVXBkYXRlZCI7aToxNTMwODYzODgyO3M6NzoidUdyb3VwcyI7YTozOntpOjI7czoxOiIyIjtpOjEyO3M6MjoiMTIiO2k6MTtzOjE6IjEiO31zOjM6InVJRCI7czoxOiIxIjtzOjU6InVOYW1lIjtzOjU6ImFkbWluIjtzOjE0OiJ1QmxvY2tUeXBlc1NldCI7YjowO3M6MTE6InVMYXN0T25saW5lIjtpOjE1MzA4NjM4OTI7czo5OiJ1VGltZXpvbmUiO047czoxNjoidURlZmF1bHRMYW5ndWFnZSI7TjtzOjE5OiJ1TGFzdFBhc3N3b3JkQ2hhbmdlIjtzOjE5OiIyMDE1LTAzLTEzIDA1OjEwOjIwIjtzOjE4OiJDTElFTlRfUkVNT1RFX0FERFIiO3M6MTU6IjIwMy4yMDYuMTQyLjIzMiI7czoyMjoiQ0xJRU5UX0hUVFBfVVNFUl9BR0VOVCI7czoxMjA6Ik1vemlsbGEvNS4wIChNYWNpbnRvc2g7IEludGVsIE1hYyBPUyBYIDEwXzEyXzYpIEFwcGxlV2ViS2l0LzUzNy4zNiAoS0hUTUwsIGxpa2UgR2Vja28pIENocm9tZS82Ny4wLjMzOTYuOTkgU2FmYXJpLzUzNy4zNiI7czoxMjoidU9ubGluZUNoZWNrIjtpOjE1MzA4NjM5MTc7czoyMjoiZnJvbnRlbmRQcmV2aW91c1BhZ2VJRCI7czoxOiIxIjt9X3NmMl9mbGFzaGVzfGE6MDp7fV9zZjJfbWV0YXxhOjM6e3M6MToidSI7aToxNTMwODYzOTE3O3M6MToiYyI7aToxNTMwODYzODgyO3M6MToibCI7czo0OiI3MjAwIjt9',1530863917),('mha358v1md515k28uv5avriuu3','X3NmMl9hdHRyaWJ1dGVzfGE6Mzp7czo3OiJ1R3JvdXBzIjthOjE6e2k6MTtzOjE6IjEiO31zOjE0OiJhY2Nlc3NFbnRpdGllcyI7YToxOntpOjA7Tzo1MDoiQ29uY3JldGVcQ29yZVxQZXJtaXNzaW9uXEFjY2Vzc1xFbnRpdHlcR3JvdXBFbnRpdHkiOjY6e3M6ODoiACoAZ3JvdXAiO086MzA6IkNvbmNyZXRlXENvcmVcVXNlclxHcm91cFxHcm91cCI6MjI6e3M6NDoiY3RJRCI7TjtzOjEzOiJwZXJtaXNzaW9uU2V0IjtOO3M6NDM6IgBDb25jcmV0ZVxDb3JlXFVzZXJcR3JvdXBcR3JvdXAAcGVybWlzc2lvbnMiO2E6MDp7fXM6NToiZXJyb3IiO3M6MDoiIjtzOjM6ImdJRCI7czoxOiIxIjtzOjU6ImdOYW1lIjtzOjU6Ikd1ZXN0IjtzOjEyOiJnRGVzY3JpcHRpb24iO3M6NjI6IlRoZSBndWVzdCBncm91cCByZXByZXNlbnRzIHVucmVnaXN0ZXJlZCB2aXNpdG9ycyB0byB5b3VyIHNpdGUuIjtzOjI0OiJnVXNlckV4cGlyYXRpb25Jc0VuYWJsZWQiO3M6MToiMCI7czoyMToiZ1VzZXJFeHBpcmF0aW9uTWV0aG9kIjtOO3M6MjY6ImdVc2VyRXhwaXJhdGlvblNldERhdGVUaW1lIjtOO3M6MjM6ImdVc2VyRXhwaXJhdGlvbkludGVydmFsIjtzOjE6IjAiO3M6MjE6ImdVc2VyRXhwaXJhdGlvbkFjdGlvbiI7TjtzOjg6ImdJc0JhZGdlIjtzOjE6IjAiO3M6OToiZ0JhZGdlRklEIjtzOjE6IjAiO3M6MTc6ImdCYWRnZURlc2NyaXB0aW9uIjtOO3M6MjU6ImdCYWRnZUNvbW11bml0eVBvaW50VmFsdWUiO3M6MToiMCI7czoxMjoiZ0lzQXV0b21hdGVkIjtzOjE6IjAiO3M6MjY6ImdDaGVja0F1dG9tYXRpb25PblJlZ2lzdGVyIjtzOjE6IjAiO3M6MjM6ImdDaGVja0F1dG9tYXRpb25PbkxvZ2luIjtzOjE6IjAiO3M6MjQ6ImdDaGVja0F1dG9tYXRpb25PbkpvYlJ1biI7czoxOiIwIjtzOjU6ImdQYXRoIjtzOjY6Ii9HdWVzdCI7czo1OiJwa2dJRCI7czoxOiIwIjt9czo1OiJwZXRJRCI7czoxOiIxIjtzOjk6InBldEhhbmRsZSI7czo1OiJncm91cCI7czo0OiJwZUlEIjtzOjE6IjMiO3M6NToibGFiZWwiO3M6NToiR3Vlc3QiO3M6NToiZXJyb3IiO3M6MDoiIjt9fXM6MjE6ImFjY2Vzc0VudGl0aWVzVXBkYXRlZCI7aToxNTEzMTI4MDQzO31fc2YyX2ZsYXNoZXN8YTowOnt9X3NmMl9tZXRhfGE6Mzp7czoxOiJ1IjtpOjE1MTMxMjgwNDY7czoxOiJjIjtpOjE1MTMxMjgwNDM7czoxOiJsIjtzOjQ6IjcyMDAiO30=',1513128046),('p03r7jko5gc9jsemnlgd3kpk6v','X3NmMl9hdHRyaWJ1dGVzfGE6Mzp7czo3OiJ1R3JvdXBzIjthOjE6e2k6MTtzOjE6IjEiO31zOjE0OiJhY2Nlc3NFbnRpdGllcyI7YToxOntpOjA7Tzo1MDoiQ29uY3JldGVcQ29yZVxQZXJtaXNzaW9uXEFjY2Vzc1xFbnRpdHlcR3JvdXBFbnRpdHkiOjY6e3M6ODoiACoAZ3JvdXAiO086MzA6IkNvbmNyZXRlXENvcmVcVXNlclxHcm91cFxHcm91cCI6MjI6e3M6NDoiY3RJRCI7TjtzOjEzOiJwZXJtaXNzaW9uU2V0IjtOO3M6NDM6IgBDb25jcmV0ZVxDb3JlXFVzZXJcR3JvdXBcR3JvdXAAcGVybWlzc2lvbnMiO2E6MDp7fXM6NToiZXJyb3IiO3M6MDoiIjtzOjM6ImdJRCI7czoxOiIxIjtzOjU6ImdOYW1lIjtzOjU6Ikd1ZXN0IjtzOjEyOiJnRGVzY3JpcHRpb24iO3M6NjI6IlRoZSBndWVzdCBncm91cCByZXByZXNlbnRzIHVucmVnaXN0ZXJlZCB2aXNpdG9ycyB0byB5b3VyIHNpdGUuIjtzOjI0OiJnVXNlckV4cGlyYXRpb25Jc0VuYWJsZWQiO3M6MToiMCI7czoyMToiZ1VzZXJFeHBpcmF0aW9uTWV0aG9kIjtOO3M6MjY6ImdVc2VyRXhwaXJhdGlvblNldERhdGVUaW1lIjtOO3M6MjM6ImdVc2VyRXhwaXJhdGlvbkludGVydmFsIjtzOjE6IjAiO3M6MjE6ImdVc2VyRXhwaXJhdGlvbkFjdGlvbiI7TjtzOjg6ImdJc0JhZGdlIjtzOjE6IjAiO3M6OToiZ0JhZGdlRklEIjtzOjE6IjAiO3M6MTc6ImdCYWRnZURlc2NyaXB0aW9uIjtOO3M6MjU6ImdCYWRnZUNvbW11bml0eVBvaW50VmFsdWUiO3M6MToiMCI7czoxMjoiZ0lzQXV0b21hdGVkIjtzOjE6IjAiO3M6MjY6ImdDaGVja0F1dG9tYXRpb25PblJlZ2lzdGVyIjtzOjE6IjAiO3M6MjM6ImdDaGVja0F1dG9tYXRpb25PbkxvZ2luIjtzOjE6IjAiO3M6MjQ6ImdDaGVja0F1dG9tYXRpb25PbkpvYlJ1biI7czoxOiIwIjtzOjU6ImdQYXRoIjtzOjY6Ii9HdWVzdCI7czo1OiJwa2dJRCI7czoxOiIwIjt9czo1OiJwZXRJRCI7czoxOiIxIjtzOjk6InBldEhhbmRsZSI7czo1OiJncm91cCI7czo0OiJwZUlEIjtzOjE6IjMiO3M6NToibGFiZWwiO3M6NToiR3Vlc3QiO3M6NToiZXJyb3IiO3M6MDoiIjt9fXM6MjE6ImFjY2Vzc0VudGl0aWVzVXBkYXRlZCI7aToxNTUwMjAwMjI1O31fc2YyX2ZsYXNoZXN8YTowOnt9X3NmMl9tZXRhfGE6Mzp7czoxOiJ1IjtpOjE1NTAyMDAyMjg7czoxOiJjIjtpOjE1NTAyMDAyMjU7czoxOiJsIjtzOjE6IjAiO30=',1550200228),('p2uhlcp7l327m2jkme1e0aliu9','X3NmMl9hdHRyaWJ1dGVzfGE6MTQ6e3M6MjE6ImFjY2Vzc0VudGl0aWVzVXBkYXRlZCI7aToxNTI3NDgyMDA1O3M6NDoicmNJRCI7czoxOiIyIjtzOjc6InVHcm91cHMiO2E6Mzp7aToyO3M6MToiMiI7aToxMjtzOjI6IjEyIjtpOjE7czoxOiIxIjt9czozOiJ1SUQiO3M6MToiMSI7czo1OiJ1TmFtZSI7czo1OiJhZG1pbiI7czoxNDoidUJsb2NrVHlwZXNTZXQiO2I6MDtzOjExOiJ1TGFzdE9ubGluZSI7aToxNTI3NDgyMDkzO3M6OToidVRpbWV6b25lIjtOO3M6MTY6InVEZWZhdWx0TGFuZ3VhZ2UiO047czoxOToidUxhc3RQYXNzd29yZENoYW5nZSI7czoxOToiMjAxNS0wMy0xMyAwNToxMDoyMCI7czoxNDoiZGFzaGJvYXJkTWVudXMiO2E6MTp7czo1OiJlbl9VUyI7czozOTE3NToiICAgICAgICAgICAgPGRpdiBpZD0iY2NtLWludGVsbGlnZW50LXNlYXJjaC1yZXN1bHRzIj4gICAgICAgICAgICAgICAgICAgICAgICAgICAgPGRpdiBjbGFzcz0iY2NtLWludGVsbGlnZW50LXNlYXJjaC1yZXN1bHRzLW1vZHVsZSBjY20taW50ZWxsaWdlbnQtc2VhcmNoLXJlc3VsdHMtbW9kdWxlLW9uc2l0ZSI+ICAgICAgICAgICAgICAgIDxoMT5Xb3JrZmxvdzwvaDE+ICAgICAgICAgICAgICAgIDx1bCBjbGFzcz0iY2NtLWludGVsbGlnZW50LXNlYXJjaC1yZXN1bHRzLWxpc3QiPiAgICAgICAgICAgICAgICAgICAgICAgICAgICAgICAgICAgICAgICAgICAgICAgICAgICA8bGk+PGEgaHJlZj0iaHR0cDovL3ZhbmlsbGEuaGl2ZS10ZW1wbGF0ZS5sb2NhbC5mZTEuc3RnLmhhcnZlc3RkcC5hbmNob3IubmV0LmF1L2luZGV4LnBocC9kYXNoYm9hcmQvd29ya2Zsb3cvd29ya2Zsb3dzIj5Xb3JrZmxvdyBMaXN0PC9hPjxzcGFuPldvcmtmbG93IGFkZCB3b3JrZmxvdywgcmVtb3ZlIHdvcmtmbG93IFdvcmtmbG93IExpc3QgPC9zcGFuPjwvbGk+ICAgICAgICAgICAgICAgICAgICAgICAgICAgICAgICAgICAgICAgIDxsaT48YSBocmVmPSJodHRwOi8vdmFuaWxsYS5oaXZlLXRlbXBsYXRlLmxvY2FsLmZlMS5zdGcuaGFydmVzdGRwLmFuY2hvci5uZXQuYXUvaW5kZXgucGhwL2Rhc2hib2FyZC93b3JrZmxvdy9tZSI+V2FpdGluZyBmb3IgTWU8L2E+PHNwYW4+V29ya2Zsb3cgYWRkIHdvcmtmbG93LCByZW1vdmUgd29ya2Zsb3cgV2FpdGluZyBmb3IgTWUgPC9zcGFuPjwvbGk+ICAgICAgICAgICAgICAgICAgICAgICAgICAgICAgICAgICAgPC91bD4gICAgICAgICAgICAgICAgPC9kaXY+ICAgICAgICAgICAgICAgICAgICAgICAgICAgICAgICA8ZGl2IGNsYXNzPSJjY20taW50ZWxsaWdlbnQtc2VhcmNoLXJlc3VsdHMtbW9kdWxlIGNjbS1pbnRlbGxpZ2VudC1zZWFyY2gtcmVzdWx0cy1tb2R1bGUtb25zaXRlIj4gICAgICAgICAgICAgICAgPGgxPk1vZGVyYXRpb248L2gxPiAgICAgICAgICAgICAgICA8dWwgY2xhc3M9ImNjbS1pbnRlbGxpZ2VudC1zZWFyY2gtcmVzdWx0cy1saXN0Ij4gICAgICAgICAgICAgICAgICAgICAgICAgICAgICAgICAgICA8bGk+PGEgaHJlZj0iaHR0cDovL3ZhbmlsbGEuaGl2ZS10ZW1wbGF0ZS5sb2NhbC5mZTEuc3RnLmhhcnZlc3RkcC5hbmNob3IubmV0LmF1L2luZGV4LnBocC9kYXNoYm9hcmQvbW9kZXJhdGlvbiI+TW9kZXJhdGlvbjwvYT48c3Bhbj5Nb2RlcmF0aW9uIDwvc3Bhbj48L2xpPiAgICAgICAgICAgICAgICAgICAgICAgICAgICAgICAgICAgICAgICAgICAgICAgICAgICA8L3VsPiAgICAgICAgICAgICAgICA8L2Rpdj4gICAgICAgICAgICAgICAgICAgICAgICAgICAgICAgIDxkaXYgY2xhc3M9ImNjbS1pbnRlbGxpZ2VudC1zZWFyY2gtcmVzdWx0cy1tb2R1bGUgY2NtLWludGVsbGlnZW50LXNlYXJjaC1yZXN1bHRzLW1vZHVsZS1vbnNpdGUiPiAgICAgICAgICAgICAgICA8aDE+UHJvamVjdHM8L2gxPiAgICAgICAgICAgICAgICA8dWwgY2xhc3M9ImNjbS1pbnRlbGxpZ2VudC1zZWFyY2gtcmVzdWx0cy1saXN0Ij4gICAgICAgICAgICAgICAgICAgICAgICAgICAgICAgICAgICAgICAgICAgICAgICAgICAgPGxpPjxhIGhyZWY9Imh0dHA6Ly92YW5pbGxhLmhpdmUtdGVtcGxhdGUubG9jYWwuZmUxLnN0Zy5oYXJ2ZXN0ZHAuYW5jaG9yLm5ldC5hdS9pbmRleC5waHAvZGFzaGJvYXJkL3Byb2plY3RzL2xhdW5jaCI+TGF1bmNoIE5ldyBQcm9qZWN0PC9hPjxzcGFuPlByb2plY3RzICBMYXVuY2ggTmV3IFByb2plY3QgPC9zcGFuPjwvbGk+ICAgICAgICAgICAgICAgICAgICAgICAgICAgICAgICAgICAgICAgIDxsaT48YSBocmVmPSJodHRwOi8vdmFuaWxsYS5oaXZlLXRlbXBsYXRlLmxvY2FsLmZlMS5zdGcuaGFydmVzdGRwLmFuY2hvci5uZXQuYXUvaW5kZXgucGhwL2Rhc2hib2FyZC9wcm9qZWN0cy9zZXR0aW5ncyI+UHJvamVjdCBTZXR0aW5nczwvYT48c3Bhbj5Qcm9qZWN0cyAgUHJvamVjdCBTZXR0aW5ncyA8L3NwYW4+PC9saT4gICAgICAgICAgICAgICAgICAgICAgICAgICAgICAgICAgICA8L3VsPiAgICAgICAgICAgICAgICA8L2Rpdj4gICAgICAgICAgICAgICAgICAgICAgICAgICAgICAgIDxkaXYgY2xhc3M9ImNjbS1pbnRlbGxpZ2VudC1zZWFyY2gtcmVzdWx0cy1tb2R1bGUgY2NtLWludGVsbGlnZW50LXNlYXJjaC1yZXN1bHRzLW1vZHVsZS1vbnNpdGUiPiAgICAgICAgICAgICAgICA8aDE+UmVwb3J0czwvaDE+ICAgICAgICAgICAgICAgIDx1bCBjbGFzcz0iY2NtLWludGVsbGlnZW50LXNlYXJjaC1yZXN1bHRzLWxpc3QiPiAgICAgICAgICAgICAgICAgICAgICAgICAgICAgICAgICAgICAgICAgICAgICAgICAgICA8bGk+PGEgaHJlZj0iaHR0cDovL3ZhbmlsbGEuaGl2ZS10ZW1wbGF0ZS5sb2NhbC5mZTEuc3RnLmhhcnZlc3RkcC5hbmNob3IubmV0LmF1L2luZGV4LnBocC9kYXNoYm9hcmQvcmVwb3J0cy9jb252ZXJzYXRpb25zIj5Db252ZXJzYXRpb25zPC9hPjxzcGFuPlJlcG9ydHMgIENvbnZlcnNhdGlvbnMgY29udmVyc2F0aW9uLCBkaXNjdXNzaW9uLCBmb3J1bSwgZ3Vlc3Rib29rPC9zcGFuPjwvbGk+ICAgICAgICAgICAgICAgICAgICAgICAgICAgICAgICAgICAgICAgIDxsaT48YSBocmVmPSJodHRwOi8vdmFuaWxsYS5oaXZlLXRlbXBsYXRlLmxvY2FsLmZlMS5zdGcuaGFydmVzdGRwLmFuY2hvci5uZXQuYXUvaW5kZXgucGhwL2Rhc2hib2FyZC9yZXBvcnRzL2Zvcm1zIj5Gb3JtczwvYT48c3Bhbj5SZXBvcnRzICBGb3JtcyBmb3JtcywgcXVlc3Rpb25zLCByZXNwb25zZSwgZGF0YTwvc3Bhbj48L2xpPiAgICAgICAgICAgICAgICAgICAgICAgICAgICAgICAgICAgICAgICA8bGk+PGEgaHJlZj0iaHR0cDovL3ZhbmlsbGEuaGl2ZS10ZW1wbGF0ZS5sb2NhbC5mZTEuc3RnLmhhcnZlc3RkcC5hbmNob3IubmV0LmF1L2luZGV4LnBocC9kYXNoYm9hcmQvcmVwb3J0cy9zdXJ2ZXlzIj5Qb2xsczwvYT48c3Bhbj5SZXBvcnRzICBQb2xscyBxdWVzdGlvbnMsIHF1aXosIHJlc3BvbnNlPC9zcGFuPjwvbGk+ICAgICAgICAgICAgICAgICAgICAgICAgICAgICAgICAgICAgICAgIDxsaT48YSBocmVmPSJodHRwOi8vdmFuaWxsYS5oaXZlLXRlbXBsYXRlLmxvY2FsLmZlMS5zdGcuaGFydmVzdGRwLmFuY2hvci5uZXQuYXUvaW5kZXgucGhwL2Rhc2hib2FyZC9yZXBvcnRzL3N1YnNjcmlwdGlvbnMiPlN1YnNjcmlwdGlvbnM8L2E+PHNwYW4+UmVwb3J0cyAgU3Vic2NyaXB0aW9ucyA8L3NwYW4+PC9saT4gICAgICAgICAgICAgICAgICAgICAgICAgICAgICAgICAgICAgICAgPGxpPjxhIGhyZWY9Imh0dHA6Ly92YW5pbGxhLmhpdmUtdGVtcGxhdGUubG9jYWwuZmUxLnN0Zy5oYXJ2ZXN0ZHAuYW5jaG9yLm5ldC5hdS9pbmRleC5waHAvZGFzaGJvYXJkL3JlcG9ydHMvc29jaWFsX21hcHMiPlNvY2lhbCBNYXBwaW5nPC9hPjxzcGFuPlJlcG9ydHMgIFNvY2lhbCBNYXBwaW5nIDwvc3Bhbj48L2xpPiAgICAgICAgICAgICAgICAgICAgICAgICAgICAgICAgICAgICAgICA8bGk+PGEgaHJlZj0iaHR0cDovL3ZhbmlsbGEuaGl2ZS10ZW1wbGF0ZS5sb2NhbC5mZTEuc3RnLmhhcnZlc3RkcC5hbmNob3IubmV0LmF1L2luZGV4LnBocC9kYXNoYm9hcmQvcmVwb3J0cy92aXNpb25zIj5WaXNpb25pbmc8L2E+PHNwYW4+UmVwb3J0cyAgVmlzaW9uaW5nIDwvc3Bhbj48L2xpPiAgICAgICAgICAgICAgICAgICAgICAgICAgICAgICAgICAgICAgICA8bGk+PGEgaHJlZj0iaHR0cDovL3ZhbmlsbGEuaGl2ZS10ZW1wbGF0ZS5sb2NhbC5mZTEuc3RnLmhhcnZlc3RkcC5hbmNob3IubmV0LmF1L2luZGV4LnBocC9kYXNoYm9hcmQvcmVwb3J0cy9sb2dzIj5Mb2dzPC9hPjxzcGFuPlJlcG9ydHMgIExvZ3MgZm9ybXMsIGxvZywgZXJyb3IsIGVtYWlsLCBteXNxbCwgZXhjZXB0aW9uLCBzdXJ2ZXksIGhpc3Rvcnk8L3NwYW4+PC9saT4gICAgICAgICAgICAgICAgICAgICAgICAgICAgICAgICAgICAgICAgPGxpPjxhIGhyZWY9Imh0dHA6Ly92YW5pbGxhLmhpdmUtdGVtcGxhdGUubG9jYWwuZmUxLnN0Zy5oYXJ2ZXN0ZHAuYW5jaG9yLm5ldC5hdS9pbmRleC5waHAvZGFzaGJvYXJkL3JlcG9ydHMvb3ZlcnZpZXciPk92ZXJ2aWV3PC9hPjxzcGFuPlJlcG9ydHMgIE92ZXJ2aWV3IDwvc3Bhbj48L2xpPiAgICAgICAgICAgICAgICAgICAgICAgICAgICAgICAgICAgICAgICA8bGk+PGEgaHJlZj0iaHR0cDovL3ZhbmlsbGEuaGl2ZS10ZW1wbGF0ZS5sb2NhbC5mZTEuc3RnLmhhcnZlc3RkcC5hbmNob3IubmV0LmF1L2luZGV4LnBocC9kYXNoYm9hcmQvcmVwb3J0cy9hdWRpZW5jZSI+QXVkaWVuY2U8L2E+PHNwYW4+UmVwb3J0cyAgQXVkaWVuY2UgPC9zcGFuPjwvbGk+ICAgICAgICAgICAgICAgICAgICAgICAgICAgICAgICAgICAgICAgIDxsaT48YSBocmVmPSJodHRwOi8vdmFuaWxsYS5oaXZlLXRlbXBsYXRlLmxvY2FsLmZlMS5zdGcuaGFydmVzdGRwLmFuY2hvci5uZXQuYXUvaW5kZXgucGhwL2Rhc2hib2FyZC9yZXBvcnRzL3Jlc3VsdHMiPlJlc3VsdHM8L2E+PHNwYW4+UmVwb3J0cyAgUmVzdWx0cyA8L3NwYW4+PC9saT4gICAgICAgICAgICAgICAgICAgICAgICAgICAgICAgICAgICAgICAgPGxpPjxhIGhyZWY9Imh0dHA6Ly92YW5pbGxhLmhpdmUtdGVtcGxhdGUubG9jYWwuZmUxLnN0Zy5oYXJ2ZXN0ZHAuYW5jaG9yLm5ldC5hdS9pbmRleC5waHAvZGFzaGJvYXJkL3JlcG9ydHMvYmVoYXZpb3VyIj5CZWhhdmlvdXI8L2E+PHNwYW4+UmVwb3J0cyAgQmVoYXZpb3VyIDwvc3Bhbj48L2xpPiAgICAgICAgICAgICAgICAgICAgICAgICAgICAgICAgICAgICAgICA8bGk+PGEgaHJlZj0iaHR0cDovL3ZhbmlsbGEuaGl2ZS10ZW1wbGF0ZS5sb2NhbC5mZTEuc3RnLmhhcnZlc3RkcC5hbmNob3IubmV0LmF1L2luZGV4LnBocC9kYXNoYm9hcmQvcmVwb3J0cy9hY3F1aXNpdGlvbiI+QWNxdWlzaXRpb248L2E+PHNwYW4+UmVwb3J0cyAgQWNxdWlzaXRpb24gPC9zcGFuPjwvbGk+ICAgICAgICAgICAgICAgICAgICAgICAgICAgICAgICAgICAgICAgIDxsaT48YSBocmVmPSJodHRwOi8vdmFuaWxsYS5oaXZlLXRlbXBsYXRlLmxvY2FsLmZlMS5zdGcuaGFydmVzdGRwLmFuY2hvci5uZXQuYXUvaW5kZXgucGhwL2Rhc2hib2FyZC9yZXBvcnRzL3FhIj5RdWVzdGlvbiBhbmQgQW5zd2VyPC9hPjxzcGFuPlJlcG9ydHMgIFF1ZXN0aW9uIGFuZCBBbnN3ZXIgPC9zcGFuPjwvbGk+ICAgICAgICAgICAgICAgICAgICAgICAgICAgICAgICAgICAgICAgIDxsaT48YSBocmVmPSJodHRwOi8vdmFuaWxsYS5oaXZlLXRlbXBsYXRlLmxvY2FsLmZlMS5zdGcuaGFydmVzdGRwLmFuY2hvci5uZXQuYXUvaW5kZXgucGhwL2Rhc2hib2FyZC9yZXBvcnRzL2J1ZGdldGluZyI+QnVkZ2V0aW5nPC9hPjxzcGFuPlJlcG9ydHMgIEJ1ZGdldGluZyA8L3NwYW4+PC9saT4gICAgICAgICAgICAgICAgICAgICAgICAgICAgICAgICAgICAgICAgPGxpPjxhIGhyZWY9Imh0dHA6Ly92YW5pbGxhLmhpdmUtdGVtcGxhdGUubG9jYWwuZmUxLnN0Zy5oYXJ2ZXN0ZHAuYW5jaG9yLm5ldC5hdS9pbmRleC5waHAvZGFzaGJvYXJkL3JlcG9ydHMvc3RvcmllcyI+U3RvcmllczwvYT48c3Bhbj5SZXBvcnRzICBTdG9yaWVzIDwvc3Bhbj48L2xpPiAgICAgICAgICAgICAgICAgICAgICAgICAgICAgICAgICAgICAgICA8bGk+PGEgaHJlZj0iaHR0cDovL3ZhbmlsbGEuaGl2ZS10ZW1wbGF0ZS5sb2NhbC5mZTEuc3RnLmhhcnZlc3RkcC5hbmNob3IubmV0LmF1L2luZGV4LnBocC9kYXNoYm9hcmQvcmVwb3J0cy9jb21tZW50cyI+Q29tbWVudHM8L2E+PHNwYW4+UmVwb3J0cyAgQ29tbWVudHMgPC9zcGFuPjwvbGk+ICAgICAgICAgICAgICAgICAgICAgICAgICAgICAgICAgICAgPC91bD4gICAgICAgICAgICAgICAgPC9kaXY+ICAgICAgICAgICAgICAgICAgICAgICAgICAgICAgICA8ZGl2IGNsYXNzPSJjY20taW50ZWxsaWdlbnQtc2VhcmNoLXJlc3VsdHMtbW9kdWxlIGNjbS1pbnRlbGxpZ2VudC1zZWFyY2gtcmVzdWx0cy1tb2R1bGUtb25zaXRlIj4gICAgICAgICAgICAgICAgPGgxPkFuYWx5dGljczwvaDE+ICAgICAgICAgICAgICAgIDx1bCBjbGFzcz0iY2NtLWludGVsbGlnZW50LXNlYXJjaC1yZXN1bHRzLWxpc3QiPiAgICAgICAgICAgICAgICAgICAgICAgICAgICAgICAgICAgICAgICAgICAgICAgICAgICA8bGk+PGEgaHJlZj0iaHR0cDovL3ZhbmlsbGEuaGl2ZS10ZW1wbGF0ZS5sb2NhbC5mZTEuc3RnLmhhcnZlc3RkcC5hbmNob3IubmV0LmF1L2luZGV4LnBocC9kYXNoYm9hcmQvYW5hbHl0aWNzL3Nlc3Npb25zIj5TZXNzaW9uczwvYT48c3Bhbj5BbmFseXRpY3MgZm9ybXMsIGxvZywgZXJyb3IsIGVtYWlsLCBteXNxbCwgZXhjZXB0aW9uLCBzdXJ2ZXkgU2Vzc2lvbnMgPC9zcGFuPjwvbGk+ICAgICAgICAgICAgICAgICAgICAgICAgICAgICAgICAgICAgICAgIDxsaT48YSBocmVmPSJodHRwOi8vdmFuaWxsYS5oaXZlLXRlbXBsYXRlLmxvY2FsLmZlMS5zdGcuaGFydmVzdGRwLmFuY2hvci5uZXQuYXUvaW5kZXgucGhwL2Rhc2hib2FyZC9hbmFseXRpY3MvdmlzaXRvcnMiPlZpc2l0b3JzPC9hPjxzcGFuPkFuYWx5dGljcyBmb3JtcywgbG9nLCBlcnJvciwgZW1haWwsIG15c3FsLCBleGNlcHRpb24sIHN1cnZleSBWaXNpdG9ycyA8L3NwYW4+PC9saT4gICAgICAgICAgICAgICAgICAgICAgICAgICAgICAgICAgICA8L3VsPiAgICAgICAgICAgICAgICA8L2Rpdj4gICAgICAgICAgICAgICAgICAgICAgICAgICAgICAgIDxkaXYgY2xhc3M9ImNjbS1pbnRlbGxpZ2VudC1zZWFyY2gtcmVzdWx0cy1tb2R1bGUgY2NtLWludGVsbGlnZW50LXNlYXJjaC1yZXN1bHRzLW1vZHVsZS1vbnNpdGUiPiAgICAgICAgICAgICAgICA8aDE+RmlsZXM8L2gxPiAgICAgICAgICAgICAgICA8dWwgY2xhc3M9ImNjbS1pbnRlbGxpZ2VudC1zZWFyY2gtcmVzdWx0cy1saXN0Ij4gICAgICAgICAgICAgICAgICAgICAgICAgICAgICAgICAgICAgICAgICAgICAgICAgICAgPGxpPjxhIGhyZWY9Imh0dHA6Ly92YW5pbGxhLmhpdmUtdGVtcGxhdGUubG9jYWwuZmUxLnN0Zy5oYXJ2ZXN0ZHAuYW5jaG9yLm5ldC5hdS9pbmRleC5waHAvZGFzaGJvYXJkL2ZpbGVzL3NlYXJjaCI+RmlsZSBNYW5hZ2VyPC9hPjxzcGFuPkZpbGVzICBGaWxlIE1hbmFnZXIgYWRkIGZpbGUsIGRlbGV0ZSBmaWxlLCBjb3B5LCBtb3ZlLCBhbGlhcywgcmVzaXplLCBjcm9wLCByZW5hbWUsIGltYWdlcywgdGl0bGUsIGF0dHJpYnV0ZTwvc3Bhbj48L2xpPiAgICAgICAgICAgICAgICAgICAgICAgICAgICAgICAgICAgICAgICA8bGk+PGEgaHJlZj0iaHR0cDovL3ZhbmlsbGEuaGl2ZS10ZW1wbGF0ZS5sb2NhbC5mZTEuc3RnLmhhcnZlc3RkcC5hbmNob3IubmV0LmF1L2luZGV4LnBocC9kYXNoYm9hcmQvZmlsZXMvYXR0cmlidXRlcyI+QXR0cmlidXRlczwvYT48c3Bhbj5GaWxlcyAgQXR0cmlidXRlcyBmaWxlLCBmaWxlIGF0dHJpYnV0ZXMsIHRpdGxlLCBhdHRyaWJ1dGUsIGRlc2NyaXB0aW9uLCByZW5hbWU8L3NwYW4+PC9saT4gICAgICAgICAgICAgICAgICAgICAgICAgICAgICAgICAgICAgICAgPGxpPjxhIGhyZWY9Imh0dHA6Ly92YW5pbGxhLmhpdmUtdGVtcGxhdGUubG9jYWwuZmUxLnN0Zy5oYXJ2ZXN0ZHAuYW5jaG9yLm5ldC5hdS9pbmRleC5waHAvZGFzaGJvYXJkL2ZpbGVzL3NldHMiPkZpbGUgU2V0czwvYT48c3Bhbj5GaWxlcyAgRmlsZSBTZXRzIGZpbGVzLCBjYXRlZ29yeSwgY2F0ZWdvcmllczwvc3Bhbj48L2xpPiAgICAgICAgICAgICAgICAgICAgICAgICAgICAgICAgICAgICAgICA8bGk+PGEgaHJlZj0iaHR0cDovL3ZhbmlsbGEuaGl2ZS10ZW1wbGF0ZS5sb2NhbC5mZTEuc3RnLmhhcnZlc3RkcC5hbmNob3IubmV0LmF1L2luZGV4LnBocC9kYXNoYm9hcmQvZmlsZXMvYWRkX3NldCI+QWRkIEZpbGUgU2V0PC9hPjxzcGFuPkZpbGVzICBBZGQgRmlsZSBTZXQgbmV3IGZpbGUgc2V0PC9zcGFuPjwvbGk+ICAgICAgICAgICAgICAgICAgICAgICAgICAgICAgICAgICAgPC91bD4gICAgICAgICAgICAgICAgPC9kaXY+ICAgICAgICAgICAgICAgICAgICAgICAgICAgICAgICA8ZGl2IGNsYXNzPSJjY20taW50ZWxsaWdlbnQtc2VhcmNoLXJlc3VsdHMtbW9kdWxlIGNjbS1pbnRlbGxpZ2VudC1zZWFyY2gtcmVzdWx0cy1tb2R1bGUtb25zaXRlIj4gICAgICAgICAgICAgICAgPGgxPk1lbWJlcnM8L2gxPiAgICAgICAgICAgICAgICA8dWwgY2xhc3M9ImNjbS1pbnRlbGxpZ2VudC1zZWFyY2gtcmVzdWx0cy1saXN0Ij4gICAgICAgICAgICAgICAgICAgICAgICAgICAgICAgICAgICAgICAgICAgICAgICAgICAgPGxpPjxhIGhyZWY9Imh0dHA6Ly92YW5pbGxhLmhpdmUtdGVtcGxhdGUubG9jYWwuZmUxLnN0Zy5oYXJ2ZXN0ZHAuYW5jaG9yLm5ldC5hdS9pbmRleC5waHAvZGFzaGJvYXJkL3VzZXJzL2NvbW11bml0eSI+Q29tbXVuaXR5IE1lbWJlcnM8L2E+PHNwYW4+TWVtYmVycyB1c2VycywgZ3JvdXBzLCBwZW9wbGUsIGZpbmQsIGRlbGV0ZSB1c2VyLCByZW1vdmUgdXNlciwgY2hhbmdlIHBhc3N3b3JkLCBwYXNzd29yZCBDb21tdW5pdHkgTWVtYmVycyA8L3NwYW4+PC9saT4gICAgICAgICAgICAgICAgICAgICAgICAgICAgICAgICAgICAgICAgPGxpPjxhIGhyZWY9Imh0dHA6Ly92YW5pbGxhLmhpdmUtdGVtcGxhdGUubG9jYWwuZmUxLnN0Zy5oYXJ2ZXN0ZHAuYW5jaG9yLm5ldC5hdS9pbmRleC5waHAvZGFzaGJvYXJkL3VzZXJzL3NpdGUiPlNpdGUgVXNlcnM8L2E+PHNwYW4+TWVtYmVycyB1c2VycywgZ3JvdXBzLCBwZW9wbGUsIGZpbmQsIGRlbGV0ZSB1c2VyLCByZW1vdmUgdXNlciwgY2hhbmdlIHBhc3N3b3JkLCBwYXNzd29yZCBTaXRlIFVzZXJzIDwvc3Bhbj48L2xpPiAgICAgICAgICAgICAgICAgICAgICAgICAgICAgICAgICAgICAgICA8bGk+PGEgaHJlZj0iaHR0cDovL3ZhbmlsbGEuaGl2ZS10ZW1wbGF0ZS5sb2NhbC5mZTEuc3RnLmhhcnZlc3RkcC5hbmNob3IubmV0LmF1L2luZGV4LnBocC9kYXNoYm9hcmQvdXNlcnMvaW50ZXJuYWwiPkludGVybmFsIFVzZXJzPC9hPjxzcGFuPk1lbWJlcnMgdXNlcnMsIGdyb3VwcywgcGVvcGxlLCBmaW5kLCBkZWxldGUgdXNlciwgcmVtb3ZlIHVzZXIsIGNoYW5nZSBwYXNzd29yZCwgcGFzc3dvcmQgSW50ZXJuYWwgVXNlcnMgPC9zcGFuPjwvbGk+ICAgICAgICAgICAgICAgICAgICAgICAgICAgICAgICAgICAgICAgIDxsaT48YSBocmVmPSJodHRwOi8vdmFuaWxsYS5oaXZlLXRlbXBsYXRlLmxvY2FsLmZlMS5zdGcuaGFydmVzdGRwLmFuY2hvci5uZXQuYXUvaW5kZXgucGhwL2Rhc2hib2FyZC91c2Vycy9zZWFyY2giPkFsbCBVc2VyczwvYT48c3Bhbj5NZW1iZXJzIHVzZXJzLCBncm91cHMsIHBlb3BsZSwgZmluZCwgZGVsZXRlIHVzZXIsIHJlbW92ZSB1c2VyLCBjaGFuZ2UgcGFzc3dvcmQsIHBhc3N3b3JkIEFsbCBVc2VycyBmaW5kLCBzZWFyY2gsIHBlb3BsZSwgZGVsZXRlIHVzZXIsIHJlbW92ZSB1c2VyLCBjaGFuZ2UgcGFzc3dvcmQsIHBhc3N3b3JkPC9zcGFuPjwvbGk+ICAgICAgICAgICAgICAgICAgICAgICAgICAgICAgICAgICAgICAgIDxsaT48YSBocmVmPSJodHRwOi8vdmFuaWxsYS5oaXZlLXRlbXBsYXRlLmxvY2FsLmZlMS5zdGcuaGFydmVzdGRwLmFuY2hvci5uZXQuYXUvaW5kZXgucGhwL2Rhc2hib2FyZC91c2Vycy9ncm91cHMiPlVzZXIgR3JvdXBzPC9hPjxzcGFuPk1lbWJlcnMgdXNlcnMsIGdyb3VwcywgcGVvcGxlLCBmaW5kLCBkZWxldGUgdXNlciwgcmVtb3ZlIHVzZXIsIGNoYW5nZSBwYXNzd29yZCwgcGFzc3dvcmQgVXNlciBHcm91cHMgdXNlciwgZ3JvdXAsIHBlb3BsZSwgcGVybWlzc2lvbnMsIGV4cGlyZSwgYmFkZ2VzPC9zcGFuPjwvbGk+ICAgICAgICAgICAgICAgICAgICAgICAgICAgICAgICAgICAgICAgIDxsaT48YSBocmVmPSJodHRwOi8vdmFuaWxsYS5oaXZlLXRlbXBsYXRlLmxvY2FsLmZlMS5zdGcuaGFydmVzdGRwLmFuY2hvci5uZXQuYXUvaW5kZXgucGhwL2Rhc2hib2FyZC91c2Vycy9hdHRyaWJ1dGVzIj5BdHRyaWJ1dGVzPC9hPjxzcGFuPk1lbWJlcnMgdXNlcnMsIGdyb3VwcywgcGVvcGxlLCBmaW5kLCBkZWxldGUgdXNlciwgcmVtb3ZlIHVzZXIsIGNoYW5nZSBwYXNzd29yZCwgcGFzc3dvcmQgQXR0cmlidXRlcyB1c2VyIGF0dHJpYnV0ZXMsIHVzZXIgZGF0YSwgZ2F0aGVyIGRhdGEsIHJlZ2lzdHJhdGlvbiBkYXRhPC9zcGFuPjwvbGk+ICAgICAgICAgICAgICAgICAgICAgICAgICAgICAgICAgICAgICAgIDxsaT48YSBocmVmPSJodHRwOi8vdmFuaWxsYS5oaXZlLXRlbXBsYXRlLmxvY2FsLmZlMS5zdGcuaGFydmVzdGRwLmFuY2hvci5uZXQuYXUvaW5kZXgucGhwL2Rhc2hib2FyZC91c2Vycy9hZGQiPkFkZCBVc2VyPC9hPjxzcGFuPk1lbWJlcnMgdXNlcnMsIGdyb3VwcywgcGVvcGxlLCBmaW5kLCBkZWxldGUgdXNlciwgcmVtb3ZlIHVzZXIsIGNoYW5nZSBwYXNzd29yZCwgcGFzc3dvcmQgQWRkIFVzZXIgbmV3IHVzZXIsIGNyZWF0ZTwvc3Bhbj48L2xpPiAgICAgICAgICAgICAgICAgICAgICAgICAgICAgICAgICAgICAgICA8bGk+PGEgaHJlZj0iaHR0cDovL3ZhbmlsbGEuaGl2ZS10ZW1wbGF0ZS5sb2NhbC5mZTEuc3RnLmhhcnZlc3RkcC5hbmNob3IubmV0LmF1L2luZGV4LnBocC9kYXNoYm9hcmQvdXNlcnMvYWRkX2dyb3VwIj5BZGQgR3JvdXA8L2E+PHNwYW4+TWVtYmVycyB1c2VycywgZ3JvdXBzLCBwZW9wbGUsIGZpbmQsIGRlbGV0ZSB1c2VyLCByZW1vdmUgdXNlciwgY2hhbmdlIHBhc3N3b3JkLCBwYXNzd29yZCBBZGQgR3JvdXAgbmV3IHVzZXIgZ3JvdXAsIG5ldyBncm91cCwgZ3JvdXAsIGNyZWF0ZTwvc3Bhbj48L2xpPiAgICAgICAgICAgICAgICAgICAgICAgICAgICAgICAgICAgICAgICA8bGk+PGEgaHJlZj0iaHR0cDovL3ZhbmlsbGEuaGl2ZS10ZW1wbGF0ZS5sb2NhbC5mZTEuc3RnLmhhcnZlc3RkcC5hbmNob3IubmV0LmF1L2luZGV4LnBocC9kYXNoYm9hcmQvdXNlcnMvZ3JvdXBfc2V0cyI+R3JvdXAgU2V0czwvYT48c3Bhbj5NZW1iZXJzIHVzZXJzLCBncm91cHMsIHBlb3BsZSwgZmluZCwgZGVsZXRlIHVzZXIsIHJlbW92ZSB1c2VyLCBjaGFuZ2UgcGFzc3dvcmQsIHBhc3N3b3JkIEdyb3VwIFNldHMgZ3JvdXAgc2V0PC9zcGFuPjwvbGk+ICAgICAgICAgICAgICAgICAgICAgICAgICAgICAgICAgICAgICAgIDxsaT48YSBocmVmPSJodHRwOi8vdmFuaWxsYS5oaXZlLXRlbXBsYXRlLmxvY2FsLmZlMS5zdGcuaGFydmVzdGRwLmFuY2hvci5uZXQuYXUvaW5kZXgucGhwL2Rhc2hib2FyZC91c2Vycy9wb2ludHMiPkNvbW11bml0eSBQb2ludHM8L2E+PHNwYW4+TWVtYmVycyB1c2VycywgZ3JvdXBzLCBwZW9wbGUsIGZpbmQsIGRlbGV0ZSB1c2VyLCByZW1vdmUgdXNlciwgY2hhbmdlIHBhc3N3b3JkLCBwYXNzd29yZCBDb21tdW5pdHkgUG9pbnRzIGNvbW11bml0eSwgcG9pbnRzLCBrYXJtYTwvc3Bhbj48L2xpPiAgICAgICAgICAgICAgICAgICAgICAgICAgICAgICAgICAgIDwvdWw+ICAgICAgICAgICAgICAgIDwvZGl2PiAgICAgICAgICAgICAgICAgICAgICAgICAgICAgICAgPGRpdiBjbGFzcz0iY2NtLWludGVsbGlnZW50LXNlYXJjaC1yZXN1bHRzLW1vZHVsZSBjY20taW50ZWxsaWdlbnQtc2VhcmNoLXJlc3VsdHMtbW9kdWxlLW9uc2l0ZSI+ICAgICAgICAgICAgICAgIDxoMT5TaXRlbWFwPC9oMT4gICAgICAgICAgICAgICAgPHVsIGNsYXNzPSJjY20taW50ZWxsaWdlbnQtc2VhcmNoLXJlc3VsdHMtbGlzdCI+ICAgICAgICAgICAgICAgICAgICAgICAgICAgICAgICAgICAgICAgICAgICAgICAgICAgIDxsaT48YSBocmVmPSJodHRwOi8vdmFuaWxsYS5oaXZlLXRlbXBsYXRlLmxvY2FsLmZlMS5zdGcuaGFydmVzdGRwLmFuY2hvci5uZXQuYXUvaW5kZXgucGhwL2Rhc2hib2FyZC9zaXRlbWFwL2Z1bGwiPkZ1bGwgU2l0ZW1hcDwvYT48c3Bhbj5TaXRlbWFwIHBhZ2VzLCBhZGQgcGFnZSwgZGVsZXRlIHBhZ2UsIGNvcHksIG1vdmUsIGFsaWFzIEZ1bGwgU2l0ZW1hcCBwYWdlcywgYWRkIHBhZ2UsIGRlbGV0ZSBwYWdlLCBjb3B5LCBtb3ZlLCBhbGlhczwvc3Bhbj48L2xpPiAgICAgICAgICAgICAgICAgICAgICAgICAgICAgICAgICAgICAgICA8bGk+PGEgaHJlZj0iaHR0cDovL3ZhbmlsbGEuaGl2ZS10ZW1wbGF0ZS5sb2NhbC5mZTEuc3RnLmhhcnZlc3RkcC5hbmNob3IubmV0LmF1L2luZGV4LnBocC9kYXNoYm9hcmQvc2l0ZW1hcC9leHBsb3JlIj5GbGF0IFZpZXc8L2E+PHNwYW4+U2l0ZW1hcCBwYWdlcywgYWRkIHBhZ2UsIGRlbGV0ZSBwYWdlLCBjb3B5LCBtb3ZlLCBhbGlhcyBGbGF0IFZpZXcgcGFnZXMsIGFkZCBwYWdlLCBkZWxldGUgcGFnZSwgY29weSwgbW92ZSwgYWxpYXMsIGJ1bGs8L3NwYW4+PC9saT4gICAgICAgICAgICAgICAgICAgICAgICAgICAgICAgICAgICAgICAgPGxpPjxhIGhyZWY9Imh0dHA6Ly92YW5pbGxhLmhpdmUtdGVtcGxhdGUubG9jYWwuZmUxLnN0Zy5oYXJ2ZXN0ZHAuYW5jaG9yLm5ldC5hdS9pbmRleC5waHAvZGFzaGJvYXJkL3NpdGVtYXAvc2VhcmNoIj5QYWdlIFNlYXJjaDwvYT48c3Bhbj5TaXRlbWFwIHBhZ2VzLCBhZGQgcGFnZSwgZGVsZXRlIHBhZ2UsIGNvcHksIG1vdmUsIGFsaWFzIFBhZ2UgU2VhcmNoIGZpbmQgcGFnZSwgc2VhcmNoIHBhZ2UsIHNlYXJjaCwgZmluZCwgcGFnZXMsIHNpdGVtYXA8L3NwYW4+PC9saT4gICAgICAgICAgICAgICAgICAgICAgICAgICAgICAgICAgICA8L3VsPiAgICAgICAgICAgICAgICA8L2Rpdj4gICAgICAgICAgICAgICAgICAgICAgICAgICAgICAgIDxkaXYgY2xhc3M9ImNjbS1pbnRlbGxpZ2VudC1zZWFyY2gtcmVzdWx0cy1tb2R1bGUgY2NtLWludGVsbGlnZW50LXNlYXJjaC1yZXN1bHRzLW1vZHVsZS1vbnNpdGUiPiAgICAgICAgICAgICAgICA8aDE+UGFnZXMgJiBUaGVtZXM8L2gxPiAgICAgICAgICAgICAgICA8dWwgY2xhc3M9ImNjbS1pbnRlbGxpZ2VudC1zZWFyY2gtcmVzdWx0cy1saXN0Ij4gICAgICAgICAgICAgICAgICAgICAgICAgICAgICAgICAgICAgICAgICAgICAgICAgICAgPGxpPjxhIGhyZWY9Imh0dHA6Ly92YW5pbGxhLmhpdmUtdGVtcGxhdGUubG9jYWwuZmUxLnN0Zy5oYXJ2ZXN0ZHAuYW5jaG9yLm5ldC5hdS9pbmRleC5waHAvZGFzaGJvYXJkL3BhZ2VzL3RoZW1lcyI+VGhlbWVzPC9hPjxzcGFuPlBhZ2VzICYgVGhlbWVzICBUaGVtZXMgbmV3IHRoZW1lLCB0aGVtZSwgYWN0aXZlIHRoZW1lLCBjaGFuZ2UgdGhlbWUsIHRlbXBsYXRlLCBjc3M8L3NwYW4+PC9saT4gICAgICAgICAgICAgICAgICAgICAgICAgICAgICAgICAgICAgICAgPGxpPjxhIGhyZWY9Imh0dHA6Ly92YW5pbGxhLmhpdmUtdGVtcGxhdGUubG9jYWwuZmUxLnN0Zy5oYXJ2ZXN0ZHAuYW5jaG9yLm5ldC5hdS9pbmRleC5waHAvZGFzaGJvYXJkL3BhZ2VzL3R5cGVzIj5QYWdlIFR5cGVzPC9hPjxzcGFuPlBhZ2VzICYgVGhlbWVzICBQYWdlIFR5cGVzIDwvc3Bhbj48L2xpPiAgICAgICAgICAgICAgICAgICAgICAgICAgICAgICAgICAgICAgICA8bGk+PGEgaHJlZj0iaHR0cDovL3ZhbmlsbGEuaGl2ZS10ZW1wbGF0ZS5sb2NhbC5mZTEuc3RnLmhhcnZlc3RkcC5hbmNob3IubmV0LmF1L2luZGV4LnBocC9kYXNoYm9hcmQvcGFnZXMvdGVtcGxhdGVzIj5QYWdlIFRlbXBsYXRlczwvYT48c3Bhbj5QYWdlcyAmIFRoZW1lcyAgUGFnZSBUZW1wbGF0ZXMgPC9zcGFuPjwvbGk+ICAgICAgICAgICAgICAgICAgICAgICAgICAgICAgICAgICAgICAgIDxsaT48YSBocmVmPSJodHRwOi8vdmFuaWxsYS5oaXZlLXRlbXBsYXRlLmxvY2FsLmZlMS5zdGcuaGFydmVzdGRwLmFuY2hvci5uZXQuYXUvaW5kZXgucGhwL2Rhc2hib2FyZC9wYWdlcy9hdHRyaWJ1dGVzIj5BdHRyaWJ1dGVzPC9hPjxzcGFuPlBhZ2VzICYgVGhlbWVzICBBdHRyaWJ1dGVzIHBhZ2UgYXR0cmlidXRlcywgY3VzdG9tPC9zcGFuPjwvbGk+ICAgICAgICAgICAgICAgICAgICAgICAgICAgICAgICAgICAgICAgIDxsaT48YSBocmVmPSJodHRwOi8vdmFuaWxsYS5oaXZlLXRlbXBsYXRlLmxvY2FsLmZlMS5zdGcuaGFydmVzdGRwLmFuY2hvci5uZXQuYXUvaW5kZXgucGhwL2Rhc2hib2FyZC9wYWdlcy9zaW5nbGUiPlNpbmdsZSBQYWdlczwvYT48c3Bhbj5QYWdlcyAmIFRoZW1lcyAgU2luZ2xlIFBhZ2VzIHNpbmdsZSwgcGFnZSwgY3VzdG9tLCBhcHBsaWNhdGlvbjwvc3Bhbj48L2xpPiAgICAgICAgICAgICAgICAgICAgICAgICAgICAgICAgICAgICAgICA8bGk+PGEgaHJlZj0iaHR0cDovL3ZhbmlsbGEuaGl2ZS10ZW1wbGF0ZS5sb2NhbC5mZTEuc3RnLmhhcnZlc3RkcC5hbmNob3IubmV0LmF1L2luZGV4LnBocC9kYXNoYm9hcmQvcGFnZXMvZmVlZHMiPlJTUyBGZWVkczwvYT48c3Bhbj5QYWdlcyAmIFRoZW1lcyAgUlNTIEZlZWRzIGF0b20sIHJzcywgZmVlZCwgc3luZGljYXRpb248L3NwYW4+PC9saT4gICAgICAgICAgICAgICAgICAgICAgICAgICAgICAgICAgICA8L3VsPiAgICAgICAgICAgICAgICA8L2Rpdj4gICAgICAgICAgICAgICAgICAgICAgICAgICAgICAgIDxkaXYgY2xhc3M9ImNjbS1pbnRlbGxpZ2VudC1zZWFyY2gtcmVzdWx0cy1tb2R1bGUgY2NtLWludGVsbGlnZW50LXNlYXJjaC1yZXN1bHRzLW1vZHVsZS1vbnNpdGUiPiAgICAgICAgICAgICAgICA8aDE+Q29udmVyc2F0aW9uczwvaDE+ICAgICAgICAgICAgICAgIDx1bCBjbGFzcz0iY2NtLWludGVsbGlnZW50LXNlYXJjaC1yZXN1bHRzLWxpc3QiPiAgICAgICAgICAgICAgICAgICAgICAgICAgICAgICAgICAgICAgICAgICAgICAgICAgICA8bGk+PGEgaHJlZj0iaHR0cDovL3ZhbmlsbGEuaGl2ZS10ZW1wbGF0ZS5sb2NhbC5mZTEuc3RnLmhhcnZlc3RkcC5hbmNob3IubmV0LmF1L2luZGV4LnBocC9kYXNoYm9hcmQvY29udmVyc2F0aW9ucy9tZXNzYWdlcyI+TWVzc2FnZXM8L2E+PHNwYW4+Q29udmVyc2F0aW9ucyAgTWVzc2FnZXMgPC9zcGFuPjwvbGk+ICAgICAgICAgICAgICAgICAgICAgICAgICAgICAgICAgICAgPC91bD4gICAgICAgICAgICAgICAgPC9kaXY+ICAgICAgICAgICAgICAgICAgICAgICAgICAgICAgICA8ZGl2IGNsYXNzPSJjY20taW50ZWxsaWdlbnQtc2VhcmNoLXJlc3VsdHMtbW9kdWxlIGNjbS1pbnRlbGxpZ2VudC1zZWFyY2gtcmVzdWx0cy1tb2R1bGUtb25zaXRlIj4gICAgICAgICAgICAgICAgPGgxPlN0YWNrcyAmIEJsb2NrczwvaDE+ICAgICAgICAgICAgICAgIDx1bCBjbGFzcz0iY2NtLWludGVsbGlnZW50LXNlYXJjaC1yZXN1bHRzLWxpc3QiPiAgICAgICAgICAgICAgICAgICAgICAgICAgICAgICAgICAgICAgICAgICAgICAgICAgICA8bGk+PGEgaHJlZj0iaHR0cDovL3ZhbmlsbGEuaGl2ZS10ZW1wbGF0ZS5sb2NhbC5mZTEuc3RnLmhhcnZlc3RkcC5hbmNob3IubmV0LmF1L2luZGV4LnBocC9kYXNoYm9hcmQvYmxvY2tzL3N0YWNrcyI+U3RhY2tzPC9hPjxzcGFuPlN0YWNrcyAmIEJsb2NrcyAgU3RhY2tzIHN0YWNrcywgcmV1c2FibGUgY29udGVudCwgc2NyYXBib29rLCBjb3B5LCBwYXN0ZSwgcGFzdGUgYmxvY2ssIGNvcHkgYmxvY2ssIHNpdGUgbmFtZSwgbG9nbzwvc3Bhbj48L2xpPiAgICAgICAgICAgICAgICAgICAgICAgICAgICAgICAgICAgICAgICA8bGk+PGEgaHJlZj0iaHR0cDovL3ZhbmlsbGEuaGl2ZS10ZW1wbGF0ZS5sb2NhbC5mZTEuc3RnLmhhcnZlc3RkcC5hbmNob3IubmV0LmF1L2luZGV4LnBocC9kYXNoYm9hcmQvYmxvY2tzL3Blcm1pc3Npb25zIj5CbG9jayAmIFN0YWNrIFBlcm1pc3Npb25zPC9hPjxzcGFuPlN0YWNrcyAmIEJsb2NrcyAgQmxvY2sgJiBTdGFjayBQZXJtaXNzaW9ucyA8L3NwYW4+PC9saT4gICAgICAgICAgICAgICAgICAgICAgICAgICAgICAgICAgICAgICAgPGxpPjxhIGhyZWY9Imh0dHA6Ly92YW5pbGxhLmhpdmUtdGVtcGxhdGUubG9jYWwuZmUxLnN0Zy5oYXJ2ZXN0ZHAuYW5jaG9yLm5ldC5hdS9pbmRleC5waHAvZGFzaGJvYXJkL2Jsb2Nrcy90eXBlcyI+QmxvY2sgVHlwZXM8L2E+PHNwYW4+U3RhY2tzICYgQmxvY2tzICBCbG9jayBUeXBlcyBibG9jaywgcmVmcmVzaCwgY3VzdG9tPC9zcGFuPjwvbGk+ICAgICAgICAgICAgICAgICAgICAgICAgICAgICAgICAgICAgPC91bD4gICAgICAgICAgICAgICAgPC9kaXY+ICAgICAgICAgICAgICAgICAgICAgICAgICAgICAgICA8ZGl2IGNsYXNzPSJjY20taW50ZWxsaWdlbnQtc2VhcmNoLXJlc3VsdHMtbW9kdWxlIGNjbS1pbnRlbGxpZ2VudC1zZWFyY2gtcmVzdWx0cy1tb2R1bGUtb25zaXRlIj4gICAgICAgICAgICAgICAgPGgxPkV4dGVuZCBUaGUgSGl2ZTwvaDE+ICAgICAgICAgICAgICAgIDx1bCBjbGFzcz0iY2NtLWludGVsbGlnZW50LXNlYXJjaC1yZXN1bHRzLWxpc3QiPiAgICAgICAgICAgICAgICAgICAgICAgICAgICAgICAgICAgICAgICAgICAgICAgICAgICA8bGk+PGEgaHJlZj0iaHR0cDovL3ZhbmlsbGEuaGl2ZS10ZW1wbGF0ZS5sb2NhbC5mZTEuc3RnLmhhcnZlc3RkcC5hbmNob3IubmV0LmF1L2luZGV4LnBocC9kYXNoYm9hcmQvZXh0ZW5kL2luc3RhbGwiPkFkZCBGdW5jdGlvbmFsaXR5PC9hPjxzcGFuPkV4dGVuZCBUaGUgSGl2ZSBhZGQtb24sIGFkZG9uLCBhZGQgb24sIHBhY2thZ2UsIGFwcCwgZWNvbW1lcmNlLCBkaXNjdXNzaW9ucywgZm9ydW1zLCB0aGVtZXMsIHRlbXBsYXRlcywgYmxvY2tzIEFkZCBGdW5jdGlvbmFsaXR5IGFkZC1vbiwgYWRkb24sIGVjb21tZXJjZSwgaW5zdGFsbCwgZGlzY3Vzc2lvbnMsIGZvcnVtcywgdGhlbWVzLCB0ZW1wbGF0ZXMsIGJsb2Nrczwvc3Bhbj48L2xpPiAgICAgICAgICAgICAgICAgICAgICAgICAgICAgICAgICAgICAgICA8bGk+PGEgaHJlZj0iaHR0cDovL3ZhbmlsbGEuaGl2ZS10ZW1wbGF0ZS5sb2NhbC5mZTEuc3RnLmhhcnZlc3RkcC5hbmNob3IubmV0LmF1L2luZGV4LnBocC9kYXNoYm9hcmQvZXh0ZW5kL3VwZGF0ZSI+VXBkYXRlIEFkZC1PbnM8L2E+PHNwYW4+RXh0ZW5kIFRoZSBIaXZlIGFkZC1vbiwgYWRkb24sIGFkZCBvbiwgcGFja2FnZSwgYXBwLCBlY29tbWVyY2UsIGRpc2N1c3Npb25zLCBmb3J1bXMsIHRoZW1lcywgdGVtcGxhdGVzLCBibG9ja3MgVXBkYXRlIEFkZC1PbnMgdXBkYXRlLCB1cGdyYWRlPC9zcGFuPjwvbGk+ICAgICAgICAgICAgICAgICAgICAgICAgICAgICAgICAgICAgICAgIDxsaT48YSBocmVmPSJodHRwOi8vdmFuaWxsYS5oaXZlLXRlbXBsYXRlLmxvY2FsLmZlMS5zdGcuaGFydmVzdGRwLmFuY2hvci5uZXQuYXUvaW5kZXgucGhwL2Rhc2hib2FyZC9leHRlbmQvY29ubmVjdCI+Q29ubmVjdCB0byB0aGUgQ29tbXVuaXR5PC9hPjxzcGFuPkV4dGVuZCBUaGUgSGl2ZSBhZGQtb24sIGFkZG9uLCBhZGQgb24sIHBhY2thZ2UsIGFwcCwgZWNvbW1lcmNlLCBkaXNjdXNzaW9ucywgZm9ydW1zLCB0aGVtZXMsIHRlbXBsYXRlcywgYmxvY2tzIENvbm5lY3QgdG8gdGhlIENvbW11bml0eSBjb25jcmV0ZTUub3JnLCBteSBhY2NvdW50LCBtYXJrZXRwbGFjZTwvc3Bhbj48L2xpPiAgICAgICAgICAgICAgICAgICAgICAgICAgICAgICAgICAgICAgICA8bGk+PGEgaHJlZj0iaHR0cDovL3ZhbmlsbGEuaGl2ZS10ZW1wbGF0ZS5sb2NhbC5mZTEuc3RnLmhhcnZlc3RkcC5hbmNob3IubmV0LmF1L2luZGV4LnBocC9kYXNoYm9hcmQvZXh0ZW5kL3RoZW1lcyI+R2V0IE1vcmUgVGhlbWVzPC9hPjxzcGFuPkV4dGVuZCBUaGUgSGl2ZSBhZGQtb24sIGFkZG9uLCBhZGQgb24sIHBhY2thZ2UsIGFwcCwgZWNvbW1lcmNlLCBkaXNjdXNzaW9ucywgZm9ydW1zLCB0aGVtZXMsIHRlbXBsYXRlcywgYmxvY2tzIEdldCBNb3JlIFRoZW1lcyBidXkgdGhlbWUsIG5ldyB0aGVtZSwgbWFya2V0cGxhY2UsIHRlbXBsYXRlPC9zcGFuPjwvbGk+ICAgICAgICAgICAgICAgICAgICAgICAgICAgICAgICAgICAgICAgIDxsaT48YSBocmVmPSJodHRwOi8vdmFuaWxsYS5oaXZlLXRlbXBsYXRlLmxvY2FsLmZlMS5zdGcuaGFydmVzdGRwLmFuY2hvci5uZXQuYXUvaW5kZXgucGhwL2Rhc2hib2FyZC9leHRlbmQvYWRkb25zIj5HZXQgTW9yZSBBZGQtT25zPC9hPjxzcGFuPkV4dGVuZCBUaGUgSGl2ZSBhZGQtb24sIGFkZG9uLCBhZGQgb24sIHBhY2thZ2UsIGFwcCwgZWNvbW1lcmNlLCBkaXNjdXNzaW9ucywgZm9ydW1zLCB0aGVtZXMsIHRlbXBsYXRlcywgYmxvY2tzIEdldCBNb3JlIEFkZC1PbnMgYnV5IGFkZG9uLCBidXkgYWRkIG9uLCBidXkgYWRkLW9uLCBwdXJjaGFzZSBhZGRvbiwgcHVyY2hhc2UgYWRkIG9uLCBwdXJjaGFzZSBhZGQtb24sIGZpbmQgYWRkb24sIG5ldyBhZGRvbiwgbWFya2V0cGxhY2U8L3NwYW4+PC9saT4gICAgICAgICAgICAgICAgICAgICAgICAgICAgICAgICAgICA8L3VsPiAgICAgICAgICAgICAgICA8L2Rpdj4gICAgICAgICAgICAgICAgICAgICAgICAgICAgICAgIDxkaXYgY2xhc3M9ImNjbS1pbnRlbGxpZ2VudC1zZWFyY2gtcmVzdWx0cy1tb2R1bGUgY2NtLWludGVsbGlnZW50LXNlYXJjaC1yZXN1bHRzLW1vZHVsZS1vbnNpdGUiPiAgICAgICAgICAgICAgICA8aDE+RGFzaGJvYXJkPC9oMT4gICAgICAgICAgICAgICAgPHVsIGNsYXNzPSJjY20taW50ZWxsaWdlbnQtc2VhcmNoLXJlc3VsdHMtbGlzdCI+ICAgICAgICAgICAgICAgICAgICAgICAgICAgICAgICAgICAgPGxpPjxhIGhyZWY9Imh0dHA6Ly92YW5pbGxhLmhpdmUtdGVtcGxhdGUubG9jYWwuZmUxLnN0Zy5oYXJ2ZXN0ZHAuYW5jaG9yLm5ldC5hdS9pbmRleC5waHAvZGFzaGJvYXJkL25ld3MiPkRhc2hib2FyZDwvYT48c3Bhbj5EYXNoYm9hcmQgPC9zcGFuPjwvbGk+ICAgICAgICAgICAgICAgICAgICAgICAgICAgICAgICAgICAgICAgICAgICAgICAgICAgIDwvdWw+ICAgICAgICAgICAgICAgIDwvZGl2PiAgICAgICAgICAgICAgICAgICAgICAgICAgICAgICAgPGRpdiBjbGFzcz0iY2NtLWludGVsbGlnZW50LXNlYXJjaC1yZXN1bHRzLW1vZHVsZSBjY20taW50ZWxsaWdlbnQtc2VhcmNoLXJlc3VsdHMtbW9kdWxlLW9uc2l0ZSI+ICAgICAgICAgICAgICAgIDxoMT5TeXN0ZW0gJiBTZXR0aW5nczwvaDE+ICAgICAgICAgICAgICAgIDx1bCBjbGFzcz0iY2NtLWludGVsbGlnZW50LXNlYXJjaC1yZXN1bHRzLWxpc3QiPiAgICAgICAgICAgICAgICAgICAgICAgICAgICAgICAgICAgICAgICAgICAgICAgICAgICA8bGk+PGEgaHJlZj0iaHR0cDovL3ZhbmlsbGEuaGl2ZS10ZW1wbGF0ZS5sb2NhbC5mZTEuc3RnLmhhcnZlc3RkcC5hbmNob3IubmV0LmF1L2luZGV4LnBocC9kYXNoYm9hcmQvc3lzdGVtIj5WaWV3IEFsbDwvYT48c3Bhbj5TeXN0ZW0gJiBTZXR0aW5ncyBkYXNoYm9hcmQsIGNvbmZpZ3VyYXRpb248L3NwYW4+PC9saT4gICAgICAgICAgICAgICAgICAgICAgICAgICAgICAgICAgICAgICAgPGxpPjxhIGhyZWY9Imh0dHA6Ly92YW5pbGxhLmhpdmUtdGVtcGxhdGUubG9jYWwuZmUxLnN0Zy5oYXJ2ZXN0ZHAuYW5jaG9yLm5ldC5hdS9pbmRleC5waHAvZGFzaGJvYXJkL3N5c3RlbS9iYXNpY3MiPkJhc2ljczwvYT48c3Bhbj5CYXNpY3MgPC9zcGFuPjwvbGk+ICAgICAgICAgICAgICAgICAgICAgICAgICAgICAgICAgICAgICAgIDxsaT48YSBocmVmPSJodHRwOi8vdmFuaWxsYS5oaXZlLXRlbXBsYXRlLmxvY2FsLmZlMS5zdGcuaGFydmVzdGRwLmFuY2hvci5uZXQuYXUvaW5kZXgucGhwL2Rhc2hib2FyZC9zeXN0ZW0vYmFzaWNzL25hbWUiPlNpdGUgTmFtZTwvYT48c3Bhbj5TaXRlIE5hbWUgd2Vic2l0ZSBuYW1lLCB0aXRsZTwvc3Bhbj48L2xpPiAgICAgICAgICAgICAgICAgICAgICAgICAgICAgICAgICAgICAgICA8bGk+PGEgaHJlZj0iaHR0cDovL3ZhbmlsbGEuaGl2ZS10ZW1wbGF0ZS5sb2NhbC5mZTEuc3RnLmhhcnZlc3RkcC5hbmNob3IubmV0LmF1L2luZGV4LnBocC9kYXNoYm9hcmQvc3lzdGVtL2Jhc2ljcy9hY2Nlc3NpYmlsaXR5Ij5BY2Nlc3NpYmlsaXR5PC9hPjxzcGFuPkFjY2Vzc2liaWxpdHkgYWNjZXNzaWJpbGl0eSwgZWFzeSBtb2RlPC9zcGFuPjwvbGk+ICAgICAgICAgICAgICAgICAgICAgICAgICAgICAgICAgICAgICAgIDxsaT48YSBocmVmPSJodHRwOi8vdmFuaWxsYS5oaXZlLXRlbXBsYXRlLmxvY2FsLmZlMS5zdGcuaGFydmVzdGRwLmFuY2hvci5uZXQuYXUvaW5kZXgucGhwL2Rhc2hib2FyZC9zeXN0ZW0vYmFzaWNzL3NvY2lhbCI+U29jaWFsIExpbmtzPC9hPjxzcGFuPlNvY2lhbCBMaW5rcyBzaGFyaW5nLCBmYWNlYm9vaywgdHdpdHRlcjwvc3Bhbj48L2xpPiAgICAgICAgICAgICAgICAgICAgICAgICAgICAgICAgICAgICAgICA8bGk+PGEgaHJlZj0iaHR0cDovL3ZhbmlsbGEuaGl2ZS10ZW1wbGF0ZS5sb2NhbC5mZTEuc3RnLmhhcnZlc3RkcC5hbmNob3IubmV0LmF1L2luZGV4LnBocC9kYXNoYm9hcmQvc3lzdGVtL2Jhc2ljcy9pY29ucyI+Qm9va21hcmsgSWNvbnM8L2E+PHNwYW4+Qm9va21hcmsgSWNvbnMgbG9nbywgZmF2aWNvbiwgaXBob25lLCBpY29uLCBib29rbWFyazwvc3Bhbj48L2xpPiAgICAgICAgICAgICAgICAgICAgICAgICAgICAgICAgICAgICAgICA8bGk+PGEgaHJlZj0iaHR0cDovL3ZhbmlsbGEuaGl2ZS10ZW1wbGF0ZS5sb2NhbC5mZTEuc3RnLmhhcnZlc3RkcC5hbmNob3IubmV0LmF1L2luZGV4LnBocC9kYXNoYm9hcmQvc3lzdGVtL2Jhc2ljcy9lZGl0b3IiPlJpY2ggVGV4dCBFZGl0b3I8L2E+PHNwYW4+UmljaCBUZXh0IEVkaXRvciB0aW55bWNlLCBjb250ZW50IGJsb2NrLCBmb250cywgZWRpdG9yLCBjb250ZW50LCBvdmVybGF5PC9zcGFuPjwvbGk+ICAgICAgICAgICAgICAgICAgICAgICAgICAgICAgICAgICAgICAgIDxsaT48YSBocmVmPSJodHRwOi8vdmFuaWxsYS5oaXZlLXRlbXBsYXRlLmxvY2FsLmZlMS5zdGcuaGFydmVzdGRwLmFuY2hvci5uZXQuYXUvaW5kZXgucGhwL2Rhc2hib2FyZC9zeXN0ZW0vYmFzaWNzL211bHRpbGluZ3VhbCI+TGFuZ3VhZ2VzPC9hPjxzcGFuPkxhbmd1YWdlcyB0cmFuc2xhdGUsIHRyYW5zbGF0aW9uLCBpbnRlcm5hdGlvbmFsaXphdGlvbiwgbXVsdGlsaW5ndWFsPC9zcGFuPjwvbGk+ICAgICAgICAgICAgICAgICAgICAgICAgICAgICAgICAgICAgICAgIDxsaT48YSBocmVmPSJodHRwOi8vdmFuaWxsYS5oaXZlLXRlbXBsYXRlLmxvY2FsLmZlMS5zdGcuaGFydmVzdGRwLmFuY2hvci5uZXQuYXUvaW5kZXgucGhwL2Rhc2hib2FyZC9zeXN0ZW0vYmFzaWNzL3RpbWV6b25lIj5UaW1lIFpvbmU8L2E+PHNwYW4+VGltZSBab25lIHRpbWV6b25lLCBwcm9maWxlLCBsb2NhbGU8L3NwYW4+PC9saT4gICAgICAgICAgICAgICAgICAgICAgICAgICAgICAgICAgICAgICAgPGxpPjxhIGhyZWY9Imh0dHA6Ly92YW5pbGxhLmhpdmUtdGVtcGxhdGUubG9jYWwuZmUxLnN0Zy5oYXJ2ZXN0ZHAuYW5jaG9yLm5ldC5hdS9pbmRleC5waHAvZGFzaGJvYXJkL3N5c3RlbS9iYXNpY3MvYXBpIj5BUEkga2V5czwvYT48c3Bhbj5BUEkga2V5cyA8L3NwYW4+PC9saT4gICAgICAgICAgICAgICAgICAgICAgICAgICAgICAgICAgICAgICAgPGxpPjxhIGhyZWY9Imh0dHA6Ly92YW5pbGxhLmhpdmUtdGVtcGxhdGUubG9jYWwuZmUxLnN0Zy5oYXJ2ZXN0ZHAuYW5jaG9yLm5ldC5hdS9pbmRleC5waHAvZGFzaGJvYXJkL3N5c3RlbS9tdWx0aWxpbmd1YWwiPk11bHRpbGluZ3VhbDwvYT48c3Bhbj5NdWx0aWxpbmd1YWwgbXVsdGlsaW5ndWFsLCBsb2NhbGl6YXRpb24sIGludGVybmF0aW9uYWxpemF0aW9uLCBpMThuPC9zcGFuPjwvbGk+ICAgICAgICAgICAgICAgICAgICAgICAgICAgICAgICAgICAgICAgIDxsaT48YSBocmVmPSJodHRwOi8vdmFuaWxsYS5oaXZlLXRlbXBsYXRlLmxvY2FsLmZlMS5zdGcuaGFydmVzdGRwLmFuY2hvci5uZXQuYXUvaW5kZXgucGhwL2Rhc2hib2FyZC9zeXN0ZW0vbXVsdGlsaW5ndWFsL3NldHVwIj5NdWx0aWxpbmd1YWwgU2V0dXA8L2E+PHNwYW4+TXVsdGlsaW5ndWFsIFNldHVwIDwvc3Bhbj48L2xpPiAgICAgICAgICAgICAgICAgICAgICAgICAgICAgICAgICAgICAgICA8bGk+PGEgaHJlZj0iaHR0cDovL3ZhbmlsbGEuaGl2ZS10ZW1wbGF0ZS5sb2NhbC5mZTEuc3RnLmhhcnZlc3RkcC5hbmNob3IubmV0LmF1L2luZGV4LnBocC9kYXNoYm9hcmQvc3lzdGVtL211bHRpbGluZ3VhbC9wYWdlX3JlcG9ydCI+UGFnZSBSZXBvcnQ8L2E+PHNwYW4+UGFnZSBSZXBvcnQgPC9zcGFuPjwvbGk+ICAgICAgICAgICAgICAgICAgICAgICAgICAgICAgICAgICAgICAgIDxsaT48YSBocmVmPSJodHRwOi8vdmFuaWxsYS5oaXZlLXRlbXBsYXRlLmxvY2FsLmZlMS5zdGcuaGFydmVzdGRwLmFuY2hvci5uZXQuYXUvaW5kZXgucGhwL2Rhc2hib2FyZC9zeXN0ZW0vbXVsdGlsaW5ndWFsL3RyYW5zbGF0ZV9pbnRlcmZhY2UiPlRyYW5zbGF0ZSBTaXRlIEludGVyZmFjZTwvYT48c3Bhbj5UcmFuc2xhdGUgU2l0ZSBJbnRlcmZhY2UgPC9zcGFuPjwvbGk+ICAgICAgICAgICAgICAgICAgICAgICAgICAgICAgICAgICAgICAgIDxsaT48YSBocmVmPSJodHRwOi8vdmFuaWxsYS5oaXZlLXRlbXBsYXRlLmxvY2FsLmZlMS5zdGcuaGFydmVzdGRwLmFuY2hvci5uZXQuYXUvaW5kZXgucGhwL2Rhc2hib2FyZC9zeXN0ZW0vbXVsdGlsaW5ndWFsL2NvcHkiPkNvcHkgTGFuZ3VhZ2VzPC9hPjxzcGFuPkNvcHkgTGFuZ3VhZ2VzIDwvc3Bhbj48L2xpPiAgICAgICAgICAgICAgICAgICAgICAgICAgICAgICAgICAgICAgICA8bGk+PGEgaHJlZj0iaHR0cDovL3ZhbmlsbGEuaGl2ZS10ZW1wbGF0ZS5sb2NhbC5mZTEuc3RnLmhhcnZlc3RkcC5hbmNob3IubmV0LmF1L2luZGV4LnBocC9kYXNoYm9hcmQvc3lzdGVtL3NlbyI+U0VPICYgU3RhdGlzdGljczwvYT48c3Bhbj5TRU8gJiBTdGF0aXN0aWNzIDwvc3Bhbj48L2xpPiAgICAgICAgICAgICAgICAgICAgICAgICAgICAgICAgICAgICAgICA8bGk+PGEgaHJlZj0iaHR0cDovL3ZhbmlsbGEuaGl2ZS10ZW1wbGF0ZS5sb2NhbC5mZTEuc3RnLmhhcnZlc3RkcC5hbmNob3IubmV0LmF1L2luZGV4LnBocC9kYXNoYm9hcmQvc3lzdGVtL3Nlby91cmxzIj5VUkxzIGFuZCBSZWRpcmVjdGlvbjwvYT48c3Bhbj5VUkxzIGFuZCBSZWRpcmVjdGlvbiB2YW5pdHksIHByZXR0eSB1cmwsIHNlbywgcGFnZXZpZXcsIHZpZXc8L3NwYW4+PC9saT4gICAgICAgICAgICAgICAgICAgICAgICAgICAgICAgICAgICAgICAgPGxpPjxhIGhyZWY9Imh0dHA6Ly92YW5pbGxhLmhpdmUtdGVtcGxhdGUubG9jYWwuZmUxLnN0Zy5oYXJ2ZXN0ZHAuYW5jaG9yLm5ldC5hdS9pbmRleC5waHAvZGFzaGJvYXJkL3N5c3RlbS9zZW8vYnVsayI+QnVsayBTRU8gVXBkYXRlcjwvYT48c3Bhbj5CdWxrIFNFTyBVcGRhdGVyIGJ1bGssIHNlbywgY2hhbmdlIGtleXdvcmRzLCBlbmdpbmUsIG9wdGltaXphdGlvbiwgc2VhcmNoPC9zcGFuPjwvbGk+ICAgICAgICAgICAgICAgICAgICAgICAgICAgICAgICAgICAgICAgIDxsaT48YSBocmVmPSJodHRwOi8vdmFuaWxsYS5oaXZlLXRlbXBsYXRlLmxvY2FsLmZlMS5zdGcuaGFydmVzdGRwLmFuY2hvci5uZXQuYXUvaW5kZXgucGhwL2Rhc2hib2FyZC9zeXN0ZW0vc2VvL2NvZGVzIj5UcmFja2luZyBDb2RlczwvYT48c3Bhbj5UcmFja2luZyBDb2RlcyB0cmFmZmljLCBzdGF0aXN0aWNzLCBnb29nbGUgYW5hbHl0aWNzLCBxdWFudCwgcGFnZXZpZXdzLCBoaXRzPC9zcGFuPjwvbGk+ICAgICAgICAgICAgICAgICAgICAgICAgICAgICAgICAgICAgICAgIDxsaT48YSBocmVmPSJodHRwOi8vdmFuaWxsYS5oaXZlLXRlbXBsYXRlLmxvY2FsLmZlMS5zdGcuaGFydmVzdGRwLmFuY2hvci5uZXQuYXUvaW5kZXgucGhwL2Rhc2hib2FyZC9zeXN0ZW0vc2VvL2V4Y2x1ZGVkIj5FeGNsdWRlZCBVUkwgV29yZCBMaXN0PC9hPjxzcGFuPkV4Y2x1ZGVkIFVSTCBXb3JkIExpc3QgcHJldHR5LCBzbHVnPC9zcGFuPjwvbGk+ICAgICAgICAgICAgICAgICAgICAgICAgICAgICAgICAgICAgICAgIDxsaT48YSBocmVmPSJodHRwOi8vdmFuaWxsYS5oaXZlLXRlbXBsYXRlLmxvY2FsLmZlMS5zdGcuaGFydmVzdGRwLmFuY2hvci5uZXQuYXUvaW5kZXgucGhwL2Rhc2hib2FyZC9zeXN0ZW0vc2VvL3NlYXJjaGluZGV4Ij5TZWFyY2ggSW5kZXg8L2E+PHNwYW4+U2VhcmNoIEluZGV4IGNvbmZpZ3VyZSBzZWFyY2gsIHNpdGUgc2VhcmNoLCBzZWFyY2ggb3B0aW9uPC9zcGFuPjwvbGk+ICAgICAgICAgICAgICAgICAgICAgICAgICAgICAgICAgICAgICAgIDxsaT48YSBocmVmPSJodHRwOi8vdmFuaWxsYS5oaXZlLXRlbXBsYXRlLmxvY2FsLmZlMS5zdGcuaGFydmVzdGRwLmFuY2hvci5uZXQuYXUvaW5kZXgucGhwL2Rhc2hib2FyZC9zeXN0ZW0vZmlsZXMiPkZpbGVzPC9hPjxzcGFuPkZpbGVzIDwvc3Bhbj48L2xpPiAgICAgICAgICAgICAgICAgICAgICAgICAgICAgICAgICAgICAgICA8bGk+PGEgaHJlZj0iaHR0cDovL3ZhbmlsbGEuaGl2ZS10ZW1wbGF0ZS5sb2NhbC5mZTEuc3RnLmhhcnZlc3RkcC5hbmNob3IubmV0LmF1L2luZGV4LnBocC9kYXNoYm9hcmQvc3lzdGVtL2ZpbGVzL3Blcm1pc3Npb25zIj5GaWxlIE1hbmFnZXIgUGVybWlzc2lvbnM8L2E+PHNwYW4+RmlsZSBNYW5hZ2VyIFBlcm1pc3Npb25zIGZpbGUgb3B0aW9ucywgZmlsZSBtYW5hZ2VyLCB1cGxvYWQsIG1vZGlmeTwvc3Bhbj48L2xpPiAgICAgICAgICAgICAgICAgICAgICAgICAgICAgICAgICAgICAgICA8bGk+PGEgaHJlZj0iaHR0cDovL3ZhbmlsbGEuaGl2ZS10ZW1wbGF0ZS5sb2NhbC5mZTEuc3RnLmhhcnZlc3RkcC5hbmNob3IubmV0LmF1L2luZGV4LnBocC9kYXNoYm9hcmQvc3lzdGVtL2ZpbGVzL2ZpbGV0eXBlcyI+QWxsb3dlZCBGaWxlIFR5cGVzPC9hPjxzcGFuPkFsbG93ZWQgRmlsZSBUeXBlcyBzZWN1cml0eSwgZmlsZXMsIG1lZGlhLCBleHRlbnNpb24sIG1hbmFnZXIsIHVwbG9hZDwvc3Bhbj48L2xpPiAgICAgICAgICAgICAgICAgICAgICAgICAgICAgICAgICAgICAgICA8bGk+PGEgaHJlZj0iaHR0cDovL3ZhbmlsbGEuaGl2ZS10ZW1wbGF0ZS5sb2NhbC5mZTEuc3RnLmhhcnZlc3RkcC5hbmNob3IubmV0LmF1L2luZGV4LnBocC9kYXNoYm9hcmQvc3lzdGVtL2ZpbGVzL3RodW1ibmFpbHMiPlRodW1ibmFpbHM8L2E+PHNwYW4+VGh1bWJuYWlscyBpbWFnZXMsIHBpY3R1cmUsIHJlc3BvbnNpdmUsIHJldGluYTwvc3Bhbj48L2xpPiAgICAgICAgICAgICAgICAgICAgICAgICAgICAgICAgICAgICAgICA8bGk+PGEgaHJlZj0iaHR0cDovL3ZhbmlsbGEuaGl2ZS10ZW1wbGF0ZS5sb2NhbC5mZTEuc3RnLmhhcnZlc3RkcC5hbmNob3IubmV0LmF1L2luZGV4LnBocC9kYXNoYm9hcmQvc3lzdGVtL2ZpbGVzL3N0b3JhZ2UiPkZpbGUgU3RvcmFnZSBMb2NhdGlvbnM8L2E+PHNwYW4+RmlsZSBTdG9yYWdlIExvY2F0aW9ucyBzZWN1cml0eSwgYWx0ZXJuYXRlIHN0b3JhZ2UsIGhpZGUgZmlsZXM8L3NwYW4+PC9saT4gICAgICAgICAgICAgICAgICAgICAgICAgICAgICAgICAgICAgICAgPGxpPjxhIGhyZWY9Imh0dHA6Ly92YW5pbGxhLmhpdmUtdGVtcGxhdGUubG9jYWwuZmUxLnN0Zy5oYXJ2ZXN0ZHAuYW5jaG9yLm5ldC5hdS9pbmRleC5waHAvZGFzaGJvYXJkL3N5c3RlbS9maWxlcy9pbWFnZV91cGxvYWRpbmciPkltYWdlIFVwbG9hZGluZzwvYT48c3Bhbj5JbWFnZSBVcGxvYWRpbmcgPC9zcGFuPjwvbGk+ICAgICAgICAgICAgICAgICAgICAgICAgICAgICAgICAgICAgICAgIDxsaT48YSBocmVmPSJodHRwOi8vdmFuaWxsYS5oaXZlLXRlbXBsYXRlLmxvY2FsLmZlMS5zdGcuaGFydmVzdGRwLmFuY2hvci5uZXQuYXUvaW5kZXgucGhwL2Rhc2hib2FyZC9zeXN0ZW0vb3B0aW1pemF0aW9uIj5PcHRpbWl6YXRpb248L2E+PHNwYW4+T3B0aW1pemF0aW9uIDwvc3Bhbj48L2xpPiAgICAgICAgICAgICAgICAgICAgICAgICAgICAgICAgICAgICAgICA8bGk+PGEgaHJlZj0iaHR0cDovL3ZhbmlsbGEuaGl2ZS10ZW1wbGF0ZS5sb2NhbC5mZTEuc3RnLmhhcnZlc3RkcC5hbmNob3IubmV0LmF1L2luZGV4LnBocC9kYXNoYm9hcmQvc3lzdGVtL29wdGltaXphdGlvbi9jYWNoZSI+Q2FjaGUgJiBTcGVlZCBTZXR0aW5nczwvYT48c3Bhbj5DYWNoZSAmIFNwZWVkIFNldHRpbmdzIGNhY2hlIG9wdGlvbiwgY2hhbmdlIGNhY2hlLCBvdmVycmlkZSwgdHVybiBvbiBjYWNoZSwgdHVybiBvZmYgY2FjaGUsIG5vIGNhY2hlLCBwYWdlIGNhY2hlLCBjYWNoaW5nPC9zcGFuPjwvbGk+ICAgICAgICAgICAgICAgICAgICAgICAgICAgICAgICAgICAgICAgIDxsaT48YSBocmVmPSJodHRwOi8vdmFuaWxsYS5oaXZlLXRlbXBsYXRlLmxvY2FsLmZlMS5zdGcuaGFydmVzdGRwLmFuY2hvci5uZXQuYXUvaW5kZXgucGhwL2Rhc2hib2FyZC9zeXN0ZW0vb3B0aW1pemF0aW9uL2NsZWFyY2FjaGUiPkNsZWFyIENhY2hlPC9hPjxzcGFuPkNsZWFyIENhY2hlIGNhY2hlIG9wdGlvbiwgdHVybiBvZmYgY2FjaGUsIG5vIGNhY2hlLCBwYWdlIGNhY2hlLCBjYWNoaW5nPC9zcGFuPjwvbGk+ICAgICAgICAgICAgICAgICAgICAgICAgICAgICAgICAgICAgICAgIDxsaT48YSBocmVmPSJodHRwOi8vdmFuaWxsYS5oaXZlLXRlbXBsYXRlLmxvY2FsLmZlMS5zdGcuaGFydmVzdGRwLmFuY2hvci5uZXQuYXUvaW5kZXgucGhwL2Rhc2hib2FyZC9zeXN0ZW0vb3B0aW1pemF0aW9uL2pvYnMiPkF1dG9tYXRlZCBKb2JzPC9hPjxzcGFuPkF1dG9tYXRlZCBKb2JzIGluZGV4IHNlYXJjaCwgcmVpbmRleCBzZWFyY2gsIGJ1aWxkIHNpdGVtYXAsIHNpdGVtYXAueG1sLCBjbGVhciBvbGQgdmVyc2lvbnMsIHBhZ2UgdmVyc2lvbnMsIHJlbW92ZSBvbGQ8L3NwYW4+PC9saT4gICAgICAgICAgICAgICAgICAgICAgICAgICAgICAgICAgICAgICAgPGxpPjxhIGhyZWY9Imh0dHA6Ly92YW5pbGxhLmhpdmUtdGVtcGxhdGUubG9jYWwuZmUxLnN0Zy5oYXJ2ZXN0ZHAuYW5jaG9yLm5ldC5hdS9pbmRleC5waHAvZGFzaGJvYXJkL3N5c3RlbS9vcHRpbWl6YXRpb24vcXVlcnlfbG9nIj5EYXRhYmFzZSBRdWVyeSBMb2c8L2E+PHNwYW4+RGF0YWJhc2UgUXVlcnkgTG9nIHF1ZXJpZXMsIGRhdGFiYXNlLCBteXNxbDwvc3Bhbj48L2xpPiAgICAgICAgICAgICAgICAgICAgICAgICAgICAgICAgICAgICAgICA8bGk+PGEgaHJlZj0iaHR0cDovL3ZhbmlsbGEuaGl2ZS10ZW1wbGF0ZS5sb2NhbC5mZTEuc3RnLmhhcnZlc3RkcC5hbmNob3IubmV0LmF1L2luZGV4LnBocC9kYXNoYm9hcmQvc3lzdGVtL3Blcm1pc3Npb25zIj5QZXJtaXNzaW9ucyAmIEFjY2VzczwvYT48c3Bhbj5QZXJtaXNzaW9ucyAmIEFjY2VzcyA8L3NwYW4+PC9saT4gICAgICAgICAgICAgICAgICAgICAgICAgICAgICAgICAgICAgICAgPGxpPjxhIGhyZWY9Imh0dHA6Ly92YW5pbGxhLmhpdmUtdGVtcGxhdGUubG9jYWwuZmUxLnN0Zy5oYXJ2ZXN0ZHAuYW5jaG9yLm5ldC5hdS9pbmRleC5waHAvZGFzaGJvYXJkL3N5c3RlbS9wZXJtaXNzaW9ucy9zaXRlIj5TaXRlIEFjY2VzczwvYT48c3Bhbj5TaXRlIEFjY2VzcyBlZGl0b3JzLCBoaWRlIHNpdGUsIG9mZmxpbmUsIHByaXZhdGUsIHB1YmxpYywgYWNjZXNzPC9zcGFuPjwvbGk+ICAgICAgICAgICAgICAgICAgICAgICAgICAgICAgICAgICAgICAgIDxsaT48YSBocmVmPSJodHRwOi8vdmFuaWxsYS5oaXZlLXRlbXBsYXRlLmxvY2FsLmZlMS5zdGcuaGFydmVzdGRwLmFuY2hvci5uZXQuYXUvaW5kZXgucGhwL2Rhc2hib2FyZC9zeXN0ZW0vcGVybWlzc2lvbnMvdGFza3MiPlRhc2sgUGVybWlzc2lvbnM8L2E+PHNwYW4+VGFzayBQZXJtaXNzaW9ucyBzZWN1cml0eSwgYWN0aW9ucywgYWRtaW5pc3RyYXRvciwgYWRtaW4sIHBhY2thZ2UsIG1hcmtldHBsYWNlLCBzZWFyY2g8L3NwYW4+PC9saT4gICAgICAgICAgICAgICAgICAgICAgICAgICAgICAgICAgICAgICAgPGxpPjxhIGhyZWY9Imh0dHA6Ly92YW5pbGxhLmhpdmUtdGVtcGxhdGUubG9jYWwuZmUxLnN0Zy5oYXJ2ZXN0ZHAuYW5jaG9yLm5ldC5hdS9pbmRleC5waHAvZGFzaGJvYXJkL3N5c3RlbS9wZXJtaXNzaW9ucy91c2VycyI+VXNlciBQZXJtaXNzaW9uczwvYT48c3Bhbj5Vc2VyIFBlcm1pc3Npb25zIDwvc3Bhbj48L2xpPiAgICAgICAgICAgICAgICAgICAgICAgICAgICAgICAgICAgICAgICA8bGk+PGEgaHJlZj0iaHR0cDovL3ZhbmlsbGEuaGl2ZS10ZW1wbGF0ZS5sb2NhbC5mZTEuc3RnLmhhcnZlc3RkcC5hbmNob3IubmV0LmF1L2luZGV4LnBocC9kYXNoYm9hcmQvc3lzdGVtL3Blcm1pc3Npb25zL2FkdmFuY2VkIj5BZHZhbmNlZCBQZXJtaXNzaW9uczwvYT48c3Bhbj5BZHZhbmNlZCBQZXJtaXNzaW9ucyA8L3NwYW4+PC9saT4gICAgICAgICAgICAgICAgICAgICAgICAgICAgICAgICAgICAgICAgPGxpPjxhIGhyZWY9Imh0dHA6Ly92YW5pbGxhLmhpdmUtdGVtcGxhdGUubG9jYWwuZmUxLnN0Zy5oYXJ2ZXN0ZHAuYW5jaG9yLm5ldC5hdS9pbmRleC5waHAvZGFzaGJvYXJkL3N5c3RlbS9wZXJtaXNzaW9ucy9ibGFja2xpc3QiPklQIEJsYWNrbGlzdDwvYT48c3Bhbj5JUCBCbGFja2xpc3Qgc2VjdXJpdHksIGxvY2sgaXAsIGxvY2sgb3V0LCBibG9jayBpcCwgYWRkcmVzcywgcmVzdHJpY3QsIGFjY2Vzczwvc3Bhbj48L2xpPiAgICAgICAgICAgICAgICAgICAgICAgICAgICAgICAgICAgICAgICA8bGk+PGEgaHJlZj0iaHR0cDovL3ZhbmlsbGEuaGl2ZS10ZW1wbGF0ZS5sb2NhbC5mZTEuc3RnLmhhcnZlc3RkcC5hbmNob3IubmV0LmF1L2luZGV4LnBocC9kYXNoYm9hcmQvc3lzdGVtL3Blcm1pc3Npb25zL2NhcHRjaGEiPkNhcHRjaGEgU2V0dXA8L2E+PHNwYW4+Q2FwdGNoYSBTZXR1cCBzZWN1cml0eSwgcmVnaXN0cmF0aW9uPC9zcGFuPjwvbGk+ICAgICAgICAgICAgICAgICAgICAgICAgICAgICAgICAgICAgICAgIDxsaT48YSBocmVmPSJodHRwOi8vdmFuaWxsYS5oaXZlLXRlbXBsYXRlLmxvY2FsLmZlMS5zdGcuaGFydmVzdGRwLmFuY2hvci5uZXQuYXUvaW5kZXgucGhwL2Rhc2hib2FyZC9zeXN0ZW0vcGVybWlzc2lvbnMvYW50aXNwYW0iPlNwYW0gQ29udHJvbDwvYT48c3Bhbj5TcGFtIENvbnRyb2wgYW50aXNwYW0sIGJsb2NrIHNwYW0sIHNlY3VyaXR5PC9zcGFuPjwvbGk+ICAgICAgICAgICAgICAgICAgICAgICAgICAgICAgICAgICAgICAgIDxsaT48YSBocmVmPSJodHRwOi8vdmFuaWxsYS5oaXZlLXRlbXBsYXRlLmxvY2FsLmZlMS5zdGcuaGFydmVzdGRwLmFuY2hvci5uZXQuYXUvaW5kZXgucGhwL2Rhc2hib2FyZC9zeXN0ZW0vcGVybWlzc2lvbnMvbWFpbnRlbmFuY2UiPk1haW50ZW5hbmNlIE1vZGU8L2E+PHNwYW4+TWFpbnRlbmFuY2UgTW9kZSBsb2NrIHNpdGUsIHVuZGVyIGNvbnN0cnVjdGlvbiwgaGlkZSwgaGlkZGVuPC9zcGFuPjwvbGk+ICAgICAgICAgICAgICAgICAgICAgICAgICAgICAgICAgICAgICAgIDxsaT48YSBocmVmPSJodHRwOi8vdmFuaWxsYS5oaXZlLXRlbXBsYXRlLmxvY2FsLmZlMS5zdGcuaGFydmVzdGRwLmFuY2hvci5uZXQuYXUvaW5kZXgucGhwL2Rhc2hib2FyZC9zeXN0ZW0vcmVnaXN0cmF0aW9uIj5Mb2dpbiAmIFJlZ2lzdHJhdGlvbjwvYT48c3Bhbj5Mb2dpbiAmIFJlZ2lzdHJhdGlvbiA8L3NwYW4+PC9saT4gICAgICAgICAgICAgICAgICAgICAgICAgICAgICAgICAgICAgICAgPGxpPjxhIGhyZWY9Imh0dHA6Ly92YW5pbGxhLmhpdmUtdGVtcGxhdGUubG9jYWwuZmUxLnN0Zy5oYXJ2ZXN0ZHAuYW5jaG9yLm5ldC5hdS9pbmRleC5waHAvZGFzaGJvYXJkL3N5c3RlbS9yZWdpc3RyYXRpb24vcG9zdGxvZ2luIj5Mb2dpbiBEZXN0aW5hdGlvbjwvYT48c3Bhbj5Mb2dpbiBEZXN0aW5hdGlvbiBwcm9maWxlLCBsb2dpbiwgcmVkaXJlY3QsIHNwZWNpZmljLCBkYXNoYm9hcmQsIGFkbWluaXN0cmF0b3JzPC9zcGFuPjwvbGk+ICAgICAgICAgICAgICAgICAgICAgICAgICAgICAgICAgICAgICAgIDxsaT48YSBocmVmPSJodHRwOi8vdmFuaWxsYS5oaXZlLXRlbXBsYXRlLmxvY2FsLmZlMS5zdGcuaGFydmVzdGRwLmFuY2hvci5uZXQuYXUvaW5kZXgucGhwL2Rhc2hib2FyZC9zeXN0ZW0vcmVnaXN0cmF0aW9uL3Byb2ZpbGVzIj5QdWJsaWMgUHJvZmlsZXM8L2E+PHNwYW4+UHVibGljIFByb2ZpbGVzIG1lbWJlciBwcm9maWxlLCBtZW1iZXIgcGFnZSwgY29tbXVuaXR5LCBmb3J1bXMsIHNvY2lhbCwgYXZhdGFyPC9zcGFuPjwvbGk+ICAgICAgICAgICAgICAgICAgICAgICAgICAgICAgICAgICAgICAgIDxsaT48YSBocmVmPSJodHRwOi8vdmFuaWxsYS5oaXZlLXRlbXBsYXRlLmxvY2FsLmZlMS5zdGcuaGFydmVzdGRwLmFuY2hvci5uZXQuYXUvaW5kZXgucGhwL2Rhc2hib2FyZC9zeXN0ZW0vcmVnaXN0cmF0aW9uL29wZW4iPlB1YmxpYyBSZWdpc3RyYXRpb248L2E+PHNwYW4+UHVibGljIFJlZ2lzdHJhdGlvbiBzaWdudXAsIG5ldyB1c2VyLCBjb21tdW5pdHksIHB1YmxpYyByZWdpc3RyYXRpb24sIHB1YmxpYywgcmVnaXN0cmF0aW9uPC9zcGFuPjwvbGk+ICAgICAgICAgICAgICAgICAgICAgICAgICAgICAgICAgICAgICAgIDxsaT48YSBocmVmPSJodHRwOi8vdmFuaWxsYS5oaXZlLXRlbXBsYXRlLmxvY2FsLmZlMS5zdGcuaGFydmVzdGRwLmFuY2hvci5uZXQuYXUvaW5kZXgucGhwL2Rhc2hib2FyZC9zeXN0ZW0vcmVnaXN0cmF0aW9uL2F1dGhlbnRpY2F0aW9uIj5BdXRoZW50aWNhdGlvbiBUeXBlczwvYT48c3Bhbj5BdXRoZW50aWNhdGlvbiBUeXBlcyBhdXRoLCBhdXRoZW50aWNhdGlvbiwgdHlwZXMsIG9hdXRoLCBmYWNlYm9vaywgbG9naW4sIHJlZ2lzdHJhdGlvbjwvc3Bhbj48L2xpPiAgICAgICAgICAgICAgICAgICAgICAgICAgICAgICAgICAgICAgICA8bGk+PGEgaHJlZj0iaHR0cDovL3ZhbmlsbGEuaGl2ZS10ZW1wbGF0ZS5sb2NhbC5mZTEuc3RnLmhhcnZlc3RkcC5hbmNob3IubmV0LmF1L2luZGV4LnBocC9kYXNoYm9hcmQvc3lzdGVtL21haWwiPkVtYWlsPC9hPjxzcGFuPkVtYWlsIHNtdHAsIG1haWwgc2V0dGluZ3M8L3NwYW4+PC9saT4gICAgICAgICAgICAgICAgICAgICAgICAgICAgICAgICAgICAgICAgPGxpPjxhIGhyZWY9Imh0dHA6Ly92YW5pbGxhLmhpdmUtdGVtcGxhdGUubG9jYWwuZmUxLnN0Zy5oYXJ2ZXN0ZHAuYW5jaG9yLm5ldC5hdS9pbmRleC5waHAvZGFzaGJvYXJkL3N5c3RlbS9tYWlsL21ldGhvZCI+U01UUCBNZXRob2Q8L2E+PHNwYW4+U01UUCBNZXRob2QgZW1haWwgc2VydmVyLCBtYWlsIHNldHRpbmdzLCBtYWlsIGNvbmZpZ3VyYXRpb24sIGV4dGVybmFsLCBpbnRlcm5hbDwvc3Bhbj48L2xpPiAgICAgICAgICAgICAgICAgICAgICAgICAgICAgICAgICAgICAgICA8bGk+PGEgaHJlZj0iaHR0cDovL3ZhbmlsbGEuaGl2ZS10ZW1wbGF0ZS5sb2NhbC5mZTEuc3RnLmhhcnZlc3RkcC5hbmNob3IubmV0LmF1L2luZGV4LnBocC9kYXNoYm9hcmQvc3lzdGVtL21haWwvbWV0aG9kL3Rlc3QiPlRlc3QgTWFpbCBTZXR0aW5nczwvYT48c3Bhbj5UZXN0IE1haWwgU2V0dGluZ3MgdGVzdCBzbXRwLCB0ZXN0IG1haWw8L3NwYW4+PC9saT4gICAgICAgICAgICAgICAgICAgICAgICAgICAgICAgICAgICAgICAgPGxpPjxhIGhyZWY9Imh0dHA6Ly92YW5pbGxhLmhpdmUtdGVtcGxhdGUubG9jYWwuZmUxLnN0Zy5oYXJ2ZXN0ZHAuYW5jaG9yLm5ldC5hdS9pbmRleC5waHAvZGFzaGJvYXJkL3N5c3RlbS9tYWlsL2ltcG9ydGVycyI+RW1haWwgSW1wb3J0ZXJzPC9hPjxzcGFuPkVtYWlsIEltcG9ydGVycyBlbWFpbCBzZXJ2ZXIsIG1haWwgc2V0dGluZ3MsIG1haWwgY29uZmlndXJhdGlvbiwgcHJpdmF0ZSBtZXNzYWdlLCBtZXNzYWdlIHN5c3RlbSwgaW1wb3J0LCBlbWFpbCwgbWVzc2FnZTwvc3Bhbj48L2xpPiAgICAgICAgICAgICAgICAgICAgICAgICAgICAgICAgICAgICAgICA8bGk+PGEgaHJlZj0iaHR0cDovL3ZhbmlsbGEuaGl2ZS10ZW1wbGF0ZS5sb2NhbC5mZTEuc3RnLmhhcnZlc3RkcC5hbmNob3IubmV0LmF1L2luZGV4LnBocC9kYXNoYm9hcmQvc3lzdGVtL2NvbnZlcnNhdGlvbnMiPkNvbnZlcnNhdGlvbnM8L2E+PHNwYW4+Q29udmVyc2F0aW9ucyBjb252ZXJzYXRpb25zPC9zcGFuPjwvbGk+ICAgICAgICAgICAgICAgICAgICAgICAgICAgICAgICAgICAgICAgIDxsaT48YSBocmVmPSJodHRwOi8vdmFuaWxsYS5oaXZlLXRlbXBsYXRlLmxvY2FsLmZlMS5zdGcuaGFydmVzdGRwLmFuY2hvci5uZXQuYXUvaW5kZXgucGhwL2Rhc2hib2FyZC9zeXN0ZW0vY29udmVyc2F0aW9ucy9zZXR0aW5ncyI+U2V0dGluZ3M8L2E+PHNwYW4+U2V0dGluZ3MgY29udmVyc2F0aW9uczwvc3Bhbj48L2xpPiAgICAgICAgICAgICAgICAgICAgICAgICAgICAgICAgICAgICAgICA8bGk+PGEgaHJlZj0iaHR0cDovL3ZhbmlsbGEuaGl2ZS10ZW1wbGF0ZS5sb2NhbC5mZTEuc3RnLmhhcnZlc3RkcC5hbmNob3IubmV0LmF1L2luZGV4LnBocC9kYXNoYm9hcmQvc3lzdGVtL2NvbnZlcnNhdGlvbnMvcG9pbnRzIj5Db21tdW5pdHkgUG9pbnRzPC9hPjxzcGFuPkNvbW11bml0eSBQb2ludHMgY29udmVyc2F0aW9ucyByYXRpbmdzLCByYXRpbmdzLCBjb21tdW5pdHksIGNvbW11bml0eSBwb2ludHM8L3NwYW4+PC9saT4gICAgICAgICAgICAgICAgICAgICAgICAgICAgICAgICAgICAgICAgPGxpPjxhIGhyZWY9Imh0dHA6Ly92YW5pbGxhLmhpdmUtdGVtcGxhdGUubG9jYWwuZmUxLnN0Zy5oYXJ2ZXN0ZHAuYW5jaG9yLm5ldC5hdS9pbmRleC5waHAvZGFzaGJvYXJkL3N5c3RlbS9jb252ZXJzYXRpb25zL2Jhbm5lZHdvcmRzIj5CYW5uZWQgV29yZHM8L2E+PHNwYW4+QmFubmVkIFdvcmRzIGNvbnZlcnNhdGlvbnMgYmFkIHdvcmRzLCBiYW5uZWQgd29yZHMsIGJhbm5lZCwgYmFkIHdvcmRzLCBiYWQsIHdvcmRzLCBsaXN0PC9zcGFuPjwvbGk+ICAgICAgICAgICAgICAgICAgICAgICAgICAgICAgICAgICAgICAgIDxsaT48YSBocmVmPSJodHRwOi8vdmFuaWxsYS5oaXZlLXRlbXBsYXRlLmxvY2FsLmZlMS5zdGcuaGFydmVzdGRwLmFuY2hvci5uZXQuYXUvaW5kZXgucGhwL2Rhc2hib2FyZC9zeXN0ZW0vY29udmVyc2F0aW9ucy9wZXJtaXNzaW9ucyI+Q29udmVyc2F0aW9uIFBlcm1pc3Npb25zPC9hPjxzcGFuPkNvbnZlcnNhdGlvbiBQZXJtaXNzaW9ucyA8L3NwYW4+PC9saT4gICAgICAgICAgICAgICAgICAgICAgICAgICAgICAgICAgICAgICAgPGxpPjxhIGhyZWY9Imh0dHA6Ly92YW5pbGxhLmhpdmUtdGVtcGxhdGUubG9jYWwuZmUxLnN0Zy5oYXJ2ZXN0ZHAuYW5jaG9yLm5ldC5hdS9pbmRleC5waHAvZGFzaGJvYXJkL3N5c3RlbS9hdHRyaWJ1dGVzIj5BdHRyaWJ1dGVzPC9hPjxzcGFuPkF0dHJpYnV0ZXMgYXR0cmlidXRlIGNvbmZpZ3VyYXRpb248L3NwYW4+PC9saT4gICAgICAgICAgICAgICAgICAgICAgICAgICAgICAgICAgICAgICAgPGxpPjxhIGhyZWY9Imh0dHA6Ly92YW5pbGxhLmhpdmUtdGVtcGxhdGUubG9jYWwuZmUxLnN0Zy5oYXJ2ZXN0ZHAuYW5jaG9yLm5ldC5hdS9pbmRleC5waHAvZGFzaGJvYXJkL3N5c3RlbS9hdHRyaWJ1dGVzL3NldHMiPlNldHM8L2E+PHNwYW4+U2V0cyBhdHRyaWJ1dGVzLCBzZXRzPC9zcGFuPjwvbGk+ICAgICAgICAgICAgICAgICAgICAgICAgICAgICAgICAgICAgICAgIDxsaT48YSBocmVmPSJodHRwOi8vdmFuaWxsYS5oaXZlLXRlbXBsYXRlLmxvY2FsLmZlMS5zdGcuaGFydmVzdGRwLmFuY2hvci5uZXQuYXUvaW5kZXgucGhwL2Rhc2hib2FyZC9zeXN0ZW0vYXR0cmlidXRlcy90eXBlcyI+VHlwZXM8L2E+PHNwYW4+VHlwZXMgYXR0cmlidXRlcywgdHlwZXM8L3NwYW4+PC9saT4gICAgICAgICAgICAgICAgICAgICAgICAgICAgICAgICAgICAgICAgPGxpPjxhIGhyZWY9Imh0dHA6Ly92YW5pbGxhLmhpdmUtdGVtcGxhdGUubG9jYWwuZmUxLnN0Zy5oYXJ2ZXN0ZHAuYW5jaG9yLm5ldC5hdS9pbmRleC5waHAvZGFzaGJvYXJkL3N5c3RlbS9hdHRyaWJ1dGVzL3RvcGljcyI+VG9waWNzPC9hPjxzcGFuPlRvcGljcyB0b3BpY3MsIHRhZ3MsIHRheG9ub215PC9zcGFuPjwvbGk+ICAgICAgICAgICAgICAgICAgICAgICAgICAgICAgICAgICAgICAgIDxsaT48YSBocmVmPSJodHRwOi8vdmFuaWxsYS5oaXZlLXRlbXBsYXRlLmxvY2FsLmZlMS5zdGcuaGFydmVzdGRwLmFuY2hvci5uZXQuYXUvaW5kZXgucGhwL2Rhc2hib2FyZC9zeXN0ZW0vYXR0cmlidXRlcy90b3BpY3MvYWRkIj5BZGQgVG9waWMgVHJlZTwvYT48c3Bhbj5BZGQgVG9waWMgVHJlZSA8L3NwYW4+PC9saT4gICAgICAgICAgICAgICAgICAgICAgICAgICAgICAgICAgICAgICAgPGxpPjxhIGhyZWY9Imh0dHA6Ly92YW5pbGxhLmhpdmUtdGVtcGxhdGUubG9jYWwuZmUxLnN0Zy5oYXJ2ZXN0ZHAuYW5jaG9yLm5ldC5hdS9pbmRleC5waHAvZGFzaGJvYXJkL3N5c3RlbS9lbnZpcm9ubWVudC9pbmZvIj5FbnZpcm9ubWVudCBJbmZvcm1hdGlvbjwvYT48c3Bhbj5FbnZpcm9ubWVudCBJbmZvcm1hdGlvbiBvdmVycmlkZXMsIHN5c3RlbSBpbmZvLCBkZWJ1Zywgc3VwcG9ydCwgaGVscDwvc3Bhbj48L2xpPiAgICAgICAgICAgICAgICAgICAgICAgICAgICAgICAgICAgICAgICA8bGk+PGEgaHJlZj0iaHR0cDovL3ZhbmlsbGEuaGl2ZS10ZW1wbGF0ZS5sb2NhbC5mZTEuc3RnLmhhcnZlc3RkcC5hbmNob3IubmV0LmF1L2luZGV4LnBocC9kYXNoYm9hcmQvc3lzdGVtL2Vudmlyb25tZW50L2RlYnVnIj5EZWJ1ZyBTZXR0aW5nczwvYT48c3Bhbj5EZWJ1ZyBTZXR0aW5ncyBlcnJvcnMsIGV4Y2VwdGlvbnMsIGRldmVsb3AsIHN1cHBvcnQsIGhlbHA8L3NwYW4+PC9saT4gICAgICAgICAgICAgICAgICAgICAgICAgICAgICAgICAgICAgICAgPGxpPjxhIGhyZWY9Imh0dHA6Ly92YW5pbGxhLmhpdmUtdGVtcGxhdGUubG9jYWwuZmUxLnN0Zy5oYXJ2ZXN0ZHAuYW5jaG9yLm5ldC5hdS9pbmRleC5waHAvZGFzaGJvYXJkL3N5c3RlbS9lbnZpcm9ubWVudC9sb2dnaW5nIj5Mb2dnaW5nIFNldHRpbmdzPC9hPjxzcGFuPkxvZ2dpbmcgU2V0dGluZ3MgZW1haWwsIGxvZ2dpbmcsIGxvZ3MsIHNtdHAsIHBvcCwgZXJyb3JzLCBteXNxbCwgbG9nPC9zcGFuPjwvbGk+ICAgICAgICAgICAgICAgICAgICAgICAgICAgICAgICAgICAgICAgIDxsaT48YSBocmVmPSJodHRwOi8vdmFuaWxsYS5oaXZlLXRlbXBsYXRlLmxvY2FsLmZlMS5zdGcuaGFydmVzdGRwLmFuY2hvci5uZXQuYXUvaW5kZXgucGhwL2Rhc2hib2FyZC9zeXN0ZW0vZW52aXJvbm1lbnQvcHJveHkiPlByb3h5IFNlcnZlcjwvYT48c3Bhbj5Qcm94eSBTZXJ2ZXIgbmV0d29yaywgcHJveHkgc2VydmVyPC9zcGFuPjwvbGk+ICAgICAgICAgICAgICAgICAgICAgICAgICAgICAgICAgICAgICAgIDxsaT48YSBocmVmPSJodHRwOi8vdmFuaWxsYS5oaXZlLXRlbXBsYXRlLmxvY2FsLmZlMS5zdGcuaGFydmVzdGRwLmFuY2hvci5uZXQuYXUvaW5kZXgucGhwL2Rhc2hib2FyZC9zeXN0ZW0vZW52aXJvbm1lbnQvZW50aXRpZXMiPkRhdGFiYXNlIEVudGl0aWVzPC9hPjxzcGFuPkRhdGFiYXNlIEVudGl0aWVzIGRhdGFiYXNlLCBlbnRpdGllcywgZG9jdHJpbmUsIG9ybTwvc3Bhbj48L2xpPiAgICAgICAgICAgICAgICAgICAgICAgICAgICAgICAgICAgICAgICA8bGk+PGEgaHJlZj0iaHR0cDovL3ZhbmlsbGEuaGl2ZS10ZW1wbGF0ZS5sb2NhbC5mZTEuc3RnLmhhcnZlc3RkcC5hbmNob3IubmV0LmF1L2luZGV4LnBocC9kYXNoYm9hcmQvc3lzdGVtL2JhY2t1cCI+QmFja3VwICYgUmVzdG9yZTwvYT48c3Bhbj5CYWNrdXAgJiBSZXN0b3JlIGV4cG9ydCwgYmFja3VwLCBkYXRhYmFzZSwgc3FsLCBteXNxbCwgZW5jcnlwdGlvbiwgcmVzdG9yZTwvc3Bhbj48L2xpPiAgICAgICAgICAgICAgICAgICAgICAgICAgICAgICAgICAgICAgICA8bGk+PGEgaHJlZj0iaHR0cDovL3ZhbmlsbGEuaGl2ZS10ZW1wbGF0ZS5sb2NhbC5mZTEuc3RnLmhhcnZlc3RkcC5hbmNob3IubmV0LmF1L2luZGV4LnBocC9kYXNoYm9hcmQvc3lzdGVtL2JhY2t1cC9iYWNrdXAiPkJhY2t1cCBEYXRhYmFzZTwvYT48c3Bhbj5CYWNrdXAgRGF0YWJhc2UgPC9zcGFuPjwvbGk+ICAgICAgICAgICAgICAgICAgICAgICAgICAgICAgICAgICAgICAgIDxsaT48YSBocmVmPSJodHRwOi8vdmFuaWxsYS5oaXZlLXRlbXBsYXRlLmxvY2FsLmZlMS5zdGcuaGFydmVzdGRwLmFuY2hvci5uZXQuYXUvaW5kZXgucGhwL2Rhc2hib2FyZC9zeXN0ZW0vYmFja3VwL3VwZGF0ZSI+VXBkYXRlIGNvbmNyZXRlNTwvYT48c3Bhbj5VcGRhdGUgY29uY3JldGU1IHVwZ3JhZGUsIG5ldyB2ZXJzaW9uLCB1cGRhdGU8L3NwYW4+PC9saT4gICAgICAgICAgICAgICAgICAgICAgICAgICAgICAgICAgICAgICAgPGxpPjxhIGhyZWY9Imh0dHA6Ly92YW5pbGxhLmhpdmUtdGVtcGxhdGUubG9jYWwuZmUxLnN0Zy5oYXJ2ZXN0ZHAuYW5jaG9yLm5ldC5hdS9pbmRleC5waHAvZGFzaGJvYXJkL3N5c3RlbS9tb2RlcmF0aW9uIj5Nb2RlcmF0aW9uPC9hPjxzcGFuPk1vZGVyYXRpb24gPC9zcGFuPjwvbGk+ICAgICAgICAgICAgICAgICAgICAgICAgICAgICAgICAgICAgICAgIDxsaT48YSBocmVmPSJodHRwOi8vdmFuaWxsYS5oaXZlLXRlbXBsYXRlLmxvY2FsLmZlMS5zdGcuaGFydmVzdGRwLmFuY2hvci5uZXQuYXUvaW5kZXgucGhwL2Rhc2hib2FyZC9zeXN0ZW0vbW9kZXJhdGlvbi9yZWFzb24iPlJlYXNvbjwvYT48c3Bhbj5SZWFzb24gPC9zcGFuPjwvbGk+ICAgICAgICAgICAgICAgICAgICAgICAgICAgICAgICAgICAgICAgIDxsaT48YSBocmVmPSJodHRwOi8vdmFuaWxsYS5oaXZlLXRlbXBsYXRlLmxvY2FsLmZlMS5zdGcuaGFydmVzdGRwLmFuY2hvci5uZXQuYXUvaW5kZXgucGhwL2Rhc2hib2FyZC9zeXN0ZW0vbW9kZXJhdGlvbi9wZXJtaXNzaW9ucyI+TW9kZXJhdGlvbiBQZXJtaXNzaW9uczwvYT48c3Bhbj5Nb2RlcmF0aW9uIFBlcm1pc3Npb25zIDwvc3Bhbj48L2xpPiAgICAgICAgICAgICAgICAgICAgICAgICAgICAgICAgICAgICAgICA8bGk+PGEgaHJlZj0iaHR0cDovL3ZhbmlsbGEuaGl2ZS10ZW1wbGF0ZS5sb2NhbC5mZTEuc3RnLmhhcnZlc3RkcC5hbmNob3IubmV0LmF1L2luZGV4LnBocC9kYXNoYm9hcmQvc3lzdGVtL21vZGVyYXRpb24vc2V0dGluZ3MiPlNldHRpbmdzPC9hPjxzcGFuPlNldHRpbmdzIDwvc3Bhbj48L2xpPiAgICAgICAgICAgICAgICAgICAgICAgICAgICAgICAgICAgIDwvdWw+ICAgICAgICAgICAgICAgIDwvZGl2PiAgICAgICAgICAgICAgICAgICAgICAgICAgICAgICAgPGRpdiBjbGFzcz0iY2NtLWludGVsbGlnZW50LXNlYXJjaC1yZXN1bHRzLW1vZHVsZSBjY20taW50ZWxsaWdlbnQtc2VhcmNoLXJlc3VsdHMtbW9kdWxlLW9uc2l0ZSI+ICAgICAgICAgICAgICAgIDxoMT5IaXZlIFNldHRpbmdzPC9oMT4gICAgICAgICAgICAgICAgPHVsIGNsYXNzPSJjY20taW50ZWxsaWdlbnQtc2VhcmNoLXJlc3VsdHMtbGlzdCI+ICAgICAgICAgICAgICAgICAgICAgICAgICAgICAgICAgICAgICAgICAgICAgICAgICAgIDxsaT48YSBocmVmPSJodHRwOi8vdmFuaWxsYS5oaXZlLXRlbXBsYXRlLmxvY2FsLmZlMS5zdGcuaGFydmVzdGRwLmFuY2hvci5uZXQuYXUvaW5kZXgucGhwL2Rhc2hib2FyZC9zZXR0aW5ncy9zaXRlIj5TaXRlPC9hPjxzcGFuPkhpdmUgU2V0dGluZ3MgIFNpdGUgPC9zcGFuPjwvbGk+ICAgICAgICAgICAgICAgICAgICAgICAgICAgICAgICAgICAgICAgIDxsaT48YSBocmVmPSJodHRwOi8vdmFuaWxsYS5oaXZlLXRlbXBsYXRlLmxvY2FsLmZlMS5zdGcuaGFydmVzdGRwLmFuY2hvci5uZXQuYXUvaW5kZXgucGhwL2Rhc2hib2FyZC9zZXR0aW5ncy91c2VycyI+VXNlcnM8L2E+PHNwYW4+SGl2ZSBTZXR0aW5ncyAgVXNlcnMgPC9zcGFuPjwvbGk+ICAgICAgICAgICAgICAgICAgICAgICAgICAgICAgICAgICAgICAgIDxsaT48YSBocmVmPSJodHRwOi8vdmFuaWxsYS5oaXZlLXRlbXBsYXRlLmxvY2FsLmZlMS5zdGcuaGFydmVzdGRwLmFuY2hvci5uZXQuYXUvaW5kZXgucGhwL2Rhc2hib2FyZC9zZXR0aW5ncy9tb2RlcmF0aW9uIj5Nb2RlcmF0aW9uPC9hPjxzcGFuPkhpdmUgU2V0dGluZ3MgIE1vZGVyYXRpb24gPC9zcGFuPjwvbGk+ICAgICAgICAgICAgICAgICAgICAgICAgICAgICAgICAgICAgICAgIDxsaT48YSBocmVmPSJodHRwOi8vdmFuaWxsYS5oaXZlLXRlbXBsYXRlLmxvY2FsLmZlMS5zdGcuaGFydmVzdGRwLmFuY2hvci5uZXQuYXUvaW5kZXgucGhwL2Rhc2hib2FyZC9zZXR0aW5ncy9lbWFpbCI+RW1haWw8L2E+PHNwYW4+SGl2ZSBTZXR0aW5ncyAgRW1haWwgPC9zcGFuPjwvbGk+ICAgICAgICAgICAgICAgICAgICAgICAgICAgICAgICAgICAgICAgIDxsaT48YSBocmVmPSJodHRwOi8vdmFuaWxsYS5oaXZlLXRlbXBsYXRlLmxvY2FsLmZlMS5zdGcuaGFydmVzdGRwLmFuY2hvci5uZXQuYXUvaW5kZXgucGhwL2Rhc2hib2FyZC9zZXR0aW5ncy9wcm9qZWN0cyI+UHJvamVjdHM8L2E+PHNwYW4+SGl2ZSBTZXR0aW5ncyAgUHJvamVjdHMgPC9zcGFuPjwvbGk+ICAgICAgICAgICAgICAgICAgICAgICAgICAgICAgICAgICAgPC91bD4gICAgICAgICAgICAgICAgPC9kaXY+ICAgICAgICAgICAgICAgICAgICAgICAgICAgIDxkaXYgY2xhc3M9ImNjbS1pbnRlbGxpZ2VudC1zZWFyY2gtcmVzdWx0cy1tb2R1bGUgY2NtLWludGVsbGlnZW50LXNlYXJjaC1yZXN1bHRzLW1vZHVsZS1vbnNpdGUiPiAgICAgICAgICAgIDxoMT5EYXNoYm9hcmQgSG9tZTwvaDE+ICAgICAgICAgICAgPHVsIGNsYXNzPSJjY20taW50ZWxsaWdlbnQtc2VhcmNoLXJlc3VsdHMtbGlzdCI+ICAgICAgICAgICAgICAgIDxsaT48YSBocmVmPSJodHRwOi8vdmFuaWxsYS5oaXZlLXRlbXBsYXRlLmxvY2FsLmZlMS5zdGcuaGFydmVzdGRwLmFuY2hvci5uZXQuYXUvaW5kZXgucGhwL2Rhc2hib2FyZC9ob21lIj5DdXN0b21pemUgPHNwYW4+Q3VzdG9taXplIERhc2hib2FyZCBIb21lPC9zcGFuPjwvYT48L2xpPiAgICAgICAgICAgIDwvdWw+ICAgICAgICAgICAgPC9kaXY+ICAgICAgICAgICAgICAgICAgICAgICAgPGRpdiBjbGFzcz0iY2NtLWludGVsbGlnZW50LXNlYXJjaC1yZXN1bHRzLW1vZHVsZSI+ICAgICAgICAgICAgPGgxPllvdXIgU2l0ZTwvaDE+ICAgICAgICAgICAgPGRpdiBjbGFzcz0ibG9hZGVyIj4gICAgICAgICAgICAgICAgPGRpdiBjbGFzcz0iZG90IGRvdDEiPjwvZGl2PiAgICAgICAgICAgICAgICA8ZGl2IGNsYXNzPSJkb3QgZG90MiI+PC9kaXY+ICAgICAgICAgICAgICAgIDxkaXYgY2xhc3M9ImRvdCBkb3QzIj48L2Rpdj4gICAgICAgICAgICAgICAgPGRpdiBjbGFzcz0iZG90IGRvdDQiPjwvZGl2PiAgICAgICAgICAgIDwvZGl2PiAgICAgICAgICAgIDx1bCBjbGFzcz0iY2NtLWludGVsbGlnZW50LXNlYXJjaC1yZXN1bHRzLWxpc3QiIGlkPSJjY20taW50ZWxsaWdlbnQtc2VhcmNoLXJlc3VsdHMtbGlzdC15b3VyLXNpdGUiPiAgICAgICAgICAgIDwvdWw+ICAgICAgICAgICAgPC9kaXY+ICAgICAgICAgICAgICAgICAgICAgICAgICAgICAgICA8L2Rpdj4gICAgICAgICI7fXM6MTg6IkNMSUVOVF9SRU1PVEVfQUREUiI7czoxNToiMjAzLjIwNi4xNDIuMjMyIjtzOjIyOiJDTElFTlRfSFRUUF9VU0VSX0FHRU5UIjtzOjExNToiTW96aWxsYS81LjAgKFdpbmRvd3MgTlQgMTAuMDsgV2luNjQ7IHg2NCkgQXBwbGVXZWJLaXQvNTM3LjM2IChLSFRNTCwgbGlrZSBHZWNrbykgQ2hyb21lLzY2LjAuMzM1OS4xODEgU2FmYXJpLzUzNy4zNiI7czoxMjoidU9ubGluZUNoZWNrIjtpOjE1Mjc0ODIxNzI7fV9zZjJfZmxhc2hlc3xhOjA6e31fc2YyX21ldGF8YTozOntzOjE6InUiO2k6MTUyNzQ4MjE3MjtzOjE6ImMiO2k6MTUyNzQ4MjAwNTtzOjE6ImwiO3M6NDoiNzIwMCI7fQ==',1527482172),('pkf3eeuo6am0b78hp36d9mrhce','X3NmMl9hdHRyaWJ1dGVzfGE6MTQ6e3M6MjE6ImFjY2Vzc0VudGl0aWVzVXBkYXRlZCI7aToxNTIyOTcwMjk3O3M6NDoicmNJRCI7czoxOiIyIjtzOjc6InVHcm91cHMiO2E6Mzp7aToyO3M6MToiMiI7aToxMjtzOjI6IjEyIjtpOjE7czoxOiIxIjt9czozOiJ1SUQiO3M6MToiMSI7czo1OiJ1TmFtZSI7czo1OiJhZG1pbiI7czoxNDoidUJsb2NrVHlwZXNTZXQiO2I6MDtzOjExOiJ1TGFzdE9ubGluZSI7aToxNTIyOTcwMzA3O3M6OToidVRpbWV6b25lIjtOO3M6MTY6InVEZWZhdWx0TGFuZ3VhZ2UiO047czoxOToidUxhc3RQYXNzd29yZENoYW5nZSI7czoxOToiMjAxNS0wMy0xMyAwNToxMDoyMCI7czoxNDoiZGFzaGJvYXJkTWVudXMiO2E6MTp7czo1OiJlbl9VUyI7czozODc2NjoiICAgICAgICAgICAgPGRpdiBpZD0iY2NtLWludGVsbGlnZW50LXNlYXJjaC1yZXN1bHRzIj4gICAgICAgICAgICAgICAgICAgICAgICAgICAgPGRpdiBjbGFzcz0iY2NtLWludGVsbGlnZW50LXNlYXJjaC1yZXN1bHRzLW1vZHVsZSBjY20taW50ZWxsaWdlbnQtc2VhcmNoLXJlc3VsdHMtbW9kdWxlLW9uc2l0ZSI+ICAgICAgICAgICAgICAgIDxoMT5Xb3JrZmxvdzwvaDE+ICAgICAgICAgICAgICAgIDx1bCBjbGFzcz0iY2NtLWludGVsbGlnZW50LXNlYXJjaC1yZXN1bHRzLWxpc3QiPiAgICAgICAgICAgICAgICAgICAgICAgICAgICAgICAgICAgICAgICAgICAgICAgICAgICA8bGk+PGEgaHJlZj0iaHR0cDovL3ZhbmlsbGEuaGl2ZS10ZW1wbGF0ZS5sb2NhbC5mZTEuc3RnLmhhcnZlc3RkcC5hbmNob3IubmV0LmF1L2luZGV4LnBocC9kYXNoYm9hcmQvd29ya2Zsb3cvd29ya2Zsb3dzIj5Xb3JrZmxvdyBMaXN0PC9hPjxzcGFuPldvcmtmbG93IGFkZCB3b3JrZmxvdywgcmVtb3ZlIHdvcmtmbG93IFdvcmtmbG93IExpc3QgPC9zcGFuPjwvbGk+ICAgICAgICAgICAgICAgICAgICAgICAgICAgICAgICAgICAgICAgIDxsaT48YSBocmVmPSJodHRwOi8vdmFuaWxsYS5oaXZlLXRlbXBsYXRlLmxvY2FsLmZlMS5zdGcuaGFydmVzdGRwLmFuY2hvci5uZXQuYXUvaW5kZXgucGhwL2Rhc2hib2FyZC93b3JrZmxvdy9tZSI+V2FpdGluZyBmb3IgTWU8L2E+PHNwYW4+V29ya2Zsb3cgYWRkIHdvcmtmbG93LCByZW1vdmUgd29ya2Zsb3cgV2FpdGluZyBmb3IgTWUgPC9zcGFuPjwvbGk+ICAgICAgICAgICAgICAgICAgICAgICAgICAgICAgICAgICAgPC91bD4gICAgICAgICAgICAgICAgPC9kaXY+ICAgICAgICAgICAgICAgICAgICAgICAgICAgICAgICA8ZGl2IGNsYXNzPSJjY20taW50ZWxsaWdlbnQtc2VhcmNoLXJlc3VsdHMtbW9kdWxlIGNjbS1pbnRlbGxpZ2VudC1zZWFyY2gtcmVzdWx0cy1tb2R1bGUtb25zaXRlIj4gICAgICAgICAgICAgICAgPGgxPk1vZGVyYXRpb248L2gxPiAgICAgICAgICAgICAgICA8dWwgY2xhc3M9ImNjbS1pbnRlbGxpZ2VudC1zZWFyY2gtcmVzdWx0cy1saXN0Ij4gICAgICAgICAgICAgICAgICAgICAgICAgICAgICAgICAgICA8bGk+PGEgaHJlZj0iaHR0cDovL3ZhbmlsbGEuaGl2ZS10ZW1wbGF0ZS5sb2NhbC5mZTEuc3RnLmhhcnZlc3RkcC5hbmNob3IubmV0LmF1L2luZGV4LnBocC9kYXNoYm9hcmQvbW9kZXJhdGlvbiI+TW9kZXJhdGlvbjwvYT48c3Bhbj5Nb2RlcmF0aW9uIDwvc3Bhbj48L2xpPiAgICAgICAgICAgICAgICAgICAgICAgICAgICAgICAgICAgICAgICAgICAgICAgICAgICA8L3VsPiAgICAgICAgICAgICAgICA8L2Rpdj4gICAgICAgICAgICAgICAgICAgICAgICAgICAgICAgIDxkaXYgY2xhc3M9ImNjbS1pbnRlbGxpZ2VudC1zZWFyY2gtcmVzdWx0cy1tb2R1bGUgY2NtLWludGVsbGlnZW50LXNlYXJjaC1yZXN1bHRzLW1vZHVsZS1vbnNpdGUiPiAgICAgICAgICAgICAgICA8aDE+UHJvamVjdHM8L2gxPiAgICAgICAgICAgICAgICA8dWwgY2xhc3M9ImNjbS1pbnRlbGxpZ2VudC1zZWFyY2gtcmVzdWx0cy1saXN0Ij4gICAgICAgICAgICAgICAgICAgICAgICAgICAgICAgICAgICAgICAgICAgICAgICAgICAgPGxpPjxhIGhyZWY9Imh0dHA6Ly92YW5pbGxhLmhpdmUtdGVtcGxhdGUubG9jYWwuZmUxLnN0Zy5oYXJ2ZXN0ZHAuYW5jaG9yLm5ldC5hdS9pbmRleC5waHAvZGFzaGJvYXJkL3Byb2plY3RzL2xhdW5jaCI+TGF1bmNoIE5ldyBQcm9qZWN0PC9hPjxzcGFuPlByb2plY3RzICBMYXVuY2ggTmV3IFByb2plY3QgPC9zcGFuPjwvbGk+ICAgICAgICAgICAgICAgICAgICAgICAgICAgICAgICAgICAgICAgIDxsaT48YSBocmVmPSJodHRwOi8vdmFuaWxsYS5oaXZlLXRlbXBsYXRlLmxvY2FsLmZlMS5zdGcuaGFydmVzdGRwLmFuY2hvci5uZXQuYXUvaW5kZXgucGhwL2Rhc2hib2FyZC9wcm9qZWN0cy9zZXR0aW5ncyI+UHJvamVjdCBTZXR0aW5nczwvYT48c3Bhbj5Qcm9qZWN0cyAgUHJvamVjdCBTZXR0aW5ncyA8L3NwYW4+PC9saT4gICAgICAgICAgICAgICAgICAgICAgICAgICAgICAgICAgICA8L3VsPiAgICAgICAgICAgICAgICA8L2Rpdj4gICAgICAgICAgICAgICAgICAgICAgICAgICAgICAgIDxkaXYgY2xhc3M9ImNjbS1pbnRlbGxpZ2VudC1zZWFyY2gtcmVzdWx0cy1tb2R1bGUgY2NtLWludGVsbGlnZW50LXNlYXJjaC1yZXN1bHRzLW1vZHVsZS1vbnNpdGUiPiAgICAgICAgICAgICAgICA8aDE+UmVwb3J0czwvaDE+ICAgICAgICAgICAgICAgIDx1bCBjbGFzcz0iY2NtLWludGVsbGlnZW50LXNlYXJjaC1yZXN1bHRzLWxpc3QiPiAgICAgICAgICAgICAgICAgICAgICAgICAgICAgICAgICAgICAgICAgICAgICAgICAgICA8bGk+PGEgaHJlZj0iaHR0cDovL3ZhbmlsbGEuaGl2ZS10ZW1wbGF0ZS5sb2NhbC5mZTEuc3RnLmhhcnZlc3RkcC5hbmNob3IubmV0LmF1L2luZGV4LnBocC9kYXNoYm9hcmQvcmVwb3J0cy9jb252ZXJzYXRpb25zIj5Db252ZXJzYXRpb25zPC9hPjxzcGFuPlJlcG9ydHMgIENvbnZlcnNhdGlvbnMgY29udmVyc2F0aW9uLCBkaXNjdXNzaW9uLCBmb3J1bSwgZ3Vlc3Rib29rPC9zcGFuPjwvbGk+ICAgICAgICAgICAgICAgICAgICAgICAgICAgICAgICAgICAgICAgIDxsaT48YSBocmVmPSJodHRwOi8vdmFuaWxsYS5oaXZlLXRlbXBsYXRlLmxvY2FsLmZlMS5zdGcuaGFydmVzdGRwLmFuY2hvci5uZXQuYXUvaW5kZXgucGhwL2Rhc2hib2FyZC9yZXBvcnRzL2Zvcm1zIj5Gb3JtczwvYT48c3Bhbj5SZXBvcnRzICBGb3JtcyBmb3JtcywgcXVlc3Rpb25zLCByZXNwb25zZSwgZGF0YTwvc3Bhbj48L2xpPiAgICAgICAgICAgICAgICAgICAgICAgICAgICAgICAgICAgICAgICA8bGk+PGEgaHJlZj0iaHR0cDovL3ZhbmlsbGEuaGl2ZS10ZW1wbGF0ZS5sb2NhbC5mZTEuc3RnLmhhcnZlc3RkcC5hbmNob3IubmV0LmF1L2luZGV4LnBocC9kYXNoYm9hcmQvcmVwb3J0cy9zdXJ2ZXlzIj5Qb2xsczwvYT48c3Bhbj5SZXBvcnRzICBQb2xscyBxdWVzdGlvbnMsIHF1aXosIHJlc3BvbnNlPC9zcGFuPjwvbGk+ICAgICAgICAgICAgICAgICAgICAgICAgICAgICAgICAgICAgICAgIDxsaT48YSBocmVmPSJodHRwOi8vdmFuaWxsYS5oaXZlLXRlbXBsYXRlLmxvY2FsLmZlMS5zdGcuaGFydmVzdGRwLmFuY2hvci5uZXQuYXUvaW5kZXgucGhwL2Rhc2hib2FyZC9yZXBvcnRzL3N1YnNjcmlwdGlvbnMiPlN1YnNjcmlwdGlvbnM8L2E+PHNwYW4+UmVwb3J0cyAgU3Vic2NyaXB0aW9ucyA8L3NwYW4+PC9saT4gICAgICAgICAgICAgICAgICAgICAgICAgICAgICAgICAgICAgICAgPGxpPjxhIGhyZWY9Imh0dHA6Ly92YW5pbGxhLmhpdmUtdGVtcGxhdGUubG9jYWwuZmUxLnN0Zy5oYXJ2ZXN0ZHAuYW5jaG9yLm5ldC5hdS9pbmRleC5waHAvZGFzaGJvYXJkL3JlcG9ydHMvc29jaWFsX21hcHMiPlNvY2lhbCBNYXBwaW5nPC9hPjxzcGFuPlJlcG9ydHMgIFNvY2lhbCBNYXBwaW5nIDwvc3Bhbj48L2xpPiAgICAgICAgICAgICAgICAgICAgICAgICAgICAgICAgICAgICAgICA8bGk+PGEgaHJlZj0iaHR0cDovL3ZhbmlsbGEuaGl2ZS10ZW1wbGF0ZS5sb2NhbC5mZTEuc3RnLmhhcnZlc3RkcC5hbmNob3IubmV0LmF1L2luZGV4LnBocC9kYXNoYm9hcmQvcmVwb3J0cy92aXNpb25zIj5WaXNpb25pbmc8L2E+PHNwYW4+UmVwb3J0cyAgVmlzaW9uaW5nIDwvc3Bhbj48L2xpPiAgICAgICAgICAgICAgICAgICAgICAgICAgICAgICAgICAgICAgICA8bGk+PGEgaHJlZj0iaHR0cDovL3ZhbmlsbGEuaGl2ZS10ZW1wbGF0ZS5sb2NhbC5mZTEuc3RnLmhhcnZlc3RkcC5hbmNob3IubmV0LmF1L2luZGV4LnBocC9kYXNoYm9hcmQvcmVwb3J0cy9sb2dzIj5Mb2dzPC9hPjxzcGFuPlJlcG9ydHMgIExvZ3MgZm9ybXMsIGxvZywgZXJyb3IsIGVtYWlsLCBteXNxbCwgZXhjZXB0aW9uLCBzdXJ2ZXksIGhpc3Rvcnk8L3NwYW4+PC9saT4gICAgICAgICAgICAgICAgICAgICAgICAgICAgICAgICAgICAgICAgPGxpPjxhIGhyZWY9Imh0dHA6Ly92YW5pbGxhLmhpdmUtdGVtcGxhdGUubG9jYWwuZmUxLnN0Zy5oYXJ2ZXN0ZHAuYW5jaG9yLm5ldC5hdS9pbmRleC5waHAvZGFzaGJvYXJkL3JlcG9ydHMvb3ZlcnZpZXciPk92ZXJ2aWV3PC9hPjxzcGFuPlJlcG9ydHMgIE92ZXJ2aWV3IDwvc3Bhbj48L2xpPiAgICAgICAgICAgICAgICAgICAgICAgICAgICAgICAgICAgICAgICA8bGk+PGEgaHJlZj0iaHR0cDovL3ZhbmlsbGEuaGl2ZS10ZW1wbGF0ZS5sb2NhbC5mZTEuc3RnLmhhcnZlc3RkcC5hbmNob3IubmV0LmF1L2luZGV4LnBocC9kYXNoYm9hcmQvcmVwb3J0cy9hdWRpZW5jZSI+QXVkaWVuY2U8L2E+PHNwYW4+UmVwb3J0cyAgQXVkaWVuY2UgPC9zcGFuPjwvbGk+ICAgICAgICAgICAgICAgICAgICAgICAgICAgICAgICAgICAgICAgIDxsaT48YSBocmVmPSJodHRwOi8vdmFuaWxsYS5oaXZlLXRlbXBsYXRlLmxvY2FsLmZlMS5zdGcuaGFydmVzdGRwLmFuY2hvci5uZXQuYXUvaW5kZXgucGhwL2Rhc2hib2FyZC9yZXBvcnRzL3Jlc3VsdHMiPlJlc3VsdHM8L2E+PHNwYW4+UmVwb3J0cyAgUmVzdWx0cyA8L3NwYW4+PC9saT4gICAgICAgICAgICAgICAgICAgICAgICAgICAgICAgICAgICAgICAgPGxpPjxhIGhyZWY9Imh0dHA6Ly92YW5pbGxhLmhpdmUtdGVtcGxhdGUubG9jYWwuZmUxLnN0Zy5oYXJ2ZXN0ZHAuYW5jaG9yLm5ldC5hdS9pbmRleC5waHAvZGFzaGJvYXJkL3JlcG9ydHMvYmVoYXZpb3VyIj5CZWhhdmlvdXI8L2E+PHNwYW4+UmVwb3J0cyAgQmVoYXZpb3VyIDwvc3Bhbj48L2xpPiAgICAgICAgICAgICAgICAgICAgICAgICAgICAgICAgICAgICAgICA8bGk+PGEgaHJlZj0iaHR0cDovL3ZhbmlsbGEuaGl2ZS10ZW1wbGF0ZS5sb2NhbC5mZTEuc3RnLmhhcnZlc3RkcC5hbmNob3IubmV0LmF1L2luZGV4LnBocC9kYXNoYm9hcmQvcmVwb3J0cy9hY3F1aXNpdGlvbiI+QWNxdWlzaXRpb248L2E+PHNwYW4+UmVwb3J0cyAgQWNxdWlzaXRpb24gPC9zcGFuPjwvbGk+ICAgICAgICAgICAgICAgICAgICAgICAgICAgICAgICAgICAgICAgIDxsaT48YSBocmVmPSJodHRwOi8vdmFuaWxsYS5oaXZlLXRlbXBsYXRlLmxvY2FsLmZlMS5zdGcuaGFydmVzdGRwLmFuY2hvci5uZXQuYXUvaW5kZXgucGhwL2Rhc2hib2FyZC9yZXBvcnRzL3FhIj5RdWVzdGlvbiBhbmQgQW5zd2VyPC9hPjxzcGFuPlJlcG9ydHMgIFF1ZXN0aW9uIGFuZCBBbnN3ZXIgPC9zcGFuPjwvbGk+ICAgICAgICAgICAgICAgICAgICAgICAgICAgICAgICAgICAgICAgIDxsaT48YSBocmVmPSJodHRwOi8vdmFuaWxsYS5oaXZlLXRlbXBsYXRlLmxvY2FsLmZlMS5zdGcuaGFydmVzdGRwLmFuY2hvci5uZXQuYXUvaW5kZXgucGhwL2Rhc2hib2FyZC9yZXBvcnRzL2J1ZGdldGluZyI+QnVkZ2V0aW5nPC9hPjxzcGFuPlJlcG9ydHMgIEJ1ZGdldGluZyA8L3NwYW4+PC9saT4gICAgICAgICAgICAgICAgICAgICAgICAgICAgICAgICAgICA8L3VsPiAgICAgICAgICAgICAgICA8L2Rpdj4gICAgICAgICAgICAgICAgICAgICAgICAgICAgICAgIDxkaXYgY2xhc3M9ImNjbS1pbnRlbGxpZ2VudC1zZWFyY2gtcmVzdWx0cy1tb2R1bGUgY2NtLWludGVsbGlnZW50LXNlYXJjaC1yZXN1bHRzLW1vZHVsZS1vbnNpdGUiPiAgICAgICAgICAgICAgICA8aDE+QW5hbHl0aWNzPC9oMT4gICAgICAgICAgICAgICAgPHVsIGNsYXNzPSJjY20taW50ZWxsaWdlbnQtc2VhcmNoLXJlc3VsdHMtbGlzdCI+ICAgICAgICAgICAgICAgICAgICAgICAgICAgICAgICAgICAgICAgICAgICAgICAgICAgIDxsaT48YSBocmVmPSJodHRwOi8vdmFuaWxsYS5oaXZlLXRlbXBsYXRlLmxvY2FsLmZlMS5zdGcuaGFydmVzdGRwLmFuY2hvci5uZXQuYXUvaW5kZXgucGhwL2Rhc2hib2FyZC9hbmFseXRpY3Mvc2Vzc2lvbnMiPlNlc3Npb25zPC9hPjxzcGFuPkFuYWx5dGljcyBmb3JtcywgbG9nLCBlcnJvciwgZW1haWwsIG15c3FsLCBleGNlcHRpb24sIHN1cnZleSBTZXNzaW9ucyA8L3NwYW4+PC9saT4gICAgICAgICAgICAgICAgICAgICAgICAgICAgICAgICAgICAgICAgPGxpPjxhIGhyZWY9Imh0dHA6Ly92YW5pbGxhLmhpdmUtdGVtcGxhdGUubG9jYWwuZmUxLnN0Zy5oYXJ2ZXN0ZHAuYW5jaG9yLm5ldC5hdS9pbmRleC5waHAvZGFzaGJvYXJkL2FuYWx5dGljcy92aXNpdG9ycyI+VmlzaXRvcnM8L2E+PHNwYW4+QW5hbHl0aWNzIGZvcm1zLCBsb2csIGVycm9yLCBlbWFpbCwgbXlzcWwsIGV4Y2VwdGlvbiwgc3VydmV5IFZpc2l0b3JzIDwvc3Bhbj48L2xpPiAgICAgICAgICAgICAgICAgICAgICAgICAgICAgICAgICAgIDwvdWw+ICAgICAgICAgICAgICAgIDwvZGl2PiAgICAgICAgICAgICAgICAgICAgICAgICAgICAgICAgPGRpdiBjbGFzcz0iY2NtLWludGVsbGlnZW50LXNlYXJjaC1yZXN1bHRzLW1vZHVsZSBjY20taW50ZWxsaWdlbnQtc2VhcmNoLXJlc3VsdHMtbW9kdWxlLW9uc2l0ZSI+ICAgICAgICAgICAgICAgIDxoMT5GaWxlczwvaDE+ICAgICAgICAgICAgICAgIDx1bCBjbGFzcz0iY2NtLWludGVsbGlnZW50LXNlYXJjaC1yZXN1bHRzLWxpc3QiPiAgICAgICAgICAgICAgICAgICAgICAgICAgICAgICAgICAgICAgICAgICAgICAgICAgICA8bGk+PGEgaHJlZj0iaHR0cDovL3ZhbmlsbGEuaGl2ZS10ZW1wbGF0ZS5sb2NhbC5mZTEuc3RnLmhhcnZlc3RkcC5hbmNob3IubmV0LmF1L2luZGV4LnBocC9kYXNoYm9hcmQvZmlsZXMvc2VhcmNoIj5GaWxlIE1hbmFnZXI8L2E+PHNwYW4+RmlsZXMgIEZpbGUgTWFuYWdlciBhZGQgZmlsZSwgZGVsZXRlIGZpbGUsIGNvcHksIG1vdmUsIGFsaWFzLCByZXNpemUsIGNyb3AsIHJlbmFtZSwgaW1hZ2VzLCB0aXRsZSwgYXR0cmlidXRlPC9zcGFuPjwvbGk+ICAgICAgICAgICAgICAgICAgICAgICAgICAgICAgICAgICAgICAgIDxsaT48YSBocmVmPSJodHRwOi8vdmFuaWxsYS5oaXZlLXRlbXBsYXRlLmxvY2FsLmZlMS5zdGcuaGFydmVzdGRwLmFuY2hvci5uZXQuYXUvaW5kZXgucGhwL2Rhc2hib2FyZC9maWxlcy9hdHRyaWJ1dGVzIj5BdHRyaWJ1dGVzPC9hPjxzcGFuPkZpbGVzICBBdHRyaWJ1dGVzIGZpbGUsIGZpbGUgYXR0cmlidXRlcywgdGl0bGUsIGF0dHJpYnV0ZSwgZGVzY3JpcHRpb24sIHJlbmFtZTwvc3Bhbj48L2xpPiAgICAgICAgICAgICAgICAgICAgICAgICAgICAgICAgICAgICAgICA8bGk+PGEgaHJlZj0iaHR0cDovL3ZhbmlsbGEuaGl2ZS10ZW1wbGF0ZS5sb2NhbC5mZTEuc3RnLmhhcnZlc3RkcC5hbmNob3IubmV0LmF1L2luZGV4LnBocC9kYXNoYm9hcmQvZmlsZXMvc2V0cyI+RmlsZSBTZXRzPC9hPjxzcGFuPkZpbGVzICBGaWxlIFNldHMgZmlsZXMsIGNhdGVnb3J5LCBjYXRlZ29yaWVzPC9zcGFuPjwvbGk+ICAgICAgICAgICAgICAgICAgICAgICAgICAgICAgICAgICAgICAgIDxsaT48YSBocmVmPSJodHRwOi8vdmFuaWxsYS5oaXZlLXRlbXBsYXRlLmxvY2FsLmZlMS5zdGcuaGFydmVzdGRwLmFuY2hvci5uZXQuYXUvaW5kZXgucGhwL2Rhc2hib2FyZC9maWxlcy9hZGRfc2V0Ij5BZGQgRmlsZSBTZXQ8L2E+PHNwYW4+RmlsZXMgIEFkZCBGaWxlIFNldCBuZXcgZmlsZSBzZXQ8L3NwYW4+PC9saT4gICAgICAgICAgICAgICAgICAgICAgICAgICAgICAgICAgICA8L3VsPiAgICAgICAgICAgICAgICA8L2Rpdj4gICAgICAgICAgICAgICAgICAgICAgICAgICAgICAgIDxkaXYgY2xhc3M9ImNjbS1pbnRlbGxpZ2VudC1zZWFyY2gtcmVzdWx0cy1tb2R1bGUgY2NtLWludGVsbGlnZW50LXNlYXJjaC1yZXN1bHRzLW1vZHVsZS1vbnNpdGUiPiAgICAgICAgICAgICAgICA8aDE+TWVtYmVyczwvaDE+ICAgICAgICAgICAgICAgIDx1bCBjbGFzcz0iY2NtLWludGVsbGlnZW50LXNlYXJjaC1yZXN1bHRzLWxpc3QiPiAgICAgICAgICAgICAgICAgICAgICAgICAgICAgICAgICAgICAgICAgICAgICAgICAgICA8bGk+PGEgaHJlZj0iaHR0cDovL3ZhbmlsbGEuaGl2ZS10ZW1wbGF0ZS5sb2NhbC5mZTEuc3RnLmhhcnZlc3RkcC5hbmNob3IubmV0LmF1L2luZGV4LnBocC9kYXNoYm9hcmQvdXNlcnMvY29tbXVuaXR5Ij5Db21tdW5pdHkgTWVtYmVyczwvYT48c3Bhbj5NZW1iZXJzIHVzZXJzLCBncm91cHMsIHBlb3BsZSwgZmluZCwgZGVsZXRlIHVzZXIsIHJlbW92ZSB1c2VyLCBjaGFuZ2UgcGFzc3dvcmQsIHBhc3N3b3JkIENvbW11bml0eSBNZW1iZXJzIDwvc3Bhbj48L2xpPiAgICAgICAgICAgICAgICAgICAgICAgICAgICAgICAgICAgICAgICA8bGk+PGEgaHJlZj0iaHR0cDovL3ZhbmlsbGEuaGl2ZS10ZW1wbGF0ZS5sb2NhbC5mZTEuc3RnLmhhcnZlc3RkcC5hbmNob3IubmV0LmF1L2luZGV4LnBocC9kYXNoYm9hcmQvdXNlcnMvc2l0ZSI+U2l0ZSBVc2VyczwvYT48c3Bhbj5NZW1iZXJzIHVzZXJzLCBncm91cHMsIHBlb3BsZSwgZmluZCwgZGVsZXRlIHVzZXIsIHJlbW92ZSB1c2VyLCBjaGFuZ2UgcGFzc3dvcmQsIHBhc3N3b3JkIFNpdGUgVXNlcnMgPC9zcGFuPjwvbGk+ICAgICAgICAgICAgICAgICAgICAgICAgICAgICAgICAgICAgICAgIDxsaT48YSBocmVmPSJodHRwOi8vdmFuaWxsYS5oaXZlLXRlbXBsYXRlLmxvY2FsLmZlMS5zdGcuaGFydmVzdGRwLmFuY2hvci5uZXQuYXUvaW5kZXgucGhwL2Rhc2hib2FyZC91c2Vycy9pbnRlcm5hbCI+SW50ZXJuYWwgVXNlcnM8L2E+PHNwYW4+TWVtYmVycyB1c2VycywgZ3JvdXBzLCBwZW9wbGUsIGZpbmQsIGRlbGV0ZSB1c2VyLCByZW1vdmUgdXNlciwgY2hhbmdlIHBhc3N3b3JkLCBwYXNzd29yZCBJbnRlcm5hbCBVc2VycyA8L3NwYW4+PC9saT4gICAgICAgICAgICAgICAgICAgICAgICAgICAgICAgICAgICAgICAgPGxpPjxhIGhyZWY9Imh0dHA6Ly92YW5pbGxhLmhpdmUtdGVtcGxhdGUubG9jYWwuZmUxLnN0Zy5oYXJ2ZXN0ZHAuYW5jaG9yLm5ldC5hdS9pbmRleC5waHAvZGFzaGJvYXJkL3VzZXJzL3NlYXJjaCI+QWxsIFVzZXJzPC9hPjxzcGFuPk1lbWJlcnMgdXNlcnMsIGdyb3VwcywgcGVvcGxlLCBmaW5kLCBkZWxldGUgdXNlciwgcmVtb3ZlIHVzZXIsIGNoYW5nZSBwYXNzd29yZCwgcGFzc3dvcmQgQWxsIFVzZXJzIGZpbmQsIHNlYXJjaCwgcGVvcGxlLCBkZWxldGUgdXNlciwgcmVtb3ZlIHVzZXIsIGNoYW5nZSBwYXNzd29yZCwgcGFzc3dvcmQ8L3NwYW4+PC9saT4gICAgICAgICAgICAgICAgICAgICAgICAgICAgICAgICAgICAgICAgPGxpPjxhIGhyZWY9Imh0dHA6Ly92YW5pbGxhLmhpdmUtdGVtcGxhdGUubG9jYWwuZmUxLnN0Zy5oYXJ2ZXN0ZHAuYW5jaG9yLm5ldC5hdS9pbmRleC5waHAvZGFzaGJvYXJkL3VzZXJzL2dyb3VwcyI+VXNlciBHcm91cHM8L2E+PHNwYW4+TWVtYmVycyB1c2VycywgZ3JvdXBzLCBwZW9wbGUsIGZpbmQsIGRlbGV0ZSB1c2VyLCByZW1vdmUgdXNlciwgY2hhbmdlIHBhc3N3b3JkLCBwYXNzd29yZCBVc2VyIEdyb3VwcyB1c2VyLCBncm91cCwgcGVvcGxlLCBwZXJtaXNzaW9ucywgZXhwaXJlLCBiYWRnZXM8L3NwYW4+PC9saT4gICAgICAgICAgICAgICAgICAgICAgICAgICAgICAgICAgICAgICAgPGxpPjxhIGhyZWY9Imh0dHA6Ly92YW5pbGxhLmhpdmUtdGVtcGxhdGUubG9jYWwuZmUxLnN0Zy5oYXJ2ZXN0ZHAuYW5jaG9yLm5ldC5hdS9pbmRleC5waHAvZGFzaGJvYXJkL3VzZXJzL2F0dHJpYnV0ZXMiPkF0dHJpYnV0ZXM8L2E+PHNwYW4+TWVtYmVycyB1c2VycywgZ3JvdXBzLCBwZW9wbGUsIGZpbmQsIGRlbGV0ZSB1c2VyLCByZW1vdmUgdXNlciwgY2hhbmdlIHBhc3N3b3JkLCBwYXNzd29yZCBBdHRyaWJ1dGVzIHVzZXIgYXR0cmlidXRlcywgdXNlciBkYXRhLCBnYXRoZXIgZGF0YSwgcmVnaXN0cmF0aW9uIGRhdGE8L3NwYW4+PC9saT4gICAgICAgICAgICAgICAgICAgICAgICAgICAgICAgICAgICAgICAgPGxpPjxhIGhyZWY9Imh0dHA6Ly92YW5pbGxhLmhpdmUtdGVtcGxhdGUubG9jYWwuZmUxLnN0Zy5oYXJ2ZXN0ZHAuYW5jaG9yLm5ldC5hdS9pbmRleC5waHAvZGFzaGJvYXJkL3VzZXJzL2FkZCI+QWRkIFVzZXI8L2E+PHNwYW4+TWVtYmVycyB1c2VycywgZ3JvdXBzLCBwZW9wbGUsIGZpbmQsIGRlbGV0ZSB1c2VyLCByZW1vdmUgdXNlciwgY2hhbmdlIHBhc3N3b3JkLCBwYXNzd29yZCBBZGQgVXNlciBuZXcgdXNlciwgY3JlYXRlPC9zcGFuPjwvbGk+ICAgICAgICAgICAgICAgICAgICAgICAgICAgICAgICAgICAgICAgIDxsaT48YSBocmVmPSJodHRwOi8vdmFuaWxsYS5oaXZlLXRlbXBsYXRlLmxvY2FsLmZlMS5zdGcuaGFydmVzdGRwLmFuY2hvci5uZXQuYXUvaW5kZXgucGhwL2Rhc2hib2FyZC91c2Vycy9hZGRfZ3JvdXAiPkFkZCBHcm91cDwvYT48c3Bhbj5NZW1iZXJzIHVzZXJzLCBncm91cHMsIHBlb3BsZSwgZmluZCwgZGVsZXRlIHVzZXIsIHJlbW92ZSB1c2VyLCBjaGFuZ2UgcGFzc3dvcmQsIHBhc3N3b3JkIEFkZCBHcm91cCBuZXcgdXNlciBncm91cCwgbmV3IGdyb3VwLCBncm91cCwgY3JlYXRlPC9zcGFuPjwvbGk+ICAgICAgICAgICAgICAgICAgICAgICAgICAgICAgICAgICAgICAgIDxsaT48YSBocmVmPSJodHRwOi8vdmFuaWxsYS5oaXZlLXRlbXBsYXRlLmxvY2FsLmZlMS5zdGcuaGFydmVzdGRwLmFuY2hvci5uZXQuYXUvaW5kZXgucGhwL2Rhc2hib2FyZC91c2Vycy9ncm91cF9zZXRzIj5Hcm91cCBTZXRzPC9hPjxzcGFuPk1lbWJlcnMgdXNlcnMsIGdyb3VwcywgcGVvcGxlLCBmaW5kLCBkZWxldGUgdXNlciwgcmVtb3ZlIHVzZXIsIGNoYW5nZSBwYXNzd29yZCwgcGFzc3dvcmQgR3JvdXAgU2V0cyBncm91cCBzZXQ8L3NwYW4+PC9saT4gICAgICAgICAgICAgICAgICAgICAgICAgICAgICAgICAgICAgICAgPGxpPjxhIGhyZWY9Imh0dHA6Ly92YW5pbGxhLmhpdmUtdGVtcGxhdGUubG9jYWwuZmUxLnN0Zy5oYXJ2ZXN0ZHAuYW5jaG9yLm5ldC5hdS9pbmRleC5waHAvZGFzaGJvYXJkL3VzZXJzL3BvaW50cyI+Q29tbXVuaXR5IFBvaW50czwvYT48c3Bhbj5NZW1iZXJzIHVzZXJzLCBncm91cHMsIHBlb3BsZSwgZmluZCwgZGVsZXRlIHVzZXIsIHJlbW92ZSB1c2VyLCBjaGFuZ2UgcGFzc3dvcmQsIHBhc3N3b3JkIENvbW11bml0eSBQb2ludHMgY29tbXVuaXR5LCBwb2ludHMsIGthcm1hPC9zcGFuPjwvbGk+ICAgICAgICAgICAgICAgICAgICAgICAgICAgICAgICAgICAgPC91bD4gICAgICAgICAgICAgICAgPC9kaXY+ICAgICAgICAgICAgICAgICAgICAgICAgICAgICAgICA8ZGl2IGNsYXNzPSJjY20taW50ZWxsaWdlbnQtc2VhcmNoLXJlc3VsdHMtbW9kdWxlIGNjbS1pbnRlbGxpZ2VudC1zZWFyY2gtcmVzdWx0cy1tb2R1bGUtb25zaXRlIj4gICAgICAgICAgICAgICAgPGgxPlNpdGVtYXA8L2gxPiAgICAgICAgICAgICAgICA8dWwgY2xhc3M9ImNjbS1pbnRlbGxpZ2VudC1zZWFyY2gtcmVzdWx0cy1saXN0Ij4gICAgICAgICAgICAgICAgICAgICAgICAgICAgICAgICAgICAgICAgICAgICAgICAgICAgPGxpPjxhIGhyZWY9Imh0dHA6Ly92YW5pbGxhLmhpdmUtdGVtcGxhdGUubG9jYWwuZmUxLnN0Zy5oYXJ2ZXN0ZHAuYW5jaG9yLm5ldC5hdS9pbmRleC5waHAvZGFzaGJvYXJkL3NpdGVtYXAvZnVsbCI+RnVsbCBTaXRlbWFwPC9hPjxzcGFuPlNpdGVtYXAgcGFnZXMsIGFkZCBwYWdlLCBkZWxldGUgcGFnZSwgY29weSwgbW92ZSwgYWxpYXMgRnVsbCBTaXRlbWFwIHBhZ2VzLCBhZGQgcGFnZSwgZGVsZXRlIHBhZ2UsIGNvcHksIG1vdmUsIGFsaWFzPC9zcGFuPjwvbGk+ICAgICAgICAgICAgICAgICAgICAgICAgICAgICAgICAgICAgICAgIDxsaT48YSBocmVmPSJodHRwOi8vdmFuaWxsYS5oaXZlLXRlbXBsYXRlLmxvY2FsLmZlMS5zdGcuaGFydmVzdGRwLmFuY2hvci5uZXQuYXUvaW5kZXgucGhwL2Rhc2hib2FyZC9zaXRlbWFwL2V4cGxvcmUiPkZsYXQgVmlldzwvYT48c3Bhbj5TaXRlbWFwIHBhZ2VzLCBhZGQgcGFnZSwgZGVsZXRlIHBhZ2UsIGNvcHksIG1vdmUsIGFsaWFzIEZsYXQgVmlldyBwYWdlcywgYWRkIHBhZ2UsIGRlbGV0ZSBwYWdlLCBjb3B5LCBtb3ZlLCBhbGlhcywgYnVsazwvc3Bhbj48L2xpPiAgICAgICAgICAgICAgICAgICAgICAgICAgICAgICAgICAgICAgICA8bGk+PGEgaHJlZj0iaHR0cDovL3ZhbmlsbGEuaGl2ZS10ZW1wbGF0ZS5sb2NhbC5mZTEuc3RnLmhhcnZlc3RkcC5hbmNob3IubmV0LmF1L2luZGV4LnBocC9kYXNoYm9hcmQvc2l0ZW1hcC9zZWFyY2giPlBhZ2UgU2VhcmNoPC9hPjxzcGFuPlNpdGVtYXAgcGFnZXMsIGFkZCBwYWdlLCBkZWxldGUgcGFnZSwgY29weSwgbW92ZSwgYWxpYXMgUGFnZSBTZWFyY2ggZmluZCBwYWdlLCBzZWFyY2ggcGFnZSwgc2VhcmNoLCBmaW5kLCBwYWdlcywgc2l0ZW1hcDwvc3Bhbj48L2xpPiAgICAgICAgICAgICAgICAgICAgICAgICAgICAgICAgICAgIDwvdWw+ICAgICAgICAgICAgICAgIDwvZGl2PiAgICAgICAgICAgICAgICAgICAgICAgICAgICAgICAgPGRpdiBjbGFzcz0iY2NtLWludGVsbGlnZW50LXNlYXJjaC1yZXN1bHRzLW1vZHVsZSBjY20taW50ZWxsaWdlbnQtc2VhcmNoLXJlc3VsdHMtbW9kdWxlLW9uc2l0ZSI+ICAgICAgICAgICAgICAgIDxoMT5QYWdlcyAmIFRoZW1lczwvaDE+ICAgICAgICAgICAgICAgIDx1bCBjbGFzcz0iY2NtLWludGVsbGlnZW50LXNlYXJjaC1yZXN1bHRzLWxpc3QiPiAgICAgICAgICAgICAgICAgICAgICAgICAgICAgICAgICAgICAgICAgICAgICAgICAgICA8bGk+PGEgaHJlZj0iaHR0cDovL3ZhbmlsbGEuaGl2ZS10ZW1wbGF0ZS5sb2NhbC5mZTEuc3RnLmhhcnZlc3RkcC5hbmNob3IubmV0LmF1L2luZGV4LnBocC9kYXNoYm9hcmQvcGFnZXMvdGhlbWVzIj5UaGVtZXM8L2E+PHNwYW4+UGFnZXMgJiBUaGVtZXMgIFRoZW1lcyBuZXcgdGhlbWUsIHRoZW1lLCBhY3RpdmUgdGhlbWUsIGNoYW5nZSB0aGVtZSwgdGVtcGxhdGUsIGNzczwvc3Bhbj48L2xpPiAgICAgICAgICAgICAgICAgICAgICAgICAgICAgICAgICAgICAgICA8bGk+PGEgaHJlZj0iaHR0cDovL3ZhbmlsbGEuaGl2ZS10ZW1wbGF0ZS5sb2NhbC5mZTEuc3RnLmhhcnZlc3RkcC5hbmNob3IubmV0LmF1L2luZGV4LnBocC9kYXNoYm9hcmQvcGFnZXMvdHlwZXMiPlBhZ2UgVHlwZXM8L2E+PHNwYW4+UGFnZXMgJiBUaGVtZXMgIFBhZ2UgVHlwZXMgPC9zcGFuPjwvbGk+ICAgICAgICAgICAgICAgICAgICAgICAgICAgICAgICAgICAgICAgIDxsaT48YSBocmVmPSJodHRwOi8vdmFuaWxsYS5oaXZlLXRlbXBsYXRlLmxvY2FsLmZlMS5zdGcuaGFydmVzdGRwLmFuY2hvci5uZXQuYXUvaW5kZXgucGhwL2Rhc2hib2FyZC9wYWdlcy90ZW1wbGF0ZXMiPlBhZ2UgVGVtcGxhdGVzPC9hPjxzcGFuPlBhZ2VzICYgVGhlbWVzICBQYWdlIFRlbXBsYXRlcyA8L3NwYW4+PC9saT4gICAgICAgICAgICAgICAgICAgICAgICAgICAgICAgICAgICAgICAgPGxpPjxhIGhyZWY9Imh0dHA6Ly92YW5pbGxhLmhpdmUtdGVtcGxhdGUubG9jYWwuZmUxLnN0Zy5oYXJ2ZXN0ZHAuYW5jaG9yLm5ldC5hdS9pbmRleC5waHAvZGFzaGJvYXJkL3BhZ2VzL2F0dHJpYnV0ZXMiPkF0dHJpYnV0ZXM8L2E+PHNwYW4+UGFnZXMgJiBUaGVtZXMgIEF0dHJpYnV0ZXMgcGFnZSBhdHRyaWJ1dGVzLCBjdXN0b208L3NwYW4+PC9saT4gICAgICAgICAgICAgICAgICAgICAgICAgICAgICAgICAgICAgICAgPGxpPjxhIGhyZWY9Imh0dHA6Ly92YW5pbGxhLmhpdmUtdGVtcGxhdGUubG9jYWwuZmUxLnN0Zy5oYXJ2ZXN0ZHAuYW5jaG9yLm5ldC5hdS9pbmRleC5waHAvZGFzaGJvYXJkL3BhZ2VzL3NpbmdsZSI+U2luZ2xlIFBhZ2VzPC9hPjxzcGFuPlBhZ2VzICYgVGhlbWVzICBTaW5nbGUgUGFnZXMgc2luZ2xlLCBwYWdlLCBjdXN0b20sIGFwcGxpY2F0aW9uPC9zcGFuPjwvbGk+ICAgICAgICAgICAgICAgICAgICAgICAgICAgICAgICAgICAgICAgIDxsaT48YSBocmVmPSJodHRwOi8vdmFuaWxsYS5oaXZlLXRlbXBsYXRlLmxvY2FsLmZlMS5zdGcuaGFydmVzdGRwLmFuY2hvci5uZXQuYXUvaW5kZXgucGhwL2Rhc2hib2FyZC9wYWdlcy9mZWVkcyI+UlNTIEZlZWRzPC9hPjxzcGFuPlBhZ2VzICYgVGhlbWVzICBSU1MgRmVlZHMgYXRvbSwgcnNzLCBmZWVkLCBzeW5kaWNhdGlvbjwvc3Bhbj48L2xpPiAgICAgICAgICAgICAgICAgICAgICAgICAgICAgICAgICAgIDwvdWw+ICAgICAgICAgICAgICAgIDwvZGl2PiAgICAgICAgICAgICAgICAgICAgICAgICAgICAgICAgPGRpdiBjbGFzcz0iY2NtLWludGVsbGlnZW50LXNlYXJjaC1yZXN1bHRzLW1vZHVsZSBjY20taW50ZWxsaWdlbnQtc2VhcmNoLXJlc3VsdHMtbW9kdWxlLW9uc2l0ZSI+ICAgICAgICAgICAgICAgIDxoMT5Db252ZXJzYXRpb25zPC9oMT4gICAgICAgICAgICAgICAgPHVsIGNsYXNzPSJjY20taW50ZWxsaWdlbnQtc2VhcmNoLXJlc3VsdHMtbGlzdCI+ICAgICAgICAgICAgICAgICAgICAgICAgICAgICAgICAgICAgICAgICAgICAgICAgICAgIDxsaT48YSBocmVmPSJodHRwOi8vdmFuaWxsYS5oaXZlLXRlbXBsYXRlLmxvY2FsLmZlMS5zdGcuaGFydmVzdGRwLmFuY2hvci5uZXQuYXUvaW5kZXgucGhwL2Rhc2hib2FyZC9jb252ZXJzYXRpb25zL21lc3NhZ2VzIj5NZXNzYWdlczwvYT48c3Bhbj5Db252ZXJzYXRpb25zICBNZXNzYWdlcyA8L3NwYW4+PC9saT4gICAgICAgICAgICAgICAgICAgICAgICAgICAgICAgICAgICA8L3VsPiAgICAgICAgICAgICAgICA8L2Rpdj4gICAgICAgICAgICAgICAgICAgICAgICAgICAgICAgIDxkaXYgY2xhc3M9ImNjbS1pbnRlbGxpZ2VudC1zZWFyY2gtcmVzdWx0cy1tb2R1bGUgY2NtLWludGVsbGlnZW50LXNlYXJjaC1yZXN1bHRzLW1vZHVsZS1vbnNpdGUiPiAgICAgICAgICAgICAgICA8aDE+U3RhY2tzICYgQmxvY2tzPC9oMT4gICAgICAgICAgICAgICAgPHVsIGNsYXNzPSJjY20taW50ZWxsaWdlbnQtc2VhcmNoLXJlc3VsdHMtbGlzdCI+ICAgICAgICAgICAgICAgICAgICAgICAgICAgICAgICAgICAgICAgICAgICAgICAgICAgIDxsaT48YSBocmVmPSJodHRwOi8vdmFuaWxsYS5oaXZlLXRlbXBsYXRlLmxvY2FsLmZlMS5zdGcuaGFydmVzdGRwLmFuY2hvci5uZXQuYXUvaW5kZXgucGhwL2Rhc2hib2FyZC9ibG9ja3Mvc3RhY2tzIj5TdGFja3M8L2E+PHNwYW4+U3RhY2tzICYgQmxvY2tzICBTdGFja3Mgc3RhY2tzLCByZXVzYWJsZSBjb250ZW50LCBzY3JhcGJvb2ssIGNvcHksIHBhc3RlLCBwYXN0ZSBibG9jaywgY29weSBibG9jaywgc2l0ZSBuYW1lLCBsb2dvPC9zcGFuPjwvbGk+ICAgICAgICAgICAgICAgICAgICAgICAgICAgICAgICAgICAgICAgIDxsaT48YSBocmVmPSJodHRwOi8vdmFuaWxsYS5oaXZlLXRlbXBsYXRlLmxvY2FsLmZlMS5zdGcuaGFydmVzdGRwLmFuY2hvci5uZXQuYXUvaW5kZXgucGhwL2Rhc2hib2FyZC9ibG9ja3MvcGVybWlzc2lvbnMiPkJsb2NrICYgU3RhY2sgUGVybWlzc2lvbnM8L2E+PHNwYW4+U3RhY2tzICYgQmxvY2tzICBCbG9jayAmIFN0YWNrIFBlcm1pc3Npb25zIDwvc3Bhbj48L2xpPiAgICAgICAgICAgICAgICAgICAgICAgICAgICAgICAgICAgICAgICA8bGk+PGEgaHJlZj0iaHR0cDovL3ZhbmlsbGEuaGl2ZS10ZW1wbGF0ZS5sb2NhbC5mZTEuc3RnLmhhcnZlc3RkcC5hbmNob3IubmV0LmF1L2luZGV4LnBocC9kYXNoYm9hcmQvYmxvY2tzL3R5cGVzIj5CbG9jayBUeXBlczwvYT48c3Bhbj5TdGFja3MgJiBCbG9ja3MgIEJsb2NrIFR5cGVzIGJsb2NrLCByZWZyZXNoLCBjdXN0b208L3NwYW4+PC9saT4gICAgICAgICAgICAgICAgICAgICAgICAgICAgICAgICAgICA8L3VsPiAgICAgICAgICAgICAgICA8L2Rpdj4gICAgICAgICAgICAgICAgICAgICAgICAgICAgICAgIDxkaXYgY2xhc3M9ImNjbS1pbnRlbGxpZ2VudC1zZWFyY2gtcmVzdWx0cy1tb2R1bGUgY2NtLWludGVsbGlnZW50LXNlYXJjaC1yZXN1bHRzLW1vZHVsZS1vbnNpdGUiPiAgICAgICAgICAgICAgICA8aDE+RXh0ZW5kIFRoZSBIaXZlPC9oMT4gICAgICAgICAgICAgICAgPHVsIGNsYXNzPSJjY20taW50ZWxsaWdlbnQtc2VhcmNoLXJlc3VsdHMtbGlzdCI+ICAgICAgICAgICAgICAgICAgICAgICAgICAgICAgICAgICAgICAgICAgICAgICAgICAgIDxsaT48YSBocmVmPSJodHRwOi8vdmFuaWxsYS5oaXZlLXRlbXBsYXRlLmxvY2FsLmZlMS5zdGcuaGFydmVzdGRwLmFuY2hvci5uZXQuYXUvaW5kZXgucGhwL2Rhc2hib2FyZC9leHRlbmQvaW5zdGFsbCI+QWRkIEZ1bmN0aW9uYWxpdHk8L2E+PHNwYW4+RXh0ZW5kIFRoZSBIaXZlIGFkZC1vbiwgYWRkb24sIGFkZCBvbiwgcGFja2FnZSwgYXBwLCBlY29tbWVyY2UsIGRpc2N1c3Npb25zLCBmb3J1bXMsIHRoZW1lcywgdGVtcGxhdGVzLCBibG9ja3MgQWRkIEZ1bmN0aW9uYWxpdHkgYWRkLW9uLCBhZGRvbiwgZWNvbW1lcmNlLCBpbnN0YWxsLCBkaXNjdXNzaW9ucywgZm9ydW1zLCB0aGVtZXMsIHRlbXBsYXRlcywgYmxvY2tzPC9zcGFuPjwvbGk+ICAgICAgICAgICAgICAgICAgICAgICAgICAgICAgICAgICAgICAgIDxsaT48YSBocmVmPSJodHRwOi8vdmFuaWxsYS5oaXZlLXRlbXBsYXRlLmxvY2FsLmZlMS5zdGcuaGFydmVzdGRwLmFuY2hvci5uZXQuYXUvaW5kZXgucGhwL2Rhc2hib2FyZC9leHRlbmQvdXBkYXRlIj5VcGRhdGUgQWRkLU9uczwvYT48c3Bhbj5FeHRlbmQgVGhlIEhpdmUgYWRkLW9uLCBhZGRvbiwgYWRkIG9uLCBwYWNrYWdlLCBhcHAsIGVjb21tZXJjZSwgZGlzY3Vzc2lvbnMsIGZvcnVtcywgdGhlbWVzLCB0ZW1wbGF0ZXMsIGJsb2NrcyBVcGRhdGUgQWRkLU9ucyB1cGRhdGUsIHVwZ3JhZGU8L3NwYW4+PC9saT4gICAgICAgICAgICAgICAgICAgICAgICAgICAgICAgICAgICAgICAgPGxpPjxhIGhyZWY9Imh0dHA6Ly92YW5pbGxhLmhpdmUtdGVtcGxhdGUubG9jYWwuZmUxLnN0Zy5oYXJ2ZXN0ZHAuYW5jaG9yLm5ldC5hdS9pbmRleC5waHAvZGFzaGJvYXJkL2V4dGVuZC9jb25uZWN0Ij5Db25uZWN0IHRvIHRoZSBDb21tdW5pdHk8L2E+PHNwYW4+RXh0ZW5kIFRoZSBIaXZlIGFkZC1vbiwgYWRkb24sIGFkZCBvbiwgcGFja2FnZSwgYXBwLCBlY29tbWVyY2UsIGRpc2N1c3Npb25zLCBmb3J1bXMsIHRoZW1lcywgdGVtcGxhdGVzLCBibG9ja3MgQ29ubmVjdCB0byB0aGUgQ29tbXVuaXR5IGNvbmNyZXRlNS5vcmcsIG15IGFjY291bnQsIG1hcmtldHBsYWNlPC9zcGFuPjwvbGk+ICAgICAgICAgICAgICAgICAgICAgICAgICAgICAgICAgICAgICAgIDxsaT48YSBocmVmPSJodHRwOi8vdmFuaWxsYS5oaXZlLXRlbXBsYXRlLmxvY2FsLmZlMS5zdGcuaGFydmVzdGRwLmFuY2hvci5uZXQuYXUvaW5kZXgucGhwL2Rhc2hib2FyZC9leHRlbmQvdGhlbWVzIj5HZXQgTW9yZSBUaGVtZXM8L2E+PHNwYW4+RXh0ZW5kIFRoZSBIaXZlIGFkZC1vbiwgYWRkb24sIGFkZCBvbiwgcGFja2FnZSwgYXBwLCBlY29tbWVyY2UsIGRpc2N1c3Npb25zLCBmb3J1bXMsIHRoZW1lcywgdGVtcGxhdGVzLCBibG9ja3MgR2V0IE1vcmUgVGhlbWVzIGJ1eSB0aGVtZSwgbmV3IHRoZW1lLCBtYXJrZXRwbGFjZSwgdGVtcGxhdGU8L3NwYW4+PC9saT4gICAgICAgICAgICAgICAgICAgICAgICAgICAgICAgICAgICAgICAgPGxpPjxhIGhyZWY9Imh0dHA6Ly92YW5pbGxhLmhpdmUtdGVtcGxhdGUubG9jYWwuZmUxLnN0Zy5oYXJ2ZXN0ZHAuYW5jaG9yLm5ldC5hdS9pbmRleC5waHAvZGFzaGJvYXJkL2V4dGVuZC9hZGRvbnMiPkdldCBNb3JlIEFkZC1PbnM8L2E+PHNwYW4+RXh0ZW5kIFRoZSBIaXZlIGFkZC1vbiwgYWRkb24sIGFkZCBvbiwgcGFja2FnZSwgYXBwLCBlY29tbWVyY2UsIGRpc2N1c3Npb25zLCBmb3J1bXMsIHRoZW1lcywgdGVtcGxhdGVzLCBibG9ja3MgR2V0IE1vcmUgQWRkLU9ucyBidXkgYWRkb24sIGJ1eSBhZGQgb24sIGJ1eSBhZGQtb24sIHB1cmNoYXNlIGFkZG9uLCBwdXJjaGFzZSBhZGQgb24sIHB1cmNoYXNlIGFkZC1vbiwgZmluZCBhZGRvbiwgbmV3IGFkZG9uLCBtYXJrZXRwbGFjZTwvc3Bhbj48L2xpPiAgICAgICAgICAgICAgICAgICAgICAgICAgICAgICAgICAgIDwvdWw+ICAgICAgICAgICAgICAgIDwvZGl2PiAgICAgICAgICAgICAgICAgICAgICAgICAgICAgICAgPGRpdiBjbGFzcz0iY2NtLWludGVsbGlnZW50LXNlYXJjaC1yZXN1bHRzLW1vZHVsZSBjY20taW50ZWxsaWdlbnQtc2VhcmNoLXJlc3VsdHMtbW9kdWxlLW9uc2l0ZSI+ICAgICAgICAgICAgICAgIDxoMT5EYXNoYm9hcmQ8L2gxPiAgICAgICAgICAgICAgICA8dWwgY2xhc3M9ImNjbS1pbnRlbGxpZ2VudC1zZWFyY2gtcmVzdWx0cy1saXN0Ij4gICAgICAgICAgICAgICAgICAgICAgICAgICAgICAgICAgICA8bGk+PGEgaHJlZj0iaHR0cDovL3ZhbmlsbGEuaGl2ZS10ZW1wbGF0ZS5sb2NhbC5mZTEuc3RnLmhhcnZlc3RkcC5hbmNob3IubmV0LmF1L2luZGV4LnBocC9kYXNoYm9hcmQvbmV3cyI+RGFzaGJvYXJkPC9hPjxzcGFuPkRhc2hib2FyZCA8L3NwYW4+PC9saT4gICAgICAgICAgICAgICAgICAgICAgICAgICAgICAgICAgICAgICAgICAgICAgICAgICAgPC91bD4gICAgICAgICAgICAgICAgPC9kaXY+ICAgICAgICAgICAgICAgICAgICAgICAgICAgICAgICA8ZGl2IGNsYXNzPSJjY20taW50ZWxsaWdlbnQtc2VhcmNoLXJlc3VsdHMtbW9kdWxlIGNjbS1pbnRlbGxpZ2VudC1zZWFyY2gtcmVzdWx0cy1tb2R1bGUtb25zaXRlIj4gICAgICAgICAgICAgICAgPGgxPlN5c3RlbSAmIFNldHRpbmdzPC9oMT4gICAgICAgICAgICAgICAgPHVsIGNsYXNzPSJjY20taW50ZWxsaWdlbnQtc2VhcmNoLXJlc3VsdHMtbGlzdCI+ICAgICAgICAgICAgICAgICAgICAgICAgICAgICAgICAgICAgICAgICAgICAgICAgICAgIDxsaT48YSBocmVmPSJodHRwOi8vdmFuaWxsYS5oaXZlLXRlbXBsYXRlLmxvY2FsLmZlMS5zdGcuaGFydmVzdGRwLmFuY2hvci5uZXQuYXUvaW5kZXgucGhwL2Rhc2hib2FyZC9zeXN0ZW0iPlZpZXcgQWxsPC9hPjxzcGFuPlN5c3RlbSAmIFNldHRpbmdzIGRhc2hib2FyZCwgY29uZmlndXJhdGlvbjwvc3Bhbj48L2xpPiAgICAgICAgICAgICAgICAgICAgICAgICAgICAgICAgICAgICAgICA8bGk+PGEgaHJlZj0iaHR0cDovL3ZhbmlsbGEuaGl2ZS10ZW1wbGF0ZS5sb2NhbC5mZTEuc3RnLmhhcnZlc3RkcC5hbmNob3IubmV0LmF1L2luZGV4LnBocC9kYXNoYm9hcmQvc3lzdGVtL2Jhc2ljcyI+QmFzaWNzPC9hPjxzcGFuPkJhc2ljcyA8L3NwYW4+PC9saT4gICAgICAgICAgICAgICAgICAgICAgICAgICAgICAgICAgICAgICAgPGxpPjxhIGhyZWY9Imh0dHA6Ly92YW5pbGxhLmhpdmUtdGVtcGxhdGUubG9jYWwuZmUxLnN0Zy5oYXJ2ZXN0ZHAuYW5jaG9yLm5ldC5hdS9pbmRleC5waHAvZGFzaGJvYXJkL3N5c3RlbS9iYXNpY3MvbmFtZSI+U2l0ZSBOYW1lPC9hPjxzcGFuPlNpdGUgTmFtZSB3ZWJzaXRlIG5hbWUsIHRpdGxlPC9zcGFuPjwvbGk+ICAgICAgICAgICAgICAgICAgICAgICAgICAgICAgICAgICAgICAgIDxsaT48YSBocmVmPSJodHRwOi8vdmFuaWxsYS5oaXZlLXRlbXBsYXRlLmxvY2FsLmZlMS5zdGcuaGFydmVzdGRwLmFuY2hvci5uZXQuYXUvaW5kZXgucGhwL2Rhc2hib2FyZC9zeXN0ZW0vYmFzaWNzL2FjY2Vzc2liaWxpdHkiPkFjY2Vzc2liaWxpdHk8L2E+PHNwYW4+QWNjZXNzaWJpbGl0eSBhY2Nlc3NpYmlsaXR5LCBlYXN5IG1vZGU8L3NwYW4+PC9saT4gICAgICAgICAgICAgICAgICAgICAgICAgICAgICAgICAgICAgICAgPGxpPjxhIGhyZWY9Imh0dHA6Ly92YW5pbGxhLmhpdmUtdGVtcGxhdGUubG9jYWwuZmUxLnN0Zy5oYXJ2ZXN0ZHAuYW5jaG9yLm5ldC5hdS9pbmRleC5waHAvZGFzaGJvYXJkL3N5c3RlbS9iYXNpY3Mvc29jaWFsIj5Tb2NpYWwgTGlua3M8L2E+PHNwYW4+U29jaWFsIExpbmtzIHNoYXJpbmcsIGZhY2Vib29rLCB0d2l0dGVyPC9zcGFuPjwvbGk+ICAgICAgICAgICAgICAgICAgICAgICAgICAgICAgICAgICAgICAgIDxsaT48YSBocmVmPSJodHRwOi8vdmFuaWxsYS5oaXZlLXRlbXBsYXRlLmxvY2FsLmZlMS5zdGcuaGFydmVzdGRwLmFuY2hvci5uZXQuYXUvaW5kZXgucGhwL2Rhc2hib2FyZC9zeXN0ZW0vYmFzaWNzL2ljb25zIj5Cb29rbWFyayBJY29uczwvYT48c3Bhbj5Cb29rbWFyayBJY29ucyBsb2dvLCBmYXZpY29uLCBpcGhvbmUsIGljb24sIGJvb2ttYXJrPC9zcGFuPjwvbGk+ICAgICAgICAgICAgICAgICAgICAgICAgICAgICAgICAgICAgICAgIDxsaT48YSBocmVmPSJodHRwOi8vdmFuaWxsYS5oaXZlLXRlbXBsYXRlLmxvY2FsLmZlMS5zdGcuaGFydmVzdGRwLmFuY2hvci5uZXQuYXUvaW5kZXgucGhwL2Rhc2hib2FyZC9zeXN0ZW0vYmFzaWNzL2VkaXRvciI+UmljaCBUZXh0IEVkaXRvcjwvYT48c3Bhbj5SaWNoIFRleHQgRWRpdG9yIHRpbnltY2UsIGNvbnRlbnQgYmxvY2ssIGZvbnRzLCBlZGl0b3IsIGNvbnRlbnQsIG92ZXJsYXk8L3NwYW4+PC9saT4gICAgICAgICAgICAgICAgICAgICAgICAgICAgICAgICAgICAgICAgPGxpPjxhIGhyZWY9Imh0dHA6Ly92YW5pbGxhLmhpdmUtdGVtcGxhdGUubG9jYWwuZmUxLnN0Zy5oYXJ2ZXN0ZHAuYW5jaG9yLm5ldC5hdS9pbmRleC5waHAvZGFzaGJvYXJkL3N5c3RlbS9iYXNpY3MvbXVsdGlsaW5ndWFsIj5MYW5ndWFnZXM8L2E+PHNwYW4+TGFuZ3VhZ2VzIHRyYW5zbGF0ZSwgdHJhbnNsYXRpb24sIGludGVybmF0aW9uYWxpemF0aW9uLCBtdWx0aWxpbmd1YWw8L3NwYW4+PC9saT4gICAgICAgICAgICAgICAgICAgICAgICAgICAgICAgICAgICAgICAgPGxpPjxhIGhyZWY9Imh0dHA6Ly92YW5pbGxhLmhpdmUtdGVtcGxhdGUubG9jYWwuZmUxLnN0Zy5oYXJ2ZXN0ZHAuYW5jaG9yLm5ldC5hdS9pbmRleC5waHAvZGFzaGJvYXJkL3N5c3RlbS9iYXNpY3MvdGltZXpvbmUiPlRpbWUgWm9uZTwvYT48c3Bhbj5UaW1lIFpvbmUgdGltZXpvbmUsIHByb2ZpbGUsIGxvY2FsZTwvc3Bhbj48L2xpPiAgICAgICAgICAgICAgICAgICAgICAgICAgICAgICAgICAgICAgICA8bGk+PGEgaHJlZj0iaHR0cDovL3ZhbmlsbGEuaGl2ZS10ZW1wbGF0ZS5sb2NhbC5mZTEuc3RnLmhhcnZlc3RkcC5hbmNob3IubmV0LmF1L2luZGV4LnBocC9kYXNoYm9hcmQvc3lzdGVtL2Jhc2ljcy9hcGkiPkFQSSBrZXlzPC9hPjxzcGFuPkFQSSBrZXlzIDwvc3Bhbj48L2xpPiAgICAgICAgICAgICAgICAgICAgICAgICAgICAgICAgICAgICAgICA8bGk+PGEgaHJlZj0iaHR0cDovL3ZhbmlsbGEuaGl2ZS10ZW1wbGF0ZS5sb2NhbC5mZTEuc3RnLmhhcnZlc3RkcC5hbmNob3IubmV0LmF1L2luZGV4LnBocC9kYXNoYm9hcmQvc3lzdGVtL211bHRpbGluZ3VhbCI+TXVsdGlsaW5ndWFsPC9hPjxzcGFuPk11bHRpbGluZ3VhbCBtdWx0aWxpbmd1YWwsIGxvY2FsaXphdGlvbiwgaW50ZXJuYXRpb25hbGl6YXRpb24sIGkxOG48L3NwYW4+PC9saT4gICAgICAgICAgICAgICAgICAgICAgICAgICAgICAgICAgICAgICAgPGxpPjxhIGhyZWY9Imh0dHA6Ly92YW5pbGxhLmhpdmUtdGVtcGxhdGUubG9jYWwuZmUxLnN0Zy5oYXJ2ZXN0ZHAuYW5jaG9yLm5ldC5hdS9pbmRleC5waHAvZGFzaGJvYXJkL3N5c3RlbS9tdWx0aWxpbmd1YWwvc2V0dXAiPk11bHRpbGluZ3VhbCBTZXR1cDwvYT48c3Bhbj5NdWx0aWxpbmd1YWwgU2V0dXAgPC9zcGFuPjwvbGk+ICAgICAgICAgICAgICAgICAgICAgICAgICAgICAgICAgICAgICAgIDxsaT48YSBocmVmPSJodHRwOi8vdmFuaWxsYS5oaXZlLXRlbXBsYXRlLmxvY2FsLmZlMS5zdGcuaGFydmVzdGRwLmFuY2hvci5uZXQuYXUvaW5kZXgucGhwL2Rhc2hib2FyZC9zeXN0ZW0vbXVsdGlsaW5ndWFsL3BhZ2VfcmVwb3J0Ij5QYWdlIFJlcG9ydDwvYT48c3Bhbj5QYWdlIFJlcG9ydCA8L3NwYW4+PC9saT4gICAgICAgICAgICAgICAgICAgICAgICAgICAgICAgICAgICAgICAgPGxpPjxhIGhyZWY9Imh0dHA6Ly92YW5pbGxhLmhpdmUtdGVtcGxhdGUubG9jYWwuZmUxLnN0Zy5oYXJ2ZXN0ZHAuYW5jaG9yLm5ldC5hdS9pbmRleC5waHAvZGFzaGJvYXJkL3N5c3RlbS9tdWx0aWxpbmd1YWwvdHJhbnNsYXRlX2ludGVyZmFjZSI+VHJhbnNsYXRlIFNpdGUgSW50ZXJmYWNlPC9hPjxzcGFuPlRyYW5zbGF0ZSBTaXRlIEludGVyZmFjZSA8L3NwYW4+PC9saT4gICAgICAgICAgICAgICAgICAgICAgICAgICAgICAgICAgICAgICAgPGxpPjxhIGhyZWY9Imh0dHA6Ly92YW5pbGxhLmhpdmUtdGVtcGxhdGUubG9jYWwuZmUxLnN0Zy5oYXJ2ZXN0ZHAuYW5jaG9yLm5ldC5hdS9pbmRleC5waHAvZGFzaGJvYXJkL3N5c3RlbS9tdWx0aWxpbmd1YWwvY29weSI+Q29weSBMYW5ndWFnZXM8L2E+PHNwYW4+Q29weSBMYW5ndWFnZXMgPC9zcGFuPjwvbGk+ICAgICAgICAgICAgICAgICAgICAgICAgICAgICAgICAgICAgICAgIDxsaT48YSBocmVmPSJodHRwOi8vdmFuaWxsYS5oaXZlLXRlbXBsYXRlLmxvY2FsLmZlMS5zdGcuaGFydmVzdGRwLmFuY2hvci5uZXQuYXUvaW5kZXgucGhwL2Rhc2hib2FyZC9zeXN0ZW0vc2VvIj5TRU8gJiBTdGF0aXN0aWNzPC9hPjxzcGFuPlNFTyAmIFN0YXRpc3RpY3MgPC9zcGFuPjwvbGk+ICAgICAgICAgICAgICAgICAgICAgICAgICAgICAgICAgICAgICAgIDxsaT48YSBocmVmPSJodHRwOi8vdmFuaWxsYS5oaXZlLXRlbXBsYXRlLmxvY2FsLmZlMS5zdGcuaGFydmVzdGRwLmFuY2hvci5uZXQuYXUvaW5kZXgucGhwL2Rhc2hib2FyZC9zeXN0ZW0vc2VvL3VybHMiPlVSTHMgYW5kIFJlZGlyZWN0aW9uPC9hPjxzcGFuPlVSTHMgYW5kIFJlZGlyZWN0aW9uIHZhbml0eSwgcHJldHR5IHVybCwgc2VvLCBwYWdldmlldywgdmlldzwvc3Bhbj48L2xpPiAgICAgICAgICAgICAgICAgICAgICAgICAgICAgICAgICAgICAgICA8bGk+PGEgaHJlZj0iaHR0cDovL3ZhbmlsbGEuaGl2ZS10ZW1wbGF0ZS5sb2NhbC5mZTEuc3RnLmhhcnZlc3RkcC5hbmNob3IubmV0LmF1L2luZGV4LnBocC9kYXNoYm9hcmQvc3lzdGVtL3Nlby9idWxrIj5CdWxrIFNFTyBVcGRhdGVyPC9hPjxzcGFuPkJ1bGsgU0VPIFVwZGF0ZXIgYnVsaywgc2VvLCBjaGFuZ2Uga2V5d29yZHMsIGVuZ2luZSwgb3B0aW1pemF0aW9uLCBzZWFyY2g8L3NwYW4+PC9saT4gICAgICAgICAgICAgICAgICAgICAgICAgICAgICAgICAgICAgICAgPGxpPjxhIGhyZWY9Imh0dHA6Ly92YW5pbGxhLmhpdmUtdGVtcGxhdGUubG9jYWwuZmUxLnN0Zy5oYXJ2ZXN0ZHAuYW5jaG9yLm5ldC5hdS9pbmRleC5waHAvZGFzaGJvYXJkL3N5c3RlbS9zZW8vY29kZXMiPlRyYWNraW5nIENvZGVzPC9hPjxzcGFuPlRyYWNraW5nIENvZGVzIHRyYWZmaWMsIHN0YXRpc3RpY3MsIGdvb2dsZSBhbmFseXRpY3MsIHF1YW50LCBwYWdldmlld3MsIGhpdHM8L3NwYW4+PC9saT4gICAgICAgICAgICAgICAgICAgICAgICAgICAgICAgICAgICAgICAgPGxpPjxhIGhyZWY9Imh0dHA6Ly92YW5pbGxhLmhpdmUtdGVtcGxhdGUubG9jYWwuZmUxLnN0Zy5oYXJ2ZXN0ZHAuYW5jaG9yLm5ldC5hdS9pbmRleC5waHAvZGFzaGJvYXJkL3N5c3RlbS9zZW8vZXhjbHVkZWQiPkV4Y2x1ZGVkIFVSTCBXb3JkIExpc3Q8L2E+PHNwYW4+RXhjbHVkZWQgVVJMIFdvcmQgTGlzdCBwcmV0dHksIHNsdWc8L3NwYW4+PC9saT4gICAgICAgICAgICAgICAgICAgICAgICAgICAgICAgICAgICAgICAgPGxpPjxhIGhyZWY9Imh0dHA6Ly92YW5pbGxhLmhpdmUtdGVtcGxhdGUubG9jYWwuZmUxLnN0Zy5oYXJ2ZXN0ZHAuYW5jaG9yLm5ldC5hdS9pbmRleC5waHAvZGFzaGJvYXJkL3N5c3RlbS9zZW8vc2VhcmNoaW5kZXgiPlNlYXJjaCBJbmRleDwvYT48c3Bhbj5TZWFyY2ggSW5kZXggY29uZmlndXJlIHNlYXJjaCwgc2l0ZSBzZWFyY2gsIHNlYXJjaCBvcHRpb248L3NwYW4+PC9saT4gICAgICAgICAgICAgICAgICAgICAgICAgICAgICAgICAgICAgICAgPGxpPjxhIGhyZWY9Imh0dHA6Ly92YW5pbGxhLmhpdmUtdGVtcGxhdGUubG9jYWwuZmUxLnN0Zy5oYXJ2ZXN0ZHAuYW5jaG9yLm5ldC5hdS9pbmRleC5waHAvZGFzaGJvYXJkL3N5c3RlbS9maWxlcyI+RmlsZXM8L2E+PHNwYW4+RmlsZXMgPC9zcGFuPjwvbGk+ICAgICAgICAgICAgICAgICAgICAgICAgICAgICAgICAgICAgICAgIDxsaT48YSBocmVmPSJodHRwOi8vdmFuaWxsYS5oaXZlLXRlbXBsYXRlLmxvY2FsLmZlMS5zdGcuaGFydmVzdGRwLmFuY2hvci5uZXQuYXUvaW5kZXgucGhwL2Rhc2hib2FyZC9zeXN0ZW0vZmlsZXMvcGVybWlzc2lvbnMiPkZpbGUgTWFuYWdlciBQZXJtaXNzaW9uczwvYT48c3Bhbj5GaWxlIE1hbmFnZXIgUGVybWlzc2lvbnMgZmlsZSBvcHRpb25zLCBmaWxlIG1hbmFnZXIsIHVwbG9hZCwgbW9kaWZ5PC9zcGFuPjwvbGk+ICAgICAgICAgICAgICAgICAgICAgICAgICAgICAgICAgICAgICAgIDxsaT48YSBocmVmPSJodHRwOi8vdmFuaWxsYS5oaXZlLXRlbXBsYXRlLmxvY2FsLmZlMS5zdGcuaGFydmVzdGRwLmFuY2hvci5uZXQuYXUvaW5kZXgucGhwL2Rhc2hib2FyZC9zeXN0ZW0vZmlsZXMvZmlsZXR5cGVzIj5BbGxvd2VkIEZpbGUgVHlwZXM8L2E+PHNwYW4+QWxsb3dlZCBGaWxlIFR5cGVzIHNlY3VyaXR5LCBmaWxlcywgbWVkaWEsIGV4dGVuc2lvbiwgbWFuYWdlciwgdXBsb2FkPC9zcGFuPjwvbGk+ICAgICAgICAgICAgICAgICAgICAgICAgICAgICAgICAgICAgICAgIDxsaT48YSBocmVmPSJodHRwOi8vdmFuaWxsYS5oaXZlLXRlbXBsYXRlLmxvY2FsLmZlMS5zdGcuaGFydmVzdGRwLmFuY2hvci5uZXQuYXUvaW5kZXgucGhwL2Rhc2hib2FyZC9zeXN0ZW0vZmlsZXMvdGh1bWJuYWlscyI+VGh1bWJuYWlsczwvYT48c3Bhbj5UaHVtYm5haWxzIGltYWdlcywgcGljdHVyZSwgcmVzcG9uc2l2ZSwgcmV0aW5hPC9zcGFuPjwvbGk+ICAgICAgICAgICAgICAgICAgICAgICAgICAgICAgICAgICAgICAgIDxsaT48YSBocmVmPSJodHRwOi8vdmFuaWxsYS5oaXZlLXRlbXBsYXRlLmxvY2FsLmZlMS5zdGcuaGFydmVzdGRwLmFuY2hvci5uZXQuYXUvaW5kZXgucGhwL2Rhc2hib2FyZC9zeXN0ZW0vZmlsZXMvc3RvcmFnZSI+RmlsZSBTdG9yYWdlIExvY2F0aW9uczwvYT48c3Bhbj5GaWxlIFN0b3JhZ2UgTG9jYXRpb25zIHNlY3VyaXR5LCBhbHRlcm5hdGUgc3RvcmFnZSwgaGlkZSBmaWxlczwvc3Bhbj48L2xpPiAgICAgICAgICAgICAgICAgICAgICAgICAgICAgICAgICAgICAgICA8bGk+PGEgaHJlZj0iaHR0cDovL3ZhbmlsbGEuaGl2ZS10ZW1wbGF0ZS5sb2NhbC5mZTEuc3RnLmhhcnZlc3RkcC5hbmNob3IubmV0LmF1L2luZGV4LnBocC9kYXNoYm9hcmQvc3lzdGVtL2ZpbGVzL2ltYWdlX3VwbG9hZGluZyI+SW1hZ2UgVXBsb2FkaW5nPC9hPjxzcGFuPkltYWdlIFVwbG9hZGluZyA8L3NwYW4+PC9saT4gICAgICAgICAgICAgICAgICAgICAgICAgICAgICAgICAgICAgICAgPGxpPjxhIGhyZWY9Imh0dHA6Ly92YW5pbGxhLmhpdmUtdGVtcGxhdGUubG9jYWwuZmUxLnN0Zy5oYXJ2ZXN0ZHAuYW5jaG9yLm5ldC5hdS9pbmRleC5waHAvZGFzaGJvYXJkL3N5c3RlbS9vcHRpbWl6YXRpb24iPk9wdGltaXphdGlvbjwvYT48c3Bhbj5PcHRpbWl6YXRpb24gPC9zcGFuPjwvbGk+ICAgICAgICAgICAgICAgICAgICAgICAgICAgICAgICAgICAgICAgIDxsaT48YSBocmVmPSJodHRwOi8vdmFuaWxsYS5oaXZlLXRlbXBsYXRlLmxvY2FsLmZlMS5zdGcuaGFydmVzdGRwLmFuY2hvci5uZXQuYXUvaW5kZXgucGhwL2Rhc2hib2FyZC9zeXN0ZW0vb3B0aW1pemF0aW9uL2NhY2hlIj5DYWNoZSAmIFNwZWVkIFNldHRpbmdzPC9hPjxzcGFuPkNhY2hlICYgU3BlZWQgU2V0dGluZ3MgY2FjaGUgb3B0aW9uLCBjaGFuZ2UgY2FjaGUsIG92ZXJyaWRlLCB0dXJuIG9uIGNhY2hlLCB0dXJuIG9mZiBjYWNoZSwgbm8gY2FjaGUsIHBhZ2UgY2FjaGUsIGNhY2hpbmc8L3NwYW4+PC9saT4gICAgICAgICAgICAgICAgICAgICAgICAgICAgICAgICAgICAgICAgPGxpPjxhIGhyZWY9Imh0dHA6Ly92YW5pbGxhLmhpdmUtdGVtcGxhdGUubG9jYWwuZmUxLnN0Zy5oYXJ2ZXN0ZHAuYW5jaG9yLm5ldC5hdS9pbmRleC5waHAvZGFzaGJvYXJkL3N5c3RlbS9vcHRpbWl6YXRpb24vY2xlYXJjYWNoZSI+Q2xlYXIgQ2FjaGU8L2E+PHNwYW4+Q2xlYXIgQ2FjaGUgY2FjaGUgb3B0aW9uLCB0dXJuIG9mZiBjYWNoZSwgbm8gY2FjaGUsIHBhZ2UgY2FjaGUsIGNhY2hpbmc8L3NwYW4+PC9saT4gICAgICAgICAgICAgICAgICAgICAgICAgICAgICAgICAgICAgICAgPGxpPjxhIGhyZWY9Imh0dHA6Ly92YW5pbGxhLmhpdmUtdGVtcGxhdGUubG9jYWwuZmUxLnN0Zy5oYXJ2ZXN0ZHAuYW5jaG9yLm5ldC5hdS9pbmRleC5waHAvZGFzaGJvYXJkL3N5c3RlbS9vcHRpbWl6YXRpb24vam9icyI+QXV0b21hdGVkIEpvYnM8L2E+PHNwYW4+QXV0b21hdGVkIEpvYnMgaW5kZXggc2VhcmNoLCByZWluZGV4IHNlYXJjaCwgYnVpbGQgc2l0ZW1hcCwgc2l0ZW1hcC54bWwsIGNsZWFyIG9sZCB2ZXJzaW9ucywgcGFnZSB2ZXJzaW9ucywgcmVtb3ZlIG9sZDwvc3Bhbj48L2xpPiAgICAgICAgICAgICAgICAgICAgICAgICAgICAgICAgICAgICAgICA8bGk+PGEgaHJlZj0iaHR0cDovL3ZhbmlsbGEuaGl2ZS10ZW1wbGF0ZS5sb2NhbC5mZTEuc3RnLmhhcnZlc3RkcC5hbmNob3IubmV0LmF1L2luZGV4LnBocC9kYXNoYm9hcmQvc3lzdGVtL29wdGltaXphdGlvbi9xdWVyeV9sb2ciPkRhdGFiYXNlIFF1ZXJ5IExvZzwvYT48c3Bhbj5EYXRhYmFzZSBRdWVyeSBMb2cgcXVlcmllcywgZGF0YWJhc2UsIG15c3FsPC9zcGFuPjwvbGk+ICAgICAgICAgICAgICAgICAgICAgICAgICAgICAgICAgICAgICAgIDxsaT48YSBocmVmPSJodHRwOi8vdmFuaWxsYS5oaXZlLXRlbXBsYXRlLmxvY2FsLmZlMS5zdGcuaGFydmVzdGRwLmFuY2hvci5uZXQuYXUvaW5kZXgucGhwL2Rhc2hib2FyZC9zeXN0ZW0vcGVybWlzc2lvbnMiPlBlcm1pc3Npb25zICYgQWNjZXNzPC9hPjxzcGFuPlBlcm1pc3Npb25zICYgQWNjZXNzIDwvc3Bhbj48L2xpPiAgICAgICAgICAgICAgICAgICAgICAgICAgICAgICAgICAgICAgICA8bGk+PGEgaHJlZj0iaHR0cDovL3ZhbmlsbGEuaGl2ZS10ZW1wbGF0ZS5sb2NhbC5mZTEuc3RnLmhhcnZlc3RkcC5hbmNob3IubmV0LmF1L2luZGV4LnBocC9kYXNoYm9hcmQvc3lzdGVtL3Blcm1pc3Npb25zL3NpdGUiPlNpdGUgQWNjZXNzPC9hPjxzcGFuPlNpdGUgQWNjZXNzIGVkaXRvcnMsIGhpZGUgc2l0ZSwgb2ZmbGluZSwgcHJpdmF0ZSwgcHVibGljLCBhY2Nlc3M8L3NwYW4+PC9saT4gICAgICAgICAgICAgICAgICAgICAgICAgICAgICAgICAgICAgICAgPGxpPjxhIGhyZWY9Imh0dHA6Ly92YW5pbGxhLmhpdmUtdGVtcGxhdGUubG9jYWwuZmUxLnN0Zy5oYXJ2ZXN0ZHAuYW5jaG9yLm5ldC5hdS9pbmRleC5waHAvZGFzaGJvYXJkL3N5c3RlbS9wZXJtaXNzaW9ucy90YXNrcyI+VGFzayBQZXJtaXNzaW9uczwvYT48c3Bhbj5UYXNrIFBlcm1pc3Npb25zIHNlY3VyaXR5LCBhY3Rpb25zLCBhZG1pbmlzdHJhdG9yLCBhZG1pbiwgcGFja2FnZSwgbWFya2V0cGxhY2UsIHNlYXJjaDwvc3Bhbj48L2xpPiAgICAgICAgICAgICAgICAgICAgICAgICAgICAgICAgICAgICAgICA8bGk+PGEgaHJlZj0iaHR0cDovL3ZhbmlsbGEuaGl2ZS10ZW1wbGF0ZS5sb2NhbC5mZTEuc3RnLmhhcnZlc3RkcC5hbmNob3IubmV0LmF1L2luZGV4LnBocC9kYXNoYm9hcmQvc3lzdGVtL3Blcm1pc3Npb25zL3VzZXJzIj5Vc2VyIFBlcm1pc3Npb25zPC9hPjxzcGFuPlVzZXIgUGVybWlzc2lvbnMgPC9zcGFuPjwvbGk+ICAgICAgICAgICAgICAgICAgICAgICAgICAgICAgICAgICAgICAgIDxsaT48YSBocmVmPSJodHRwOi8vdmFuaWxsYS5oaXZlLXRlbXBsYXRlLmxvY2FsLmZlMS5zdGcuaGFydmVzdGRwLmFuY2hvci5uZXQuYXUvaW5kZXgucGhwL2Rhc2hib2FyZC9zeXN0ZW0vcGVybWlzc2lvbnMvYWR2YW5jZWQiPkFkdmFuY2VkIFBlcm1pc3Npb25zPC9hPjxzcGFuPkFkdmFuY2VkIFBlcm1pc3Npb25zIDwvc3Bhbj48L2xpPiAgICAgICAgICAgICAgICAgICAgICAgICAgICAgICAgICAgICAgICA8bGk+PGEgaHJlZj0iaHR0cDovL3ZhbmlsbGEuaGl2ZS10ZW1wbGF0ZS5sb2NhbC5mZTEuc3RnLmhhcnZlc3RkcC5hbmNob3IubmV0LmF1L2luZGV4LnBocC9kYXNoYm9hcmQvc3lzdGVtL3Blcm1pc3Npb25zL2JsYWNrbGlzdCI+SVAgQmxhY2tsaXN0PC9hPjxzcGFuPklQIEJsYWNrbGlzdCBzZWN1cml0eSwgbG9jayBpcCwgbG9jayBvdXQsIGJsb2NrIGlwLCBhZGRyZXNzLCByZXN0cmljdCwgYWNjZXNzPC9zcGFuPjwvbGk+ICAgICAgICAgICAgICAgICAgICAgICAgICAgICAgICAgICAgICAgIDxsaT48YSBocmVmPSJodHRwOi8vdmFuaWxsYS5oaXZlLXRlbXBsYXRlLmxvY2FsLmZlMS5zdGcuaGFydmVzdGRwLmFuY2hvci5uZXQuYXUvaW5kZXgucGhwL2Rhc2hib2FyZC9zeXN0ZW0vcGVybWlzc2lvbnMvY2FwdGNoYSI+Q2FwdGNoYSBTZXR1cDwvYT48c3Bhbj5DYXB0Y2hhIFNldHVwIHNlY3VyaXR5LCByZWdpc3RyYXRpb248L3NwYW4+PC9saT4gICAgICAgICAgICAgICAgICAgICAgICAgICAgICAgICAgICAgICAgPGxpPjxhIGhyZWY9Imh0dHA6Ly92YW5pbGxhLmhpdmUtdGVtcGxhdGUubG9jYWwuZmUxLnN0Zy5oYXJ2ZXN0ZHAuYW5jaG9yLm5ldC5hdS9pbmRleC5waHAvZGFzaGJvYXJkL3N5c3RlbS9wZXJtaXNzaW9ucy9hbnRpc3BhbSI+U3BhbSBDb250cm9sPC9hPjxzcGFuPlNwYW0gQ29udHJvbCBhbnRpc3BhbSwgYmxvY2sgc3BhbSwgc2VjdXJpdHk8L3NwYW4+PC9saT4gICAgICAgICAgICAgICAgICAgICAgICAgICAgICAgICAgICAgICAgPGxpPjxhIGhyZWY9Imh0dHA6Ly92YW5pbGxhLmhpdmUtdGVtcGxhdGUubG9jYWwuZmUxLnN0Zy5oYXJ2ZXN0ZHAuYW5jaG9yLm5ldC5hdS9pbmRleC5waHAvZGFzaGJvYXJkL3N5c3RlbS9wZXJtaXNzaW9ucy9tYWludGVuYW5jZSI+TWFpbnRlbmFuY2UgTW9kZTwvYT48c3Bhbj5NYWludGVuYW5jZSBNb2RlIGxvY2sgc2l0ZSwgdW5kZXIgY29uc3RydWN0aW9uLCBoaWRlLCBoaWRkZW48L3NwYW4+PC9saT4gICAgICAgICAgICAgICAgICAgICAgICAgICAgICAgICAgICAgICAgPGxpPjxhIGhyZWY9Imh0dHA6Ly92YW5pbGxhLmhpdmUtdGVtcGxhdGUubG9jYWwuZmUxLnN0Zy5oYXJ2ZXN0ZHAuYW5jaG9yLm5ldC5hdS9pbmRleC5waHAvZGFzaGJvYXJkL3N5c3RlbS9yZWdpc3RyYXRpb24iPkxvZ2luICYgUmVnaXN0cmF0aW9uPC9hPjxzcGFuPkxvZ2luICYgUmVnaXN0cmF0aW9uIDwvc3Bhbj48L2xpPiAgICAgICAgICAgICAgICAgICAgICAgICAgICAgICAgICAgICAgICA8bGk+PGEgaHJlZj0iaHR0cDovL3ZhbmlsbGEuaGl2ZS10ZW1wbGF0ZS5sb2NhbC5mZTEuc3RnLmhhcnZlc3RkcC5hbmNob3IubmV0LmF1L2luZGV4LnBocC9kYXNoYm9hcmQvc3lzdGVtL3JlZ2lzdHJhdGlvbi9wb3N0bG9naW4iPkxvZ2luIERlc3RpbmF0aW9uPC9hPjxzcGFuPkxvZ2luIERlc3RpbmF0aW9uIHByb2ZpbGUsIGxvZ2luLCByZWRpcmVjdCwgc3BlY2lmaWMsIGRhc2hib2FyZCwgYWRtaW5pc3RyYXRvcnM8L3NwYW4+PC9saT4gICAgICAgICAgICAgICAgICAgICAgICAgICAgICAgICAgICAgICAgPGxpPjxhIGhyZWY9Imh0dHA6Ly92YW5pbGxhLmhpdmUtdGVtcGxhdGUubG9jYWwuZmUxLnN0Zy5oYXJ2ZXN0ZHAuYW5jaG9yLm5ldC5hdS9pbmRleC5waHAvZGFzaGJvYXJkL3N5c3RlbS9yZWdpc3RyYXRpb24vcHJvZmlsZXMiPlB1YmxpYyBQcm9maWxlczwvYT48c3Bhbj5QdWJsaWMgUHJvZmlsZXMgbWVtYmVyIHByb2ZpbGUsIG1lbWJlciBwYWdlLCBjb21tdW5pdHksIGZvcnVtcywgc29jaWFsLCBhdmF0YXI8L3NwYW4+PC9saT4gICAgICAgICAgICAgICAgICAgICAgICAgICAgICAgICAgICAgICAgPGxpPjxhIGhyZWY9Imh0dHA6Ly92YW5pbGxhLmhpdmUtdGVtcGxhdGUubG9jYWwuZmUxLnN0Zy5oYXJ2ZXN0ZHAuYW5jaG9yLm5ldC5hdS9pbmRleC5waHAvZGFzaGJvYXJkL3N5c3RlbS9yZWdpc3RyYXRpb24vb3BlbiI+UHVibGljIFJlZ2lzdHJhdGlvbjwvYT48c3Bhbj5QdWJsaWMgUmVnaXN0cmF0aW9uIHNpZ251cCwgbmV3IHVzZXIsIGNvbW11bml0eSwgcHVibGljIHJlZ2lzdHJhdGlvbiwgcHVibGljLCByZWdpc3RyYXRpb248L3NwYW4+PC9saT4gICAgICAgICAgICAgICAgICAgICAgICAgICAgICAgICAgICAgICAgPGxpPjxhIGhyZWY9Imh0dHA6Ly92YW5pbGxhLmhpdmUtdGVtcGxhdGUubG9jYWwuZmUxLnN0Zy5oYXJ2ZXN0ZHAuYW5jaG9yLm5ldC5hdS9pbmRleC5waHAvZGFzaGJvYXJkL3N5c3RlbS9yZWdpc3RyYXRpb24vYXV0aGVudGljYXRpb24iPkF1dGhlbnRpY2F0aW9uIFR5cGVzPC9hPjxzcGFuPkF1dGhlbnRpY2F0aW9uIFR5cGVzIGF1dGgsIGF1dGhlbnRpY2F0aW9uLCB0eXBlcywgb2F1dGgsIGZhY2Vib29rLCBsb2dpbiwgcmVnaXN0cmF0aW9uPC9zcGFuPjwvbGk+ICAgICAgICAgICAgICAgICAgICAgICAgICAgICAgICAgICAgICAgIDxsaT48YSBocmVmPSJodHRwOi8vdmFuaWxsYS5oaXZlLXRlbXBsYXRlLmxvY2FsLmZlMS5zdGcuaGFydmVzdGRwLmFuY2hvci5uZXQuYXUvaW5kZXgucGhwL2Rhc2hib2FyZC9zeXN0ZW0vbWFpbCI+RW1haWw8L2E+PHNwYW4+RW1haWwgc210cCwgbWFpbCBzZXR0aW5nczwvc3Bhbj48L2xpPiAgICAgICAgICAgICAgICAgICAgICAgICAgICAgICAgICAgICAgICA8bGk+PGEgaHJlZj0iaHR0cDovL3ZhbmlsbGEuaGl2ZS10ZW1wbGF0ZS5sb2NhbC5mZTEuc3RnLmhhcnZlc3RkcC5hbmNob3IubmV0LmF1L2luZGV4LnBocC9kYXNoYm9hcmQvc3lzdGVtL21haWwvbWV0aG9kIj5TTVRQIE1ldGhvZDwvYT48c3Bhbj5TTVRQIE1ldGhvZCBlbWFpbCBzZXJ2ZXIsIG1haWwgc2V0dGluZ3MsIG1haWwgY29uZmlndXJhdGlvbiwgZXh0ZXJuYWwsIGludGVybmFsPC9zcGFuPjwvbGk+ICAgICAgICAgICAgICAgICAgICAgICAgICAgICAgICAgICAgICAgIDxsaT48YSBocmVmPSJodHRwOi8vdmFuaWxsYS5oaXZlLXRlbXBsYXRlLmxvY2FsLmZlMS5zdGcuaGFydmVzdGRwLmFuY2hvci5uZXQuYXUvaW5kZXgucGhwL2Rhc2hib2FyZC9zeXN0ZW0vbWFpbC9tZXRob2QvdGVzdCI+VGVzdCBNYWlsIFNldHRpbmdzPC9hPjxzcGFuPlRlc3QgTWFpbCBTZXR0aW5ncyB0ZXN0IHNtdHAsIHRlc3QgbWFpbDwvc3Bhbj48L2xpPiAgICAgICAgICAgICAgICAgICAgICAgICAgICAgICAgICAgICAgICA8bGk+PGEgaHJlZj0iaHR0cDovL3ZhbmlsbGEuaGl2ZS10ZW1wbGF0ZS5sb2NhbC5mZTEuc3RnLmhhcnZlc3RkcC5hbmNob3IubmV0LmF1L2luZGV4LnBocC9kYXNoYm9hcmQvc3lzdGVtL21haWwvaW1wb3J0ZXJzIj5FbWFpbCBJbXBvcnRlcnM8L2E+PHNwYW4+RW1haWwgSW1wb3J0ZXJzIGVtYWlsIHNlcnZlciwgbWFpbCBzZXR0aW5ncywgbWFpbCBjb25maWd1cmF0aW9uLCBwcml2YXRlIG1lc3NhZ2UsIG1lc3NhZ2Ugc3lzdGVtLCBpbXBvcnQsIGVtYWlsLCBtZXNzYWdlPC9zcGFuPjwvbGk+ICAgICAgICAgICAgICAgICAgICAgICAgICAgICAgICAgICAgICAgIDxsaT48YSBocmVmPSJodHRwOi8vdmFuaWxsYS5oaXZlLXRlbXBsYXRlLmxvY2FsLmZlMS5zdGcuaGFydmVzdGRwLmFuY2hvci5uZXQuYXUvaW5kZXgucGhwL2Rhc2hib2FyZC9zeXN0ZW0vY29udmVyc2F0aW9ucyI+Q29udmVyc2F0aW9uczwvYT48c3Bhbj5Db252ZXJzYXRpb25zIGNvbnZlcnNhdGlvbnM8L3NwYW4+PC9saT4gICAgICAgICAgICAgICAgICAgICAgICAgICAgICAgICAgICAgICAgPGxpPjxhIGhyZWY9Imh0dHA6Ly92YW5pbGxhLmhpdmUtdGVtcGxhdGUubG9jYWwuZmUxLnN0Zy5oYXJ2ZXN0ZHAuYW5jaG9yLm5ldC5hdS9pbmRleC5waHAvZGFzaGJvYXJkL3N5c3RlbS9jb252ZXJzYXRpb25zL3NldHRpbmdzIj5TZXR0aW5nczwvYT48c3Bhbj5TZXR0aW5ncyBjb252ZXJzYXRpb25zPC9zcGFuPjwvbGk+ICAgICAgICAgICAgICAgICAgICAgICAgICAgICAgICAgICAgICAgIDxsaT48YSBocmVmPSJodHRwOi8vdmFuaWxsYS5oaXZlLXRlbXBsYXRlLmxvY2FsLmZlMS5zdGcuaGFydmVzdGRwLmFuY2hvci5uZXQuYXUvaW5kZXgucGhwL2Rhc2hib2FyZC9zeXN0ZW0vY29udmVyc2F0aW9ucy9wb2ludHMiPkNvbW11bml0eSBQb2ludHM8L2E+PHNwYW4+Q29tbXVuaXR5IFBvaW50cyBjb252ZXJzYXRpb25zIHJhdGluZ3MsIHJhdGluZ3MsIGNvbW11bml0eSwgY29tbXVuaXR5IHBvaW50czwvc3Bhbj48L2xpPiAgICAgICAgICAgICAgICAgICAgICAgICAgICAgICAgICAgICAgICA8bGk+PGEgaHJlZj0iaHR0cDovL3ZhbmlsbGEuaGl2ZS10ZW1wbGF0ZS5sb2NhbC5mZTEuc3RnLmhhcnZlc3RkcC5hbmNob3IubmV0LmF1L2luZGV4LnBocC9kYXNoYm9hcmQvc3lzdGVtL2NvbnZlcnNhdGlvbnMvYmFubmVkd29yZHMiPkJhbm5lZCBXb3JkczwvYT48c3Bhbj5CYW5uZWQgV29yZHMgY29udmVyc2F0aW9ucyBiYWQgd29yZHMsIGJhbm5lZCB3b3JkcywgYmFubmVkLCBiYWQgd29yZHMsIGJhZCwgd29yZHMsIGxpc3Q8L3NwYW4+PC9saT4gICAgICAgICAgICAgICAgICAgICAgICAgICAgICAgICAgICAgICAgPGxpPjxhIGhyZWY9Imh0dHA6Ly92YW5pbGxhLmhpdmUtdGVtcGxhdGUubG9jYWwuZmUxLnN0Zy5oYXJ2ZXN0ZHAuYW5jaG9yLm5ldC5hdS9pbmRleC5waHAvZGFzaGJvYXJkL3N5c3RlbS9jb252ZXJzYXRpb25zL3Blcm1pc3Npb25zIj5Db252ZXJzYXRpb24gUGVybWlzc2lvbnM8L2E+PHNwYW4+Q29udmVyc2F0aW9uIFBlcm1pc3Npb25zIDwvc3Bhbj48L2xpPiAgICAgICAgICAgICAgICAgICAgICAgICAgICAgICAgICAgICAgICA8bGk+PGEgaHJlZj0iaHR0cDovL3ZhbmlsbGEuaGl2ZS10ZW1wbGF0ZS5sb2NhbC5mZTEuc3RnLmhhcnZlc3RkcC5hbmNob3IubmV0LmF1L2luZGV4LnBocC9kYXNoYm9hcmQvc3lzdGVtL2F0dHJpYnV0ZXMiPkF0dHJpYnV0ZXM8L2E+PHNwYW4+QXR0cmlidXRlcyBhdHRyaWJ1dGUgY29uZmlndXJhdGlvbjwvc3Bhbj48L2xpPiAgICAgICAgICAgICAgICAgICAgICAgICAgICAgICAgICAgICAgICA8bGk+PGEgaHJlZj0iaHR0cDovL3ZhbmlsbGEuaGl2ZS10ZW1wbGF0ZS5sb2NhbC5mZTEuc3RnLmhhcnZlc3RkcC5hbmNob3IubmV0LmF1L2luZGV4LnBocC9kYXNoYm9hcmQvc3lzdGVtL2F0dHJpYnV0ZXMvc2V0cyI+U2V0czwvYT48c3Bhbj5TZXRzIGF0dHJpYnV0ZXMsIHNldHM8L3NwYW4+PC9saT4gICAgICAgICAgICAgICAgICAgICAgICAgICAgICAgICAgICAgICAgPGxpPjxhIGhyZWY9Imh0dHA6Ly92YW5pbGxhLmhpdmUtdGVtcGxhdGUubG9jYWwuZmUxLnN0Zy5oYXJ2ZXN0ZHAuYW5jaG9yLm5ldC5hdS9pbmRleC5waHAvZGFzaGJvYXJkL3N5c3RlbS9hdHRyaWJ1dGVzL3R5cGVzIj5UeXBlczwvYT48c3Bhbj5UeXBlcyBhdHRyaWJ1dGVzLCB0eXBlczwvc3Bhbj48L2xpPiAgICAgICAgICAgICAgICAgICAgICAgICAgICAgICAgICAgICAgICA8bGk+PGEgaHJlZj0iaHR0cDovL3ZhbmlsbGEuaGl2ZS10ZW1wbGF0ZS5sb2NhbC5mZTEuc3RnLmhhcnZlc3RkcC5hbmNob3IubmV0LmF1L2luZGV4LnBocC9kYXNoYm9hcmQvc3lzdGVtL2F0dHJpYnV0ZXMvdG9waWNzIj5Ub3BpY3M8L2E+PHNwYW4+VG9waWNzIHRvcGljcywgdGFncywgdGF4b25vbXk8L3NwYW4+PC9saT4gICAgICAgICAgICAgICAgICAgICAgICAgICAgICAgICAgICAgICAgPGxpPjxhIGhyZWY9Imh0dHA6Ly92YW5pbGxhLmhpdmUtdGVtcGxhdGUubG9jYWwuZmUxLnN0Zy5oYXJ2ZXN0ZHAuYW5jaG9yLm5ldC5hdS9pbmRleC5waHAvZGFzaGJvYXJkL3N5c3RlbS9hdHRyaWJ1dGVzL3RvcGljcy9hZGQiPkFkZCBUb3BpYyBUcmVlPC9hPjxzcGFuPkFkZCBUb3BpYyBUcmVlIDwvc3Bhbj48L2xpPiAgICAgICAgICAgICAgICAgICAgICAgICAgICAgICAgICAgICAgICA8bGk+PGEgaHJlZj0iaHR0cDovL3ZhbmlsbGEuaGl2ZS10ZW1wbGF0ZS5sb2NhbC5mZTEuc3RnLmhhcnZlc3RkcC5hbmNob3IubmV0LmF1L2luZGV4LnBocC9kYXNoYm9hcmQvc3lzdGVtL2Vudmlyb25tZW50L2luZm8iPkVudmlyb25tZW50IEluZm9ybWF0aW9uPC9hPjxzcGFuPkVudmlyb25tZW50IEluZm9ybWF0aW9uIG92ZXJyaWRlcywgc3lzdGVtIGluZm8sIGRlYnVnLCBzdXBwb3J0LCBoZWxwPC9zcGFuPjwvbGk+ICAgICAgICAgICAgICAgICAgICAgICAgICAgICAgICAgICAgICAgIDxsaT48YSBocmVmPSJodHRwOi8vdmFuaWxsYS5oaXZlLXRlbXBsYXRlLmxvY2FsLmZlMS5zdGcuaGFydmVzdGRwLmFuY2hvci5uZXQuYXUvaW5kZXgucGhwL2Rhc2hib2FyZC9zeXN0ZW0vZW52aXJvbm1lbnQvZGVidWciPkRlYnVnIFNldHRpbmdzPC9hPjxzcGFuPkRlYnVnIFNldHRpbmdzIGVycm9ycywgZXhjZXB0aW9ucywgZGV2ZWxvcCwgc3VwcG9ydCwgaGVscDwvc3Bhbj48L2xpPiAgICAgICAgICAgICAgICAgICAgICAgICAgICAgICAgICAgICAgICA8bGk+PGEgaHJlZj0iaHR0cDovL3ZhbmlsbGEuaGl2ZS10ZW1wbGF0ZS5sb2NhbC5mZTEuc3RnLmhhcnZlc3RkcC5hbmNob3IubmV0LmF1L2luZGV4LnBocC9kYXNoYm9hcmQvc3lzdGVtL2Vudmlyb25tZW50L2xvZ2dpbmciPkxvZ2dpbmcgU2V0dGluZ3M8L2E+PHNwYW4+TG9nZ2luZyBTZXR0aW5ncyBlbWFpbCwgbG9nZ2luZywgbG9ncywgc210cCwgcG9wLCBlcnJvcnMsIG15c3FsLCBsb2c8L3NwYW4+PC9saT4gICAgICAgICAgICAgICAgICAgICAgICAgICAgICAgICAgICAgICAgPGxpPjxhIGhyZWY9Imh0dHA6Ly92YW5pbGxhLmhpdmUtdGVtcGxhdGUubG9jYWwuZmUxLnN0Zy5oYXJ2ZXN0ZHAuYW5jaG9yLm5ldC5hdS9pbmRleC5waHAvZGFzaGJvYXJkL3N5c3RlbS9lbnZpcm9ubWVudC9wcm94eSI+UHJveHkgU2VydmVyPC9hPjxzcGFuPlByb3h5IFNlcnZlciBuZXR3b3JrLCBwcm94eSBzZXJ2ZXI8L3NwYW4+PC9saT4gICAgICAgICAgICAgICAgICAgICAgICAgICAgICAgICAgICAgICAgPGxpPjxhIGhyZWY9Imh0dHA6Ly92YW5pbGxhLmhpdmUtdGVtcGxhdGUubG9jYWwuZmUxLnN0Zy5oYXJ2ZXN0ZHAuYW5jaG9yLm5ldC5hdS9pbmRleC5waHAvZGFzaGJvYXJkL3N5c3RlbS9lbnZpcm9ubWVudC9lbnRpdGllcyI+RGF0YWJhc2UgRW50aXRpZXM8L2E+PHNwYW4+RGF0YWJhc2UgRW50aXRpZXMgZGF0YWJhc2UsIGVudGl0aWVzLCBkb2N0cmluZSwgb3JtPC9zcGFuPjwvbGk+ICAgICAgICAgICAgICAgICAgICAgICAgICAgICAgICAgICAgICAgIDxsaT48YSBocmVmPSJodHRwOi8vdmFuaWxsYS5oaXZlLXRlbXBsYXRlLmxvY2FsLmZlMS5zdGcuaGFydmVzdGRwLmFuY2hvci5uZXQuYXUvaW5kZXgucGhwL2Rhc2hib2FyZC9zeXN0ZW0vYmFja3VwIj5CYWNrdXAgJiBSZXN0b3JlPC9hPjxzcGFuPkJhY2t1cCAmIFJlc3RvcmUgZXhwb3J0LCBiYWNrdXAsIGRhdGFiYXNlLCBzcWwsIG15c3FsLCBlbmNyeXB0aW9uLCByZXN0b3JlPC9zcGFuPjwvbGk+ICAgICAgICAgICAgICAgICAgICAgICAgICAgICAgICAgICAgICAgIDxsaT48YSBocmVmPSJodHRwOi8vdmFuaWxsYS5oaXZlLXRlbXBsYXRlLmxvY2FsLmZlMS5zdGcuaGFydmVzdGRwLmFuY2hvci5uZXQuYXUvaW5kZXgucGhwL2Rhc2hib2FyZC9zeXN0ZW0vYmFja3VwL2JhY2t1cCI+QmFja3VwIERhdGFiYXNlPC9hPjxzcGFuPkJhY2t1cCBEYXRhYmFzZSA8L3NwYW4+PC9saT4gICAgICAgICAgICAgICAgICAgICAgICAgICAgICAgICAgICAgICAgPGxpPjxhIGhyZWY9Imh0dHA6Ly92YW5pbGxhLmhpdmUtdGVtcGxhdGUubG9jYWwuZmUxLnN0Zy5oYXJ2ZXN0ZHAuYW5jaG9yLm5ldC5hdS9pbmRleC5waHAvZGFzaGJvYXJkL3N5c3RlbS9iYWNrdXAvdXBkYXRlIj5VcGRhdGUgY29uY3JldGU1PC9hPjxzcGFuPlVwZGF0ZSBjb25jcmV0ZTUgdXBncmFkZSwgbmV3IHZlcnNpb24sIHVwZGF0ZTwvc3Bhbj48L2xpPiAgICAgICAgICAgICAgICAgICAgICAgICAgICAgICAgICAgICAgICA8bGk+PGEgaHJlZj0iaHR0cDovL3ZhbmlsbGEuaGl2ZS10ZW1wbGF0ZS5sb2NhbC5mZTEuc3RnLmhhcnZlc3RkcC5hbmNob3IubmV0LmF1L2luZGV4LnBocC9kYXNoYm9hcmQvc3lzdGVtL21vZGVyYXRpb24iPk1vZGVyYXRpb248L2E+PHNwYW4+TW9kZXJhdGlvbiA8L3NwYW4+PC9saT4gICAgICAgICAgICAgICAgICAgICAgICAgICAgICAgICAgICAgICAgPGxpPjxhIGhyZWY9Imh0dHA6Ly92YW5pbGxhLmhpdmUtdGVtcGxhdGUubG9jYWwuZmUxLnN0Zy5oYXJ2ZXN0ZHAuYW5jaG9yLm5ldC5hdS9pbmRleC5waHAvZGFzaGJvYXJkL3N5c3RlbS9tb2RlcmF0aW9uL3JlYXNvbiI+UmVhc29uPC9hPjxzcGFuPlJlYXNvbiA8L3NwYW4+PC9saT4gICAgICAgICAgICAgICAgICAgICAgICAgICAgICAgICAgICAgICAgPGxpPjxhIGhyZWY9Imh0dHA6Ly92YW5pbGxhLmhpdmUtdGVtcGxhdGUubG9jYWwuZmUxLnN0Zy5oYXJ2ZXN0ZHAuYW5jaG9yLm5ldC5hdS9pbmRleC5waHAvZGFzaGJvYXJkL3N5c3RlbS9tb2RlcmF0aW9uL3Blcm1pc3Npb25zIj5Nb2RlcmF0aW9uIFBlcm1pc3Npb25zPC9hPjxzcGFuPk1vZGVyYXRpb24gUGVybWlzc2lvbnMgPC9zcGFuPjwvbGk+ICAgICAgICAgICAgICAgICAgICAgICAgICAgICAgICAgICAgICAgIDxsaT48YSBocmVmPSJodHRwOi8vdmFuaWxsYS5oaXZlLXRlbXBsYXRlLmxvY2FsLmZlMS5zdGcuaGFydmVzdGRwLmFuY2hvci5uZXQuYXUvaW5kZXgucGhwL2Rhc2hib2FyZC9zeXN0ZW0vbW9kZXJhdGlvbi9zZXR0aW5ncyI+U2V0dGluZ3M8L2E+PHNwYW4+U2V0dGluZ3MgPC9zcGFuPjwvbGk+ICAgICAgICAgICAgICAgICAgICAgICAgICAgICAgICAgICAgPC91bD4gICAgICAgICAgICAgICAgPC9kaXY+ICAgICAgICAgICAgICAgICAgICAgICAgICAgICAgICA8ZGl2IGNsYXNzPSJjY20taW50ZWxsaWdlbnQtc2VhcmNoLXJlc3VsdHMtbW9kdWxlIGNjbS1pbnRlbGxpZ2VudC1zZWFyY2gtcmVzdWx0cy1tb2R1bGUtb25zaXRlIj4gICAgICAgICAgICAgICAgPGgxPkhpdmUgU2V0dGluZ3M8L2gxPiAgICAgICAgICAgICAgICA8dWwgY2xhc3M9ImNjbS1pbnRlbGxpZ2VudC1zZWFyY2gtcmVzdWx0cy1saXN0Ij4gICAgICAgICAgICAgICAgICAgICAgICAgICAgICAgICAgICAgICAgICAgICAgICAgICAgPGxpPjxhIGhyZWY9Imh0dHA6Ly92YW5pbGxhLmhpdmUtdGVtcGxhdGUubG9jYWwuZmUxLnN0Zy5oYXJ2ZXN0ZHAuYW5jaG9yLm5ldC5hdS9pbmRleC5waHAvZGFzaGJvYXJkL3NldHRpbmdzL3NpdGUiPlNpdGU8L2E+PHNwYW4+SGl2ZSBTZXR0aW5ncyAgU2l0ZSA8L3NwYW4+PC9saT4gICAgICAgICAgICAgICAgICAgICAgICAgICAgICAgICAgICAgICAgPGxpPjxhIGhyZWY9Imh0dHA6Ly92YW5pbGxhLmhpdmUtdGVtcGxhdGUubG9jYWwuZmUxLnN0Zy5oYXJ2ZXN0ZHAuYW5jaG9yLm5ldC5hdS9pbmRleC5waHAvZGFzaGJvYXJkL3NldHRpbmdzL3VzZXJzIj5Vc2VyczwvYT48c3Bhbj5IaXZlIFNldHRpbmdzICBVc2VycyA8L3NwYW4+PC9saT4gICAgICAgICAgICAgICAgICAgICAgICAgICAgICAgICAgICAgICAgPGxpPjxhIGhyZWY9Imh0dHA6Ly92YW5pbGxhLmhpdmUtdGVtcGxhdGUubG9jYWwuZmUxLnN0Zy5oYXJ2ZXN0ZHAuYW5jaG9yLm5ldC5hdS9pbmRleC5waHAvZGFzaGJvYXJkL3NldHRpbmdzL21vZGVyYXRpb24iPk1vZGVyYXRpb248L2E+PHNwYW4+SGl2ZSBTZXR0aW5ncyAgTW9kZXJhdGlvbiA8L3NwYW4+PC9saT4gICAgICAgICAgICAgICAgICAgICAgICAgICAgICAgICAgICAgICAgPGxpPjxhIGhyZWY9Imh0dHA6Ly92YW5pbGxhLmhpdmUtdGVtcGxhdGUubG9jYWwuZmUxLnN0Zy5oYXJ2ZXN0ZHAuYW5jaG9yLm5ldC5hdS9pbmRleC5waHAvZGFzaGJvYXJkL3NldHRpbmdzL2VtYWlsIj5FbWFpbDwvYT48c3Bhbj5IaXZlIFNldHRpbmdzICBFbWFpbCA8L3NwYW4+PC9saT4gICAgICAgICAgICAgICAgICAgICAgICAgICAgICAgICAgICAgICAgPGxpPjxhIGhyZWY9Imh0dHA6Ly92YW5pbGxhLmhpdmUtdGVtcGxhdGUubG9jYWwuZmUxLnN0Zy5oYXJ2ZXN0ZHAuYW5jaG9yLm5ldC5hdS9pbmRleC5waHAvZGFzaGJvYXJkL3NldHRpbmdzL3Byb2plY3RzIj5Qcm9qZWN0czwvYT48c3Bhbj5IaXZlIFNldHRpbmdzICBQcm9qZWN0cyA8L3NwYW4+PC9saT4gICAgICAgICAgICAgICAgICAgICAgICAgICAgICAgICAgICA8L3VsPiAgICAgICAgICAgICAgICA8L2Rpdj4gICAgICAgICAgICAgICAgICAgICAgICAgICAgPGRpdiBjbGFzcz0iY2NtLWludGVsbGlnZW50LXNlYXJjaC1yZXN1bHRzLW1vZHVsZSBjY20taW50ZWxsaWdlbnQtc2VhcmNoLXJlc3VsdHMtbW9kdWxlLW9uc2l0ZSI+ICAgICAgICAgICAgPGgxPkRhc2hib2FyZCBIb21lPC9oMT4gICAgICAgICAgICA8dWwgY2xhc3M9ImNjbS1pbnRlbGxpZ2VudC1zZWFyY2gtcmVzdWx0cy1saXN0Ij4gICAgICAgICAgICAgICAgPGxpPjxhIGhyZWY9Imh0dHA6Ly92YW5pbGxhLmhpdmUtdGVtcGxhdGUubG9jYWwuZmUxLnN0Zy5oYXJ2ZXN0ZHAuYW5jaG9yLm5ldC5hdS9pbmRleC5waHAvZGFzaGJvYXJkL2hvbWUiPkN1c3RvbWl6ZSA8c3Bhbj5DdXN0b21pemUgRGFzaGJvYXJkIEhvbWU8L3NwYW4+PC9hPjwvbGk+ICAgICAgICAgICAgPC91bD4gICAgICAgICAgICA8L2Rpdj4gICAgICAgICAgICAgICAgICAgICAgICA8ZGl2IGNsYXNzPSJjY20taW50ZWxsaWdlbnQtc2VhcmNoLXJlc3VsdHMtbW9kdWxlIj4gICAgICAgICAgICA8aDE+WW91ciBTaXRlPC9oMT4gICAgICAgICAgICA8ZGl2IGNsYXNzPSJsb2FkZXIiPiAgICAgICAgICAgICAgICA8ZGl2IGNsYXNzPSJkb3QgZG90MSI+PC9kaXY+ICAgICAgICAgICAgICAgIDxkaXYgY2xhc3M9ImRvdCBkb3QyIj48L2Rpdj4gICAgICAgICAgICAgICAgPGRpdiBjbGFzcz0iZG90IGRvdDMiPjwvZGl2PiAgICAgICAgICAgICAgICA8ZGl2IGNsYXNzPSJkb3QgZG90NCI+PC9kaXY+ICAgICAgICAgICAgPC9kaXY+ICAgICAgICAgICAgPHVsIGNsYXNzPSJjY20taW50ZWxsaWdlbnQtc2VhcmNoLXJlc3VsdHMtbGlzdCIgaWQ9ImNjbS1pbnRlbGxpZ2VudC1zZWFyY2gtcmVzdWx0cy1saXN0LXlvdXItc2l0ZSI+ICAgICAgICAgICAgPC91bD4gICAgICAgICAgICA8L2Rpdj4gICAgICAgICAgICAgICAgICAgICAgICAgICAgICAgIDwvZGl2PiAgICAgICAgIjt9czoxODoiQ0xJRU5UX1JFTU9URV9BRERSIjtzOjE1OiIyMDMuMjA2LjE0Mi4yMzIiO3M6MjI6IkNMSUVOVF9IVFRQX1VTRVJfQUdFTlQiO3M6MTE1OiJNb3ppbGxhLzUuMCAoV2luZG93cyBOVCAxMC4wOyBXaW42NDsgeDY0KSBBcHBsZVdlYktpdC81MzcuMzYgKEtIVE1MLCBsaWtlIEdlY2tvKSBDaHJvbWUvNjUuMC4zMzI1LjE4MSBTYWZhcmkvNTM3LjM2IjtzOjEyOiJ1T25saW5lQ2hlY2siO2k6MTUyMjk3MDMxMjt9X3NmMl9mbGFzaGVzfGE6MDp7fV9zZjJfbWV0YXxhOjM6e3M6MToidSI7aToxNTIyOTcwMzEyO3M6MToiYyI7aToxNTIyOTcwMjk3O3M6MToibCI7czo0OiI3MjAwIjt9',1522970312),('s88dcnscgfakkcv6p8h30chqc5','X3NmMl9hdHRyaWJ1dGVzfGE6MTY6e3M6MjE6ImFjY2Vzc0VudGl0aWVzVXBkYXRlZCI7aToxNTE2MTQwMzI5O3M6NDoicmNJRCI7czoxOiIyIjtzOjc6InVHcm91cHMiO2E6Mzp7aToyO3M6MToiMiI7aToxMjtzOjI6IjEyIjtpOjE7czoxOiIxIjt9czozOiJ1SUQiO3M6MToiMSI7czo1OiJ1TmFtZSI7czo1OiJhZG1pbiI7czoxNDoidUJsb2NrVHlwZXNTZXQiO2I6MDtzOjExOiJ1TGFzdE9ubGluZSI7aToxNTE2MTQwNTk1O3M6OToidVRpbWV6b25lIjtOO3M6MTY6InVEZWZhdWx0TGFuZ3VhZ2UiO047czoxOToidUxhc3RQYXNzd29yZENoYW5nZSI7czoxOToiMjAxNS0wMy0xMyAwNToxMDoyMCI7czoxNDoiZGFzaGJvYXJkTWVudXMiO2E6MTp7czo1OiJlbl9VUyI7czozODMzNToiICAgICAgICAgICAgPGRpdiBpZD0iY2NtLWludGVsbGlnZW50LXNlYXJjaC1yZXN1bHRzIj4gICAgICAgICAgICAgICAgICAgICAgICAgICAgPGRpdiBjbGFzcz0iY2NtLWludGVsbGlnZW50LXNlYXJjaC1yZXN1bHRzLW1vZHVsZSBjY20taW50ZWxsaWdlbnQtc2VhcmNoLXJlc3VsdHMtbW9kdWxlLW9uc2l0ZSI+ICAgICAgICAgICAgICAgIDxoMT5Xb3JrZmxvdzwvaDE+ICAgICAgICAgICAgICAgIDx1bCBjbGFzcz0iY2NtLWludGVsbGlnZW50LXNlYXJjaC1yZXN1bHRzLWxpc3QiPiAgICAgICAgICAgICAgICAgICAgICAgICAgICAgICAgICAgICAgICAgICAgICAgICAgICA8bGk+PGEgaHJlZj0iaHR0cDovL3ZhbmlsbGEuaGl2ZS10ZW1wbGF0ZS5sb2NhbC5mZTEuc3RnLmhhcnZlc3RkcC5hbmNob3IubmV0LmF1L2luZGV4LnBocC9kYXNoYm9hcmQvd29ya2Zsb3cvd29ya2Zsb3dzIj5Xb3JrZmxvdyBMaXN0PC9hPjxzcGFuPldvcmtmbG93IGFkZCB3b3JrZmxvdywgcmVtb3ZlIHdvcmtmbG93IFdvcmtmbG93IExpc3QgPC9zcGFuPjwvbGk+ICAgICAgICAgICAgICAgICAgICAgICAgICAgICAgICAgICAgICAgIDxsaT48YSBocmVmPSJodHRwOi8vdmFuaWxsYS5oaXZlLXRlbXBsYXRlLmxvY2FsLmZlMS5zdGcuaGFydmVzdGRwLmFuY2hvci5uZXQuYXUvaW5kZXgucGhwL2Rhc2hib2FyZC93b3JrZmxvdy9tZSI+V2FpdGluZyBmb3IgTWU8L2E+PHNwYW4+V29ya2Zsb3cgYWRkIHdvcmtmbG93LCByZW1vdmUgd29ya2Zsb3cgV2FpdGluZyBmb3IgTWUgPC9zcGFuPjwvbGk+ICAgICAgICAgICAgICAgICAgICAgICAgICAgICAgICAgICAgPC91bD4gICAgICAgICAgICAgICAgPC9kaXY+ICAgICAgICAgICAgICAgICAgICAgICAgICAgICAgICA8ZGl2IGNsYXNzPSJjY20taW50ZWxsaWdlbnQtc2VhcmNoLXJlc3VsdHMtbW9kdWxlIGNjbS1pbnRlbGxpZ2VudC1zZWFyY2gtcmVzdWx0cy1tb2R1bGUtb25zaXRlIj4gICAgICAgICAgICAgICAgPGgxPk1vZGVyYXRpb248L2gxPiAgICAgICAgICAgICAgICA8dWwgY2xhc3M9ImNjbS1pbnRlbGxpZ2VudC1zZWFyY2gtcmVzdWx0cy1saXN0Ij4gICAgICAgICAgICAgICAgICAgICAgICAgICAgICAgICAgICA8bGk+PGEgaHJlZj0iaHR0cDovL3ZhbmlsbGEuaGl2ZS10ZW1wbGF0ZS5sb2NhbC5mZTEuc3RnLmhhcnZlc3RkcC5hbmNob3IubmV0LmF1L2luZGV4LnBocC9kYXNoYm9hcmQvbW9kZXJhdGlvbiI+TW9kZXJhdGlvbjwvYT48c3Bhbj5Nb2RlcmF0aW9uIDwvc3Bhbj48L2xpPiAgICAgICAgICAgICAgICAgICAgICAgICAgICAgICAgICAgICAgICAgICAgICAgICAgICA8L3VsPiAgICAgICAgICAgICAgICA8L2Rpdj4gICAgICAgICAgICAgICAgICAgICAgICAgICAgICAgIDxkaXYgY2xhc3M9ImNjbS1pbnRlbGxpZ2VudC1zZWFyY2gtcmVzdWx0cy1tb2R1bGUgY2NtLWludGVsbGlnZW50LXNlYXJjaC1yZXN1bHRzLW1vZHVsZS1vbnNpdGUiPiAgICAgICAgICAgICAgICA8aDE+UHJvamVjdHM8L2gxPiAgICAgICAgICAgICAgICA8dWwgY2xhc3M9ImNjbS1pbnRlbGxpZ2VudC1zZWFyY2gtcmVzdWx0cy1saXN0Ij4gICAgICAgICAgICAgICAgICAgICAgICAgICAgICAgICAgICAgICAgICAgICAgICAgICAgPGxpPjxhIGhyZWY9Imh0dHA6Ly92YW5pbGxhLmhpdmUtdGVtcGxhdGUubG9jYWwuZmUxLnN0Zy5oYXJ2ZXN0ZHAuYW5jaG9yLm5ldC5hdS9pbmRleC5waHAvZGFzaGJvYXJkL3Byb2plY3RzL2xhdW5jaCI+TGF1bmNoIE5ldyBQcm9qZWN0PC9hPjxzcGFuPlByb2plY3RzICBMYXVuY2ggTmV3IFByb2plY3QgPC9zcGFuPjwvbGk+ICAgICAgICAgICAgICAgICAgICAgICAgICAgICAgICAgICAgICAgIDxsaT48YSBocmVmPSJodHRwOi8vdmFuaWxsYS5oaXZlLXRlbXBsYXRlLmxvY2FsLmZlMS5zdGcuaGFydmVzdGRwLmFuY2hvci5uZXQuYXUvaW5kZXgucGhwL2Rhc2hib2FyZC9wcm9qZWN0cy9zZXR0aW5ncyI+UHJvamVjdCBTZXR0aW5nczwvYT48c3Bhbj5Qcm9qZWN0cyAgUHJvamVjdCBTZXR0aW5ncyA8L3NwYW4+PC9saT4gICAgICAgICAgICAgICAgICAgICAgICAgICAgICAgICAgICA8L3VsPiAgICAgICAgICAgICAgICA8L2Rpdj4gICAgICAgICAgICAgICAgICAgICAgICAgICAgICAgIDxkaXYgY2xhc3M9ImNjbS1pbnRlbGxpZ2VudC1zZWFyY2gtcmVzdWx0cy1tb2R1bGUgY2NtLWludGVsbGlnZW50LXNlYXJjaC1yZXN1bHRzLW1vZHVsZS1vbnNpdGUiPiAgICAgICAgICAgICAgICA8aDE+UmVwb3J0czwvaDE+ICAgICAgICAgICAgICAgIDx1bCBjbGFzcz0iY2NtLWludGVsbGlnZW50LXNlYXJjaC1yZXN1bHRzLWxpc3QiPiAgICAgICAgICAgICAgICAgICAgICAgICAgICAgICAgICAgICAgICAgICAgICAgICAgICA8bGk+PGEgaHJlZj0iaHR0cDovL3ZhbmlsbGEuaGl2ZS10ZW1wbGF0ZS5sb2NhbC5mZTEuc3RnLmhhcnZlc3RkcC5hbmNob3IubmV0LmF1L2luZGV4LnBocC9kYXNoYm9hcmQvcmVwb3J0cy9jb252ZXJzYXRpb25zIj5Db252ZXJzYXRpb25zPC9hPjxzcGFuPlJlcG9ydHMgIENvbnZlcnNhdGlvbnMgY29udmVyc2F0aW9uLCBkaXNjdXNzaW9uLCBmb3J1bSwgZ3Vlc3Rib29rPC9zcGFuPjwvbGk+ICAgICAgICAgICAgICAgICAgICAgICAgICAgICAgICAgICAgICAgIDxsaT48YSBocmVmPSJodHRwOi8vdmFuaWxsYS5oaXZlLXRlbXBsYXRlLmxvY2FsLmZlMS5zdGcuaGFydmVzdGRwLmFuY2hvci5uZXQuYXUvaW5kZXgucGhwL2Rhc2hib2FyZC9yZXBvcnRzL2Zvcm1zIj5Gb3JtczwvYT48c3Bhbj5SZXBvcnRzICBGb3JtcyBmb3JtcywgcXVlc3Rpb25zLCByZXNwb25zZSwgZGF0YTwvc3Bhbj48L2xpPiAgICAgICAgICAgICAgICAgICAgICAgICAgICAgICAgICAgICAgICA8bGk+PGEgaHJlZj0iaHR0cDovL3ZhbmlsbGEuaGl2ZS10ZW1wbGF0ZS5sb2NhbC5mZTEuc3RnLmhhcnZlc3RkcC5hbmNob3IubmV0LmF1L2luZGV4LnBocC9kYXNoYm9hcmQvcmVwb3J0cy9zdXJ2ZXlzIj5Qb2xsczwvYT48c3Bhbj5SZXBvcnRzICBQb2xscyBxdWVzdGlvbnMsIHF1aXosIHJlc3BvbnNlPC9zcGFuPjwvbGk+ICAgICAgICAgICAgICAgICAgICAgICAgICAgICAgICAgICAgICAgIDxsaT48YSBocmVmPSJodHRwOi8vdmFuaWxsYS5oaXZlLXRlbXBsYXRlLmxvY2FsLmZlMS5zdGcuaGFydmVzdGRwLmFuY2hvci5uZXQuYXUvaW5kZXgucGhwL2Rhc2hib2FyZC9yZXBvcnRzL3N1YnNjcmlwdGlvbnMiPlN1YnNjcmlwdGlvbnM8L2E+PHNwYW4+UmVwb3J0cyAgU3Vic2NyaXB0aW9ucyA8L3NwYW4+PC9saT4gICAgICAgICAgICAgICAgICAgICAgICAgICAgICAgICAgICAgICAgPGxpPjxhIGhyZWY9Imh0dHA6Ly92YW5pbGxhLmhpdmUtdGVtcGxhdGUubG9jYWwuZmUxLnN0Zy5oYXJ2ZXN0ZHAuYW5jaG9yLm5ldC5hdS9pbmRleC5waHAvZGFzaGJvYXJkL3JlcG9ydHMvc29jaWFsX21hcHMiPlNvY2lhbCBNYXBwaW5nPC9hPjxzcGFuPlJlcG9ydHMgIFNvY2lhbCBNYXBwaW5nIDwvc3Bhbj48L2xpPiAgICAgICAgICAgICAgICAgICAgICAgICAgICAgICAgICAgICAgICA8bGk+PGEgaHJlZj0iaHR0cDovL3ZhbmlsbGEuaGl2ZS10ZW1wbGF0ZS5sb2NhbC5mZTEuc3RnLmhhcnZlc3RkcC5hbmNob3IubmV0LmF1L2luZGV4LnBocC9kYXNoYm9hcmQvcmVwb3J0cy92aXNpb25zIj5WaXNpb25pbmc8L2E+PHNwYW4+UmVwb3J0cyAgVmlzaW9uaW5nIDwvc3Bhbj48L2xpPiAgICAgICAgICAgICAgICAgICAgICAgICAgICAgICAgICAgICAgICA8bGk+PGEgaHJlZj0iaHR0cDovL3ZhbmlsbGEuaGl2ZS10ZW1wbGF0ZS5sb2NhbC5mZTEuc3RnLmhhcnZlc3RkcC5hbmNob3IubmV0LmF1L2luZGV4LnBocC9kYXNoYm9hcmQvcmVwb3J0cy9sb2dzIj5Mb2dzPC9hPjxzcGFuPlJlcG9ydHMgIExvZ3MgZm9ybXMsIGxvZywgZXJyb3IsIGVtYWlsLCBteXNxbCwgZXhjZXB0aW9uLCBzdXJ2ZXksIGhpc3Rvcnk8L3NwYW4+PC9saT4gICAgICAgICAgICAgICAgICAgICAgICAgICAgICAgICAgICAgICAgPGxpPjxhIGhyZWY9Imh0dHA6Ly92YW5pbGxhLmhpdmUtdGVtcGxhdGUubG9jYWwuZmUxLnN0Zy5oYXJ2ZXN0ZHAuYW5jaG9yLm5ldC5hdS9pbmRleC5waHAvZGFzaGJvYXJkL3JlcG9ydHMvb3ZlcnZpZXciPk92ZXJ2aWV3PC9hPjxzcGFuPlJlcG9ydHMgIE92ZXJ2aWV3IDwvc3Bhbj48L2xpPiAgICAgICAgICAgICAgICAgICAgICAgICAgICAgICAgICAgICAgICA8bGk+PGEgaHJlZj0iaHR0cDovL3ZhbmlsbGEuaGl2ZS10ZW1wbGF0ZS5sb2NhbC5mZTEuc3RnLmhhcnZlc3RkcC5hbmNob3IubmV0LmF1L2luZGV4LnBocC9kYXNoYm9hcmQvcmVwb3J0cy9hdWRpZW5jZSI+QXVkaWVuY2U8L2E+PHNwYW4+UmVwb3J0cyAgQXVkaWVuY2UgPC9zcGFuPjwvbGk+ICAgICAgICAgICAgICAgICAgICAgICAgICAgICAgICAgICAgICAgIDxsaT48YSBocmVmPSJodHRwOi8vdmFuaWxsYS5oaXZlLXRlbXBsYXRlLmxvY2FsLmZlMS5zdGcuaGFydmVzdGRwLmFuY2hvci5uZXQuYXUvaW5kZXgucGhwL2Rhc2hib2FyZC9yZXBvcnRzL3Jlc3VsdHMiPlJlc3VsdHM8L2E+PHNwYW4+UmVwb3J0cyAgUmVzdWx0cyA8L3NwYW4+PC9saT4gICAgICAgICAgICAgICAgICAgICAgICAgICAgICAgICAgICAgICAgPGxpPjxhIGhyZWY9Imh0dHA6Ly92YW5pbGxhLmhpdmUtdGVtcGxhdGUubG9jYWwuZmUxLnN0Zy5oYXJ2ZXN0ZHAuYW5jaG9yLm5ldC5hdS9pbmRleC5waHAvZGFzaGJvYXJkL3JlcG9ydHMvYmVoYXZpb3VyIj5CZWhhdmlvdXI8L2E+PHNwYW4+UmVwb3J0cyAgQmVoYXZpb3VyIDwvc3Bhbj48L2xpPiAgICAgICAgICAgICAgICAgICAgICAgICAgICAgICAgICAgICAgICA8bGk+PGEgaHJlZj0iaHR0cDovL3ZhbmlsbGEuaGl2ZS10ZW1wbGF0ZS5sb2NhbC5mZTEuc3RnLmhhcnZlc3RkcC5hbmNob3IubmV0LmF1L2luZGV4LnBocC9kYXNoYm9hcmQvcmVwb3J0cy9hY3F1aXNpdGlvbiI+QWNxdWlzaXRpb248L2E+PHNwYW4+UmVwb3J0cyAgQWNxdWlzaXRpb24gPC9zcGFuPjwvbGk+ICAgICAgICAgICAgICAgICAgICAgICAgICAgICAgICAgICAgPC91bD4gICAgICAgICAgICAgICAgPC9kaXY+ICAgICAgICAgICAgICAgICAgICAgICAgICAgICAgICA8ZGl2IGNsYXNzPSJjY20taW50ZWxsaWdlbnQtc2VhcmNoLXJlc3VsdHMtbW9kdWxlIGNjbS1pbnRlbGxpZ2VudC1zZWFyY2gtcmVzdWx0cy1tb2R1bGUtb25zaXRlIj4gICAgICAgICAgICAgICAgPGgxPkFuYWx5dGljczwvaDE+ICAgICAgICAgICAgICAgIDx1bCBjbGFzcz0iY2NtLWludGVsbGlnZW50LXNlYXJjaC1yZXN1bHRzLWxpc3QiPiAgICAgICAgICAgICAgICAgICAgICAgICAgICAgICAgICAgICAgICAgICAgICAgICAgICA8bGk+PGEgaHJlZj0iaHR0cDovL3ZhbmlsbGEuaGl2ZS10ZW1wbGF0ZS5sb2NhbC5mZTEuc3RnLmhhcnZlc3RkcC5hbmNob3IubmV0LmF1L2luZGV4LnBocC9kYXNoYm9hcmQvYW5hbHl0aWNzL3Nlc3Npb25zIj5TZXNzaW9uczwvYT48c3Bhbj5BbmFseXRpY3MgZm9ybXMsIGxvZywgZXJyb3IsIGVtYWlsLCBteXNxbCwgZXhjZXB0aW9uLCBzdXJ2ZXkgU2Vzc2lvbnMgPC9zcGFuPjwvbGk+ICAgICAgICAgICAgICAgICAgICAgICAgICAgICAgICAgICAgICAgIDxsaT48YSBocmVmPSJodHRwOi8vdmFuaWxsYS5oaXZlLXRlbXBsYXRlLmxvY2FsLmZlMS5zdGcuaGFydmVzdGRwLmFuY2hvci5uZXQuYXUvaW5kZXgucGhwL2Rhc2hib2FyZC9hbmFseXRpY3MvdmlzaXRvcnMiPlZpc2l0b3JzPC9hPjxzcGFuPkFuYWx5dGljcyBmb3JtcywgbG9nLCBlcnJvciwgZW1haWwsIG15c3FsLCBleGNlcHRpb24sIHN1cnZleSBWaXNpdG9ycyA8L3NwYW4+PC9saT4gICAgICAgICAgICAgICAgICAgICAgICAgICAgICAgICAgICA8L3VsPiAgICAgICAgICAgICAgICA8L2Rpdj4gICAgICAgICAgICAgICAgICAgICAgICAgICAgICAgIDxkaXYgY2xhc3M9ImNjbS1pbnRlbGxpZ2VudC1zZWFyY2gtcmVzdWx0cy1tb2R1bGUgY2NtLWludGVsbGlnZW50LXNlYXJjaC1yZXN1bHRzLW1vZHVsZS1vbnNpdGUiPiAgICAgICAgICAgICAgICA8aDE+RmlsZXM8L2gxPiAgICAgICAgICAgICAgICA8dWwgY2xhc3M9ImNjbS1pbnRlbGxpZ2VudC1zZWFyY2gtcmVzdWx0cy1saXN0Ij4gICAgICAgICAgICAgICAgICAgICAgICAgICAgICAgICAgICAgICAgICAgICAgICAgICAgPGxpPjxhIGhyZWY9Imh0dHA6Ly92YW5pbGxhLmhpdmUtdGVtcGxhdGUubG9jYWwuZmUxLnN0Zy5oYXJ2ZXN0ZHAuYW5jaG9yLm5ldC5hdS9pbmRleC5waHAvZGFzaGJvYXJkL2ZpbGVzL3NlYXJjaCI+RmlsZSBNYW5hZ2VyPC9hPjxzcGFuPkZpbGVzICBGaWxlIE1hbmFnZXIgYWRkIGZpbGUsIGRlbGV0ZSBmaWxlLCBjb3B5LCBtb3ZlLCBhbGlhcywgcmVzaXplLCBjcm9wLCByZW5hbWUsIGltYWdlcywgdGl0bGUsIGF0dHJpYnV0ZTwvc3Bhbj48L2xpPiAgICAgICAgICAgICAgICAgICAgICAgICAgICAgICAgICAgICAgICA8bGk+PGEgaHJlZj0iaHR0cDovL3ZhbmlsbGEuaGl2ZS10ZW1wbGF0ZS5sb2NhbC5mZTEuc3RnLmhhcnZlc3RkcC5hbmNob3IubmV0LmF1L2luZGV4LnBocC9kYXNoYm9hcmQvZmlsZXMvYXR0cmlidXRlcyI+QXR0cmlidXRlczwvYT48c3Bhbj5GaWxlcyAgQXR0cmlidXRlcyBmaWxlLCBmaWxlIGF0dHJpYnV0ZXMsIHRpdGxlLCBhdHRyaWJ1dGUsIGRlc2NyaXB0aW9uLCByZW5hbWU8L3NwYW4+PC9saT4gICAgICAgICAgICAgICAgICAgICAgICAgICAgICAgICAgICAgICAgPGxpPjxhIGhyZWY9Imh0dHA6Ly92YW5pbGxhLmhpdmUtdGVtcGxhdGUubG9jYWwuZmUxLnN0Zy5oYXJ2ZXN0ZHAuYW5jaG9yLm5ldC5hdS9pbmRleC5waHAvZGFzaGJvYXJkL2ZpbGVzL3NldHMiPkZpbGUgU2V0czwvYT48c3Bhbj5GaWxlcyAgRmlsZSBTZXRzIGZpbGVzLCBjYXRlZ29yeSwgY2F0ZWdvcmllczwvc3Bhbj48L2xpPiAgICAgICAgICAgICAgICAgICAgICAgICAgICAgICAgICAgICAgICA8bGk+PGEgaHJlZj0iaHR0cDovL3ZhbmlsbGEuaGl2ZS10ZW1wbGF0ZS5sb2NhbC5mZTEuc3RnLmhhcnZlc3RkcC5hbmNob3IubmV0LmF1L2luZGV4LnBocC9kYXNoYm9hcmQvZmlsZXMvYWRkX3NldCI+QWRkIEZpbGUgU2V0PC9hPjxzcGFuPkZpbGVzICBBZGQgRmlsZSBTZXQgbmV3IGZpbGUgc2V0PC9zcGFuPjwvbGk+ICAgICAgICAgICAgICAgICAgICAgICAgICAgICAgICAgICAgPC91bD4gICAgICAgICAgICAgICAgPC9kaXY+ICAgICAgICAgICAgICAgICAgICAgICAgICAgICAgICA8ZGl2IGNsYXNzPSJjY20taW50ZWxsaWdlbnQtc2VhcmNoLXJlc3VsdHMtbW9kdWxlIGNjbS1pbnRlbGxpZ2VudC1zZWFyY2gtcmVzdWx0cy1tb2R1bGUtb25zaXRlIj4gICAgICAgICAgICAgICAgPGgxPk1lbWJlcnM8L2gxPiAgICAgICAgICAgICAgICA8dWwgY2xhc3M9ImNjbS1pbnRlbGxpZ2VudC1zZWFyY2gtcmVzdWx0cy1saXN0Ij4gICAgICAgICAgICAgICAgICAgICAgICAgICAgICAgICAgICAgICAgICAgICAgICAgICAgPGxpPjxhIGhyZWY9Imh0dHA6Ly92YW5pbGxhLmhpdmUtdGVtcGxhdGUubG9jYWwuZmUxLnN0Zy5oYXJ2ZXN0ZHAuYW5jaG9yLm5ldC5hdS9pbmRleC5waHAvZGFzaGJvYXJkL3VzZXJzL2NvbW11bml0eSI+Q29tbXVuaXR5IE1lbWJlcnM8L2E+PHNwYW4+TWVtYmVycyB1c2VycywgZ3JvdXBzLCBwZW9wbGUsIGZpbmQsIGRlbGV0ZSB1c2VyLCByZW1vdmUgdXNlciwgY2hhbmdlIHBhc3N3b3JkLCBwYXNzd29yZCBDb21tdW5pdHkgTWVtYmVycyA8L3NwYW4+PC9saT4gICAgICAgICAgICAgICAgICAgICAgICAgICAgICAgICAgICAgICAgPGxpPjxhIGhyZWY9Imh0dHA6Ly92YW5pbGxhLmhpdmUtdGVtcGxhdGUubG9jYWwuZmUxLnN0Zy5oYXJ2ZXN0ZHAuYW5jaG9yLm5ldC5hdS9pbmRleC5waHAvZGFzaGJvYXJkL3VzZXJzL3NpdGUiPlNpdGUgVXNlcnM8L2E+PHNwYW4+TWVtYmVycyB1c2VycywgZ3JvdXBzLCBwZW9wbGUsIGZpbmQsIGRlbGV0ZSB1c2VyLCByZW1vdmUgdXNlciwgY2hhbmdlIHBhc3N3b3JkLCBwYXNzd29yZCBTaXRlIFVzZXJzIDwvc3Bhbj48L2xpPiAgICAgICAgICAgICAgICAgICAgICAgICAgICAgICAgICAgICAgICA8bGk+PGEgaHJlZj0iaHR0cDovL3ZhbmlsbGEuaGl2ZS10ZW1wbGF0ZS5sb2NhbC5mZTEuc3RnLmhhcnZlc3RkcC5hbmNob3IubmV0LmF1L2luZGV4LnBocC9kYXNoYm9hcmQvdXNlcnMvaW50ZXJuYWwiPkludGVybmFsIFVzZXJzPC9hPjxzcGFuPk1lbWJlcnMgdXNlcnMsIGdyb3VwcywgcGVvcGxlLCBmaW5kLCBkZWxldGUgdXNlciwgcmVtb3ZlIHVzZXIsIGNoYW5nZSBwYXNzd29yZCwgcGFzc3dvcmQgSW50ZXJuYWwgVXNlcnMgPC9zcGFuPjwvbGk+ICAgICAgICAgICAgICAgICAgICAgICAgICAgICAgICAgICAgICAgIDxsaT48YSBocmVmPSJodHRwOi8vdmFuaWxsYS5oaXZlLXRlbXBsYXRlLmxvY2FsLmZlMS5zdGcuaGFydmVzdGRwLmFuY2hvci5uZXQuYXUvaW5kZXgucGhwL2Rhc2hib2FyZC91c2Vycy9zZWFyY2giPkFsbCBVc2VyczwvYT48c3Bhbj5NZW1iZXJzIHVzZXJzLCBncm91cHMsIHBlb3BsZSwgZmluZCwgZGVsZXRlIHVzZXIsIHJlbW92ZSB1c2VyLCBjaGFuZ2UgcGFzc3dvcmQsIHBhc3N3b3JkIEFsbCBVc2VycyBmaW5kLCBzZWFyY2gsIHBlb3BsZSwgZGVsZXRlIHVzZXIsIHJlbW92ZSB1c2VyLCBjaGFuZ2UgcGFzc3dvcmQsIHBhc3N3b3JkPC9zcGFuPjwvbGk+ICAgICAgICAgICAgICAgICAgICAgICAgICAgICAgICAgICAgICAgIDxsaT48YSBocmVmPSJodHRwOi8vdmFuaWxsYS5oaXZlLXRlbXBsYXRlLmxvY2FsLmZlMS5zdGcuaGFydmVzdGRwLmFuY2hvci5uZXQuYXUvaW5kZXgucGhwL2Rhc2hib2FyZC91c2Vycy9ncm91cHMiPlVzZXIgR3JvdXBzPC9hPjxzcGFuPk1lbWJlcnMgdXNlcnMsIGdyb3VwcywgcGVvcGxlLCBmaW5kLCBkZWxldGUgdXNlciwgcmVtb3ZlIHVzZXIsIGNoYW5nZSBwYXNzd29yZCwgcGFzc3dvcmQgVXNlciBHcm91cHMgdXNlciwgZ3JvdXAsIHBlb3BsZSwgcGVybWlzc2lvbnMsIGV4cGlyZSwgYmFkZ2VzPC9zcGFuPjwvbGk+ICAgICAgICAgICAgICAgICAgICAgICAgICAgICAgICAgICAgICAgIDxsaT48YSBocmVmPSJodHRwOi8vdmFuaWxsYS5oaXZlLXRlbXBsYXRlLmxvY2FsLmZlMS5zdGcuaGFydmVzdGRwLmFuY2hvci5uZXQuYXUvaW5kZXgucGhwL2Rhc2hib2FyZC91c2Vycy9hdHRyaWJ1dGVzIj5BdHRyaWJ1dGVzPC9hPjxzcGFuPk1lbWJlcnMgdXNlcnMsIGdyb3VwcywgcGVvcGxlLCBmaW5kLCBkZWxldGUgdXNlciwgcmVtb3ZlIHVzZXIsIGNoYW5nZSBwYXNzd29yZCwgcGFzc3dvcmQgQXR0cmlidXRlcyB1c2VyIGF0dHJpYnV0ZXMsIHVzZXIgZGF0YSwgZ2F0aGVyIGRhdGEsIHJlZ2lzdHJhdGlvbiBkYXRhPC9zcGFuPjwvbGk+ICAgICAgICAgICAgICAgICAgICAgICAgICAgICAgICAgICAgICAgIDxsaT48YSBocmVmPSJodHRwOi8vdmFuaWxsYS5oaXZlLXRlbXBsYXRlLmxvY2FsLmZlMS5zdGcuaGFydmVzdGRwLmFuY2hvci5uZXQuYXUvaW5kZXgucGhwL2Rhc2hib2FyZC91c2Vycy9hZGQiPkFkZCBVc2VyPC9hPjxzcGFuPk1lbWJlcnMgdXNlcnMsIGdyb3VwcywgcGVvcGxlLCBmaW5kLCBkZWxldGUgdXNlciwgcmVtb3ZlIHVzZXIsIGNoYW5nZSBwYXNzd29yZCwgcGFzc3dvcmQgQWRkIFVzZXIgbmV3IHVzZXIsIGNyZWF0ZTwvc3Bhbj48L2xpPiAgICAgICAgICAgICAgICAgICAgICAgICAgICAgICAgICAgICAgICA8bGk+PGEgaHJlZj0iaHR0cDovL3ZhbmlsbGEuaGl2ZS10ZW1wbGF0ZS5sb2NhbC5mZTEuc3RnLmhhcnZlc3RkcC5hbmNob3IubmV0LmF1L2luZGV4LnBocC9kYXNoYm9hcmQvdXNlcnMvYWRkX2dyb3VwIj5BZGQgR3JvdXA8L2E+PHNwYW4+TWVtYmVycyB1c2VycywgZ3JvdXBzLCBwZW9wbGUsIGZpbmQsIGRlbGV0ZSB1c2VyLCByZW1vdmUgdXNlciwgY2hhbmdlIHBhc3N3b3JkLCBwYXNzd29yZCBBZGQgR3JvdXAgbmV3IHVzZXIgZ3JvdXAsIG5ldyBncm91cCwgZ3JvdXAsIGNyZWF0ZTwvc3Bhbj48L2xpPiAgICAgICAgICAgICAgICAgICAgICAgICAgICAgICAgICAgICAgICA8bGk+PGEgaHJlZj0iaHR0cDovL3ZhbmlsbGEuaGl2ZS10ZW1wbGF0ZS5sb2NhbC5mZTEuc3RnLmhhcnZlc3RkcC5hbmNob3IubmV0LmF1L2luZGV4LnBocC9kYXNoYm9hcmQvdXNlcnMvZ3JvdXBfc2V0cyI+R3JvdXAgU2V0czwvYT48c3Bhbj5NZW1iZXJzIHVzZXJzLCBncm91cHMsIHBlb3BsZSwgZmluZCwgZGVsZXRlIHVzZXIsIHJlbW92ZSB1c2VyLCBjaGFuZ2UgcGFzc3dvcmQsIHBhc3N3b3JkIEdyb3VwIFNldHMgZ3JvdXAgc2V0PC9zcGFuPjwvbGk+ICAgICAgICAgICAgICAgICAgICAgICAgICAgICAgICAgICAgICAgIDxsaT48YSBocmVmPSJodHRwOi8vdmFuaWxsYS5oaXZlLXRlbXBsYXRlLmxvY2FsLmZlMS5zdGcuaGFydmVzdGRwLmFuY2hvci5uZXQuYXUvaW5kZXgucGhwL2Rhc2hib2FyZC91c2Vycy9wb2ludHMiPkNvbW11bml0eSBQb2ludHM8L2E+PHNwYW4+TWVtYmVycyB1c2VycywgZ3JvdXBzLCBwZW9wbGUsIGZpbmQsIGRlbGV0ZSB1c2VyLCByZW1vdmUgdXNlciwgY2hhbmdlIHBhc3N3b3JkLCBwYXNzd29yZCBDb21tdW5pdHkgUG9pbnRzIGNvbW11bml0eSwgcG9pbnRzLCBrYXJtYTwvc3Bhbj48L2xpPiAgICAgICAgICAgICAgICAgICAgICAgICAgICAgICAgICAgIDwvdWw+ICAgICAgICAgICAgICAgIDwvZGl2PiAgICAgICAgICAgICAgICAgICAgICAgICAgICAgICAgPGRpdiBjbGFzcz0iY2NtLWludGVsbGlnZW50LXNlYXJjaC1yZXN1bHRzLW1vZHVsZSBjY20taW50ZWxsaWdlbnQtc2VhcmNoLXJlc3VsdHMtbW9kdWxlLW9uc2l0ZSI+ICAgICAgICAgICAgICAgIDxoMT5TaXRlbWFwPC9oMT4gICAgICAgICAgICAgICAgPHVsIGNsYXNzPSJjY20taW50ZWxsaWdlbnQtc2VhcmNoLXJlc3VsdHMtbGlzdCI+ICAgICAgICAgICAgICAgICAgICAgICAgICAgICAgICAgICAgICAgICAgICAgICAgICAgIDxsaT48YSBocmVmPSJodHRwOi8vdmFuaWxsYS5oaXZlLXRlbXBsYXRlLmxvY2FsLmZlMS5zdGcuaGFydmVzdGRwLmFuY2hvci5uZXQuYXUvaW5kZXgucGhwL2Rhc2hib2FyZC9zaXRlbWFwL2Z1bGwiPkZ1bGwgU2l0ZW1hcDwvYT48c3Bhbj5TaXRlbWFwIHBhZ2VzLCBhZGQgcGFnZSwgZGVsZXRlIHBhZ2UsIGNvcHksIG1vdmUsIGFsaWFzIEZ1bGwgU2l0ZW1hcCBwYWdlcywgYWRkIHBhZ2UsIGRlbGV0ZSBwYWdlLCBjb3B5LCBtb3ZlLCBhbGlhczwvc3Bhbj48L2xpPiAgICAgICAgICAgICAgICAgICAgICAgICAgICAgICAgICAgICAgICA8bGk+PGEgaHJlZj0iaHR0cDovL3ZhbmlsbGEuaGl2ZS10ZW1wbGF0ZS5sb2NhbC5mZTEuc3RnLmhhcnZlc3RkcC5hbmNob3IubmV0LmF1L2luZGV4LnBocC9kYXNoYm9hcmQvc2l0ZW1hcC9leHBsb3JlIj5GbGF0IFZpZXc8L2E+PHNwYW4+U2l0ZW1hcCBwYWdlcywgYWRkIHBhZ2UsIGRlbGV0ZSBwYWdlLCBjb3B5LCBtb3ZlLCBhbGlhcyBGbGF0IFZpZXcgcGFnZXMsIGFkZCBwYWdlLCBkZWxldGUgcGFnZSwgY29weSwgbW92ZSwgYWxpYXMsIGJ1bGs8L3NwYW4+PC9saT4gICAgICAgICAgICAgICAgICAgICAgICAgICAgICAgICAgICAgICAgPGxpPjxhIGhyZWY9Imh0dHA6Ly92YW5pbGxhLmhpdmUtdGVtcGxhdGUubG9jYWwuZmUxLnN0Zy5oYXJ2ZXN0ZHAuYW5jaG9yLm5ldC5hdS9pbmRleC5waHAvZGFzaGJvYXJkL3NpdGVtYXAvc2VhcmNoIj5QYWdlIFNlYXJjaDwvYT48c3Bhbj5TaXRlbWFwIHBhZ2VzLCBhZGQgcGFnZSwgZGVsZXRlIHBhZ2UsIGNvcHksIG1vdmUsIGFsaWFzIFBhZ2UgU2VhcmNoIGZpbmQgcGFnZSwgc2VhcmNoIHBhZ2UsIHNlYXJjaCwgZmluZCwgcGFnZXMsIHNpdGVtYXA8L3NwYW4+PC9saT4gICAgICAgICAgICAgICAgICAgICAgICAgICAgICAgICAgICA8L3VsPiAgICAgICAgICAgICAgICA8L2Rpdj4gICAgICAgICAgICAgICAgICAgICAgICAgICAgICAgIDxkaXYgY2xhc3M9ImNjbS1pbnRlbGxpZ2VudC1zZWFyY2gtcmVzdWx0cy1tb2R1bGUgY2NtLWludGVsbGlnZW50LXNlYXJjaC1yZXN1bHRzLW1vZHVsZS1vbnNpdGUiPiAgICAgICAgICAgICAgICA8aDE+UGFnZXMgJiBUaGVtZXM8L2gxPiAgICAgICAgICAgICAgICA8dWwgY2xhc3M9ImNjbS1pbnRlbGxpZ2VudC1zZWFyY2gtcmVzdWx0cy1saXN0Ij4gICAgICAgICAgICAgICAgICAgICAgICAgICAgICAgICAgICAgICAgICAgICAgICAgICAgPGxpPjxhIGhyZWY9Imh0dHA6Ly92YW5pbGxhLmhpdmUtdGVtcGxhdGUubG9jYWwuZmUxLnN0Zy5oYXJ2ZXN0ZHAuYW5jaG9yLm5ldC5hdS9pbmRleC5waHAvZGFzaGJvYXJkL3BhZ2VzL3RoZW1lcyI+VGhlbWVzPC9hPjxzcGFuPlBhZ2VzICYgVGhlbWVzICBUaGVtZXMgbmV3IHRoZW1lLCB0aGVtZSwgYWN0aXZlIHRoZW1lLCBjaGFuZ2UgdGhlbWUsIHRlbXBsYXRlLCBjc3M8L3NwYW4+PC9saT4gICAgICAgICAgICAgICAgICAgICAgICAgICAgICAgICAgICAgICAgPGxpPjxhIGhyZWY9Imh0dHA6Ly92YW5pbGxhLmhpdmUtdGVtcGxhdGUubG9jYWwuZmUxLnN0Zy5oYXJ2ZXN0ZHAuYW5jaG9yLm5ldC5hdS9pbmRleC5waHAvZGFzaGJvYXJkL3BhZ2VzL3R5cGVzIj5QYWdlIFR5cGVzPC9hPjxzcGFuPlBhZ2VzICYgVGhlbWVzICBQYWdlIFR5cGVzIDwvc3Bhbj48L2xpPiAgICAgICAgICAgICAgICAgICAgICAgICAgICAgICAgICAgICAgICA8bGk+PGEgaHJlZj0iaHR0cDovL3ZhbmlsbGEuaGl2ZS10ZW1wbGF0ZS5sb2NhbC5mZTEuc3RnLmhhcnZlc3RkcC5hbmNob3IubmV0LmF1L2luZGV4LnBocC9kYXNoYm9hcmQvcGFnZXMvdGVtcGxhdGVzIj5QYWdlIFRlbXBsYXRlczwvYT48c3Bhbj5QYWdlcyAmIFRoZW1lcyAgUGFnZSBUZW1wbGF0ZXMgPC9zcGFuPjwvbGk+ICAgICAgICAgICAgICAgICAgICAgICAgICAgICAgICAgICAgICAgIDxsaT48YSBocmVmPSJodHRwOi8vdmFuaWxsYS5oaXZlLXRlbXBsYXRlLmxvY2FsLmZlMS5zdGcuaGFydmVzdGRwLmFuY2hvci5uZXQuYXUvaW5kZXgucGhwL2Rhc2hib2FyZC9wYWdlcy9hdHRyaWJ1dGVzIj5BdHRyaWJ1dGVzPC9hPjxzcGFuPlBhZ2VzICYgVGhlbWVzICBBdHRyaWJ1dGVzIHBhZ2UgYXR0cmlidXRlcywgY3VzdG9tPC9zcGFuPjwvbGk+ICAgICAgICAgICAgICAgICAgICAgICAgICAgICAgICAgICAgICAgIDxsaT48YSBocmVmPSJodHRwOi8vdmFuaWxsYS5oaXZlLXRlbXBsYXRlLmxvY2FsLmZlMS5zdGcuaGFydmVzdGRwLmFuY2hvci5uZXQuYXUvaW5kZXgucGhwL2Rhc2hib2FyZC9wYWdlcy9zaW5nbGUiPlNpbmdsZSBQYWdlczwvYT48c3Bhbj5QYWdlcyAmIFRoZW1lcyAgU2luZ2xlIFBhZ2VzIHNpbmdsZSwgcGFnZSwgY3VzdG9tLCBhcHBsaWNhdGlvbjwvc3Bhbj48L2xpPiAgICAgICAgICAgICAgICAgICAgICAgICAgICAgICAgICAgICAgICA8bGk+PGEgaHJlZj0iaHR0cDovL3ZhbmlsbGEuaGl2ZS10ZW1wbGF0ZS5sb2NhbC5mZTEuc3RnLmhhcnZlc3RkcC5hbmNob3IubmV0LmF1L2luZGV4LnBocC9kYXNoYm9hcmQvcGFnZXMvZmVlZHMiPlJTUyBGZWVkczwvYT48c3Bhbj5QYWdlcyAmIFRoZW1lcyAgUlNTIEZlZWRzIGF0b20sIHJzcywgZmVlZCwgc3luZGljYXRpb248L3NwYW4+PC9saT4gICAgICAgICAgICAgICAgICAgICAgICAgICAgICAgICAgICA8L3VsPiAgICAgICAgICAgICAgICA8L2Rpdj4gICAgICAgICAgICAgICAgICAgICAgICAgICAgICAgIDxkaXYgY2xhc3M9ImNjbS1pbnRlbGxpZ2VudC1zZWFyY2gtcmVzdWx0cy1tb2R1bGUgY2NtLWludGVsbGlnZW50LXNlYXJjaC1yZXN1bHRzLW1vZHVsZS1vbnNpdGUiPiAgICAgICAgICAgICAgICA8aDE+Q29udmVyc2F0aW9uczwvaDE+ICAgICAgICAgICAgICAgIDx1bCBjbGFzcz0iY2NtLWludGVsbGlnZW50LXNlYXJjaC1yZXN1bHRzLWxpc3QiPiAgICAgICAgICAgICAgICAgICAgICAgICAgICAgICAgICAgICAgICAgICAgICAgICAgICA8bGk+PGEgaHJlZj0iaHR0cDovL3ZhbmlsbGEuaGl2ZS10ZW1wbGF0ZS5sb2NhbC5mZTEuc3RnLmhhcnZlc3RkcC5hbmNob3IubmV0LmF1L2luZGV4LnBocC9kYXNoYm9hcmQvY29udmVyc2F0aW9ucy9tZXNzYWdlcyI+TWVzc2FnZXM8L2E+PHNwYW4+Q29udmVyc2F0aW9ucyAgTWVzc2FnZXMgPC9zcGFuPjwvbGk+ICAgICAgICAgICAgICAgICAgICAgICAgICAgICAgICAgICAgPC91bD4gICAgICAgICAgICAgICAgPC9kaXY+ICAgICAgICAgICAgICAgICAgICAgICAgICAgICAgICA8ZGl2IGNsYXNzPSJjY20taW50ZWxsaWdlbnQtc2VhcmNoLXJlc3VsdHMtbW9kdWxlIGNjbS1pbnRlbGxpZ2VudC1zZWFyY2gtcmVzdWx0cy1tb2R1bGUtb25zaXRlIj4gICAgICAgICAgICAgICAgPGgxPlN0YWNrcyAmIEJsb2NrczwvaDE+ICAgICAgICAgICAgICAgIDx1bCBjbGFzcz0iY2NtLWludGVsbGlnZW50LXNlYXJjaC1yZXN1bHRzLWxpc3QiPiAgICAgICAgICAgICAgICAgICAgICAgICAgICAgICAgICAgICAgICAgICAgICAgICAgICA8bGk+PGEgaHJlZj0iaHR0cDovL3ZhbmlsbGEuaGl2ZS10ZW1wbGF0ZS5sb2NhbC5mZTEuc3RnLmhhcnZlc3RkcC5hbmNob3IubmV0LmF1L2luZGV4LnBocC9kYXNoYm9hcmQvYmxvY2tzL3N0YWNrcyI+U3RhY2tzPC9hPjxzcGFuPlN0YWNrcyAmIEJsb2NrcyAgU3RhY2tzIHN0YWNrcywgcmV1c2FibGUgY29udGVudCwgc2NyYXBib29rLCBjb3B5LCBwYXN0ZSwgcGFzdGUgYmxvY2ssIGNvcHkgYmxvY2ssIHNpdGUgbmFtZSwgbG9nbzwvc3Bhbj48L2xpPiAgICAgICAgICAgICAgICAgICAgICAgICAgICAgICAgICAgICAgICA8bGk+PGEgaHJlZj0iaHR0cDovL3ZhbmlsbGEuaGl2ZS10ZW1wbGF0ZS5sb2NhbC5mZTEuc3RnLmhhcnZlc3RkcC5hbmNob3IubmV0LmF1L2luZGV4LnBocC9kYXNoYm9hcmQvYmxvY2tzL3Blcm1pc3Npb25zIj5CbG9jayAmIFN0YWNrIFBlcm1pc3Npb25zPC9hPjxzcGFuPlN0YWNrcyAmIEJsb2NrcyAgQmxvY2sgJiBTdGFjayBQZXJtaXNzaW9ucyA8L3NwYW4+PC9saT4gICAgICAgICAgICAgICAgICAgICAgICAgICAgICAgICAgICAgICAgPGxpPjxhIGhyZWY9Imh0dHA6Ly92YW5pbGxhLmhpdmUtdGVtcGxhdGUubG9jYWwuZmUxLnN0Zy5oYXJ2ZXN0ZHAuYW5jaG9yLm5ldC5hdS9pbmRleC5waHAvZGFzaGJvYXJkL2Jsb2Nrcy90eXBlcyI+QmxvY2sgVHlwZXM8L2E+PHNwYW4+U3RhY2tzICYgQmxvY2tzICBCbG9jayBUeXBlcyBibG9jaywgcmVmcmVzaCwgY3VzdG9tPC9zcGFuPjwvbGk+ICAgICAgICAgICAgICAgICAgICAgICAgICAgICAgICAgICAgPC91bD4gICAgICAgICAgICAgICAgPC9kaXY+ICAgICAgICAgICAgICAgICAgICAgICAgICAgICAgICA8ZGl2IGNsYXNzPSJjY20taW50ZWxsaWdlbnQtc2VhcmNoLXJlc3VsdHMtbW9kdWxlIGNjbS1pbnRlbGxpZ2VudC1zZWFyY2gtcmVzdWx0cy1tb2R1bGUtb25zaXRlIj4gICAgICAgICAgICAgICAgPGgxPkV4dGVuZCBUaGUgSGl2ZTwvaDE+ICAgICAgICAgICAgICAgIDx1bCBjbGFzcz0iY2NtLWludGVsbGlnZW50LXNlYXJjaC1yZXN1bHRzLWxpc3QiPiAgICAgICAgICAgICAgICAgICAgICAgICAgICAgICAgICAgICAgICAgICAgICAgICAgICA8bGk+PGEgaHJlZj0iaHR0cDovL3ZhbmlsbGEuaGl2ZS10ZW1wbGF0ZS5sb2NhbC5mZTEuc3RnLmhhcnZlc3RkcC5hbmNob3IubmV0LmF1L2luZGV4LnBocC9kYXNoYm9hcmQvZXh0ZW5kL2luc3RhbGwiPkFkZCBGdW5jdGlvbmFsaXR5PC9hPjxzcGFuPkV4dGVuZCBUaGUgSGl2ZSBhZGQtb24sIGFkZG9uLCBhZGQgb24sIHBhY2thZ2UsIGFwcCwgZWNvbW1lcmNlLCBkaXNjdXNzaW9ucywgZm9ydW1zLCB0aGVtZXMsIHRlbXBsYXRlcywgYmxvY2tzIEFkZCBGdW5jdGlvbmFsaXR5IGFkZC1vbiwgYWRkb24sIGVjb21tZXJjZSwgaW5zdGFsbCwgZGlzY3Vzc2lvbnMsIGZvcnVtcywgdGhlbWVzLCB0ZW1wbGF0ZXMsIGJsb2Nrczwvc3Bhbj48L2xpPiAgICAgICAgICAgICAgICAgICAgICAgICAgICAgICAgICAgICAgICA8bGk+PGEgaHJlZj0iaHR0cDovL3ZhbmlsbGEuaGl2ZS10ZW1wbGF0ZS5sb2NhbC5mZTEuc3RnLmhhcnZlc3RkcC5hbmNob3IubmV0LmF1L2luZGV4LnBocC9kYXNoYm9hcmQvZXh0ZW5kL3VwZGF0ZSI+VXBkYXRlIEFkZC1PbnM8L2E+PHNwYW4+RXh0ZW5kIFRoZSBIaXZlIGFkZC1vbiwgYWRkb24sIGFkZCBvbiwgcGFja2FnZSwgYXBwLCBlY29tbWVyY2UsIGRpc2N1c3Npb25zLCBmb3J1bXMsIHRoZW1lcywgdGVtcGxhdGVzLCBibG9ja3MgVXBkYXRlIEFkZC1PbnMgdXBkYXRlLCB1cGdyYWRlPC9zcGFuPjwvbGk+ICAgICAgICAgICAgICAgICAgICAgICAgICAgICAgICAgICAgICAgIDxsaT48YSBocmVmPSJodHRwOi8vdmFuaWxsYS5oaXZlLXRlbXBsYXRlLmxvY2FsLmZlMS5zdGcuaGFydmVzdGRwLmFuY2hvci5uZXQuYXUvaW5kZXgucGhwL2Rhc2hib2FyZC9leHRlbmQvY29ubmVjdCI+Q29ubmVjdCB0byB0aGUgQ29tbXVuaXR5PC9hPjxzcGFuPkV4dGVuZCBUaGUgSGl2ZSBhZGQtb24sIGFkZG9uLCBhZGQgb24sIHBhY2thZ2UsIGFwcCwgZWNvbW1lcmNlLCBkaXNjdXNzaW9ucywgZm9ydW1zLCB0aGVtZXMsIHRlbXBsYXRlcywgYmxvY2tzIENvbm5lY3QgdG8gdGhlIENvbW11bml0eSBjb25jcmV0ZTUub3JnLCBteSBhY2NvdW50LCBtYXJrZXRwbGFjZTwvc3Bhbj48L2xpPiAgICAgICAgICAgICAgICAgICAgICAgICAgICAgICAgICAgICAgICA8bGk+PGEgaHJlZj0iaHR0cDovL3ZhbmlsbGEuaGl2ZS10ZW1wbGF0ZS5sb2NhbC5mZTEuc3RnLmhhcnZlc3RkcC5hbmNob3IubmV0LmF1L2luZGV4LnBocC9kYXNoYm9hcmQvZXh0ZW5kL3RoZW1lcyI+R2V0IE1vcmUgVGhlbWVzPC9hPjxzcGFuPkV4dGVuZCBUaGUgSGl2ZSBhZGQtb24sIGFkZG9uLCBhZGQgb24sIHBhY2thZ2UsIGFwcCwgZWNvbW1lcmNlLCBkaXNjdXNzaW9ucywgZm9ydW1zLCB0aGVtZXMsIHRlbXBsYXRlcywgYmxvY2tzIEdldCBNb3JlIFRoZW1lcyBidXkgdGhlbWUsIG5ldyB0aGVtZSwgbWFya2V0cGxhY2UsIHRlbXBsYXRlPC9zcGFuPjwvbGk+ICAgICAgICAgICAgICAgICAgICAgICAgICAgICAgICAgICAgICAgIDxsaT48YSBocmVmPSJodHRwOi8vdmFuaWxsYS5oaXZlLXRlbXBsYXRlLmxvY2FsLmZlMS5zdGcuaGFydmVzdGRwLmFuY2hvci5uZXQuYXUvaW5kZXgucGhwL2Rhc2hib2FyZC9leHRlbmQvYWRkb25zIj5HZXQgTW9yZSBBZGQtT25zPC9hPjxzcGFuPkV4dGVuZCBUaGUgSGl2ZSBhZGQtb24sIGFkZG9uLCBhZGQgb24sIHBhY2thZ2UsIGFwcCwgZWNvbW1lcmNlLCBkaXNjdXNzaW9ucywgZm9ydW1zLCB0aGVtZXMsIHRlbXBsYXRlcywgYmxvY2tzIEdldCBNb3JlIEFkZC1PbnMgYnV5IGFkZG9uLCBidXkgYWRkIG9uLCBidXkgYWRkLW9uLCBwdXJjaGFzZSBhZGRvbiwgcHVyY2hhc2UgYWRkIG9uLCBwdXJjaGFzZSBhZGQtb24sIGZpbmQgYWRkb24sIG5ldyBhZGRvbiwgbWFya2V0cGxhY2U8L3NwYW4+PC9saT4gICAgICAgICAgICAgICAgICAgICAgICAgICAgICAgICAgICA8L3VsPiAgICAgICAgICAgICAgICA8L2Rpdj4gICAgICAgICAgICAgICAgICAgICAgICAgICAgICAgIDxkaXYgY2xhc3M9ImNjbS1pbnRlbGxpZ2VudC1zZWFyY2gtcmVzdWx0cy1tb2R1bGUgY2NtLWludGVsbGlnZW50LXNlYXJjaC1yZXN1bHRzLW1vZHVsZS1vbnNpdGUiPiAgICAgICAgICAgICAgICA8aDE+RGFzaGJvYXJkPC9oMT4gICAgICAgICAgICAgICAgPHVsIGNsYXNzPSJjY20taW50ZWxsaWdlbnQtc2VhcmNoLXJlc3VsdHMtbGlzdCI+ICAgICAgICAgICAgICAgICAgICAgICAgICAgICAgICAgICAgPGxpPjxhIGhyZWY9Imh0dHA6Ly92YW5pbGxhLmhpdmUtdGVtcGxhdGUubG9jYWwuZmUxLnN0Zy5oYXJ2ZXN0ZHAuYW5jaG9yLm5ldC5hdS9pbmRleC5waHAvZGFzaGJvYXJkL25ld3MiPkRhc2hib2FyZDwvYT48c3Bhbj5EYXNoYm9hcmQgPC9zcGFuPjwvbGk+ICAgICAgICAgICAgICAgICAgICAgICAgICAgICAgICAgICAgICAgICAgICAgICAgICAgIDwvdWw+ICAgICAgICAgICAgICAgIDwvZGl2PiAgICAgICAgICAgICAgICAgICAgICAgICAgICAgICAgPGRpdiBjbGFzcz0iY2NtLWludGVsbGlnZW50LXNlYXJjaC1yZXN1bHRzLW1vZHVsZSBjY20taW50ZWxsaWdlbnQtc2VhcmNoLXJlc3VsdHMtbW9kdWxlLW9uc2l0ZSI+ICAgICAgICAgICAgICAgIDxoMT5TeXN0ZW0gJiBTZXR0aW5nczwvaDE+ICAgICAgICAgICAgICAgIDx1bCBjbGFzcz0iY2NtLWludGVsbGlnZW50LXNlYXJjaC1yZXN1bHRzLWxpc3QiPiAgICAgICAgICAgICAgICAgICAgICAgICAgICAgICAgICAgICAgICAgICAgICAgICAgICA8bGk+PGEgaHJlZj0iaHR0cDovL3ZhbmlsbGEuaGl2ZS10ZW1wbGF0ZS5sb2NhbC5mZTEuc3RnLmhhcnZlc3RkcC5hbmNob3IubmV0LmF1L2luZGV4LnBocC9kYXNoYm9hcmQvc3lzdGVtIj5WaWV3IEFsbDwvYT48c3Bhbj5TeXN0ZW0gJiBTZXR0aW5ncyBkYXNoYm9hcmQsIGNvbmZpZ3VyYXRpb248L3NwYW4+PC9saT4gICAgICAgICAgICAgICAgICAgICAgICAgICAgICAgICAgICAgICAgPGxpPjxhIGhyZWY9Imh0dHA6Ly92YW5pbGxhLmhpdmUtdGVtcGxhdGUubG9jYWwuZmUxLnN0Zy5oYXJ2ZXN0ZHAuYW5jaG9yLm5ldC5hdS9pbmRleC5waHAvZGFzaGJvYXJkL3N5c3RlbS9iYXNpY3MiPkJhc2ljczwvYT48c3Bhbj5CYXNpY3MgPC9zcGFuPjwvbGk+ICAgICAgICAgICAgICAgICAgICAgICAgICAgICAgICAgICAgICAgIDxsaT48YSBocmVmPSJodHRwOi8vdmFuaWxsYS5oaXZlLXRlbXBsYXRlLmxvY2FsLmZlMS5zdGcuaGFydmVzdGRwLmFuY2hvci5uZXQuYXUvaW5kZXgucGhwL2Rhc2hib2FyZC9zeXN0ZW0vYmFzaWNzL25hbWUiPlNpdGUgTmFtZTwvYT48c3Bhbj5TaXRlIE5hbWUgd2Vic2l0ZSBuYW1lLCB0aXRsZTwvc3Bhbj48L2xpPiAgICAgICAgICAgICAgICAgICAgICAgICAgICAgICAgICAgICAgICA8bGk+PGEgaHJlZj0iaHR0cDovL3ZhbmlsbGEuaGl2ZS10ZW1wbGF0ZS5sb2NhbC5mZTEuc3RnLmhhcnZlc3RkcC5hbmNob3IubmV0LmF1L2luZGV4LnBocC9kYXNoYm9hcmQvc3lzdGVtL2Jhc2ljcy9hY2Nlc3NpYmlsaXR5Ij5BY2Nlc3NpYmlsaXR5PC9hPjxzcGFuPkFjY2Vzc2liaWxpdHkgYWNjZXNzaWJpbGl0eSwgZWFzeSBtb2RlPC9zcGFuPjwvbGk+ICAgICAgICAgICAgICAgICAgICAgICAgICAgICAgICAgICAgICAgIDxsaT48YSBocmVmPSJodHRwOi8vdmFuaWxsYS5oaXZlLXRlbXBsYXRlLmxvY2FsLmZlMS5zdGcuaGFydmVzdGRwLmFuY2hvci5uZXQuYXUvaW5kZXgucGhwL2Rhc2hib2FyZC9zeXN0ZW0vYmFzaWNzL3NvY2lhbCI+U29jaWFsIExpbmtzPC9hPjxzcGFuPlNvY2lhbCBMaW5rcyBzaGFyaW5nLCBmYWNlYm9vaywgdHdpdHRlcjwvc3Bhbj48L2xpPiAgICAgICAgICAgICAgICAgICAgICAgICAgICAgICAgICAgICAgICA8bGk+PGEgaHJlZj0iaHR0cDovL3ZhbmlsbGEuaGl2ZS10ZW1wbGF0ZS5sb2NhbC5mZTEuc3RnLmhhcnZlc3RkcC5hbmNob3IubmV0LmF1L2luZGV4LnBocC9kYXNoYm9hcmQvc3lzdGVtL2Jhc2ljcy9pY29ucyI+Qm9va21hcmsgSWNvbnM8L2E+PHNwYW4+Qm9va21hcmsgSWNvbnMgbG9nbywgZmF2aWNvbiwgaXBob25lLCBpY29uLCBib29rbWFyazwvc3Bhbj48L2xpPiAgICAgICAgICAgICAgICAgICAgICAgICAgICAgICAgICAgICAgICA8bGk+PGEgaHJlZj0iaHR0cDovL3ZhbmlsbGEuaGl2ZS10ZW1wbGF0ZS5sb2NhbC5mZTEuc3RnLmhhcnZlc3RkcC5hbmNob3IubmV0LmF1L2luZGV4LnBocC9kYXNoYm9hcmQvc3lzdGVtL2Jhc2ljcy9lZGl0b3IiPlJpY2ggVGV4dCBFZGl0b3I8L2E+PHNwYW4+UmljaCBUZXh0IEVkaXRvciB0aW55bWNlLCBjb250ZW50IGJsb2NrLCBmb250cywgZWRpdG9yLCBjb250ZW50LCBvdmVybGF5PC9zcGFuPjwvbGk+ICAgICAgICAgICAgICAgICAgICAgICAgICAgICAgICAgICAgICAgIDxsaT48YSBocmVmPSJodHRwOi8vdmFuaWxsYS5oaXZlLXRlbXBsYXRlLmxvY2FsLmZlMS5zdGcuaGFydmVzdGRwLmFuY2hvci5uZXQuYXUvaW5kZXgucGhwL2Rhc2hib2FyZC9zeXN0ZW0vYmFzaWNzL211bHRpbGluZ3VhbCI+TGFuZ3VhZ2VzPC9hPjxzcGFuPkxhbmd1YWdlcyB0cmFuc2xhdGUsIHRyYW5zbGF0aW9uLCBpbnRlcm5hdGlvbmFsaXphdGlvbiwgbXVsdGlsaW5ndWFsPC9zcGFuPjwvbGk+ICAgICAgICAgICAgICAgICAgICAgICAgICAgICAgICAgICAgICAgIDxsaT48YSBocmVmPSJodHRwOi8vdmFuaWxsYS5oaXZlLXRlbXBsYXRlLmxvY2FsLmZlMS5zdGcuaGFydmVzdGRwLmFuY2hvci5uZXQuYXUvaW5kZXgucGhwL2Rhc2hib2FyZC9zeXN0ZW0vYmFzaWNzL3RpbWV6b25lIj5UaW1lIFpvbmU8L2E+PHNwYW4+VGltZSBab25lIHRpbWV6b25lLCBwcm9maWxlLCBsb2NhbGU8L3NwYW4+PC9saT4gICAgICAgICAgICAgICAgICAgICAgICAgICAgICAgICAgICAgICAgPGxpPjxhIGhyZWY9Imh0dHA6Ly92YW5pbGxhLmhpdmUtdGVtcGxhdGUubG9jYWwuZmUxLnN0Zy5oYXJ2ZXN0ZHAuYW5jaG9yLm5ldC5hdS9pbmRleC5waHAvZGFzaGJvYXJkL3N5c3RlbS9iYXNpY3MvYXBpIj5BUEkga2V5czwvYT48c3Bhbj5BUEkga2V5cyA8L3NwYW4+PC9saT4gICAgICAgICAgICAgICAgICAgICAgICAgICAgICAgICAgICAgICAgPGxpPjxhIGhyZWY9Imh0dHA6Ly92YW5pbGxhLmhpdmUtdGVtcGxhdGUubG9jYWwuZmUxLnN0Zy5oYXJ2ZXN0ZHAuYW5jaG9yLm5ldC5hdS9pbmRleC5waHAvZGFzaGJvYXJkL3N5c3RlbS9tdWx0aWxpbmd1YWwiPk11bHRpbGluZ3VhbDwvYT48c3Bhbj5NdWx0aWxpbmd1YWwgbXVsdGlsaW5ndWFsLCBsb2NhbGl6YXRpb24sIGludGVybmF0aW9uYWxpemF0aW9uLCBpMThuPC9zcGFuPjwvbGk+ICAgICAgICAgICAgICAgICAgICAgICAgICAgICAgICAgICAgICAgIDxsaT48YSBocmVmPSJodHRwOi8vdmFuaWxsYS5oaXZlLXRlbXBsYXRlLmxvY2FsLmZlMS5zdGcuaGFydmVzdGRwLmFuY2hvci5uZXQuYXUvaW5kZXgucGhwL2Rhc2hib2FyZC9zeXN0ZW0vbXVsdGlsaW5ndWFsL3NldHVwIj5NdWx0aWxpbmd1YWwgU2V0dXA8L2E+PHNwYW4+TXVsdGlsaW5ndWFsIFNldHVwIDwvc3Bhbj48L2xpPiAgICAgICAgICAgICAgICAgICAgICAgICAgICAgICAgICAgICAgICA8bGk+PGEgaHJlZj0iaHR0cDovL3ZhbmlsbGEuaGl2ZS10ZW1wbGF0ZS5sb2NhbC5mZTEuc3RnLmhhcnZlc3RkcC5hbmNob3IubmV0LmF1L2luZGV4LnBocC9kYXNoYm9hcmQvc3lzdGVtL211bHRpbGluZ3VhbC9wYWdlX3JlcG9ydCI+UGFnZSBSZXBvcnQ8L2E+PHNwYW4+UGFnZSBSZXBvcnQgPC9zcGFuPjwvbGk+ICAgICAgICAgICAgICAgICAgICAgICAgICAgICAgICAgICAgICAgIDxsaT48YSBocmVmPSJodHRwOi8vdmFuaWxsYS5oaXZlLXRlbXBsYXRlLmxvY2FsLmZlMS5zdGcuaGFydmVzdGRwLmFuY2hvci5uZXQuYXUvaW5kZXgucGhwL2Rhc2hib2FyZC9zeXN0ZW0vbXVsdGlsaW5ndWFsL3RyYW5zbGF0ZV9pbnRlcmZhY2UiPlRyYW5zbGF0ZSBTaXRlIEludGVyZmFjZTwvYT48c3Bhbj5UcmFuc2xhdGUgU2l0ZSBJbnRlcmZhY2UgPC9zcGFuPjwvbGk+ICAgICAgICAgICAgICAgICAgICAgICAgICAgICAgICAgICAgICAgIDxsaT48YSBocmVmPSJodHRwOi8vdmFuaWxsYS5oaXZlLXRlbXBsYXRlLmxvY2FsLmZlMS5zdGcuaGFydmVzdGRwLmFuY2hvci5uZXQuYXUvaW5kZXgucGhwL2Rhc2hib2FyZC9zeXN0ZW0vbXVsdGlsaW5ndWFsL2NvcHkiPkNvcHkgTGFuZ3VhZ2VzPC9hPjxzcGFuPkNvcHkgTGFuZ3VhZ2VzIDwvc3Bhbj48L2xpPiAgICAgICAgICAgICAgICAgICAgICAgICAgICAgICAgICAgICAgICA8bGk+PGEgaHJlZj0iaHR0cDovL3ZhbmlsbGEuaGl2ZS10ZW1wbGF0ZS5sb2NhbC5mZTEuc3RnLmhhcnZlc3RkcC5hbmNob3IubmV0LmF1L2luZGV4LnBocC9kYXNoYm9hcmQvc3lzdGVtL3NlbyI+U0VPICYgU3RhdGlzdGljczwvYT48c3Bhbj5TRU8gJiBTdGF0aXN0aWNzIDwvc3Bhbj48L2xpPiAgICAgICAgICAgICAgICAgICAgICAgICAgICAgICAgICAgICAgICA8bGk+PGEgaHJlZj0iaHR0cDovL3ZhbmlsbGEuaGl2ZS10ZW1wbGF0ZS5sb2NhbC5mZTEuc3RnLmhhcnZlc3RkcC5hbmNob3IubmV0LmF1L2luZGV4LnBocC9kYXNoYm9hcmQvc3lzdGVtL3Nlby91cmxzIj5VUkxzIGFuZCBSZWRpcmVjdGlvbjwvYT48c3Bhbj5VUkxzIGFuZCBSZWRpcmVjdGlvbiB2YW5pdHksIHByZXR0eSB1cmwsIHNlbywgcGFnZXZpZXcsIHZpZXc8L3NwYW4+PC9saT4gICAgICAgICAgICAgICAgICAgICAgICAgICAgICAgICAgICAgICAgPGxpPjxhIGhyZWY9Imh0dHA6Ly92YW5pbGxhLmhpdmUtdGVtcGxhdGUubG9jYWwuZmUxLnN0Zy5oYXJ2ZXN0ZHAuYW5jaG9yLm5ldC5hdS9pbmRleC5waHAvZGFzaGJvYXJkL3N5c3RlbS9zZW8vYnVsayI+QnVsayBTRU8gVXBkYXRlcjwvYT48c3Bhbj5CdWxrIFNFTyBVcGRhdGVyIGJ1bGssIHNlbywgY2hhbmdlIGtleXdvcmRzLCBlbmdpbmUsIG9wdGltaXphdGlvbiwgc2VhcmNoPC9zcGFuPjwvbGk+ICAgICAgICAgICAgICAgICAgICAgICAgICAgICAgICAgICAgICAgIDxsaT48YSBocmVmPSJodHRwOi8vdmFuaWxsYS5oaXZlLXRlbXBsYXRlLmxvY2FsLmZlMS5zdGcuaGFydmVzdGRwLmFuY2hvci5uZXQuYXUvaW5kZXgucGhwL2Rhc2hib2FyZC9zeXN0ZW0vc2VvL2NvZGVzIj5UcmFja2luZyBDb2RlczwvYT48c3Bhbj5UcmFja2luZyBDb2RlcyB0cmFmZmljLCBzdGF0aXN0aWNzLCBnb29nbGUgYW5hbHl0aWNzLCBxdWFudCwgcGFnZXZpZXdzLCBoaXRzPC9zcGFuPjwvbGk+ICAgICAgICAgICAgICAgICAgICAgICAgICAgICAgICAgICAgICAgIDxsaT48YSBocmVmPSJodHRwOi8vdmFuaWxsYS5oaXZlLXRlbXBsYXRlLmxvY2FsLmZlMS5zdGcuaGFydmVzdGRwLmFuY2hvci5uZXQuYXUvaW5kZXgucGhwL2Rhc2hib2FyZC9zeXN0ZW0vc2VvL2V4Y2x1ZGVkIj5FeGNsdWRlZCBVUkwgV29yZCBMaXN0PC9hPjxzcGFuPkV4Y2x1ZGVkIFVSTCBXb3JkIExpc3QgcHJldHR5LCBzbHVnPC9zcGFuPjwvbGk+ICAgICAgICAgICAgICAgICAgICAgICAgICAgICAgICAgICAgICAgIDxsaT48YSBocmVmPSJodHRwOi8vdmFuaWxsYS5oaXZlLXRlbXBsYXRlLmxvY2FsLmZlMS5zdGcuaGFydmVzdGRwLmFuY2hvci5uZXQuYXUvaW5kZXgucGhwL2Rhc2hib2FyZC9zeXN0ZW0vc2VvL3NlYXJjaGluZGV4Ij5TZWFyY2ggSW5kZXg8L2E+PHNwYW4+U2VhcmNoIEluZGV4IGNvbmZpZ3VyZSBzZWFyY2gsIHNpdGUgc2VhcmNoLCBzZWFyY2ggb3B0aW9uPC9zcGFuPjwvbGk+ICAgICAgICAgICAgICAgICAgICAgICAgICAgICAgICAgICAgICAgIDxsaT48YSBocmVmPSJodHRwOi8vdmFuaWxsYS5oaXZlLXRlbXBsYXRlLmxvY2FsLmZlMS5zdGcuaGFydmVzdGRwLmFuY2hvci5uZXQuYXUvaW5kZXgucGhwL2Rhc2hib2FyZC9zeXN0ZW0vZmlsZXMiPkZpbGVzPC9hPjxzcGFuPkZpbGVzIDwvc3Bhbj48L2xpPiAgICAgICAgICAgICAgICAgICAgICAgICAgICAgICAgICAgICAgICA8bGk+PGEgaHJlZj0iaHR0cDovL3ZhbmlsbGEuaGl2ZS10ZW1wbGF0ZS5sb2NhbC5mZTEuc3RnLmhhcnZlc3RkcC5hbmNob3IubmV0LmF1L2luZGV4LnBocC9kYXNoYm9hcmQvc3lzdGVtL2ZpbGVzL3Blcm1pc3Npb25zIj5GaWxlIE1hbmFnZXIgUGVybWlzc2lvbnM8L2E+PHNwYW4+RmlsZSBNYW5hZ2VyIFBlcm1pc3Npb25zIGZpbGUgb3B0aW9ucywgZmlsZSBtYW5hZ2VyLCB1cGxvYWQsIG1vZGlmeTwvc3Bhbj48L2xpPiAgICAgICAgICAgICAgICAgICAgICAgICAgICAgICAgICAgICAgICA8bGk+PGEgaHJlZj0iaHR0cDovL3ZhbmlsbGEuaGl2ZS10ZW1wbGF0ZS5sb2NhbC5mZTEuc3RnLmhhcnZlc3RkcC5hbmNob3IubmV0LmF1L2luZGV4LnBocC9kYXNoYm9hcmQvc3lzdGVtL2ZpbGVzL2ZpbGV0eXBlcyI+QWxsb3dlZCBGaWxlIFR5cGVzPC9hPjxzcGFuPkFsbG93ZWQgRmlsZSBUeXBlcyBzZWN1cml0eSwgZmlsZXMsIG1lZGlhLCBleHRlbnNpb24sIG1hbmFnZXIsIHVwbG9hZDwvc3Bhbj48L2xpPiAgICAgICAgICAgICAgICAgICAgICAgICAgICAgICAgICAgICAgICA8bGk+PGEgaHJlZj0iaHR0cDovL3ZhbmlsbGEuaGl2ZS10ZW1wbGF0ZS5sb2NhbC5mZTEuc3RnLmhhcnZlc3RkcC5hbmNob3IubmV0LmF1L2luZGV4LnBocC9kYXNoYm9hcmQvc3lzdGVtL2ZpbGVzL3RodW1ibmFpbHMiPlRodW1ibmFpbHM8L2E+PHNwYW4+VGh1bWJuYWlscyBpbWFnZXMsIHBpY3R1cmUsIHJlc3BvbnNpdmUsIHJldGluYTwvc3Bhbj48L2xpPiAgICAgICAgICAgICAgICAgICAgICAgICAgICAgICAgICAgICAgICA8bGk+PGEgaHJlZj0iaHR0cDovL3ZhbmlsbGEuaGl2ZS10ZW1wbGF0ZS5sb2NhbC5mZTEuc3RnLmhhcnZlc3RkcC5hbmNob3IubmV0LmF1L2luZGV4LnBocC9kYXNoYm9hcmQvc3lzdGVtL2ZpbGVzL3N0b3JhZ2UiPkZpbGUgU3RvcmFnZSBMb2NhdGlvbnM8L2E+PHNwYW4+RmlsZSBTdG9yYWdlIExvY2F0aW9ucyBzZWN1cml0eSwgYWx0ZXJuYXRlIHN0b3JhZ2UsIGhpZGUgZmlsZXM8L3NwYW4+PC9saT4gICAgICAgICAgICAgICAgICAgICAgICAgICAgICAgICAgICAgICAgPGxpPjxhIGhyZWY9Imh0dHA6Ly92YW5pbGxhLmhpdmUtdGVtcGxhdGUubG9jYWwuZmUxLnN0Zy5oYXJ2ZXN0ZHAuYW5jaG9yLm5ldC5hdS9pbmRleC5waHAvZGFzaGJvYXJkL3N5c3RlbS9maWxlcy9pbWFnZV91cGxvYWRpbmciPkltYWdlIFVwbG9hZGluZzwvYT48c3Bhbj5JbWFnZSBVcGxvYWRpbmcgPC9zcGFuPjwvbGk+ICAgICAgICAgICAgICAgICAgICAgICAgICAgICAgICAgICAgICAgIDxsaT48YSBocmVmPSJodHRwOi8vdmFuaWxsYS5oaXZlLXRlbXBsYXRlLmxvY2FsLmZlMS5zdGcuaGFydmVzdGRwLmFuY2hvci5uZXQuYXUvaW5kZXgucGhwL2Rhc2hib2FyZC9zeXN0ZW0vb3B0aW1pemF0aW9uIj5PcHRpbWl6YXRpb248L2E+PHNwYW4+T3B0aW1pemF0aW9uIDwvc3Bhbj48L2xpPiAgICAgICAgICAgICAgICAgICAgICAgICAgICAgICAgICAgICAgICA8bGk+PGEgaHJlZj0iaHR0cDovL3ZhbmlsbGEuaGl2ZS10ZW1wbGF0ZS5sb2NhbC5mZTEuc3RnLmhhcnZlc3RkcC5hbmNob3IubmV0LmF1L2luZGV4LnBocC9kYXNoYm9hcmQvc3lzdGVtL29wdGltaXphdGlvbi9jYWNoZSI+Q2FjaGUgJiBTcGVlZCBTZXR0aW5nczwvYT48c3Bhbj5DYWNoZSAmIFNwZWVkIFNldHRpbmdzIGNhY2hlIG9wdGlvbiwgY2hhbmdlIGNhY2hlLCBvdmVycmlkZSwgdHVybiBvbiBjYWNoZSwgdHVybiBvZmYgY2FjaGUsIG5vIGNhY2hlLCBwYWdlIGNhY2hlLCBjYWNoaW5nPC9zcGFuPjwvbGk+ICAgICAgICAgICAgICAgICAgICAgICAgICAgICAgICAgICAgICAgIDxsaT48YSBocmVmPSJodHRwOi8vdmFuaWxsYS5oaXZlLXRlbXBsYXRlLmxvY2FsLmZlMS5zdGcuaGFydmVzdGRwLmFuY2hvci5uZXQuYXUvaW5kZXgucGhwL2Rhc2hib2FyZC9zeXN0ZW0vb3B0aW1pemF0aW9uL2NsZWFyY2FjaGUiPkNsZWFyIENhY2hlPC9hPjxzcGFuPkNsZWFyIENhY2hlIGNhY2hlIG9wdGlvbiwgdHVybiBvZmYgY2FjaGUsIG5vIGNhY2hlLCBwYWdlIGNhY2hlLCBjYWNoaW5nPC9zcGFuPjwvbGk+ICAgICAgICAgICAgICAgICAgICAgICAgICAgICAgICAgICAgICAgIDxsaT48YSBocmVmPSJodHRwOi8vdmFuaWxsYS5oaXZlLXRlbXBsYXRlLmxvY2FsLmZlMS5zdGcuaGFydmVzdGRwLmFuY2hvci5uZXQuYXUvaW5kZXgucGhwL2Rhc2hib2FyZC9zeXN0ZW0vb3B0aW1pemF0aW9uL2pvYnMiPkF1dG9tYXRlZCBKb2JzPC9hPjxzcGFuPkF1dG9tYXRlZCBKb2JzIGluZGV4IHNlYXJjaCwgcmVpbmRleCBzZWFyY2gsIGJ1aWxkIHNpdGVtYXAsIHNpdGVtYXAueG1sLCBjbGVhciBvbGQgdmVyc2lvbnMsIHBhZ2UgdmVyc2lvbnMsIHJlbW92ZSBvbGQ8L3NwYW4+PC9saT4gICAgICAgICAgICAgICAgICAgICAgICAgICAgICAgICAgICAgICAgPGxpPjxhIGhyZWY9Imh0dHA6Ly92YW5pbGxhLmhpdmUtdGVtcGxhdGUubG9jYWwuZmUxLnN0Zy5oYXJ2ZXN0ZHAuYW5jaG9yLm5ldC5hdS9pbmRleC5waHAvZGFzaGJvYXJkL3N5c3RlbS9vcHRpbWl6YXRpb24vcXVlcnlfbG9nIj5EYXRhYmFzZSBRdWVyeSBMb2c8L2E+PHNwYW4+RGF0YWJhc2UgUXVlcnkgTG9nIHF1ZXJpZXMsIGRhdGFiYXNlLCBteXNxbDwvc3Bhbj48L2xpPiAgICAgICAgICAgICAgICAgICAgICAgICAgICAgICAgICAgICAgICA8bGk+PGEgaHJlZj0iaHR0cDovL3ZhbmlsbGEuaGl2ZS10ZW1wbGF0ZS5sb2NhbC5mZTEuc3RnLmhhcnZlc3RkcC5hbmNob3IubmV0LmF1L2luZGV4LnBocC9kYXNoYm9hcmQvc3lzdGVtL3Blcm1pc3Npb25zIj5QZXJtaXNzaW9ucyAmIEFjY2VzczwvYT48c3Bhbj5QZXJtaXNzaW9ucyAmIEFjY2VzcyA8L3NwYW4+PC9saT4gICAgICAgICAgICAgICAgICAgICAgICAgICAgICAgICAgICAgICAgPGxpPjxhIGhyZWY9Imh0dHA6Ly92YW5pbGxhLmhpdmUtdGVtcGxhdGUubG9jYWwuZmUxLnN0Zy5oYXJ2ZXN0ZHAuYW5jaG9yLm5ldC5hdS9pbmRleC5waHAvZGFzaGJvYXJkL3N5c3RlbS9wZXJtaXNzaW9ucy9zaXRlIj5TaXRlIEFjY2VzczwvYT48c3Bhbj5TaXRlIEFjY2VzcyBlZGl0b3JzLCBoaWRlIHNpdGUsIG9mZmxpbmUsIHByaXZhdGUsIHB1YmxpYywgYWNjZXNzPC9zcGFuPjwvbGk+ICAgICAgICAgICAgICAgICAgICAgICAgICAgICAgICAgICAgICAgIDxsaT48YSBocmVmPSJodHRwOi8vdmFuaWxsYS5oaXZlLXRlbXBsYXRlLmxvY2FsLmZlMS5zdGcuaGFydmVzdGRwLmFuY2hvci5uZXQuYXUvaW5kZXgucGhwL2Rhc2hib2FyZC9zeXN0ZW0vcGVybWlzc2lvbnMvdGFza3MiPlRhc2sgUGVybWlzc2lvbnM8L2E+PHNwYW4+VGFzayBQZXJtaXNzaW9ucyBzZWN1cml0eSwgYWN0aW9ucywgYWRtaW5pc3RyYXRvciwgYWRtaW4sIHBhY2thZ2UsIG1hcmtldHBsYWNlLCBzZWFyY2g8L3NwYW4+PC9saT4gICAgICAgICAgICAgICAgICAgICAgICAgICAgICAgICAgICAgICAgPGxpPjxhIGhyZWY9Imh0dHA6Ly92YW5pbGxhLmhpdmUtdGVtcGxhdGUubG9jYWwuZmUxLnN0Zy5oYXJ2ZXN0ZHAuYW5jaG9yLm5ldC5hdS9pbmRleC5waHAvZGFzaGJvYXJkL3N5c3RlbS9wZXJtaXNzaW9ucy91c2VycyI+VXNlciBQZXJtaXNzaW9uczwvYT48c3Bhbj5Vc2VyIFBlcm1pc3Npb25zIDwvc3Bhbj48L2xpPiAgICAgICAgICAgICAgICAgICAgICAgICAgICAgICAgICAgICAgICA8bGk+PGEgaHJlZj0iaHR0cDovL3ZhbmlsbGEuaGl2ZS10ZW1wbGF0ZS5sb2NhbC5mZTEuc3RnLmhhcnZlc3RkcC5hbmNob3IubmV0LmF1L2luZGV4LnBocC9kYXNoYm9hcmQvc3lzdGVtL3Blcm1pc3Npb25zL2FkdmFuY2VkIj5BZHZhbmNlZCBQZXJtaXNzaW9uczwvYT48c3Bhbj5BZHZhbmNlZCBQZXJtaXNzaW9ucyA8L3NwYW4+PC9saT4gICAgICAgICAgICAgICAgICAgICAgICAgICAgICAgICAgICAgICAgPGxpPjxhIGhyZWY9Imh0dHA6Ly92YW5pbGxhLmhpdmUtdGVtcGxhdGUubG9jYWwuZmUxLnN0Zy5oYXJ2ZXN0ZHAuYW5jaG9yLm5ldC5hdS9pbmRleC5waHAvZGFzaGJvYXJkL3N5c3RlbS9wZXJtaXNzaW9ucy9ibGFja2xpc3QiPklQIEJsYWNrbGlzdDwvYT48c3Bhbj5JUCBCbGFja2xpc3Qgc2VjdXJpdHksIGxvY2sgaXAsIGxvY2sgb3V0LCBibG9jayBpcCwgYWRkcmVzcywgcmVzdHJpY3QsIGFjY2Vzczwvc3Bhbj48L2xpPiAgICAgICAgICAgICAgICAgICAgICAgICAgICAgICAgICAgICAgICA8bGk+PGEgaHJlZj0iaHR0cDovL3ZhbmlsbGEuaGl2ZS10ZW1wbGF0ZS5sb2NhbC5mZTEuc3RnLmhhcnZlc3RkcC5hbmNob3IubmV0LmF1L2luZGV4LnBocC9kYXNoYm9hcmQvc3lzdGVtL3Blcm1pc3Npb25zL2NhcHRjaGEiPkNhcHRjaGEgU2V0dXA8L2E+PHNwYW4+Q2FwdGNoYSBTZXR1cCBzZWN1cml0eSwgcmVnaXN0cmF0aW9uPC9zcGFuPjwvbGk+ICAgICAgICAgICAgICAgICAgICAgICAgICAgICAgICAgICAgICAgIDxsaT48YSBocmVmPSJodHRwOi8vdmFuaWxsYS5oaXZlLXRlbXBsYXRlLmxvY2FsLmZlMS5zdGcuaGFydmVzdGRwLmFuY2hvci5uZXQuYXUvaW5kZXgucGhwL2Rhc2hib2FyZC9zeXN0ZW0vcGVybWlzc2lvbnMvYW50aXNwYW0iPlNwYW0gQ29udHJvbDwvYT48c3Bhbj5TcGFtIENvbnRyb2wgYW50aXNwYW0sIGJsb2NrIHNwYW0sIHNlY3VyaXR5PC9zcGFuPjwvbGk+ICAgICAgICAgICAgICAgICAgICAgICAgICAgICAgICAgICAgICAgIDxsaT48YSBocmVmPSJodHRwOi8vdmFuaWxsYS5oaXZlLXRlbXBsYXRlLmxvY2FsLmZlMS5zdGcuaGFydmVzdGRwLmFuY2hvci5uZXQuYXUvaW5kZXgucGhwL2Rhc2hib2FyZC9zeXN0ZW0vcGVybWlzc2lvbnMvbWFpbnRlbmFuY2UiPk1haW50ZW5hbmNlIE1vZGU8L2E+PHNwYW4+TWFpbnRlbmFuY2UgTW9kZSBsb2NrIHNpdGUsIHVuZGVyIGNvbnN0cnVjdGlvbiwgaGlkZSwgaGlkZGVuPC9zcGFuPjwvbGk+ICAgICAgICAgICAgICAgICAgICAgICAgICAgICAgICAgICAgICAgIDxsaT48YSBocmVmPSJodHRwOi8vdmFuaWxsYS5oaXZlLXRlbXBsYXRlLmxvY2FsLmZlMS5zdGcuaGFydmVzdGRwLmFuY2hvci5uZXQuYXUvaW5kZXgucGhwL2Rhc2hib2FyZC9zeXN0ZW0vcmVnaXN0cmF0aW9uIj5Mb2dpbiAmIFJlZ2lzdHJhdGlvbjwvYT48c3Bhbj5Mb2dpbiAmIFJlZ2lzdHJhdGlvbiA8L3NwYW4+PC9saT4gICAgICAgICAgICAgICAgICAgICAgICAgICAgICAgICAgICAgICAgPGxpPjxhIGhyZWY9Imh0dHA6Ly92YW5pbGxhLmhpdmUtdGVtcGxhdGUubG9jYWwuZmUxLnN0Zy5oYXJ2ZXN0ZHAuYW5jaG9yLm5ldC5hdS9pbmRleC5waHAvZGFzaGJvYXJkL3N5c3RlbS9yZWdpc3RyYXRpb24vcG9zdGxvZ2luIj5Mb2dpbiBEZXN0aW5hdGlvbjwvYT48c3Bhbj5Mb2dpbiBEZXN0aW5hdGlvbiBwcm9maWxlLCBsb2dpbiwgcmVkaXJlY3QsIHNwZWNpZmljLCBkYXNoYm9hcmQsIGFkbWluaXN0cmF0b3JzPC9zcGFuPjwvbGk+ICAgICAgICAgICAgICAgICAgICAgICAgICAgICAgICAgICAgICAgIDxsaT48YSBocmVmPSJodHRwOi8vdmFuaWxsYS5oaXZlLXRlbXBsYXRlLmxvY2FsLmZlMS5zdGcuaGFydmVzdGRwLmFuY2hvci5uZXQuYXUvaW5kZXgucGhwL2Rhc2hib2FyZC9zeXN0ZW0vcmVnaXN0cmF0aW9uL3Byb2ZpbGVzIj5QdWJsaWMgUHJvZmlsZXM8L2E+PHNwYW4+UHVibGljIFByb2ZpbGVzIG1lbWJlciBwcm9maWxlLCBtZW1iZXIgcGFnZSwgY29tbXVuaXR5LCBmb3J1bXMsIHNvY2lhbCwgYXZhdGFyPC9zcGFuPjwvbGk+ICAgICAgICAgICAgICAgICAgICAgICAgICAgICAgICAgICAgICAgIDxsaT48YSBocmVmPSJodHRwOi8vdmFuaWxsYS5oaXZlLXRlbXBsYXRlLmxvY2FsLmZlMS5zdGcuaGFydmVzdGRwLmFuY2hvci5uZXQuYXUvaW5kZXgucGhwL2Rhc2hib2FyZC9zeXN0ZW0vcmVnaXN0cmF0aW9uL29wZW4iPlB1YmxpYyBSZWdpc3RyYXRpb248L2E+PHNwYW4+UHVibGljIFJlZ2lzdHJhdGlvbiBzaWdudXAsIG5ldyB1c2VyLCBjb21tdW5pdHksIHB1YmxpYyByZWdpc3RyYXRpb24sIHB1YmxpYywgcmVnaXN0cmF0aW9uPC9zcGFuPjwvbGk+ICAgICAgICAgICAgICAgICAgICAgICAgICAgICAgICAgICAgICAgIDxsaT48YSBocmVmPSJodHRwOi8vdmFuaWxsYS5oaXZlLXRlbXBsYXRlLmxvY2FsLmZlMS5zdGcuaGFydmVzdGRwLmFuY2hvci5uZXQuYXUvaW5kZXgucGhwL2Rhc2hib2FyZC9zeXN0ZW0vcmVnaXN0cmF0aW9uL2F1dGhlbnRpY2F0aW9uIj5BdXRoZW50aWNhdGlvbiBUeXBlczwvYT48c3Bhbj5BdXRoZW50aWNhdGlvbiBUeXBlcyBhdXRoLCBhdXRoZW50aWNhdGlvbiwgdHlwZXMsIG9hdXRoLCBmYWNlYm9vaywgbG9naW4sIHJlZ2lzdHJhdGlvbjwvc3Bhbj48L2xpPiAgICAgICAgICAgICAgICAgICAgICAgICAgICAgICAgICAgICAgICA8bGk+PGEgaHJlZj0iaHR0cDovL3ZhbmlsbGEuaGl2ZS10ZW1wbGF0ZS5sb2NhbC5mZTEuc3RnLmhhcnZlc3RkcC5hbmNob3IubmV0LmF1L2luZGV4LnBocC9kYXNoYm9hcmQvc3lzdGVtL21haWwiPkVtYWlsPC9hPjxzcGFuPkVtYWlsIHNtdHAsIG1haWwgc2V0dGluZ3M8L3NwYW4+PC9saT4gICAgICAgICAgICAgICAgICAgICAgICAgICAgICAgICAgICAgICAgPGxpPjxhIGhyZWY9Imh0dHA6Ly92YW5pbGxhLmhpdmUtdGVtcGxhdGUubG9jYWwuZmUxLnN0Zy5oYXJ2ZXN0ZHAuYW5jaG9yLm5ldC5hdS9pbmRleC5waHAvZGFzaGJvYXJkL3N5c3RlbS9tYWlsL21ldGhvZCI+U01UUCBNZXRob2Q8L2E+PHNwYW4+U01UUCBNZXRob2QgZW1haWwgc2VydmVyLCBtYWlsIHNldHRpbmdzLCBtYWlsIGNvbmZpZ3VyYXRpb24sIGV4dGVybmFsLCBpbnRlcm5hbDwvc3Bhbj48L2xpPiAgICAgICAgICAgICAgICAgICAgICAgICAgICAgICAgICAgICAgICA8bGk+PGEgaHJlZj0iaHR0cDovL3ZhbmlsbGEuaGl2ZS10ZW1wbGF0ZS5sb2NhbC5mZTEuc3RnLmhhcnZlc3RkcC5hbmNob3IubmV0LmF1L2luZGV4LnBocC9kYXNoYm9hcmQvc3lzdGVtL21haWwvbWV0aG9kL3Rlc3QiPlRlc3QgTWFpbCBTZXR0aW5nczwvYT48c3Bhbj5UZXN0IE1haWwgU2V0dGluZ3MgdGVzdCBzbXRwLCB0ZXN0IG1haWw8L3NwYW4+PC9saT4gICAgICAgICAgICAgICAgICAgICAgICAgICAgICAgICAgICAgICAgPGxpPjxhIGhyZWY9Imh0dHA6Ly92YW5pbGxhLmhpdmUtdGVtcGxhdGUubG9jYWwuZmUxLnN0Zy5oYXJ2ZXN0ZHAuYW5jaG9yLm5ldC5hdS9pbmRleC5waHAvZGFzaGJvYXJkL3N5c3RlbS9tYWlsL2ltcG9ydGVycyI+RW1haWwgSW1wb3J0ZXJzPC9hPjxzcGFuPkVtYWlsIEltcG9ydGVycyBlbWFpbCBzZXJ2ZXIsIG1haWwgc2V0dGluZ3MsIG1haWwgY29uZmlndXJhdGlvbiwgcHJpdmF0ZSBtZXNzYWdlLCBtZXNzYWdlIHN5c3RlbSwgaW1wb3J0LCBlbWFpbCwgbWVzc2FnZTwvc3Bhbj48L2xpPiAgICAgICAgICAgICAgICAgICAgICAgICAgICAgICAgICAgICAgICA8bGk+PGEgaHJlZj0iaHR0cDovL3ZhbmlsbGEuaGl2ZS10ZW1wbGF0ZS5sb2NhbC5mZTEuc3RnLmhhcnZlc3RkcC5hbmNob3IubmV0LmF1L2luZGV4LnBocC9kYXNoYm9hcmQvc3lzdGVtL2NvbnZlcnNhdGlvbnMiPkNvbnZlcnNhdGlvbnM8L2E+PHNwYW4+Q29udmVyc2F0aW9ucyBjb252ZXJzYXRpb25zPC9zcGFuPjwvbGk+ICAgICAgICAgICAgICAgICAgICAgICAgICAgICAgICAgICAgICAgIDxsaT48YSBocmVmPSJodHRwOi8vdmFuaWxsYS5oaXZlLXRlbXBsYXRlLmxvY2FsLmZlMS5zdGcuaGFydmVzdGRwLmFuY2hvci5uZXQuYXUvaW5kZXgucGhwL2Rhc2hib2FyZC9zeXN0ZW0vY29udmVyc2F0aW9ucy9zZXR0aW5ncyI+U2V0dGluZ3M8L2E+PHNwYW4+U2V0dGluZ3MgY29udmVyc2F0aW9uczwvc3Bhbj48L2xpPiAgICAgICAgICAgICAgICAgICAgICAgICAgICAgICAgICAgICAgICA8bGk+PGEgaHJlZj0iaHR0cDovL3ZhbmlsbGEuaGl2ZS10ZW1wbGF0ZS5sb2NhbC5mZTEuc3RnLmhhcnZlc3RkcC5hbmNob3IubmV0LmF1L2luZGV4LnBocC9kYXNoYm9hcmQvc3lzdGVtL2NvbnZlcnNhdGlvbnMvcG9pbnRzIj5Db21tdW5pdHkgUG9pbnRzPC9hPjxzcGFuPkNvbW11bml0eSBQb2ludHMgY29udmVyc2F0aW9ucyByYXRpbmdzLCByYXRpbmdzLCBjb21tdW5pdHksIGNvbW11bml0eSBwb2ludHM8L3NwYW4+PC9saT4gICAgICAgICAgICAgICAgICAgICAgICAgICAgICAgICAgICAgICAgPGxpPjxhIGhyZWY9Imh0dHA6Ly92YW5pbGxhLmhpdmUtdGVtcGxhdGUubG9jYWwuZmUxLnN0Zy5oYXJ2ZXN0ZHAuYW5jaG9yLm5ldC5hdS9pbmRleC5waHAvZGFzaGJvYXJkL3N5c3RlbS9jb252ZXJzYXRpb25zL2Jhbm5lZHdvcmRzIj5CYW5uZWQgV29yZHM8L2E+PHNwYW4+QmFubmVkIFdvcmRzIGNvbnZlcnNhdGlvbnMgYmFkIHdvcmRzLCBiYW5uZWQgd29yZHMsIGJhbm5lZCwgYmFkIHdvcmRzLCBiYWQsIHdvcmRzLCBsaXN0PC9zcGFuPjwvbGk+ICAgICAgICAgICAgICAgICAgICAgICAgICAgICAgICAgICAgICAgIDxsaT48YSBocmVmPSJodHRwOi8vdmFuaWxsYS5oaXZlLXRlbXBsYXRlLmxvY2FsLmZlMS5zdGcuaGFydmVzdGRwLmFuY2hvci5uZXQuYXUvaW5kZXgucGhwL2Rhc2hib2FyZC9zeXN0ZW0vY29udmVyc2F0aW9ucy9wZXJtaXNzaW9ucyI+Q29udmVyc2F0aW9uIFBlcm1pc3Npb25zPC9hPjxzcGFuPkNvbnZlcnNhdGlvbiBQZXJtaXNzaW9ucyA8L3NwYW4+PC9saT4gICAgICAgICAgICAgICAgICAgICAgICAgICAgICAgICAgICAgICAgPGxpPjxhIGhyZWY9Imh0dHA6Ly92YW5pbGxhLmhpdmUtdGVtcGxhdGUubG9jYWwuZmUxLnN0Zy5oYXJ2ZXN0ZHAuYW5jaG9yLm5ldC5hdS9pbmRleC5waHAvZGFzaGJvYXJkL3N5c3RlbS9hdHRyaWJ1dGVzIj5BdHRyaWJ1dGVzPC9hPjxzcGFuPkF0dHJpYnV0ZXMgYXR0cmlidXRlIGNvbmZpZ3VyYXRpb248L3NwYW4+PC9saT4gICAgICAgICAgICAgICAgICAgICAgICAgICAgICAgICAgICAgICAgPGxpPjxhIGhyZWY9Imh0dHA6Ly92YW5pbGxhLmhpdmUtdGVtcGxhdGUubG9jYWwuZmUxLnN0Zy5oYXJ2ZXN0ZHAuYW5jaG9yLm5ldC5hdS9pbmRleC5waHAvZGFzaGJvYXJkL3N5c3RlbS9hdHRyaWJ1dGVzL3NldHMiPlNldHM8L2E+PHNwYW4+U2V0cyBhdHRyaWJ1dGVzLCBzZXRzPC9zcGFuPjwvbGk+ICAgICAgICAgICAgICAgICAgICAgICAgICAgICAgICAgICAgICAgIDxsaT48YSBocmVmPSJodHRwOi8vdmFuaWxsYS5oaXZlLXRlbXBsYXRlLmxvY2FsLmZlMS5zdGcuaGFydmVzdGRwLmFuY2hvci5uZXQuYXUvaW5kZXgucGhwL2Rhc2hib2FyZC9zeXN0ZW0vYXR0cmlidXRlcy90eXBlcyI+VHlwZXM8L2E+PHNwYW4+VHlwZXMgYXR0cmlidXRlcywgdHlwZXM8L3NwYW4+PC9saT4gICAgICAgICAgICAgICAgICAgICAgICAgICAgICAgICAgICAgICAgPGxpPjxhIGhyZWY9Imh0dHA6Ly92YW5pbGxhLmhpdmUtdGVtcGxhdGUubG9jYWwuZmUxLnN0Zy5oYXJ2ZXN0ZHAuYW5jaG9yLm5ldC5hdS9pbmRleC5waHAvZGFzaGJvYXJkL3N5c3RlbS9hdHRyaWJ1dGVzL3RvcGljcyI+VG9waWNzPC9hPjxzcGFuPlRvcGljcyB0b3BpY3MsIHRhZ3MsIHRheG9ub215PC9zcGFuPjwvbGk+ICAgICAgICAgICAgICAgICAgICAgICAgICAgICAgICAgICAgICAgIDxsaT48YSBocmVmPSJodHRwOi8vdmFuaWxsYS5oaXZlLXRlbXBsYXRlLmxvY2FsLmZlMS5zdGcuaGFydmVzdGRwLmFuY2hvci5uZXQuYXUvaW5kZXgucGhwL2Rhc2hib2FyZC9zeXN0ZW0vYXR0cmlidXRlcy90b3BpY3MvYWRkIj5BZGQgVG9waWMgVHJlZTwvYT48c3Bhbj5BZGQgVG9waWMgVHJlZSA8L3NwYW4+PC9saT4gICAgICAgICAgICAgICAgICAgICAgICAgICAgICAgICAgICAgICAgPGxpPjxhIGhyZWY9Imh0dHA6Ly92YW5pbGxhLmhpdmUtdGVtcGxhdGUubG9jYWwuZmUxLnN0Zy5oYXJ2ZXN0ZHAuYW5jaG9yLm5ldC5hdS9pbmRleC5waHAvZGFzaGJvYXJkL3N5c3RlbS9lbnZpcm9ubWVudC9pbmZvIj5FbnZpcm9ubWVudCBJbmZvcm1hdGlvbjwvYT48c3Bhbj5FbnZpcm9ubWVudCBJbmZvcm1hdGlvbiBvdmVycmlkZXMsIHN5c3RlbSBpbmZvLCBkZWJ1Zywgc3VwcG9ydCwgaGVscDwvc3Bhbj48L2xpPiAgICAgICAgICAgICAgICAgICAgICAgICAgICAgICAgICAgICAgICA8bGk+PGEgaHJlZj0iaHR0cDovL3ZhbmlsbGEuaGl2ZS10ZW1wbGF0ZS5sb2NhbC5mZTEuc3RnLmhhcnZlc3RkcC5hbmNob3IubmV0LmF1L2luZGV4LnBocC9kYXNoYm9hcmQvc3lzdGVtL2Vudmlyb25tZW50L2RlYnVnIj5EZWJ1ZyBTZXR0aW5nczwvYT48c3Bhbj5EZWJ1ZyBTZXR0aW5ncyBlcnJvcnMsIGV4Y2VwdGlvbnMsIGRldmVsb3AsIHN1cHBvcnQsIGhlbHA8L3NwYW4+PC9saT4gICAgICAgICAgICAgICAgICAgICAgICAgICAgICAgICAgICAgICAgPGxpPjxhIGhyZWY9Imh0dHA6Ly92YW5pbGxhLmhpdmUtdGVtcGxhdGUubG9jYWwuZmUxLnN0Zy5oYXJ2ZXN0ZHAuYW5jaG9yLm5ldC5hdS9pbmRleC5waHAvZGFzaGJvYXJkL3N5c3RlbS9lbnZpcm9ubWVudC9sb2dnaW5nIj5Mb2dnaW5nIFNldHRpbmdzPC9hPjxzcGFuPkxvZ2dpbmcgU2V0dGluZ3MgZW1haWwsIGxvZ2dpbmcsIGxvZ3MsIHNtdHAsIHBvcCwgZXJyb3JzLCBteXNxbCwgbG9nPC9zcGFuPjwvbGk+ICAgICAgICAgICAgICAgICAgICAgICAgICAgICAgICAgICAgICAgIDxsaT48YSBocmVmPSJodHRwOi8vdmFuaWxsYS5oaXZlLXRlbXBsYXRlLmxvY2FsLmZlMS5zdGcuaGFydmVzdGRwLmFuY2hvci5uZXQuYXUvaW5kZXgucGhwL2Rhc2hib2FyZC9zeXN0ZW0vZW52aXJvbm1lbnQvcHJveHkiPlByb3h5IFNlcnZlcjwvYT48c3Bhbj5Qcm94eSBTZXJ2ZXIgbmV0d29yaywgcHJveHkgc2VydmVyPC9zcGFuPjwvbGk+ICAgICAgICAgICAgICAgICAgICAgICAgICAgICAgICAgICAgICAgIDxsaT48YSBocmVmPSJodHRwOi8vdmFuaWxsYS5oaXZlLXRlbXBsYXRlLmxvY2FsLmZlMS5zdGcuaGFydmVzdGRwLmFuY2hvci5uZXQuYXUvaW5kZXgucGhwL2Rhc2hib2FyZC9zeXN0ZW0vZW52aXJvbm1lbnQvZW50aXRpZXMiPkRhdGFiYXNlIEVudGl0aWVzPC9hPjxzcGFuPkRhdGFiYXNlIEVudGl0aWVzIGRhdGFiYXNlLCBlbnRpdGllcywgZG9jdHJpbmUsIG9ybTwvc3Bhbj48L2xpPiAgICAgICAgICAgICAgICAgICAgICAgICAgICAgICAgICAgICAgICA8bGk+PGEgaHJlZj0iaHR0cDovL3ZhbmlsbGEuaGl2ZS10ZW1wbGF0ZS5sb2NhbC5mZTEuc3RnLmhhcnZlc3RkcC5hbmNob3IubmV0LmF1L2luZGV4LnBocC9kYXNoYm9hcmQvc3lzdGVtL2JhY2t1cCI+QmFja3VwICYgUmVzdG9yZTwvYT48c3Bhbj5CYWNrdXAgJiBSZXN0b3JlIGV4cG9ydCwgYmFja3VwLCBkYXRhYmFzZSwgc3FsLCBteXNxbCwgZW5jcnlwdGlvbiwgcmVzdG9yZTwvc3Bhbj48L2xpPiAgICAgICAgICAgICAgICAgICAgICAgICAgICAgICAgICAgICAgICA8bGk+PGEgaHJlZj0iaHR0cDovL3ZhbmlsbGEuaGl2ZS10ZW1wbGF0ZS5sb2NhbC5mZTEuc3RnLmhhcnZlc3RkcC5hbmNob3IubmV0LmF1L2luZGV4LnBocC9kYXNoYm9hcmQvc3lzdGVtL2JhY2t1cC9iYWNrdXAiPkJhY2t1cCBEYXRhYmFzZTwvYT48c3Bhbj5CYWNrdXAgRGF0YWJhc2UgPC9zcGFuPjwvbGk+ICAgICAgICAgICAgICAgICAgICAgICAgICAgICAgICAgICAgICAgIDxsaT48YSBocmVmPSJodHRwOi8vdmFuaWxsYS5oaXZlLXRlbXBsYXRlLmxvY2FsLmZlMS5zdGcuaGFydmVzdGRwLmFuY2hvci5uZXQuYXUvaW5kZXgucGhwL2Rhc2hib2FyZC9zeXN0ZW0vYmFja3VwL3VwZGF0ZSI+VXBkYXRlIGNvbmNyZXRlNTwvYT48c3Bhbj5VcGRhdGUgY29uY3JldGU1IHVwZ3JhZGUsIG5ldyB2ZXJzaW9uLCB1cGRhdGU8L3NwYW4+PC9saT4gICAgICAgICAgICAgICAgICAgICAgICAgICAgICAgICAgICAgICAgPGxpPjxhIGhyZWY9Imh0dHA6Ly92YW5pbGxhLmhpdmUtdGVtcGxhdGUubG9jYWwuZmUxLnN0Zy5oYXJ2ZXN0ZHAuYW5jaG9yLm5ldC5hdS9pbmRleC5waHAvZGFzaGJvYXJkL3N5c3RlbS9tb2RlcmF0aW9uIj5Nb2RlcmF0aW9uPC9hPjxzcGFuPk1vZGVyYXRpb24gPC9zcGFuPjwvbGk+ICAgICAgICAgICAgICAgICAgICAgICAgICAgICAgICAgICAgICAgIDxsaT48YSBocmVmPSJodHRwOi8vdmFuaWxsYS5oaXZlLXRlbXBsYXRlLmxvY2FsLmZlMS5zdGcuaGFydmVzdGRwLmFuY2hvci5uZXQuYXUvaW5kZXgucGhwL2Rhc2hib2FyZC9zeXN0ZW0vbW9kZXJhdGlvbi9yZWFzb24iPlJlYXNvbjwvYT48c3Bhbj5SZWFzb24gPC9zcGFuPjwvbGk+ICAgICAgICAgICAgICAgICAgICAgICAgICAgICAgICAgICAgICAgIDxsaT48YSBocmVmPSJodHRwOi8vdmFuaWxsYS5oaXZlLXRlbXBsYXRlLmxvY2FsLmZlMS5zdGcuaGFydmVzdGRwLmFuY2hvci5uZXQuYXUvaW5kZXgucGhwL2Rhc2hib2FyZC9zeXN0ZW0vbW9kZXJhdGlvbi9wZXJtaXNzaW9ucyI+TW9kZXJhdGlvbiBQZXJtaXNzaW9uczwvYT48c3Bhbj5Nb2RlcmF0aW9uIFBlcm1pc3Npb25zIDwvc3Bhbj48L2xpPiAgICAgICAgICAgICAgICAgICAgICAgICAgICAgICAgICAgICAgICA8bGk+PGEgaHJlZj0iaHR0cDovL3ZhbmlsbGEuaGl2ZS10ZW1wbGF0ZS5sb2NhbC5mZTEuc3RnLmhhcnZlc3RkcC5hbmNob3IubmV0LmF1L2luZGV4LnBocC9kYXNoYm9hcmQvc3lzdGVtL21vZGVyYXRpb24vc2V0dGluZ3MiPlNldHRpbmdzPC9hPjxzcGFuPlNldHRpbmdzIDwvc3Bhbj48L2xpPiAgICAgICAgICAgICAgICAgICAgICAgICAgICAgICAgICAgIDwvdWw+ICAgICAgICAgICAgICAgIDwvZGl2PiAgICAgICAgICAgICAgICAgICAgICAgICAgICAgICAgPGRpdiBjbGFzcz0iY2NtLWludGVsbGlnZW50LXNlYXJjaC1yZXN1bHRzLW1vZHVsZSBjY20taW50ZWxsaWdlbnQtc2VhcmNoLXJlc3VsdHMtbW9kdWxlLW9uc2l0ZSI+ICAgICAgICAgICAgICAgIDxoMT5IaXZlIFNldHRpbmdzPC9oMT4gICAgICAgICAgICAgICAgPHVsIGNsYXNzPSJjY20taW50ZWxsaWdlbnQtc2VhcmNoLXJlc3VsdHMtbGlzdCI+ICAgICAgICAgICAgICAgICAgICAgICAgICAgICAgICAgICAgICAgICAgICAgICAgICAgIDxsaT48YSBocmVmPSJodHRwOi8vdmFuaWxsYS5oaXZlLXRlbXBsYXRlLmxvY2FsLmZlMS5zdGcuaGFydmVzdGRwLmFuY2hvci5uZXQuYXUvaW5kZXgucGhwL2Rhc2hib2FyZC9zZXR0aW5ncy9zaXRlIj5TaXRlPC9hPjxzcGFuPkhpdmUgU2V0dGluZ3MgIFNpdGUgPC9zcGFuPjwvbGk+ICAgICAgICAgICAgICAgICAgICAgICAgICAgICAgICAgICAgICAgIDxsaT48YSBocmVmPSJodHRwOi8vdmFuaWxsYS5oaXZlLXRlbXBsYXRlLmxvY2FsLmZlMS5zdGcuaGFydmVzdGRwLmFuY2hvci5uZXQuYXUvaW5kZXgucGhwL2Rhc2hib2FyZC9zZXR0aW5ncy91c2VycyI+VXNlcnM8L2E+PHNwYW4+SGl2ZSBTZXR0aW5ncyAgVXNlcnMgPC9zcGFuPjwvbGk+ICAgICAgICAgICAgICAgICAgICAgICAgICAgICAgICAgICAgICAgIDxsaT48YSBocmVmPSJodHRwOi8vdmFuaWxsYS5oaXZlLXRlbXBsYXRlLmxvY2FsLmZlMS5zdGcuaGFydmVzdGRwLmFuY2hvci5uZXQuYXUvaW5kZXgucGhwL2Rhc2hib2FyZC9zZXR0aW5ncy9tb2RlcmF0aW9uIj5Nb2RlcmF0aW9uPC9hPjxzcGFuPkhpdmUgU2V0dGluZ3MgIE1vZGVyYXRpb24gPC9zcGFuPjwvbGk+ICAgICAgICAgICAgICAgICAgICAgICAgICAgICAgICAgICAgICAgIDxsaT48YSBocmVmPSJodHRwOi8vdmFuaWxsYS5oaXZlLXRlbXBsYXRlLmxvY2FsLmZlMS5zdGcuaGFydmVzdGRwLmFuY2hvci5uZXQuYXUvaW5kZXgucGhwL2Rhc2hib2FyZC9zZXR0aW5ncy9lbWFpbCI+RW1haWw8L2E+PHNwYW4+SGl2ZSBTZXR0aW5ncyAgRW1haWwgPC9zcGFuPjwvbGk+ICAgICAgICAgICAgICAgICAgICAgICAgICAgICAgICAgICAgICAgIDxsaT48YSBocmVmPSJodHRwOi8vdmFuaWxsYS5oaXZlLXRlbXBsYXRlLmxvY2FsLmZlMS5zdGcuaGFydmVzdGRwLmFuY2hvci5uZXQuYXUvaW5kZXgucGhwL2Rhc2hib2FyZC9zZXR0aW5ncy9wcm9qZWN0cyI+UHJvamVjdHM8L2E+PHNwYW4+SGl2ZSBTZXR0aW5ncyAgUHJvamVjdHMgPC9zcGFuPjwvbGk+ICAgICAgICAgICAgICAgICAgICAgICAgICAgICAgICAgICAgPC91bD4gICAgICAgICAgICAgICAgPC9kaXY+ICAgICAgICAgICAgICAgICAgICAgICAgICAgIDxkaXYgY2xhc3M9ImNjbS1pbnRlbGxpZ2VudC1zZWFyY2gtcmVzdWx0cy1tb2R1bGUgY2NtLWludGVsbGlnZW50LXNlYXJjaC1yZXN1bHRzLW1vZHVsZS1vbnNpdGUiPiAgICAgICAgICAgIDxoMT5EYXNoYm9hcmQgSG9tZTwvaDE+ICAgICAgICAgICAgPHVsIGNsYXNzPSJjY20taW50ZWxsaWdlbnQtc2VhcmNoLXJlc3VsdHMtbGlzdCI+ICAgICAgICAgICAgICAgIDxsaT48YSBocmVmPSJodHRwOi8vdmFuaWxsYS5oaXZlLXRlbXBsYXRlLmxvY2FsLmZlMS5zdGcuaGFydmVzdGRwLmFuY2hvci5uZXQuYXUvaW5kZXgucGhwL2Rhc2hib2FyZC9ob21lIj5DdXN0b21pemUgPHNwYW4+Q3VzdG9taXplIERhc2hib2FyZCBIb21lPC9zcGFuPjwvYT48L2xpPiAgICAgICAgICAgIDwvdWw+ICAgICAgICAgICAgPC9kaXY+ICAgICAgICAgICAgICAgICAgICAgICAgPGRpdiBjbGFzcz0iY2NtLWludGVsbGlnZW50LXNlYXJjaC1yZXN1bHRzLW1vZHVsZSI+ICAgICAgICAgICAgPGgxPllvdXIgU2l0ZTwvaDE+ICAgICAgICAgICAgPGRpdiBjbGFzcz0ibG9hZGVyIj4gICAgICAgICAgICAgICAgPGRpdiBjbGFzcz0iZG90IGRvdDEiPjwvZGl2PiAgICAgICAgICAgICAgICA8ZGl2IGNsYXNzPSJkb3QgZG90MiI+PC9kaXY+ICAgICAgICAgICAgICAgIDxkaXYgY2xhc3M9ImRvdCBkb3QzIj48L2Rpdj4gICAgICAgICAgICAgICAgPGRpdiBjbGFzcz0iZG90IGRvdDQiPjwvZGl2PiAgICAgICAgICAgIDwvZGl2PiAgICAgICAgICAgIDx1bCBjbGFzcz0iY2NtLWludGVsbGlnZW50LXNlYXJjaC1yZXN1bHRzLWxpc3QiIGlkPSJjY20taW50ZWxsaWdlbnQtc2VhcmNoLXJlc3VsdHMtbGlzdC15b3VyLXNpdGUiPiAgICAgICAgICAgIDwvdWw+ICAgICAgICAgICAgPC9kaXY+ICAgICAgICAgICAgICAgICAgICAgICAgICAgICAgICA8L2Rpdj4gICAgICAgICI7fXM6MTg6IkNMSUVOVF9SRU1PVEVfQUREUiI7czoxNDoiMTI0LjE0OC4xNTguNzkiO3M6MjI6IkNMSUVOVF9IVFRQX1VTRVJfQUdFTlQiO3M6MTE1OiJNb3ppbGxhLzUuMCAoV2luZG93cyBOVCAxMC4wOyBXaW42NDsgeDY0KSBBcHBsZVdlYktpdC81MzcuMzYgKEtIVE1MLCBsaWtlIEdlY2tvKSBDaHJvbWUvNjMuMC4zMjM5LjEzMiBTYWZhcmkvNTM3LjM2IjtzOjEyOiJ1T25saW5lQ2hlY2siO2k6MTUxNjE0MDU5NTtzOjg6Im1jRWRpdElEIjtzOjM6IjE2NCI7czo3OiJlZGl0Q0lEIjtzOjM6IjE2NCI7fV9zZjJfZmxhc2hlc3xhOjA6e31fc2YyX21ldGF8YTozOntzOjE6InUiO2k6MTUxNjE0MDU5NTtzOjE6ImMiO2k6MTUxNjE0MDMyODtzOjE6ImwiO3M6NDoiNzIwMCI7fQ==',1516140596),('usfd7ggk3s4bkmfujinfco483r','X3NmMl9hdHRyaWJ1dGVzfGE6MTg6e3M6MjE6ImFjY2Vzc0VudGl0aWVzVXBkYXRlZCI7aToxNTQxNTY5NDE5O3M6NDoicmNJRCI7czoyOiIzMCI7czo3OiJ1R3JvdXBzIjthOjM6e2k6MjtzOjE6IjIiO2k6MTI7czoyOiIxMiI7aToxO3M6MToiMSI7fXM6MzoidUlEIjtzOjE6IjEiO3M6NToidU5hbWUiO3M6NToiYWRtaW4iO3M6MTQ6InVCbG9ja1R5cGVzU2V0IjtiOjA7czoxMToidUxhc3RPbmxpbmUiO2k6MTU0MTcyMzg4MjtzOjk6InVUaW1lem9uZSI7TjtzOjE2OiJ1RGVmYXVsdExhbmd1YWdlIjtOO3M6MTk6InVMYXN0UGFzc3dvcmRDaGFuZ2UiO3M6MTk6IjIwMTUtMDMtMTMgMDU6MTA6MjAiO3M6MTg6IkNMSUVOVF9SRU1PVEVfQUREUiI7czoxNToiMjAzLjIwNi4xNDIuMjMyIjtzOjIyOiJDTElFTlRfSFRUUF9VU0VSX0FHRU5UIjtzOjExNDoiTW96aWxsYS81LjAgKFdpbmRvd3MgTlQgMTAuMDsgV2luNjQ7IHg2NCkgQXBwbGVXZWJLaXQvNTM3LjM2IChLSFRNTCwgbGlrZSBHZWNrbykgQ2hyb21lLzcwLjAuMzUzOC43NyBTYWZhcmkvNTM3LjM2IjtzOjEyOiJ1T25saW5lQ2hlY2siO2k6MTU0MTcyMzkwMDtzOjE3OiJzZWFyY2gvc2l0ZV91c2VycyI7YTowOnt9czoxMjoic2VhcmNoL3VzZXJzIjthOjE6e3M6MTI6ImNjbV9wYWdpbmdfcCI7czoxOiIxIjt9czo4OiJtY0VkaXRJRCI7czozOiIyMTciO3M6NzoiZWRpdENJRCI7czozOiIyMTciO3M6MTg6InNhdmVkUGVybWlzc2lvblNldCI7czoyMzk6Ik86Mjg6IkNvbmNyZXRlXENvcmVcUGVybWlzc2lvblxTZXQiOjI6e3M6MTQ6IgAqAHBlcm1pc3Npb25zIjthOjk6e2k6MjE7czozOiI2NDUiO2k6MjI7czoyOiI5MiI7aToyMztzOjU6IjMxMzk4IjtpOjI0O3M6MzoiMTQwIjtpOjI1O3M6MzoiMTQwIjtpOjI2O3M6MzoiMTQwIjtpOjI3O3M6MjoiNTAiO2k6Mjg7czoyOiI5MiI7aToyOTtzOjI6IjU2Ijt9czoxOToiACoAcGtDYXRlZ29yeUhhbmRsZSI7czo0OiJhcmVhIjt9Ijt9X3NmMl9mbGFzaGVzfGE6MDp7fV9zZjJfbWV0YXxhOjM6e3M6MToidSI7aToxNTQxNzIzOTAwO3M6MToiYyI7aToxNTQxNTY5NDE5O3M6MToibCI7czoxOiIwIjt9',1541723900);
/*!40000 ALTER TABLE `sessions` ENABLE KEYS */;
UNLOCK TABLES;

--
-- Table structure for table `signuprequests`
--

DROP TABLE IF EXISTS `signuprequests`;
/*!40101 SET @saved_cs_client     = @@character_set_client */;
/*!40101 SET character_set_client = utf8 */;
CREATE TABLE `signuprequests` (
  `id` int(11) NOT NULL AUTO_INCREMENT,
  `ipFrom` tinyblob,
  `date_access` timestamp NOT NULL DEFAULT CURRENT_TIMESTAMP,
  PRIMARY KEY (`id`),
  KEY `ipFrom` (`ipFrom`(32))
) ENGINE=InnoDB AUTO_INCREMENT=5 DEFAULT CHARSET=utf8 COLLATE=utf8_unicode_ci;
/*!40101 SET character_set_client = @saved_cs_client */;

--
-- Dumping data for table `signuprequests`
--

LOCK TABLES `signuprequests` WRITE;
/*!40000 ALTER TABLE `signuprequests` DISABLE KEYS */;
INSERT INTO `signuprequests` VALUES (1,'cbce8ee8','2016-08-03 05:32:11'),(2,'cbce8ee8','2016-08-03 05:32:16'),(3,'7c9482bf','2016-09-28 09:48:41'),(4,'cbce8ee8','2016-11-08 12:13:35');
/*!40000 ALTER TABLE `signuprequests` ENABLE KEYS */;
UNLOCK TABLES;

--
-- Table structure for table `sociallinks`
--

DROP TABLE IF EXISTS `sociallinks`;
/*!40101 SET @saved_cs_client     = @@character_set_client */;
/*!40101 SET character_set_client = utf8 */;
CREATE TABLE `sociallinks` (
  `slID` int(10) unsigned NOT NULL AUTO_INCREMENT,
  `ssHandle` varchar(255) COLLATE utf8_unicode_ci NOT NULL DEFAULT '',
  `url` varchar(255) COLLATE utf8_unicode_ci DEFAULT NULL,
  PRIMARY KEY (`slID`),
  UNIQUE KEY `ssHandle` (`ssHandle`)
) ENGINE=InnoDB AUTO_INCREMENT=2 DEFAULT CHARSET=utf8 COLLATE=utf8_unicode_ci;
/*!40101 SET character_set_client = @saved_cs_client */;

--
-- Dumping data for table `sociallinks`
--

LOCK TABLES `sociallinks` WRITE;
/*!40000 ALTER TABLE `sociallinks` DISABLE KEYS */;
INSERT INTO `sociallinks` VALUES (1,'facebook','https://www.facebook.com/harvestplanning');
/*!40000 ALTER TABLE `sociallinks` ENABLE KEYS */;
UNLOCK TABLES;

--
-- Table structure for table `stacks`
--

DROP TABLE IF EXISTS `stacks`;
/*!40101 SET @saved_cs_client     = @@character_set_client */;
/*!40101 SET character_set_client = utf8 */;
CREATE TABLE `stacks` (
  `stID` int(10) unsigned NOT NULL AUTO_INCREMENT,
  `stName` varchar(255) COLLATE utf8_unicode_ci NOT NULL,
  `stType` int(10) unsigned NOT NULL DEFAULT '0',
  `cID` int(10) unsigned NOT NULL DEFAULT '0',
  `stMultilingualSection` int(10) unsigned NOT NULL DEFAULT '0',
  PRIMARY KEY (`stID`),
  KEY `stType` (`stType`),
  KEY `stName` (`stName`),
  KEY `cID` (`cID`)
) ENGINE=InnoDB AUTO_INCREMENT=6 DEFAULT CHARSET=utf8 COLLATE=utf8_unicode_ci;
/*!40101 SET character_set_client = @saved_cs_client */;

--
-- Dumping data for table `stacks`
--

LOCK TABLES `stacks` WRITE;
/*!40000 ALTER TABLE `stacks` DISABLE KEYS */;
INSERT INTO `stacks` VALUES (1,'Logo',20,209,0),(2,'Action-Item-Left',20,210,0),(3,'Action-Item-Middle',20,211,0),(4,'Action-Item-Right',20,212,0),(5,'Footer-Left',20,213,0);
/*!40000 ALTER TABLE `stacks` ENABLE KEYS */;
UNLOCK TABLES;

--
-- Table structure for table `stylecustomizercustomcssrecords`
--

DROP TABLE IF EXISTS `stylecustomizercustomcssrecords`;
/*!40101 SET @saved_cs_client     = @@character_set_client */;
/*!40101 SET character_set_client = utf8 */;
CREATE TABLE `stylecustomizercustomcssrecords` (
  `sccRecordID` int(10) unsigned NOT NULL AUTO_INCREMENT,
  `value` longtext COLLATE utf8_unicode_ci,
  PRIMARY KEY (`sccRecordID`)
) ENGINE=InnoDB DEFAULT CHARSET=utf8 COLLATE=utf8_unicode_ci;
/*!40101 SET character_set_client = @saved_cs_client */;

--
-- Dumping data for table `stylecustomizercustomcssrecords`
--

LOCK TABLES `stylecustomizercustomcssrecords` WRITE;
/*!40000 ALTER TABLE `stylecustomizercustomcssrecords` DISABLE KEYS */;
/*!40000 ALTER TABLE `stylecustomizercustomcssrecords` ENABLE KEYS */;
UNLOCK TABLES;

--
-- Table structure for table `stylecustomizerinlinestylepresets`
--

DROP TABLE IF EXISTS `stylecustomizerinlinestylepresets`;
/*!40101 SET @saved_cs_client     = @@character_set_client */;
/*!40101 SET character_set_client = utf8 */;
CREATE TABLE `stylecustomizerinlinestylepresets` (
  `pssPresetID` int(10) unsigned NOT NULL AUTO_INCREMENT,
  `pssPresetName` varchar(255) COLLATE utf8_unicode_ci NOT NULL,
  `issID` int(10) unsigned NOT NULL DEFAULT '0',
  PRIMARY KEY (`pssPresetID`),
  KEY `issID` (`issID`)
) ENGINE=InnoDB DEFAULT CHARSET=utf8 COLLATE=utf8_unicode_ci;
/*!40101 SET character_set_client = @saved_cs_client */;

--
-- Dumping data for table `stylecustomizerinlinestylepresets`
--

LOCK TABLES `stylecustomizerinlinestylepresets` WRITE;
/*!40000 ALTER TABLE `stylecustomizerinlinestylepresets` DISABLE KEYS */;
/*!40000 ALTER TABLE `stylecustomizerinlinestylepresets` ENABLE KEYS */;
UNLOCK TABLES;

--
-- Table structure for table `stylecustomizerinlinestylesets`
--

DROP TABLE IF EXISTS `stylecustomizerinlinestylesets`;
/*!40101 SET @saved_cs_client     = @@character_set_client */;
/*!40101 SET character_set_client = utf8 */;
CREATE TABLE `stylecustomizerinlinestylesets` (
  `issID` int(10) unsigned NOT NULL AUTO_INCREMENT,
  `backgroundColor` varchar(255) COLLATE utf8_unicode_ci DEFAULT NULL,
  `backgroundImageFileID` int(11) DEFAULT NULL,
  `backgroundRepeat` varchar(255) COLLATE utf8_unicode_ci DEFAULT NULL,
  `borderWidth` varchar(255) COLLATE utf8_unicode_ci DEFAULT NULL,
  `borderColor` varchar(255) COLLATE utf8_unicode_ci DEFAULT NULL,
  `borderStyle` varchar(255) COLLATE utf8_unicode_ci DEFAULT NULL,
  `borderRadius` varchar(255) COLLATE utf8_unicode_ci DEFAULT NULL,
  `baseFontSize` varchar(255) COLLATE utf8_unicode_ci DEFAULT NULL,
  `alignment` varchar(255) COLLATE utf8_unicode_ci DEFAULT NULL,
  `textColor` varchar(255) COLLATE utf8_unicode_ci DEFAULT NULL,
  `linkColor` varchar(255) COLLATE utf8_unicode_ci DEFAULT NULL,
  `paddingTop` varchar(255) COLLATE utf8_unicode_ci DEFAULT NULL,
  `paddingBottom` varchar(255) COLLATE utf8_unicode_ci DEFAULT NULL,
  `paddingLeft` varchar(255) COLLATE utf8_unicode_ci DEFAULT NULL,
  `paddingRight` varchar(255) COLLATE utf8_unicode_ci DEFAULT NULL,
  `marginTop` varchar(255) COLLATE utf8_unicode_ci DEFAULT NULL,
  `marginBottom` varchar(255) COLLATE utf8_unicode_ci DEFAULT NULL,
  `marginLeft` varchar(255) COLLATE utf8_unicode_ci DEFAULT NULL,
  `marginRight` varchar(255) COLLATE utf8_unicode_ci DEFAULT NULL,
  `rotate` varchar(255) COLLATE utf8_unicode_ci DEFAULT NULL,
  `boxShadowHorizontal` varchar(255) COLLATE utf8_unicode_ci DEFAULT NULL,
  `boxShadowVertical` varchar(255) COLLATE utf8_unicode_ci DEFAULT NULL,
  `boxShadowBlur` varchar(255) COLLATE utf8_unicode_ci DEFAULT NULL,
  `boxShadowSpread` varchar(255) COLLATE utf8_unicode_ci DEFAULT NULL,
  `boxShadowColor` varchar(255) COLLATE utf8_unicode_ci DEFAULT NULL,
  `customClass` varchar(255) COLLATE utf8_unicode_ci DEFAULT NULL,
  `hideOnExtraSmallDevice` tinyint(1) DEFAULT NULL,
  `hideOnSmallDevice` tinyint(1) DEFAULT NULL,
  `hideOnMediumDevice` tinyint(1) DEFAULT NULL,
  `hideOnLargeDevice` tinyint(1) DEFAULT NULL,
  `backgroundSize` varchar(255) COLLATE utf8_unicode_ci DEFAULT NULL,
  `backgroundPosition` varchar(255) COLLATE utf8_unicode_ci DEFAULT NULL,
  PRIMARY KEY (`issID`)
) ENGINE=InnoDB DEFAULT CHARSET=utf8 COLLATE=utf8_unicode_ci;
/*!40101 SET character_set_client = @saved_cs_client */;

--
-- Dumping data for table `stylecustomizerinlinestylesets`
--

LOCK TABLES `stylecustomizerinlinestylesets` WRITE;
/*!40000 ALTER TABLE `stylecustomizerinlinestylesets` DISABLE KEYS */;
/*!40000 ALTER TABLE `stylecustomizerinlinestylesets` ENABLE KEYS */;
UNLOCK TABLES;

--
-- Table structure for table `stylecustomizervaluelists`
--

DROP TABLE IF EXISTS `stylecustomizervaluelists`;
/*!40101 SET @saved_cs_client     = @@character_set_client */;
/*!40101 SET character_set_client = utf8 */;
CREATE TABLE `stylecustomizervaluelists` (
  `scvlID` int(10) unsigned NOT NULL AUTO_INCREMENT,
  PRIMARY KEY (`scvlID`)
) ENGINE=InnoDB DEFAULT CHARSET=utf8 COLLATE=utf8_unicode_ci;
/*!40101 SET character_set_client = @saved_cs_client */;

--
-- Dumping data for table `stylecustomizervaluelists`
--

LOCK TABLES `stylecustomizervaluelists` WRITE;
/*!40000 ALTER TABLE `stylecustomizervaluelists` DISABLE KEYS */;
/*!40000 ALTER TABLE `stylecustomizervaluelists` ENABLE KEYS */;
UNLOCK TABLES;

--
-- Table structure for table `stylecustomizervalues`
--

DROP TABLE IF EXISTS `stylecustomizervalues`;
/*!40101 SET @saved_cs_client     = @@character_set_client */;
/*!40101 SET character_set_client = utf8 */;
CREATE TABLE `stylecustomizervalues` (
  `scvID` int(10) unsigned NOT NULL AUTO_INCREMENT,
  `scvlID` int(10) unsigned DEFAULT NULL,
  `value` text COLLATE utf8_unicode_ci,
  PRIMARY KEY (`scvID`),
  KEY `scvlID` (`scvlID`)
) ENGINE=InnoDB DEFAULT CHARSET=utf8 COLLATE=utf8_unicode_ci;
/*!40101 SET character_set_client = @saved_cs_client */;

--
-- Dumping data for table `stylecustomizervalues`
--

LOCK TABLES `stylecustomizervalues` WRITE;
/*!40000 ALTER TABLE `stylecustomizervalues` DISABLE KEYS */;
/*!40000 ALTER TABLE `stylecustomizervalues` ENABLE KEYS */;
UNLOCK TABLES;

--
-- Table structure for table `systemantispamlibraries`
--

DROP TABLE IF EXISTS `systemantispamlibraries`;
/*!40101 SET @saved_cs_client     = @@character_set_client */;
/*!40101 SET character_set_client = utf8 */;
CREATE TABLE `systemantispamlibraries` (
  `saslHandle` varchar(64) COLLATE utf8_unicode_ci NOT NULL,
  `saslName` varchar(255) COLLATE utf8_unicode_ci DEFAULT NULL,
  `saslIsActive` tinyint(1) NOT NULL DEFAULT '0',
  `pkgID` int(10) unsigned NOT NULL DEFAULT '0',
  PRIMARY KEY (`saslHandle`),
  KEY `pkgID` (`pkgID`)
) ENGINE=InnoDB DEFAULT CHARSET=utf8 COLLATE=utf8_unicode_ci;
/*!40101 SET character_set_client = @saved_cs_client */;

--
-- Dumping data for table `systemantispamlibraries`
--

LOCK TABLES `systemantispamlibraries` WRITE;
/*!40000 ALTER TABLE `systemantispamlibraries` DISABLE KEYS */;
/*!40000 ALTER TABLE `systemantispamlibraries` ENABLE KEYS */;
UNLOCK TABLES;

--
-- Table structure for table `systemcaptchalibraries`
--

DROP TABLE IF EXISTS `systemcaptchalibraries`;
/*!40101 SET @saved_cs_client     = @@character_set_client */;
/*!40101 SET character_set_client = utf8 */;
CREATE TABLE `systemcaptchalibraries` (
  `sclHandle` varchar(64) COLLATE utf8_unicode_ci NOT NULL,
  `sclName` varchar(255) COLLATE utf8_unicode_ci DEFAULT NULL,
  `sclIsActive` tinyint(1) NOT NULL DEFAULT '0',
  `pkgID` int(10) unsigned NOT NULL DEFAULT '0',
  PRIMARY KEY (`sclHandle`),
  KEY `pkgID` (`pkgID`)
) ENGINE=InnoDB DEFAULT CHARSET=utf8 COLLATE=utf8_unicode_ci;
/*!40101 SET character_set_client = @saved_cs_client */;

--
-- Dumping data for table `systemcaptchalibraries`
--

LOCK TABLES `systemcaptchalibraries` WRITE;
/*!40000 ALTER TABLE `systemcaptchalibraries` DISABLE KEYS */;
INSERT INTO `systemcaptchalibraries` VALUES ('securimage','SecurImage (Default)',0,0),('the_hive_honeypot','The Hive Honeypot',1,0),('the_hive_recaptcha','The Hive reCAPTCHA',0,0);
/*!40000 ALTER TABLE `systemcaptchalibraries` ENABLE KEYS */;
UNLOCK TABLES;

--
-- Table structure for table `systemcontenteditorsnippets`
--

DROP TABLE IF EXISTS `systemcontenteditorsnippets`;
/*!40101 SET @saved_cs_client     = @@character_set_client */;
/*!40101 SET character_set_client = utf8 */;
CREATE TABLE `systemcontenteditorsnippets` (
  `scsHandle` varchar(64) COLLATE utf8_unicode_ci NOT NULL,
  `scsName` varchar(255) COLLATE utf8_unicode_ci DEFAULT NULL,
  `scsIsActive` tinyint(1) NOT NULL DEFAULT '0',
  `pkgID` int(10) unsigned NOT NULL DEFAULT '0',
  PRIMARY KEY (`scsHandle`),
  KEY `pkgID` (`pkgID`)
) ENGINE=InnoDB DEFAULT CHARSET=utf8 COLLATE=utf8_unicode_ci;
/*!40101 SET character_set_client = @saved_cs_client */;

--
-- Dumping data for table `systemcontenteditorsnippets`
--

LOCK TABLES `systemcontenteditorsnippets` WRITE;
/*!40000 ALTER TABLE `systemcontenteditorsnippets` DISABLE KEYS */;
INSERT INTO `systemcontenteditorsnippets` VALUES ('page_name','Page Name',1,0),('user_name','User Name',1,0);
/*!40000 ALTER TABLE `systemcontenteditorsnippets` ENABLE KEYS */;
UNLOCK TABLES;

--
-- Table structure for table `systemdatabasemigrations`
--

DROP TABLE IF EXISTS `systemdatabasemigrations`;
/*!40101 SET @saved_cs_client     = @@character_set_client */;
/*!40101 SET character_set_client = utf8 */;
CREATE TABLE `systemdatabasemigrations` (
  `version` varchar(255) COLLATE utf8_unicode_ci NOT NULL,
  PRIMARY KEY (`version`)
) ENGINE=InnoDB DEFAULT CHARSET=utf8 COLLATE=utf8_unicode_ci;
/*!40101 SET character_set_client = @saved_cs_client */;

--
-- Dumping data for table `systemdatabasemigrations`
--

LOCK TABLES `systemdatabasemigrations` WRITE;
/*!40000 ALTER TABLE `systemdatabasemigrations` DISABLE KEYS */;
INSERT INTO `systemdatabasemigrations` VALUES ('20140919000000'),('20140930000000'),('20141017000000'),('20141024000000'),('20141113000000'),('20141219000000'),('20150109000000'),('20150504000000'),('20150515000000'),('20150610000000'),('20150612000000'),('20150615000000'),('20150616000000'),('20150619000000'),('20150622000000'),('20150623000000'),('20150713000000'),('20150731000000'),('20151221000000'),('20160314000000'),('20160412000000'),('20160615000000');
/*!40000 ALTER TABLE `systemdatabasemigrations` ENABLE KEYS */;
UNLOCK TABLES;

--
-- Table structure for table `systemdatabasequerylog`
--

DROP TABLE IF EXISTS `systemdatabasequerylog`;
/*!40101 SET @saved_cs_client     = @@character_set_client */;
/*!40101 SET character_set_client = utf8 */;
CREATE TABLE `systemdatabasequerylog` (
  `query` text COLLATE utf8_unicode_ci,
  `params` text COLLATE utf8_unicode_ci,
  `executionMS` varchar(255) COLLATE utf8_unicode_ci DEFAULT NULL,
  `ID` int(10) unsigned NOT NULL AUTO_INCREMENT,
  PRIMARY KEY (`ID`)
) ENGINE=InnoDB DEFAULT CHARSET=utf8 COLLATE=utf8_unicode_ci;
/*!40101 SET character_set_client = @saved_cs_client */;

--
-- Dumping data for table `systemdatabasequerylog`
--

LOCK TABLES `systemdatabasequerylog` WRITE;
/*!40000 ALTER TABLE `systemdatabasequerylog` DISABLE KEYS */;
/*!40000 ALTER TABLE `systemdatabasequerylog` ENABLE KEYS */;
UNLOCK TABLES;

--
-- Table structure for table `systemimageeditorcomponents`
--

DROP TABLE IF EXISTS `systemimageeditorcomponents`;
/*!40101 SET @saved_cs_client     = @@character_set_client */;
/*!40101 SET character_set_client = utf8 */;
CREATE TABLE `systemimageeditorcomponents` (
  `scsID` int(10) unsigned NOT NULL AUTO_INCREMENT,
  `scsHandle` varchar(255) COLLATE utf8_unicode_ci NOT NULL DEFAULT '',
  `scsName` varchar(255) COLLATE utf8_unicode_ci NOT NULL DEFAULT '',
  `scsDisplayOrder` int(10) unsigned NOT NULL DEFAULT '0',
  `pkgID` int(10) unsigned NOT NULL DEFAULT '0',
  PRIMARY KEY (`scsID`),
  KEY `pkgID` (`pkgID`)
) ENGINE=InnoDB DEFAULT CHARSET=utf8 COLLATE=utf8_unicode_ci;
/*!40101 SET character_set_client = @saved_cs_client */;

--
-- Dumping data for table `systemimageeditorcomponents`
--

LOCK TABLES `systemimageeditorcomponents` WRITE;
/*!40000 ALTER TABLE `systemimageeditorcomponents` DISABLE KEYS */;
/*!40000 ALTER TABLE `systemimageeditorcomponents` ENABLE KEYS */;
UNLOCK TABLES;

--
-- Table structure for table `systemimageeditorcontrolsets`
--

DROP TABLE IF EXISTS `systemimageeditorcontrolsets`;
/*!40101 SET @saved_cs_client     = @@character_set_client */;
/*!40101 SET character_set_client = utf8 */;
CREATE TABLE `systemimageeditorcontrolsets` (
  `scsID` int(10) unsigned NOT NULL AUTO_INCREMENT,
  `scsHandle` varchar(255) COLLATE utf8_unicode_ci NOT NULL DEFAULT '',
  `scsName` varchar(255) COLLATE utf8_unicode_ci NOT NULL DEFAULT '',
  `scsDisplayOrder` int(10) unsigned NOT NULL DEFAULT '0',
  `pkgID` int(10) unsigned NOT NULL DEFAULT '0',
  PRIMARY KEY (`scsID`),
  KEY `pkgID` (`pkgID`)
) ENGINE=InnoDB AUTO_INCREMENT=3 DEFAULT CHARSET=utf8 COLLATE=utf8_unicode_ci;
/*!40101 SET character_set_client = @saved_cs_client */;

--
-- Dumping data for table `systemimageeditorcontrolsets`
--

LOCK TABLES `systemimageeditorcontrolsets` WRITE;
/*!40000 ALTER TABLE `systemimageeditorcontrolsets` DISABLE KEYS */;
INSERT INTO `systemimageeditorcontrolsets` VALUES (1,'position','Position',0,0),(2,'filter','Filter',0,0);
/*!40000 ALTER TABLE `systemimageeditorcontrolsets` ENABLE KEYS */;
UNLOCK TABLES;

--
-- Table structure for table `systemimageeditorfilters`
--

DROP TABLE IF EXISTS `systemimageeditorfilters`;
/*!40101 SET @saved_cs_client     = @@character_set_client */;
/*!40101 SET character_set_client = utf8 */;
CREATE TABLE `systemimageeditorfilters` (
  `scsID` int(10) unsigned NOT NULL AUTO_INCREMENT,
  `scsHandle` varchar(255) COLLATE utf8_unicode_ci NOT NULL DEFAULT '',
  `scsName` varchar(255) COLLATE utf8_unicode_ci NOT NULL DEFAULT '',
  `scsDisplayOrder` int(10) unsigned NOT NULL DEFAULT '0',
  `pkgID` int(10) unsigned NOT NULL DEFAULT '0',
  PRIMARY KEY (`scsID`),
  KEY `pkgID` (`pkgID`)
) ENGINE=InnoDB AUTO_INCREMENT=6 DEFAULT CHARSET=utf8 COLLATE=utf8_unicode_ci;
/*!40101 SET character_set_client = @saved_cs_client */;

--
-- Dumping data for table `systemimageeditorfilters`
--

LOCK TABLES `systemimageeditorfilters` WRITE;
/*!40000 ALTER TABLE `systemimageeditorfilters` DISABLE KEYS */;
INSERT INTO `systemimageeditorfilters` VALUES (1,'none','None',0,0),(2,'grayscale','Grayscale',0,0),(3,'sepia','Sepia',0,0),(4,'gaussian_blur','Blur',0,0),(5,'vignette','Vignette',0,0);
/*!40000 ALTER TABLE `systemimageeditorfilters` ENABLE KEYS */;
UNLOCK TABLES;

--
-- Table structure for table `systemimageeditorshapes`
--

DROP TABLE IF EXISTS `systemimageeditorshapes`;
/*!40101 SET @saved_cs_client     = @@character_set_client */;
/*!40101 SET character_set_client = utf8 */;
CREATE TABLE `systemimageeditorshapes` (
  `scsID` int(10) unsigned NOT NULL AUTO_INCREMENT,
  `scsHandle` varchar(255) COLLATE utf8_unicode_ci NOT NULL DEFAULT '',
  `scsName` varchar(255) COLLATE utf8_unicode_ci NOT NULL DEFAULT '',
  `scsDisplayOrder` int(10) unsigned NOT NULL DEFAULT '0',
  `pkgID` int(10) unsigned NOT NULL DEFAULT '0',
  PRIMARY KEY (`scsID`),
  KEY `pkgID` (`pkgID`)
) ENGINE=InnoDB DEFAULT CHARSET=utf8 COLLATE=utf8_unicode_ci;
/*!40101 SET character_set_client = @saved_cs_client */;

--
-- Dumping data for table `systemimageeditorshapes`
--

LOCK TABLES `systemimageeditorshapes` WRITE;
/*!40000 ALTER TABLE `systemimageeditorshapes` DISABLE KEYS */;
/*!40000 ALTER TABLE `systemimageeditorshapes` ENABLE KEYS */;
UNLOCK TABLES;

--
-- Table structure for table `thehivecollections`
--

DROP TABLE IF EXISTS `thehivecollections`;
/*!40101 SET @saved_cs_client     = @@character_set_client */;
/*!40101 SET character_set_client = utf8 */;
CREATE TABLE `thehivecollections` (
  `cID` int(10) unsigned NOT NULL,
  `cDatePublished` datetime DEFAULT NULL,
  PRIMARY KEY (`cID`)
) ENGINE=InnoDB DEFAULT CHARSET=utf8 COLLATE=utf8_unicode_ci;
/*!40101 SET character_set_client = @saved_cs_client */;

--
-- Dumping data for table `thehivecollections`
--

LOCK TABLES `thehivecollections` WRITE;
/*!40000 ALTER TABLE `thehivecollections` DISABLE KEYS */;
INSERT INTO `thehivecollections` VALUES (1,'2018-03-28 12:59:28'),(200,'2015-11-04 14:26:04'),(204,'2015-11-18 14:21:26'),(205,'2015-11-18 14:21:30'),(206,'2015-11-23 11:44:17'),(313,'2016-10-26 16:45:41'),(314,'2016-11-04 02:51:42');
/*!40000 ALTER TABLE `thehivecollections` ENABLE KEYS */;
UNLOCK TABLES;

--
-- Table structure for table `thehivecollectionversions`
--

DROP TABLE IF EXISTS `thehivecollectionversions`;
/*!40101 SET @saved_cs_client     = @@character_set_client */;
/*!40101 SET character_set_client = utf8 */;
CREATE TABLE `thehivecollectionversions` (
  `cID` int(10) unsigned NOT NULL,
  `cvID` int(10) unsigned NOT NULL,
  `cvDatePublished` datetime DEFAULT NULL,
  PRIMARY KEY (`cID`,`cvID`)
) ENGINE=InnoDB DEFAULT CHARSET=utf8 COLLATE=utf8_unicode_ci;
/*!40101 SET character_set_client = @saved_cs_client */;

--
-- Dumping data for table `thehivecollectionversions`
--

LOCK TABLES `thehivecollectionversions` WRITE;
/*!40000 ALTER TABLE `thehivecollectionversions` DISABLE KEYS */;
INSERT INTO `thehivecollectionversions` VALUES (1,26,'2018-03-28 12:59:28'),(200,3,'2016-02-18 18:34:45'),(200,4,'2016-09-29 10:26:45'),(200,5,'2017-03-28 16:34:20'),(204,3,'2016-02-18 18:34:29'),(204,4,'2016-09-29 10:25:58'),(205,4,'2016-02-18 18:34:14'),(205,5,'2016-09-29 10:23:13'),(206,2,'2016-02-18 18:34:58'),(206,3,'2016-09-29 10:28:00'),(206,4,'2016-10-27 13:17:04'),(206,5,'2017-03-28 16:33:38'),(206,6,'2018-03-28 12:57:34'),(314,1,'2016-11-04 02:51:42');
/*!40000 ALTER TABLE `thehivecollectionversions` ENABLE KEYS */;
UNLOCK TABLES;

--
-- Table structure for table `thehivefeedback`
--

DROP TABLE IF EXISTS `thehivefeedback`;
/*!40101 SET @saved_cs_client     = @@character_set_client */;
/*!40101 SET character_set_client = utf8 */;
CREATE TABLE `thehivefeedback` (
  `feedbackID` int(10) unsigned NOT NULL AUTO_INCREMENT,
  `bID` int(10) unsigned NOT NULL,
  `submitted` datetime NOT NULL,
  `submittedBy` int(10) unsigned DEFAULT NULL,
  `submittedByName` varchar(100) COLLATE utf8_unicode_ci NOT NULL,
  `moderated` datetime DEFAULT NULL,
  `moderatedBy` int(10) unsigned DEFAULT NULL,
  `status` varchar(20) COLLATE utf8_unicode_ci DEFAULT NULL,
  `referee` int(10) unsigned DEFAULT NULL,
  `submissionID` int(11) NOT NULL,
  `mrID` int(11) DEFAULT NULL,
  `ipAddress` tinyblob,
  PRIMARY KEY (`feedbackID`),
  KEY `bID` (`bID`)
) ENGINE=InnoDB DEFAULT CHARSET=utf8 COLLATE=utf8_unicode_ci;
/*!40101 SET character_set_client = @saved_cs_client */;

--
-- Dumping data for table `thehivefeedback`
--

LOCK TABLES `thehivefeedback` WRITE;
/*!40000 ALTER TABLE `thehivefeedback` DISABLE KEYS */;
/*!40000 ALTER TABLE `thehivefeedback` ENABLE KEYS */;
UNLOCK TABLES;

--
-- Table structure for table `thehivefeedbackcomments`
--

DROP TABLE IF EXISTS `thehivefeedbackcomments`;
/*!40101 SET @saved_cs_client     = @@character_set_client */;
/*!40101 SET character_set_client = utf8 */;
CREATE TABLE `thehivefeedbackcomments` (
  `submissionID` int(10) unsigned NOT NULL AUTO_INCREMENT,
  `feedbackID` int(10) unsigned DEFAULT NULL COMMENT 'Feedback comment belong to',
  `content` longtext COLLATE utf8_unicode_ci NOT NULL,
  `submissionLevel` int(10) unsigned NOT NULL DEFAULT '0',
  `parentSubmissionID` int(10) unsigned NOT NULL DEFAULT '0',
  `bID` int(10) unsigned NOT NULL,
  `ftID` int(10) unsigned NOT NULL,
  PRIMARY KEY (`submissionID`),
  KEY `IDX_861285231200E3C6` (`feedbackID`),
  CONSTRAINT `FK_861285231200E3C6` FOREIGN KEY (`feedbackID`) REFERENCES `thehivefeedbacknew` (`feedbackID`) ON DELETE CASCADE ON UPDATE CASCADE
) ENGINE=InnoDB DEFAULT CHARSET=utf8 COLLATE=utf8_unicode_ci;
/*!40101 SET character_set_client = @saved_cs_client */;

--
-- Dumping data for table `thehivefeedbackcomments`
--

LOCK TABLES `thehivefeedbackcomments` WRITE;
/*!40000 ALTER TABLE `thehivefeedbackcomments` DISABLE KEYS */;
/*!40000 ALTER TABLE `thehivefeedbackcomments` ENABLE KEYS */;
UNLOCK TABLES;

--
-- Table structure for table `thehivefeedbacklog`
--

DROP TABLE IF EXISTS `thehivefeedbacklog`;
/*!40101 SET @saved_cs_client     = @@character_set_client */;
/*!40101 SET character_set_client = utf8 */;
CREATE TABLE `thehivefeedbacklog` (
  `logID` int(10) unsigned NOT NULL AUTO_INCREMENT,
  `feedbackID` int(10) unsigned NOT NULL,
  `status` varchar(20) COLLATE utf8_unicode_ci DEFAULT NULL,
  `date` datetime DEFAULT NULL,
  `uID` int(10) unsigned DEFAULT NULL,
  PRIMARY KEY (`logID`)
) ENGINE=InnoDB DEFAULT CHARSET=utf8 COLLATE=utf8_unicode_ci;
/*!40101 SET character_set_client = @saved_cs_client */;

--
-- Dumping data for table `thehivefeedbacklog`
--

LOCK TABLES `thehivefeedbacklog` WRITE;
/*!40000 ALTER TABLE `thehivefeedbacklog` DISABLE KEYS */;
/*!40000 ALTER TABLE `thehivefeedbacklog` ENABLE KEYS */;
UNLOCK TABLES;

--
-- Table structure for table `thehivefeedbackmoderation`
--

DROP TABLE IF EXISTS `thehivefeedbackmoderation`;
/*!40101 SET @saved_cs_client     = @@character_set_client */;
/*!40101 SET character_set_client = utf8 */;
CREATE TABLE `thehivefeedbackmoderation` (
  `mID` int(10) unsigned NOT NULL AUTO_INCREMENT,
  `feedbackID` int(10) unsigned NOT NULL,
  `status` varchar(20) COLLATE utf8_unicode_ci DEFAULT NULL,
  `lastModerated` datetime DEFAULT NULL,
  `moderatedBy` int(10) unsigned DEFAULT NULL,
  `mrID` int(10) unsigned DEFAULT NULL,
  PRIMARY KEY (`mID`),
  KEY `feedbackID` (`feedbackID`),
  KEY `IDX_959649BFEF773D39` (`mrID`),
  CONSTRAINT `FK_959649BF1200E3C6` FOREIGN KEY (`feedbackID`) REFERENCES `thehivefeedbacknew` (`feedbackID`),
  CONSTRAINT `FK_959649BFEF773D39` FOREIGN KEY (`mrID`) REFERENCES `thehivefeedbackmoderationreason` (`mrID`) ON DELETE SET NULL ON UPDATE CASCADE
) ENGINE=InnoDB DEFAULT CHARSET=utf8 COLLATE=utf8_unicode_ci;
/*!40101 SET character_set_client = @saved_cs_client */;

--
-- Dumping data for table `thehivefeedbackmoderation`
--

LOCK TABLES `thehivefeedbackmoderation` WRITE;
/*!40000 ALTER TABLE `thehivefeedbackmoderation` DISABLE KEYS */;
/*!40000 ALTER TABLE `thehivefeedbackmoderation` ENABLE KEYS */;
UNLOCK TABLES;

--
-- Table structure for table `thehivefeedbackmoderationlog`
--

DROP TABLE IF EXISTS `thehivefeedbackmoderationlog`;
/*!40101 SET @saved_cs_client     = @@character_set_client */;
/*!40101 SET character_set_client = utf8 */;
CREATE TABLE `thehivefeedbackmoderationlog` (
  `logID` int(10) unsigned NOT NULL AUTO_INCREMENT,
  `mID` int(10) unsigned NOT NULL,
  `status` varchar(20) COLLATE utf8_unicode_ci NOT NULL,
  `date` datetime NOT NULL,
  `uID` int(10) unsigned NOT NULL,
  `mrID` int(10) unsigned DEFAULT NULL,
  PRIMARY KEY (`logID`),
  KEY `IDX_41A755A0EF44F0A4` (`mID`),
  KEY `IDX_41A755A0EF773D39` (`mrID`),
  CONSTRAINT `FK_41A755A0EF44F0A4` FOREIGN KEY (`mID`) REFERENCES `thehivefeedbackmoderation` (`mID`) ON DELETE CASCADE ON UPDATE CASCADE,
  CONSTRAINT `FK_41A755A0EF773D39` FOREIGN KEY (`mrID`) REFERENCES `thehivefeedbackmoderationreason` (`mrID`) ON DELETE SET NULL ON UPDATE CASCADE
) ENGINE=InnoDB DEFAULT CHARSET=utf8 COLLATE=utf8_unicode_ci;
/*!40101 SET character_set_client = @saved_cs_client */;

--
-- Dumping data for table `thehivefeedbackmoderationlog`
--

LOCK TABLES `thehivefeedbackmoderationlog` WRITE;
/*!40000 ALTER TABLE `thehivefeedbackmoderationlog` DISABLE KEYS */;
/*!40000 ALTER TABLE `thehivefeedbackmoderationlog` ENABLE KEYS */;
UNLOCK TABLES;

--
-- Table structure for table `thehivefeedbackmoderationreason`
--

DROP TABLE IF EXISTS `thehivefeedbackmoderationreason`;
/*!40101 SET @saved_cs_client     = @@character_set_client */;
/*!40101 SET character_set_client = utf8 */;
CREATE TABLE `thehivefeedbackmoderationreason` (
  `mrID` int(10) unsigned NOT NULL AUTO_INCREMENT,
  `reasonText` varchar(100) COLLATE utf8_unicode_ci NOT NULL,
  PRIMARY KEY (`mrID`)
) ENGINE=InnoDB AUTO_INCREMENT=6 DEFAULT CHARSET=utf8 COLLATE=utf8_unicode_ci;
/*!40101 SET character_set_client = @saved_cs_client */;

--
-- Dumping data for table `thehivefeedbackmoderationreason`
--

LOCK TABLES `thehivefeedbackmoderationreason` WRITE;
/*!40000 ALTER TABLE `thehivefeedbackmoderationreason` DISABLE KEYS */;
INSERT INTO `thehivefeedbackmoderationreason` VALUES (1,'Spam'),(2,'Duplicate'),(3,'Inappropriate'),(4,'Discrimination'),(5,'Other');
/*!40000 ALTER TABLE `thehivefeedbackmoderationreason` ENABLE KEYS */;
UNLOCK TABLES;

--
-- Table structure for table `thehivefeedbacknew`
--

DROP TABLE IF EXISTS `thehivefeedbacknew`;
/*!40101 SET @saved_cs_client     = @@character_set_client */;
/*!40101 SET character_set_client = utf8 */;
CREATE TABLE `thehivefeedbacknew` (
  `feedbackID` int(10) unsigned NOT NULL AUTO_INCREMENT,
  `ftID` int(10) unsigned NOT NULL,
  `bID` int(10) unsigned NOT NULL,
  `pID` int(10) unsigned NOT NULL,
  `cID` int(10) unsigned NOT NULL,
  `uID` int(10) unsigned NOT NULL DEFAULT '0',
  `submitted` datetime NOT NULL,
  `ipAddress` tinyblob,
  `submissionID` int(10) unsigned NOT NULL,
  `visitorID` varchar(16) COLLATE utf8_unicode_ci DEFAULT NULL,
  `userAgent` longtext COLLATE utf8_unicode_ci,
  PRIMARY KEY (`feedbackID`),
  KEY `pID` (`pID`),
  KEY `cID` (`cID`),
  KEY `ftID` (`ftID`),
  KEY `uID` (`uID`),
  KEY `IDX_A9D452C93CFBC68AE418B799` (`ftID`,`bID`),
  CONSTRAINT `FK_A9D452C93CFBC68AE418B799` FOREIGN KEY (`ftID`, `bID`) REFERENCES `thehivefeedbacktool` (`ftID`, `bID`) ON DELETE CASCADE ON UPDATE CASCADE
) ENGINE=InnoDB DEFAULT CHARSET=utf8 COLLATE=utf8_unicode_ci;
/*!40101 SET character_set_client = @saved_cs_client */;

--
-- Dumping data for table `thehivefeedbacknew`
--

LOCK TABLES `thehivefeedbacknew` WRITE;
/*!40000 ALTER TABLE `thehivefeedbacknew` DISABLE KEYS */;
/*!40000 ALTER TABLE `thehivefeedbacknew` ENABLE KEYS */;
UNLOCK TABLES;

--
-- Table structure for table `thehivefeedbacktool`
--

DROP TABLE IF EXISTS `thehivefeedbacktool`;
/*!40101 SET @saved_cs_client     = @@character_set_client */;
/*!40101 SET character_set_client = utf8 */;
CREATE TABLE `thehivefeedbacktool` (
  `ftID` int(10) unsigned NOT NULL AUTO_INCREMENT,
  `bID` int(10) unsigned NOT NULL,
  `startDate` datetime DEFAULT NULL,
  `endDate` datetime DEFAULT NULL,
  `status` varchar(20) COLLATE utf8_unicode_ci NOT NULL,
  `question` varchar(255) COLLATE utf8_unicode_ci DEFAULT NULL,
  `totalFeedback` int(11) NOT NULL,
  `registeredOnly` smallint(6) DEFAULT NULL,
  `confirmation` tinyint(1) DEFAULT NULL,
  `confirmationMessage` longtext COLLATE utf8_unicode_ci,
  `notification` tinyint(1) DEFAULT NULL,
  `notificationRecipients` longtext COLLATE utf8_unicode_ci,
  `moderation` tinyint(1) DEFAULT NULL,
  `moderationReferral` tinyint(1) DEFAULT NULL,
  `moderationReferralRecipients` longtext COLLATE utf8_unicode_ci,
  `prepostModeration` tinyint(1) DEFAULT NULL,
  `commenting` tinyint(1) DEFAULT NULL,
  `commentingMode` smallint(6) DEFAULT NULL,
  `commentsFtID` int(10) unsigned DEFAULT NULL,
  `privacyConsent` smallint(6) DEFAULT '2',
  PRIMARY KEY (`ftID`,`bID`)
) ENGINE=InnoDB DEFAULT CHARSET=utf8 COLLATE=utf8_unicode_ci;
/*!40101 SET character_set_client = @saved_cs_client */;

--
-- Dumping data for table `thehivefeedbacktool`
--

LOCK TABLES `thehivefeedbacktool` WRITE;
/*!40000 ALTER TABLE `thehivefeedbacktool` DISABLE KEYS */;
/*!40000 ALTER TABLE `thehivefeedbacktool` ENABLE KEYS */;
UNLOCK TABLES;

--
-- Table structure for table `thehivefeedbacktoolattr`
--

DROP TABLE IF EXISTS `thehivefeedbacktoolattr`;
/*!40101 SET @saved_cs_client     = @@character_set_client */;
/*!40101 SET character_set_client = utf8 */;
CREATE TABLE `thehivefeedbacktoolattr` (
  `ftaID` int(10) unsigned NOT NULL AUTO_INCREMENT,
  `ftID` int(10) unsigned NOT NULL,
  `bID` int(10) unsigned NOT NULL,
  `akHandle` varchar(255) COLLATE utf8_unicode_ci NOT NULL,
  `required` int(10) unsigned DEFAULT '0',
  PRIMARY KEY (`ftaID`),
  KEY `IDX_C9221BF33CFBC68AE418B799` (`ftID`,`bID`),
  CONSTRAINT `FK_C9221BF33CFBC68AE418B799` FOREIGN KEY (`ftID`, `bID`) REFERENCES `thehivefeedbacktool` (`ftID`, `bID`) ON DELETE CASCADE ON UPDATE CASCADE
) ENGINE=InnoDB AUTO_INCREMENT=3 DEFAULT CHARSET=utf8 COLLATE=utf8_unicode_ci;
/*!40101 SET character_set_client = @saved_cs_client */;

--
-- Dumping data for table `thehivefeedbacktoolattr`
--

LOCK TABLES `thehivefeedbacktoolattr` WRITE;
/*!40000 ALTER TABLE `thehivefeedbacktoolattr` DISABLE KEYS */;
/*!40000 ALTER TABLE `thehivefeedbacktoolattr` ENABLE KEYS */;
UNLOCK TABLES;

--
-- Table structure for table `thehivefeedbackuserattr`
--

DROP TABLE IF EXISTS `thehivefeedbackuserattr`;
/*!40101 SET @saved_cs_client     = @@character_set_client */;
/*!40101 SET character_set_client = utf8 */;
CREATE TABLE `thehivefeedbackuserattr` (
  `fuaID` int(10) unsigned NOT NULL AUTO_INCREMENT,
  `feedbackID` int(10) unsigned NOT NULL,
  `akHandle` varchar(100) COLLATE utf8_unicode_ci NOT NULL,
  `submission` varchar(500) COLLATE utf8_unicode_ci DEFAULT NULL,
  PRIMARY KEY (`fuaID`),
  KEY `feedbackID` (`feedbackID`),
  CONSTRAINT `FK_DBBDE7521200E3C6` FOREIGN KEY (`feedbackID`) REFERENCES `thehivefeedbacknew` (`feedbackID`) ON DELETE CASCADE ON UPDATE CASCADE
) ENGINE=InnoDB DEFAULT CHARSET=utf8 COLLATE=utf8_unicode_ci;
/*!40101 SET character_set_client = @saved_cs_client */;

--
-- Dumping data for table `thehivefeedbackuserattr`
--

LOCK TABLES `thehivefeedbackuserattr` WRITE;
/*!40000 ALTER TABLE `thehivefeedbackuserattr` DISABLE KEYS */;
/*!40000 ALTER TABLE `thehivefeedbackuserattr` ENABLE KEYS */;
UNLOCK TABLES;

--
-- Table structure for table `thehiveprojectcitizenfiles`
--

DROP TABLE IF EXISTS `thehiveprojectcitizenfiles`;
/*!40101 SET @saved_cs_client     = @@character_set_client */;
/*!40101 SET character_set_client = utf8 */;
CREATE TABLE `thehiveprojectcitizenfiles` (
  `fID` int(10) unsigned NOT NULL,
  `cID` int(10) unsigned DEFAULT NULL,
  `cvID` int(10) unsigned DEFAULT NULL,
  `bID` int(10) unsigned DEFAULT NULL,
  PRIMARY KEY (`fID`),
  KEY `cID` (`cID`),
  KEY `bID` (`bID`)
) ENGINE=InnoDB DEFAULT CHARSET=utf8 COLLATE=utf8_unicode_ci;
/*!40101 SET character_set_client = @saved_cs_client */;

--
-- Dumping data for table `thehiveprojectcitizenfiles`
--

LOCK TABLES `thehiveprojectcitizenfiles` WRITE;
/*!40000 ALTER TABLE `thehiveprojectcitizenfiles` DISABLE KEYS */;
/*!40000 ALTER TABLE `thehiveprojectcitizenfiles` ENABLE KEYS */;
UNLOCK TABLES;

--
-- Table structure for table `thehiveprojectcitizenfilesets`
--

DROP TABLE IF EXISTS `thehiveprojectcitizenfilesets`;
/*!40101 SET @saved_cs_client     = @@character_set_client */;
/*!40101 SET character_set_client = utf8 */;
CREATE TABLE `thehiveprojectcitizenfilesets` (
  `fsID` int(10) unsigned NOT NULL,
  `cID` int(10) unsigned DEFAULT NULL,
  `type` int(11) NOT NULL DEFAULT '1',
  PRIMARY KEY (`fsID`),
  KEY `cID` (`cID`),
  CONSTRAINT `FK_F2B6491139B4D00F` FOREIGN KEY (`fsID`) REFERENCES `filesets` (`fsID`) ON UPDATE CASCADE
) ENGINE=InnoDB DEFAULT CHARSET=utf8 COLLATE=utf8_unicode_ci;
/*!40101 SET character_set_client = @saved_cs_client */;

--
-- Dumping data for table `thehiveprojectcitizenfilesets`
--

LOCK TABLES `thehiveprojectcitizenfilesets` WRITE;
/*!40000 ALTER TABLE `thehiveprojectcitizenfilesets` DISABLE KEYS */;
/*!40000 ALTER TABLE `thehiveprojectcitizenfilesets` ENABLE KEYS */;
UNLOCK TABLES;

--
-- Table structure for table `thehiveprojectfilesets`
--

DROP TABLE IF EXISTS `thehiveprojectfilesets`;
/*!40101 SET @saved_cs_client     = @@character_set_client */;
/*!40101 SET character_set_client = utf8 */;
CREATE TABLE `thehiveprojectfilesets` (
  `fsID` int(10) unsigned NOT NULL,
  `cID` int(10) unsigned DEFAULT NULL,
  PRIMARY KEY (`fsID`),
  KEY `cID` (`cID`),
  CONSTRAINT `FK_1C3CCD7A39B4D00F` FOREIGN KEY (`fsID`) REFERENCES `filesets` (`fsID`) ON UPDATE CASCADE
) ENGINE=InnoDB DEFAULT CHARSET=utf8 COLLATE=utf8_unicode_ci;
/*!40101 SET character_set_client = @saved_cs_client */;

--
-- Dumping data for table `thehiveprojectfilesets`
--

LOCK TABLES `thehiveprojectfilesets` WRITE;
/*!40000 ALTER TABLE `thehiveprojectfilesets` DISABLE KEYS */;
/*!40000 ALTER TABLE `thehiveprojectfilesets` ENABLE KEYS */;
UNLOCK TABLES;

--
-- Table structure for table `thehiveprojectmoderator`
--

DROP TABLE IF EXISTS `thehiveprojectmoderator`;
/*!40101 SET @saved_cs_client     = @@character_set_client */;
/*!40101 SET character_set_client = utf8 */;
CREATE TABLE `thehiveprojectmoderator` (
  `pmID` int(10) unsigned NOT NULL AUTO_INCREMENT,
  `pID` int(10) unsigned NOT NULL,
  `uID` int(10) unsigned NOT NULL,
  PRIMARY KEY (`pmID`)
) ENGINE=InnoDB DEFAULT CHARSET=utf8 COLLATE=utf8_unicode_ci;
/*!40101 SET character_set_client = @saved_cs_client */;

--
-- Dumping data for table `thehiveprojectmoderator`
--

LOCK TABLES `thehiveprojectmoderator` WRITE;
/*!40000 ALTER TABLE `thehiveprojectmoderator` DISABLE KEYS */;
/*!40000 ALTER TABLE `thehiveprojectmoderator` ENABLE KEYS */;
UNLOCK TABLES;

--
-- Table structure for table `thehiveprojectpages`
--

DROP TABLE IF EXISTS `thehiveprojectpages`;
/*!40101 SET @saved_cs_client     = @@character_set_client */;
/*!40101 SET character_set_client = utf8 */;
CREATE TABLE `thehiveprojectpages` (
  `pID` int(10) unsigned NOT NULL,
  `cID` int(10) unsigned NOT NULL,
  PRIMARY KEY (`pID`,`cID`)
) ENGINE=InnoDB DEFAULT CHARSET=utf8 COLLATE=utf8_unicode_ci;
/*!40101 SET character_set_client = @saved_cs_client */;

--
-- Dumping data for table `thehiveprojectpages`
--

LOCK TABLES `thehiveprojectpages` WRITE;
/*!40000 ALTER TABLE `thehiveprojectpages` DISABLE KEYS */;
/*!40000 ALTER TABLE `thehiveprojectpages` ENABLE KEYS */;
UNLOCK TABLES;

--
-- Table structure for table `thehiveprojectprivategroups`
--

DROP TABLE IF EXISTS `thehiveprojectprivategroups`;
/*!40101 SET @saved_cs_client     = @@character_set_client */;
/*!40101 SET character_set_client = utf8 */;
CREATE TABLE `thehiveprojectprivategroups` (
  `pgID` int(10) unsigned NOT NULL AUTO_INCREMENT,
  `gID` int(10) unsigned NOT NULL,
  `cID` int(10) unsigned NOT NULL,
  PRIMARY KEY (`pgID`)
) ENGINE=InnoDB DEFAULT CHARSET=utf8 COLLATE=utf8_unicode_ci;
/*!40101 SET character_set_client = @saved_cs_client */;

--
-- Dumping data for table `thehiveprojectprivategroups`
--

LOCK TABLES `thehiveprojectprivategroups` WRITE;
/*!40000 ALTER TABLE `thehiveprojectprivategroups` DISABLE KEYS */;
/*!40000 ALTER TABLE `thehiveprojectprivategroups` ENABLE KEYS */;
UNLOCK TABLES;

--
-- Table structure for table `thehiveprojects`
--

DROP TABLE IF EXISTS `thehiveprojects`;
/*!40101 SET @saved_cs_client     = @@character_set_client */;
/*!40101 SET character_set_client = utf8 */;
CREATE TABLE `thehiveprojects` (
  `pID` int(10) unsigned NOT NULL,
  `cID` int(11) NOT NULL,
  `lastUpdated` datetime DEFAULT NULL,
  PRIMARY KEY (`pID`),
  KEY `cID` (`cID`)
) ENGINE=InnoDB DEFAULT CHARSET=utf8 COLLATE=utf8_unicode_ci;
/*!40101 SET character_set_client = @saved_cs_client */;

--
-- Dumping data for table `thehiveprojects`
--

LOCK TABLES `thehiveprojects` WRITE;
/*!40000 ALTER TABLE `thehiveprojects` DISABLE KEYS */;
/*!40000 ALTER TABLE `thehiveprojects` ENABLE KEYS */;
UNLOCK TABLES;

--
-- Table structure for table `topictrees`
--

DROP TABLE IF EXISTS `topictrees`;
/*!40101 SET @saved_cs_client     = @@character_set_client */;
/*!40101 SET character_set_client = utf8 */;
CREATE TABLE `topictrees` (
  `treeID` int(10) unsigned NOT NULL DEFAULT '0',
  `topicTreeName` varchar(255) COLLATE utf8_unicode_ci DEFAULT '',
  PRIMARY KEY (`treeID`)
) ENGINE=InnoDB DEFAULT CHARSET=utf8 COLLATE=utf8_unicode_ci;
/*!40101 SET character_set_client = @saved_cs_client */;

--
-- Dumping data for table `topictrees`
--

LOCK TABLES `topictrees` WRITE;
/*!40000 ALTER TABLE `topictrees` DISABLE KEYS */;
/*!40000 ALTER TABLE `topictrees` ENABLE KEYS */;
UNLOCK TABLES;

--
-- Table structure for table `treecategorynodes`
--

DROP TABLE IF EXISTS `treecategorynodes`;
/*!40101 SET @saved_cs_client     = @@character_set_client */;
/*!40101 SET character_set_client = utf8 */;
CREATE TABLE `treecategorynodes` (
  `treeNodeID` int(10) unsigned NOT NULL AUTO_INCREMENT,
  `treeNodeCategoryName` varchar(255) COLLATE utf8_unicode_ci DEFAULT '',
  PRIMARY KEY (`treeNodeID`)
) ENGINE=InnoDB DEFAULT CHARSET=utf8 COLLATE=utf8_unicode_ci;
/*!40101 SET character_set_client = @saved_cs_client */;

--
-- Dumping data for table `treecategorynodes`
--

LOCK TABLES `treecategorynodes` WRITE;
/*!40000 ALTER TABLE `treecategorynodes` DISABLE KEYS */;
/*!40000 ALTER TABLE `treecategorynodes` ENABLE KEYS */;
UNLOCK TABLES;

--
-- Table structure for table `treegroupnodes`
--

DROP TABLE IF EXISTS `treegroupnodes`;
/*!40101 SET @saved_cs_client     = @@character_set_client */;
/*!40101 SET character_set_client = utf8 */;
CREATE TABLE `treegroupnodes` (
  `treeNodeID` int(10) unsigned NOT NULL AUTO_INCREMENT,
  `gID` int(10) unsigned DEFAULT '0',
  PRIMARY KEY (`treeNodeID`),
  KEY `gID` (`gID`)
) ENGINE=InnoDB AUTO_INCREMENT=31 DEFAULT CHARSET=utf8 COLLATE=utf8_unicode_ci;
/*!40101 SET character_set_client = @saved_cs_client */;

--
-- Dumping data for table `treegroupnodes`
--

LOCK TABLES `treegroupnodes` WRITE;
/*!40000 ALTER TABLE `treegroupnodes` DISABLE KEYS */;
INSERT INTO `treegroupnodes` VALUES (2,1),(3,2),(4,3),(7,6),(25,9),(26,10),(27,11),(28,12),(29,13),(30,14);
/*!40000 ALTER TABLE `treegroupnodes` ENABLE KEYS */;
UNLOCK TABLES;

--
-- Table structure for table `treenodepermissionassignments`
--

DROP TABLE IF EXISTS `treenodepermissionassignments`;
/*!40101 SET @saved_cs_client     = @@character_set_client */;
/*!40101 SET character_set_client = utf8 */;
CREATE TABLE `treenodepermissionassignments` (
  `treeNodeID` int(10) unsigned NOT NULL DEFAULT '0',
  `pkID` int(10) unsigned NOT NULL DEFAULT '0',
  `paID` int(10) unsigned NOT NULL DEFAULT '0',
  PRIMARY KEY (`treeNodeID`,`pkID`,`paID`),
  KEY `pkID` (`pkID`),
  KEY `paID` (`paID`)
) ENGINE=InnoDB DEFAULT CHARSET=utf8 COLLATE=utf8_unicode_ci;
/*!40101 SET character_set_client = @saved_cs_client */;

--
-- Dumping data for table `treenodepermissionassignments`
--

LOCK TABLES `treenodepermissionassignments` WRITE;
/*!40000 ALTER TABLE `treenodepermissionassignments` DISABLE KEYS */;
INSERT INTO `treenodepermissionassignments` VALUES (1,81,89),(25,81,89),(27,81,89),(29,81,89),(1,82,61),(25,82,61),(27,82,61),(29,82,61),(1,83,62),(25,83,89),(27,83,89),(29,83,31263),(1,84,63),(25,84,63),(27,84,63),(29,84,63),(1,85,64),(25,85,64),(27,85,64),(29,85,64);
/*!40000 ALTER TABLE `treenodepermissionassignments` ENABLE KEYS */;
UNLOCK TABLES;

--
-- Table structure for table `treenodes`
--

DROP TABLE IF EXISTS `treenodes`;
/*!40101 SET @saved_cs_client     = @@character_set_client */;
/*!40101 SET character_set_client = utf8 */;
CREATE TABLE `treenodes` (
  `treeNodeID` int(10) unsigned NOT NULL AUTO_INCREMENT,
  `treeNodeTypeID` int(10) unsigned DEFAULT '0',
  `treeID` int(10) unsigned DEFAULT '0',
  `treeNodeParentID` int(10) unsigned DEFAULT '0',
  `treeNodeDisplayOrder` int(10) unsigned DEFAULT '0',
  `treeNodeOverridePermissions` tinyint(1) DEFAULT '0',
  `inheritPermissionsFromTreeNodeID` int(10) unsigned DEFAULT '0',
  PRIMARY KEY (`treeNodeID`),
  KEY `treeNodeParentID` (`treeNodeParentID`),
  KEY `treeNodeTypeID` (`treeNodeTypeID`),
  KEY `treeID` (`treeID`),
  KEY `inheritPermissionsFromTreeNodeID` (`inheritPermissionsFromTreeNodeID`,`treeNodeID`)
) ENGINE=InnoDB AUTO_INCREMENT=31 DEFAULT CHARSET=utf8 COLLATE=utf8_unicode_ci;
/*!40101 SET character_set_client = @saved_cs_client */;

--
-- Dumping data for table `treenodes`
--

LOCK TABLES `treenodes` WRITE;
/*!40000 ALTER TABLE `treenodes` DISABLE KEYS */;
INSERT INTO `treenodes` VALUES (1,1,1,0,0,1,1),(2,1,1,1,0,0,1),(3,1,1,1,1,0,1),(4,1,1,1,2,0,1),(7,1,1,1,5,0,1),(25,1,1,1,8,1,25),(26,1,1,25,0,0,25),(27,1,1,1,9,1,27),(28,1,1,1,6,0,1),(29,1,1,1,7,1,29),(30,1,1,25,1,0,25);
/*!40000 ALTER TABLE `treenodes` ENABLE KEYS */;
UNLOCK TABLES;

--
-- Table structure for table `treenodetypes`
--

DROP TABLE IF EXISTS `treenodetypes`;
/*!40101 SET @saved_cs_client     = @@character_set_client */;
/*!40101 SET character_set_client = utf8 */;
CREATE TABLE `treenodetypes` (
  `treeNodeTypeID` int(10) unsigned NOT NULL AUTO_INCREMENT,
  `treeNodeTypeHandle` varchar(255) COLLATE utf8_unicode_ci DEFAULT '',
  `pkgID` int(10) unsigned DEFAULT '0',
  PRIMARY KEY (`treeNodeTypeID`),
  UNIQUE KEY `treeNodeTypeHandle` (`treeNodeTypeHandle`),
  KEY `pkgID` (`pkgID`)
) ENGINE=InnoDB AUTO_INCREMENT=4 DEFAULT CHARSET=utf8 COLLATE=utf8_unicode_ci;
/*!40101 SET character_set_client = @saved_cs_client */;

--
-- Dumping data for table `treenodetypes`
--

LOCK TABLES `treenodetypes` WRITE;
/*!40000 ALTER TABLE `treenodetypes` DISABLE KEYS */;
INSERT INTO `treenodetypes` VALUES (1,'group',0),(2,'topic_category',0),(3,'topic',0);
/*!40000 ALTER TABLE `treenodetypes` ENABLE KEYS */;
UNLOCK TABLES;

--
-- Table structure for table `trees`
--

DROP TABLE IF EXISTS `trees`;
/*!40101 SET @saved_cs_client     = @@character_set_client */;
/*!40101 SET character_set_client = utf8 */;
CREATE TABLE `trees` (
  `treeID` int(10) unsigned NOT NULL AUTO_INCREMENT,
  `treeTypeID` int(10) unsigned DEFAULT '0',
  `treeDateAdded` datetime DEFAULT NULL,
  `rootTreeNodeID` int(10) unsigned DEFAULT '0',
  PRIMARY KEY (`treeID`),
  KEY `treeTypeID` (`treeTypeID`)
) ENGINE=InnoDB AUTO_INCREMENT=2 DEFAULT CHARSET=utf8 COLLATE=utf8_unicode_ci;
/*!40101 SET character_set_client = @saved_cs_client */;

--
-- Dumping data for table `trees`
--

LOCK TABLES `trees` WRITE;
/*!40000 ALTER TABLE `trees` DISABLE KEYS */;
INSERT INTO `trees` VALUES (1,1,'2015-03-13 05:10:19',1);
/*!40000 ALTER TABLE `trees` ENABLE KEYS */;
UNLOCK TABLES;

--
-- Table structure for table `treetopicnodes`
--

DROP TABLE IF EXISTS `treetopicnodes`;
/*!40101 SET @saved_cs_client     = @@character_set_client */;
/*!40101 SET character_set_client = utf8 */;
CREATE TABLE `treetopicnodes` (
  `treeNodeID` int(10) unsigned NOT NULL AUTO_INCREMENT,
  `treeNodeTopicName` varchar(255) COLLATE utf8_unicode_ci DEFAULT '',
  PRIMARY KEY (`treeNodeID`)
) ENGINE=InnoDB DEFAULT CHARSET=utf8 COLLATE=utf8_unicode_ci;
/*!40101 SET character_set_client = @saved_cs_client */;

--
-- Dumping data for table `treetopicnodes`
--

LOCK TABLES `treetopicnodes` WRITE;
/*!40000 ALTER TABLE `treetopicnodes` DISABLE KEYS */;
/*!40000 ALTER TABLE `treetopicnodes` ENABLE KEYS */;
UNLOCK TABLES;

--
-- Table structure for table `treetypes`
--

DROP TABLE IF EXISTS `treetypes`;
/*!40101 SET @saved_cs_client     = @@character_set_client */;
/*!40101 SET character_set_client = utf8 */;
CREATE TABLE `treetypes` (
  `treeTypeID` int(10) unsigned NOT NULL AUTO_INCREMENT,
  `treeTypeHandle` varchar(255) COLLATE utf8_unicode_ci DEFAULT '',
  `pkgID` int(10) unsigned DEFAULT '0',
  PRIMARY KEY (`treeTypeID`),
  UNIQUE KEY `treeTypeHandle` (`treeTypeHandle`),
  KEY `pkgID` (`pkgID`)
) ENGINE=InnoDB AUTO_INCREMENT=3 DEFAULT CHARSET=utf8 COLLATE=utf8_unicode_ci;
/*!40101 SET character_set_client = @saved_cs_client */;

--
-- Dumping data for table `treetypes`
--

LOCK TABLES `treetypes` WRITE;
/*!40000 ALTER TABLE `treetypes` DISABLE KEYS */;
INSERT INTO `treetypes` VALUES (1,'group',0),(2,'topic',0);
/*!40000 ALTER TABLE `treetypes` ENABLE KEYS */;
UNLOCK TABLES;

--
-- Table structure for table `user_hash`
--

DROP TABLE IF EXISTS `user_hash`;
/*!40101 SET @saved_cs_client     = @@character_set_client */;
/*!40101 SET character_set_client = utf8 */;
CREATE TABLE `user_hash` (
  `uID` int(10) unsigned NOT NULL,
  `hash_sha512` varchar(150) COLLATE utf8_unicode_ci NOT NULL,
  PRIMARY KEY (`uID`),
  KEY `hash_sha512` (`hash_sha512`)
) ENGINE=InnoDB DEFAULT CHARSET=utf8 COLLATE=utf8_unicode_ci;
/*!40101 SET character_set_client = @saved_cs_client */;

--
-- Dumping data for table `user_hash`
--

LOCK TABLES `user_hash` WRITE;
/*!40000 ALTER TABLE `user_hash` DISABLE KEYS */;
INSERT INTO `user_hash` VALUES (39,'237265d6885dea4d97dd84bc1906eb59e6aeee8c856514434928e8febab5cd4d6092998c42924916509f9ac9f3d3e7bb8b76f96a155fb6579eebbbd29c229beb'),(31,'4eceab373cbbd3d391e7ad4b463900722bca296af2f38b80e60176091e4aef4a26f7545bb17740ecd1d1d76429085ef1a933fd96be8b8ebab9cf10d8f5cf21e8'),(37,'61cea5f3f2fc8ad7e79edf7a4b75b93aca8426f0e69802a1979cff42e081981f19ccaac19c20fa9a8503b0ad82cae28a3f22d5cfaa64d5d39127f361f5dd571d'),(18,'65f4645a3f2cca96ee870cb361074166efbd59fa8562d32422cc4c470e5c3f4e38a3d2d50480aee8ad99987a45ce540ba8b7d4495aedd830bb6c2a0934b2d4c5'),(38,'6b22bc291c3e8e2c7b82c88d1d08c2ff9085a8d19040881b8fe24ffd734c8584e83c2b4d791d7a23c6def9510d8ceffee308b322c94acc0d88ffc24ba7fac907'),(1,'7031ce01934d519502eaa4410112ac804dc25e292dfec721ec19433dc55f3bf19908a9bf11d8a0c53bed527fee9387788dd1c53a6ff83f6c9617a31f2b0691d6'),(35,'7d282c9761fa6d6b4fe0963645e418d40bb4cbcf4983abe522eef235820790668db5a62f1f3cd15c6e03ffb0550bcc66308738f1b19d39fa2e4820a8319c5877'),(21,'7e8186f7cda5244cf919a80638c32253f4900ac09fedc8af6eb72fb4de9f7ac1c90efbfebf24972e7c4a80067ea78a3db8d78f0c26a2e7bffc39af681e23710c'),(16,'803666171718672e889d5746d10a8874d022e74dae02a21048b621fccf5eb4ce4f85bd0894f8d84f790a6e1b43abae65f93c517d7f280af6d82f43cebd1f09d6'),(32,'9673e8073561e9d2cad04f1301ff346c04e17cf557fedc6eff21f12a92ed4c95b95a575dc1b228faf28e19eee5fd6cbf5a6ca19121f8192b9c1fa72229f6b296'),(33,'985acc1786e5106ddcfe1369f1f08bb5db96394ff91f30a95d2365fe02da1e1eaa7b3e2385d33e188e3241012d58aaae003f9578ee51019089ef332cd9c0458a'),(36,'c1b1c4e6d4bb5db77b13eff3ecc2a6d34e89e9a7bbd79511d15c745beae9db2b123e4a97f521e308bbc9329397e7544e5df9957e6068e6f71d86e5175a022a7b');
/*!40000 ALTER TABLE `user_hash` ENABLE KEYS */;
UNLOCK TABLES;

--
-- Table structure for table `userattributekeys`
--

DROP TABLE IF EXISTS `userattributekeys`;
/*!40101 SET @saved_cs_client     = @@character_set_client */;
/*!40101 SET character_set_client = utf8 */;
CREATE TABLE `userattributekeys` (
  `akID` int(10) unsigned NOT NULL,
  `uakProfileDisplay` tinyint(1) NOT NULL DEFAULT '0',
  `uakMemberListDisplay` tinyint(1) NOT NULL DEFAULT '0',
  `uakProfileEdit` tinyint(1) NOT NULL DEFAULT '1',
  `uakProfileEditRequired` tinyint(1) NOT NULL DEFAULT '0',
  `uakRegisterEdit` tinyint(1) NOT NULL DEFAULT '0',
  `uakRegisterEditRequired` tinyint(1) NOT NULL DEFAULT '0',
  `displayOrder` int(10) unsigned DEFAULT '0',
  `uakIsActive` tinyint(1) NOT NULL DEFAULT '1',
  PRIMARY KEY (`akID`)
) ENGINE=InnoDB DEFAULT CHARSET=utf8 COLLATE=utf8_unicode_ci;
/*!40101 SET character_set_client = @saved_cs_client */;

--
-- Dumping data for table `userattributekeys`
--

LOCK TABLES `userattributekeys` WRITE;
/*!40000 ALTER TABLE `userattributekeys` DISABLE KEYS */;
INSERT INTO `userattributekeys` VALUES (16,0,0,0,0,0,0,2,1),(25,0,0,0,0,1,0,3,1),(26,0,0,0,0,0,0,5,1),(27,0,0,0,0,0,0,6,1),(29,0,0,0,0,1,0,4,1),(35,0,0,0,0,0,0,7,1),(36,0,0,0,0,0,0,8,1),(38,0,0,0,0,1,1,11,1),(39,1,0,1,0,1,0,9,1),(40,1,0,1,0,1,0,10,1),(41,1,0,1,0,1,0,12,1),(42,1,0,1,0,1,0,13,1);
/*!40000 ALTER TABLE `userattributekeys` ENABLE KEYS */;
UNLOCK TABLES;

--
-- Table structure for table `userattributevalues`
--

DROP TABLE IF EXISTS `userattributevalues`;
/*!40101 SET @saved_cs_client     = @@character_set_client */;
/*!40101 SET character_set_client = utf8 */;
CREATE TABLE `userattributevalues` (
  `uID` int(10) unsigned NOT NULL DEFAULT '0',
  `akID` int(10) unsigned NOT NULL DEFAULT '0',
  `avID` int(10) unsigned DEFAULT '0',
  PRIMARY KEY (`uID`,`akID`),
  KEY `akID` (`akID`),
  KEY `avID` (`avID`)
) ENGINE=InnoDB DEFAULT CHARSET=utf8 COLLATE=utf8_unicode_ci;
/*!40101 SET character_set_client = @saved_cs_client */;

--
-- Dumping data for table `userattributevalues`
--

LOCK TABLES `userattributevalues` WRITE;
/*!40000 ALTER TABLE `userattributevalues` DISABLE KEYS */;
INSERT INTO `userattributevalues` VALUES (31,25,830),(31,29,831),(32,25,832),(32,29,833),(33,25,834),(33,29,835),(35,25,838),(35,29,839),(36,25,840),(36,29,841),(37,25,842),(37,29,843),(38,25,860),(38,29,861),(39,25,862),(39,29,863);
/*!40000 ALTER TABLE `userattributevalues` ENABLE KEYS */;
UNLOCK TABLES;

--
-- Table structure for table `userbannedips`
--

DROP TABLE IF EXISTS `userbannedips`;
/*!40101 SET @saved_cs_client     = @@character_set_client */;
/*!40101 SET character_set_client = utf8 */;
CREATE TABLE `userbannedips` (
  `id` int(10) unsigned NOT NULL AUTO_INCREMENT,
  `ipFrom` tinyblob,
  `ipTo` tinyblob,
  `banCode` tinyint(1) NOT NULL DEFAULT '1',
  `expires` datetime NOT NULL DEFAULT '0000-00-00 00:00:00',
  `isManual` tinyint(1) NOT NULL DEFAULT '0',
  PRIMARY KEY (`id`),
  UNIQUE KEY `ipFrom` (`ipFrom`(32),`ipTo`(32))
) ENGINE=InnoDB DEFAULT CHARSET=utf8 COLLATE=utf8_unicode_ci;
/*!40101 SET character_set_client = @saved_cs_client */;

--
-- Dumping data for table `userbannedips`
--

LOCK TABLES `userbannedips` WRITE;
/*!40000 ALTER TABLE `userbannedips` DISABLE KEYS */;
/*!40000 ALTER TABLE `userbannedips` ENABLE KEYS */;
UNLOCK TABLES;

--
-- Table structure for table `usergroups`
--

DROP TABLE IF EXISTS `usergroups`;
/*!40101 SET @saved_cs_client     = @@character_set_client */;
/*!40101 SET character_set_client = utf8 */;
CREATE TABLE `usergroups` (
  `uID` int(10) unsigned NOT NULL DEFAULT '0',
  `gID` int(10) unsigned NOT NULL DEFAULT '0',
  `ugEntered` datetime NOT NULL DEFAULT '0000-00-00 00:00:00',
  PRIMARY KEY (`uID`,`gID`),
  KEY `uID` (`uID`),
  KEY `gID` (`gID`)
) ENGINE=InnoDB DEFAULT CHARSET=utf8 COLLATE=utf8_unicode_ci;
/*!40101 SET character_set_client = @saved_cs_client */;

--
-- Dumping data for table `usergroups`
--

LOCK TABLES `usergroups` WRITE;
/*!40000 ALTER TABLE `usergroups` DISABLE KEYS */;
INSERT INTO `usergroups` VALUES (1,12,'2016-11-04 03:12:10'),(16,6,'2015-12-05 09:05:45'),(18,9,'2016-11-04 06:06:34'),(18,12,'2016-11-04 06:06:34'),(21,11,'2016-11-04 06:06:34'),(21,12,'2016-11-04 06:06:34'),(31,3,'2016-10-03 10:56:19'),(31,12,'2016-11-04 06:06:06'),(32,3,'2016-10-03 10:57:22'),(32,12,'2016-11-04 06:05:52'),(33,3,'2016-10-03 10:59:38'),(33,12,'2016-11-04 06:05:39'),(35,3,'2016-10-03 11:01:44'),(35,12,'2016-11-04 06:05:24'),(36,3,'2016-10-03 11:02:52'),(36,12,'2016-11-04 06:04:54'),(37,3,'2016-10-03 11:04:13'),(37,12,'2016-11-04 06:04:38'),(38,3,'2016-11-04 06:03:51'),(38,12,'2016-11-04 06:04:20'),(39,9,'2016-11-04 06:06:34'),(39,10,'2016-11-04 06:06:34'),(39,12,'2016-11-04 06:08:56');
/*!40000 ALTER TABLE `usergroups` ENABLE KEYS */;
UNLOCK TABLES;

--
-- Table structure for table `usergroupslog`
--

DROP TABLE IF EXISTS `usergroupslog`;
/*!40101 SET @saved_cs_client     = @@character_set_client */;
/*!40101 SET character_set_client = utf8 */;
CREATE TABLE `usergroupslog` (
  `id` int(10) unsigned NOT NULL AUTO_INCREMENT,
  `user_id` int(10) unsigned NOT NULL,
  `action` tinyint(1) NOT NULL,
  `group_id` int(10) unsigned NOT NULL,
  `datetime` timestamp NOT NULL DEFAULT CURRENT_TIMESTAMP,
  PRIMARY KEY (`id`),
  KEY `user_id` (`user_id`),
  KEY `group_id` (`group_id`)
) ENGINE=InnoDB DEFAULT CHARSET=utf8 COLLATE=utf8_unicode_ci;
/*!40101 SET character_set_client = @saved_cs_client */;

--
-- Dumping data for table `usergroupslog`
--

LOCK TABLES `usergroupslog` WRITE;
/*!40000 ALTER TABLE `usergroupslog` DISABLE KEYS */;
/*!40000 ALTER TABLE `usergroupslog` ENABLE KEYS */;
UNLOCK TABLES;

--
-- Table structure for table `userpermissioneditpropertyaccesslist`
--

DROP TABLE IF EXISTS `userpermissioneditpropertyaccesslist`;
/*!40101 SET @saved_cs_client     = @@character_set_client */;
/*!40101 SET character_set_client = utf8 */;
CREATE TABLE `userpermissioneditpropertyaccesslist` (
  `paID` int(10) unsigned NOT NULL DEFAULT '0',
  `peID` int(10) unsigned NOT NULL DEFAULT '0',
  `uName` tinyint(1) DEFAULT '0',
  `uEmail` tinyint(1) DEFAULT '0',
  `uPassword` tinyint(1) DEFAULT '0',
  `uAvatar` tinyint(1) DEFAULT '0',
  `uTimezone` tinyint(1) DEFAULT '0',
  `uDefaultLanguage` tinyint(1) DEFAULT '0',
  `attributePermission` varchar(1) COLLATE utf8_unicode_ci NOT NULL DEFAULT '1',
  PRIMARY KEY (`paID`,`peID`)
) ENGINE=InnoDB DEFAULT CHARSET=utf8 COLLATE=utf8_unicode_ci;
/*!40101 SET character_set_client = @saved_cs_client */;

--
-- Dumping data for table `userpermissioneditpropertyaccesslist`
--

LOCK TABLES `userpermissioneditpropertyaccesslist` WRITE;
/*!40000 ALTER TABLE `userpermissioneditpropertyaccesslist` DISABLE KEYS */;
INSERT INTO `userpermissioneditpropertyaccesslist` VALUES (85,1,1,1,1,1,1,1,'A'),(85,8,1,1,1,1,1,1,'A');
/*!40000 ALTER TABLE `userpermissioneditpropertyaccesslist` ENABLE KEYS */;
UNLOCK TABLES;

--
-- Table structure for table `userpermissioneditpropertyattributeaccesslistcustom`
--

DROP TABLE IF EXISTS `userpermissioneditpropertyattributeaccesslistcustom`;
/*!40101 SET @saved_cs_client     = @@character_set_client */;
/*!40101 SET character_set_client = utf8 */;
CREATE TABLE `userpermissioneditpropertyattributeaccesslistcustom` (
  `paID` int(10) unsigned NOT NULL DEFAULT '0',
  `peID` int(10) unsigned NOT NULL DEFAULT '0',
  `akID` int(10) unsigned NOT NULL DEFAULT '0',
  PRIMARY KEY (`paID`,`peID`,`akID`),
  KEY `peID` (`peID`),
  KEY `akID` (`akID`)
) ENGINE=InnoDB DEFAULT CHARSET=utf8 COLLATE=utf8_unicode_ci;
/*!40101 SET character_set_client = @saved_cs_client */;

--
-- Dumping data for table `userpermissioneditpropertyattributeaccesslistcustom`
--

LOCK TABLES `userpermissioneditpropertyattributeaccesslistcustom` WRITE;
/*!40000 ALTER TABLE `userpermissioneditpropertyattributeaccesslistcustom` DISABLE KEYS */;
INSERT INTO `userpermissioneditpropertyattributeaccesslistcustom` VALUES (85,1,12),(85,1,13),(85,1,16),(85,1,25),(85,1,26),(85,1,27),(85,1,28),(85,1,29),(85,1,30),(85,8,12),(85,8,13),(85,8,16),(85,8,25),(85,8,26),(85,8,27),(85,8,28),(85,8,29),(85,8,30);
/*!40000 ALTER TABLE `userpermissioneditpropertyattributeaccesslistcustom` ENABLE KEYS */;
UNLOCK TABLES;

--
-- Table structure for table `userpermissionviewattributeaccesslist`
--

DROP TABLE IF EXISTS `userpermissionviewattributeaccesslist`;
/*!40101 SET @saved_cs_client     = @@character_set_client */;
/*!40101 SET character_set_client = utf8 */;
CREATE TABLE `userpermissionviewattributeaccesslist` (
  `paID` int(10) unsigned NOT NULL DEFAULT '0',
  `peID` int(10) unsigned NOT NULL DEFAULT '0',
  `permission` varchar(1) COLLATE utf8_unicode_ci NOT NULL DEFAULT '1',
  PRIMARY KEY (`paID`,`peID`),
  KEY `peID` (`peID`)
) ENGINE=InnoDB DEFAULT CHARSET=utf8 COLLATE=utf8_unicode_ci;
/*!40101 SET character_set_client = @saved_cs_client */;

--
-- Dumping data for table `userpermissionviewattributeaccesslist`
--

LOCK TABLES `userpermissionviewattributeaccesslist` WRITE;
/*!40000 ALTER TABLE `userpermissionviewattributeaccesslist` DISABLE KEYS */;
/*!40000 ALTER TABLE `userpermissionviewattributeaccesslist` ENABLE KEYS */;
UNLOCK TABLES;

--
-- Table structure for table `userpermissionviewattributeaccesslistcustom`
--

DROP TABLE IF EXISTS `userpermissionviewattributeaccesslistcustom`;
/*!40101 SET @saved_cs_client     = @@character_set_client */;
/*!40101 SET character_set_client = utf8 */;
CREATE TABLE `userpermissionviewattributeaccesslistcustom` (
  `paID` int(10) unsigned NOT NULL DEFAULT '0',
  `peID` int(10) unsigned NOT NULL DEFAULT '0',
  `akID` int(10) unsigned NOT NULL DEFAULT '0',
  PRIMARY KEY (`paID`,`peID`,`akID`),
  KEY `peID` (`peID`),
  KEY `akID` (`akID`)
) ENGINE=InnoDB DEFAULT CHARSET=utf8 COLLATE=utf8_unicode_ci;
/*!40101 SET character_set_client = @saved_cs_client */;

--
-- Dumping data for table `userpermissionviewattributeaccesslistcustom`
--

LOCK TABLES `userpermissionviewattributeaccesslistcustom` WRITE;
/*!40000 ALTER TABLE `userpermissionviewattributeaccesslistcustom` DISABLE KEYS */;
/*!40000 ALTER TABLE `userpermissionviewattributeaccesslistcustom` ENABLE KEYS */;
UNLOCK TABLES;

--
-- Table structure for table `userpointactions`
--

DROP TABLE IF EXISTS `userpointactions`;
/*!40101 SET @saved_cs_client     = @@character_set_client */;
/*!40101 SET character_set_client = utf8 */;
CREATE TABLE `userpointactions` (
  `upaID` int(11) NOT NULL AUTO_INCREMENT,
  `upaHandle` varchar(255) COLLATE utf8_unicode_ci DEFAULT NULL,
  `upaName` varchar(255) COLLATE utf8_unicode_ci DEFAULT NULL,
  `upaDefaultPoints` int(11) NOT NULL DEFAULT '0',
  `pkgID` int(10) unsigned NOT NULL DEFAULT '0',
  `upaHasCustomClass` tinyint(1) NOT NULL DEFAULT '0',
  `upaIsActive` tinyint(1) NOT NULL DEFAULT '1',
  `gBadgeID` int(11) NOT NULL DEFAULT '0',
  PRIMARY KEY (`upaID`),
  UNIQUE KEY `upaHandle` (`upaHandle`),
  KEY `pkgID` (`pkgID`),
  KEY `gBBadgeID` (`gBadgeID`)
) ENGINE=InnoDB AUTO_INCREMENT=2 DEFAULT CHARSET=utf8 COLLATE=utf8_unicode_ci;
/*!40101 SET character_set_client = @saved_cs_client */;

--
-- Dumping data for table `userpointactions`
--

LOCK TABLES `userpointactions` WRITE;
/*!40000 ALTER TABLE `userpointactions` DISABLE KEYS */;
INSERT INTO `userpointactions` VALUES (1,'won_badge','Won a Badge',5,0,1,1,0);
/*!40000 ALTER TABLE `userpointactions` ENABLE KEYS */;
UNLOCK TABLES;

--
-- Table structure for table `userpointhistory`
--

DROP TABLE IF EXISTS `userpointhistory`;
/*!40101 SET @saved_cs_client     = @@character_set_client */;
/*!40101 SET character_set_client = utf8 */;
CREATE TABLE `userpointhistory` (
  `upID` int(11) NOT NULL AUTO_INCREMENT,
  `upuID` int(11) NOT NULL DEFAULT '0',
  `upaID` int(11) DEFAULT '0',
  `upPoints` int(11) DEFAULT '0',
  `object` longtext COLLATE utf8_unicode_ci,
  `timestamp` timestamp NOT NULL DEFAULT CURRENT_TIMESTAMP,
  PRIMARY KEY (`upID`),
  KEY `upuID` (`upuID`),
  KEY `upaID` (`upaID`)
) ENGINE=InnoDB DEFAULT CHARSET=utf8 COLLATE=utf8_unicode_ci;
/*!40101 SET character_set_client = @saved_cs_client */;

--
-- Dumping data for table `userpointhistory`
--

LOCK TABLES `userpointhistory` WRITE;
/*!40000 ALTER TABLE `userpointhistory` DISABLE KEYS */;
/*!40000 ALTER TABLE `userpointhistory` ENABLE KEYS */;
UNLOCK TABLES;

--
-- Table structure for table `userprivatemessages`
--

DROP TABLE IF EXISTS `userprivatemessages`;
/*!40101 SET @saved_cs_client     = @@character_set_client */;
/*!40101 SET character_set_client = utf8 */;
CREATE TABLE `userprivatemessages` (
  `msgID` int(10) unsigned NOT NULL AUTO_INCREMENT,
  `uAuthorID` int(10) unsigned NOT NULL DEFAULT '0',
  `msgDateCreated` datetime NOT NULL,
  `msgSubject` varchar(255) COLLATE utf8_unicode_ci NOT NULL,
  `msgBody` text COLLATE utf8_unicode_ci,
  `uToID` int(10) unsigned NOT NULL DEFAULT '0',
  PRIMARY KEY (`msgID`),
  KEY `uAuthorID` (`uAuthorID`,`msgDateCreated`)
) ENGINE=InnoDB DEFAULT CHARSET=utf8 COLLATE=utf8_unicode_ci;
/*!40101 SET character_set_client = @saved_cs_client */;

--
-- Dumping data for table `userprivatemessages`
--

LOCK TABLES `userprivatemessages` WRITE;
/*!40000 ALTER TABLE `userprivatemessages` DISABLE KEYS */;
/*!40000 ALTER TABLE `userprivatemessages` ENABLE KEYS */;
UNLOCK TABLES;

--
-- Table structure for table `userprivatemessagesto`
--

DROP TABLE IF EXISTS `userprivatemessagesto`;
/*!40101 SET @saved_cs_client     = @@character_set_client */;
/*!40101 SET character_set_client = utf8 */;
CREATE TABLE `userprivatemessagesto` (
  `msgID` int(10) unsigned NOT NULL DEFAULT '0',
  `uID` int(10) unsigned NOT NULL DEFAULT '0',
  `uAuthorID` int(10) unsigned NOT NULL DEFAULT '0',
  `msgMailboxID` int(11) NOT NULL,
  `msgIsNew` tinyint(1) NOT NULL DEFAULT '0',
  `msgIsUnread` tinyint(1) NOT NULL DEFAULT '0',
  `msgIsReplied` tinyint(1) NOT NULL DEFAULT '0',
  PRIMARY KEY (`msgID`,`uID`,`uAuthorID`,`msgMailboxID`),
  KEY `uID` (`uID`),
  KEY `uAuthorID` (`uAuthorID`),
  KEY `msgFolderID` (`msgMailboxID`),
  KEY `msgIsNew` (`msgIsNew`)
) ENGINE=InnoDB DEFAULT CHARSET=utf8 COLLATE=utf8_unicode_ci;
/*!40101 SET character_set_client = @saved_cs_client */;

--
-- Dumping data for table `userprivatemessagesto`
--

LOCK TABLES `userprivatemessagesto` WRITE;
/*!40000 ALTER TABLE `userprivatemessagesto` DISABLE KEYS */;
/*!40000 ALTER TABLE `userprivatemessagesto` ENABLE KEYS */;
UNLOCK TABLES;

--
-- Table structure for table `users`
--

DROP TABLE IF EXISTS `users`;
/*!40101 SET @saved_cs_client     = @@character_set_client */;
/*!40101 SET character_set_client = utf8 */;
CREATE TABLE `users` (
  `uID` int(10) unsigned NOT NULL AUTO_INCREMENT,
  `uName` varchar(64) COLLATE utf8_unicode_ci NOT NULL,
  `uEmail` varchar(254) COLLATE utf8_unicode_ci NOT NULL,
  `uPassword` varchar(255) COLLATE utf8_unicode_ci NOT NULL,
  `uIsActive` varchar(1) COLLATE utf8_unicode_ci NOT NULL DEFAULT '0',
  `uIsValidated` tinyint(1) NOT NULL DEFAULT '-1',
  `uIsFullRecord` tinyint(1) NOT NULL DEFAULT '1',
  `uDateAdded` datetime NOT NULL DEFAULT '0000-00-00 00:00:00',
  `uLastPasswordChange` datetime NOT NULL DEFAULT '0000-00-00 00:00:00',
  `uHasAvatar` tinyint(1) NOT NULL DEFAULT '0',
  `uLastOnline` int(10) unsigned NOT NULL DEFAULT '0',
  `uLastLogin` int(10) unsigned NOT NULL DEFAULT '0',
  `uLastIP` tinyblob,
  `uPreviousLogin` int(10) unsigned DEFAULT '0',
  `uNumLogins` int(10) unsigned NOT NULL DEFAULT '0',
  `uLastAuthTypeID` int(10) unsigned NOT NULL DEFAULT '0',
  `uTimezone` varchar(255) COLLATE utf8_unicode_ci DEFAULT NULL,
  `uDefaultLanguage` varchar(32) COLLATE utf8_unicode_ci DEFAULT NULL,
  PRIMARY KEY (`uID`),
  UNIQUE KEY `uName` (`uName`),
  KEY `uEmail` (`uEmail`)
) ENGINE=InnoDB AUTO_INCREMENT=40 DEFAULT CHARSET=utf8 COLLATE=utf8_unicode_ci;
/*!40101 SET character_set_client = @saved_cs_client */;

--
-- Dumping data for table `users`
--

LOCK TABLES `users` WRITE;
/*!40000 ALTER TABLE `users` DISABLE KEYS */;
INSERT INTO `users` VALUES (1,'admin','info@harvestdp.com','$2a$12$2pb2dBd/gtJanvwIAu5PUOZLiz6c.zb9loNfyE1wGaeLaBhulI8/C','1',-1,1,'2015-03-13 05:10:20','2015-03-13 05:10:20',0,1551661273,1551661272,'cbce8ee8',1547783584,13,1,NULL,NULL),(16,'HiveModerator','User16@harvestdp.com','$2a$12$wNb20TslVTdM/zUY0IQGbO4KVbBh7BUrWgN/y5yuw5YqvR0SUtRhm','1',-1,1,'2015-12-05 09:05:44','2017-03-20 13:32:57',0,0,0,NULL,0,0,0,NULL,'en_US'),(18,'Project_admin','projectadmin@harvestdp.com','$2a$12$E2/Qw7AMTC5o/px.m3wJR..UQKVk55LbNY3e6YONV2zkfbd5IMguG','1',-1,1,'2016-02-18 14:51:06','2016-02-18 14:51:06',0,0,0,NULL,0,0,0,NULL,'en_US'),(21,'PrivateUser','privateuser@harvestdp.com','$2a$12$/W.tkUESYAxiFRtw1l5Iy.myacFxsnXTxqkylfar/SKT5wr7a9l.y','1',-1,1,'2016-04-28 16:34:11','2016-04-28 16:34:11',0,0,0,NULL,0,0,0,NULL,'en_US'),(31,'ChesterZhang','Chester@harvestdp.com','$2a$12$FpYGvB5PUCnzW5zFhdPLQOH0qSq2mowuveo/SfqoNpfX3.2UBmj9y','1',-1,1,'2016-10-03 10:55:45','2016-10-03 10:55:45',0,0,0,NULL,0,0,0,NULL,'en_US'),(32,'BrianAshton','Brian@harvestdp.com','$2a$12$4zj548V74U.kfDLEueOwE.DyIm7xQP.rFE1dsXSzw3t1.8kH5YK1y','1',-1,1,'2016-10-03 10:57:15','2016-10-03 10:57:15',0,0,0,NULL,0,0,0,NULL,'en_US'),(33,'KellyChin','kelly@harvestdp.com','$2a$12$CoqorqeOufQ2jROhmRHd9u76xEsCyTXihAcWx5dayGIZe4nFGR.Om','1',-1,1,'2016-10-03 10:59:27','2016-10-03 10:59:27',0,0,0,NULL,0,0,0,NULL,'en_US'),(35,'AndyHarris','andy@harvestdp.com','$2a$12$f5bcTNLhT3MpQvYW7NUyiOijxZz1uwFvvRymxblTMcXtaxrTU4MIi','1',-1,1,'2016-10-03 11:01:38','2016-10-03 11:01:38',0,0,0,NULL,0,0,0,NULL,'en_US'),(36,'DomEales','Dom@harvestdp.com','$2a$12$4D/fZ2GbhO7Wmdrdbz7PBeYCmEeHapMsBbP0lo/GytaNjN50ftz8m','1',-1,1,'2016-10-03 11:02:51','2016-10-03 11:02:51',0,0,0,NULL,0,0,0,NULL,'en_US'),(37,'JovanVillamor','jovan@harvestdp.com','$2a$12$xu.SHFchiCk92lr.5zD5j.qdT1bIoR4LqZLOSiY3FgvjQBgreNAQ6','1',-1,1,'2016-10-03 11:04:12','2016-10-03 11:04:12',0,0,0,NULL,0,0,0,NULL,'en_US'),(38,'AdamSmith','adam@harvestdp.com','$2a$12$HMeyNKrlYw/XzK0ruszEzeY3DPubKqUBYYdysjSBooBaXzbkkCT.C','1',-1,1,'2016-11-04 06:03:50','2016-11-04 06:03:50',0,0,0,NULL,0,0,0,NULL,'en_US'),(39,'siteadmin','siteadmin@harvestdp.com','$2a$12$F6Y/SrcQHVoysyN46c/KIuUBwGN55yMC9doyHviJJGXxFRXTEgm8S','1',-1,1,'2016-11-04 06:06:34','2016-11-04 06:06:34',0,0,0,NULL,0,0,0,NULL,'en_US');
/*!40000 ALTER TABLE `users` ENABLE KEYS */;
UNLOCK TABLES;

--
-- Table structure for table `usersearchindexattributes`
--

DROP TABLE IF EXISTS `usersearchindexattributes`;
/*!40101 SET @saved_cs_client     = @@character_set_client */;
/*!40101 SET character_set_client = utf8 */;
CREATE TABLE `usersearchindexattributes` (
  `uID` int(10) unsigned NOT NULL DEFAULT '0',
  `ak_postcode` tinytext COLLATE utf8_unicode_ci,
  `ak_gender` varchar(255) COLLATE utf8_unicode_ci DEFAULT NULL,
  `ak_age_group` varchar(255) COLLATE utf8_unicode_ci DEFAULT NULL,
  `ak_year_of_birth` int(11) DEFAULT NULL,
  `ak_first_name` longtext COLLATE utf8_unicode_ci,
  `ak_last_name` longtext COLLATE utf8_unicode_ci,
  `ak_privacy_statement` tinyint(1) DEFAULT '0',
  `ak_member_interests` varchar(255) COLLATE utf8_unicode_ci DEFAULT NULL,
  `ak_member_locations` varchar(255) COLLATE utf8_unicode_ci DEFAULT NULL,
  `ak_interest_notifications` tinyint(1) DEFAULT '0',
  `ak_newsletter` tinyint(1) DEFAULT '0',
  PRIMARY KEY (`uID`)
) ENGINE=InnoDB DEFAULT CHARSET=utf8 COLLATE=utf8_unicode_ci;
/*!40101 SET character_set_client = @saved_cs_client */;

--
-- Dumping data for table `usersearchindexattributes`
--

LOCK TABLES `usersearchindexattributes` WRITE;
/*!40000 ALTER TABLE `usersearchindexattributes` DISABLE KEYS */;
INSERT INTO `usersearchindexattributes` VALUES (1,NULL,NULL,NULL,NULL,NULL,NULL,0,NULL,NULL,0,0),(16,NULL,NULL,NULL,NULL,NULL,NULL,0,NULL,NULL,0,0),(18,NULL,NULL,NULL,NULL,NULL,NULL,0,NULL,NULL,0,0),(21,NULL,NULL,NULL,NULL,NULL,NULL,0,NULL,NULL,0,0),(31,'',NULL,NULL,0,NULL,NULL,0,NULL,NULL,0,0),(32,'',NULL,NULL,0,NULL,NULL,0,NULL,NULL,0,0),(33,'',NULL,NULL,0,NULL,NULL,0,NULL,NULL,0,0),(35,'',NULL,NULL,0,NULL,NULL,0,NULL,NULL,0,0),(36,'',NULL,NULL,0,NULL,NULL,0,NULL,NULL,0,0),(37,'',NULL,NULL,0,NULL,NULL,0,NULL,NULL,0,0),(38,'',NULL,NULL,0,NULL,NULL,0,NULL,NULL,0,0),(39,'',NULL,NULL,0,NULL,NULL,0,NULL,NULL,0,0);
/*!40000 ALTER TABLE `usersearchindexattributes` ENABLE KEYS */;
UNLOCK TABLES;

--
-- Table structure for table `userslog`
--

DROP TABLE IF EXISTS `userslog`;
/*!40101 SET @saved_cs_client     = @@character_set_client */;
/*!40101 SET character_set_client = utf8 */;
CREATE TABLE `userslog` (
  `id` int(10) unsigned NOT NULL AUTO_INCREMENT,
  `user_id` int(11) NOT NULL,
  `action` varchar(80) COLLATE utf8_unicode_ci DEFAULT 'login',
  `time_stamp` int(11) DEFAULT NULL,
  `session_ip` varchar(20) COLLATE utf8_unicode_ci DEFAULT NULL,
  PRIMARY KEY (`id`),
  KEY `user_id` (`user_id`),
  KEY `action` (`action`)
) ENGINE=InnoDB AUTO_INCREMENT=2 DEFAULT CHARSET=utf8 COLLATE=utf8_unicode_ci;
/*!40101 SET character_set_client = @saved_cs_client */;

--
-- Dumping data for table `userslog`
--

LOCK TABLES `userslog` WRITE;
/*!40000 ALTER TABLE `userslog` DISABLE KEYS */;
INSERT INTO `userslog` VALUES (1,1,'login',1551661272,'203.206.142.232');
/*!40000 ALTER TABLE `userslog` ENABLE KEYS */;
UNLOCK TABLES;

--
-- Table structure for table `uservalidationhashes`
--

DROP TABLE IF EXISTS `uservalidationhashes`;
/*!40101 SET @saved_cs_client     = @@character_set_client */;
/*!40101 SET character_set_client = utf8 */;
CREATE TABLE `uservalidationhashes` (
  `uvhID` int(10) unsigned NOT NULL AUTO_INCREMENT,
  `uID` int(10) unsigned DEFAULT NULL,
  `uHash` varchar(64) COLLATE utf8_unicode_ci NOT NULL,
  `type` smallint(5) unsigned NOT NULL DEFAULT '0',
  `uDateGenerated` int(10) unsigned NOT NULL DEFAULT '0',
  `uDateRedeemed` int(10) unsigned NOT NULL DEFAULT '0',
  PRIMARY KEY (`uvhID`),
  KEY `uID` (`uID`,`type`),
  KEY `uHash` (`uHash`,`type`),
  KEY `uDateGenerated` (`uDateGenerated`,`type`)
) ENGINE=InnoDB DEFAULT CHARSET=utf8 COLLATE=utf8_unicode_ci;
/*!40101 SET character_set_client = @saved_cs_client */;

--
-- Dumping data for table `uservalidationhashes`
--

LOCK TABLES `uservalidationhashes` WRITE;
/*!40000 ALTER TABLE `uservalidationhashes` DISABLE KEYS */;
/*!40000 ALTER TABLE `uservalidationhashes` ENABLE KEYS */;
UNLOCK TABLES;

--
-- Table structure for table `workflowprogress`
--

DROP TABLE IF EXISTS `workflowprogress`;
/*!40101 SET @saved_cs_client     = @@character_set_client */;
/*!40101 SET character_set_client = utf8 */;
CREATE TABLE `workflowprogress` (
  `wpID` int(10) unsigned NOT NULL AUTO_INCREMENT,
  `wpCategoryID` int(10) unsigned DEFAULT NULL,
  `wfID` int(10) unsigned NOT NULL DEFAULT '0',
  `wpApproved` tinyint(1) NOT NULL DEFAULT '0',
  `wpDateAdded` datetime DEFAULT NULL,
  `wpDateLastAction` datetime DEFAULT NULL,
  `wpCurrentStatus` int(11) NOT NULL DEFAULT '0',
  `wrID` int(11) NOT NULL DEFAULT '0',
  `wpIsCompleted` tinyint(1) NOT NULL DEFAULT '0',
  PRIMARY KEY (`wpID`),
  KEY `wpCategoryID` (`wpCategoryID`),
  KEY `wfID` (`wfID`),
  KEY `wrID` (`wrID`,`wpID`,`wpIsCompleted`)
) ENGINE=InnoDB AUTO_INCREMENT=19 DEFAULT CHARSET=utf8 COLLATE=utf8_unicode_ci;
/*!40101 SET character_set_client = @saved_cs_client */;

--
-- Dumping data for table `workflowprogress`
--

LOCK TABLES `workflowprogress` WRITE;
/*!40000 ALTER TABLE `workflowprogress` DISABLE KEYS */;
INSERT INTO `workflowprogress` VALUES (5,1,1,0,'2016-10-26 10:54:47','2016-10-26 10:54:51',30,5,1),(6,1,1,0,'2016-10-26 11:12:16','2016-10-26 11:12:20',30,6,1),(7,1,1,0,'2016-10-26 11:14:34','2016-10-26 11:14:38',30,7,1),(8,1,1,0,'2016-10-26 11:15:52','2016-10-26 11:15:56',30,8,1),(9,1,1,0,'2016-10-26 11:26:23','2016-10-26 11:26:28',30,9,1),(10,1,1,0,'2016-10-26 11:59:04','2016-10-26 11:59:08',30,10,1),(11,1,1,0,'2016-10-26 11:59:35','2016-10-26 11:59:39',30,11,1),(12,1,1,0,'2016-10-26 12:10:00','2016-10-26 12:10:05',30,12,1),(13,1,1,0,'2016-10-26 14:01:13','2016-10-26 14:01:17',30,13,1),(14,1,1,0,'2016-10-26 14:09:05','2016-10-26 14:09:25',30,14,1),(15,1,1,0,'2016-10-26 16:04:42','2016-10-26 16:04:47',30,15,1),(16,1,1,0,'2016-10-26 16:45:37','2016-10-26 16:45:41',30,16,1);
/*!40000 ALTER TABLE `workflowprogress` ENABLE KEYS */;
UNLOCK TABLES;

--
-- Table structure for table `workflowprogresscategories`
--

DROP TABLE IF EXISTS `workflowprogresscategories`;
/*!40101 SET @saved_cs_client     = @@character_set_client */;
/*!40101 SET character_set_client = utf8 */;
CREATE TABLE `workflowprogresscategories` (
  `wpCategoryID` int(10) unsigned NOT NULL AUTO_INCREMENT,
  `wpCategoryHandle` varchar(255) COLLATE utf8_unicode_ci NOT NULL,
  `pkgID` int(10) unsigned DEFAULT NULL,
  PRIMARY KEY (`wpCategoryID`),
  UNIQUE KEY `wpCategoryHandle` (`wpCategoryHandle`),
  KEY `pkgID` (`pkgID`)
) ENGINE=InnoDB AUTO_INCREMENT=4 DEFAULT CHARSET=utf8 COLLATE=utf8_unicode_ci;
/*!40101 SET character_set_client = @saved_cs_client */;

--
-- Dumping data for table `workflowprogresscategories`
--

LOCK TABLES `workflowprogresscategories` WRITE;
/*!40000 ALTER TABLE `workflowprogresscategories` DISABLE KEYS */;
INSERT INTO `workflowprogresscategories` VALUES (1,'page',NULL),(2,'file',NULL),(3,'user',NULL);
/*!40000 ALTER TABLE `workflowprogresscategories` ENABLE KEYS */;
UNLOCK TABLES;

--
-- Table structure for table `workflowprogresshistory`
--

DROP TABLE IF EXISTS `workflowprogresshistory`;
/*!40101 SET @saved_cs_client     = @@character_set_client */;
/*!40101 SET character_set_client = utf8 */;
CREATE TABLE `workflowprogresshistory` (
  `wphID` int(10) unsigned NOT NULL AUTO_INCREMENT,
  `wpID` int(10) unsigned NOT NULL DEFAULT '0',
  `timestamp` timestamp NOT NULL DEFAULT CURRENT_TIMESTAMP,
  `object` text COLLATE utf8_unicode_ci,
  PRIMARY KEY (`wphID`),
  KEY `wpID` (`wpID`,`timestamp`)
) ENGINE=InnoDB DEFAULT CHARSET=utf8 COLLATE=utf8_unicode_ci;
/*!40101 SET character_set_client = @saved_cs_client */;

--
-- Dumping data for table `workflowprogresshistory`
--

LOCK TABLES `workflowprogresshistory` WRITE;
/*!40000 ALTER TABLE `workflowprogresshistory` DISABLE KEYS */;
/*!40000 ALTER TABLE `workflowprogresshistory` ENABLE KEYS */;
UNLOCK TABLES;

--
-- Table structure for table `workflowrequestobjects`
--

DROP TABLE IF EXISTS `workflowrequestobjects`;
/*!40101 SET @saved_cs_client     = @@character_set_client */;
/*!40101 SET character_set_client = utf8 */;
CREATE TABLE `workflowrequestobjects` (
  `wrID` int(10) unsigned NOT NULL AUTO_INCREMENT,
  `wrObject` text COLLATE utf8_unicode_ci,
  PRIMARY KEY (`wrID`)
) ENGINE=InnoDB DEFAULT CHARSET=utf8 COLLATE=utf8_unicode_ci;
/*!40101 SET character_set_client = @saved_cs_client */;

--
-- Dumping data for table `workflowrequestobjects`
--

LOCK TABLES `workflowrequestobjects` WRITE;
/*!40000 ALTER TABLE `workflowrequestobjects` DISABLE KEYS */;
/*!40000 ALTER TABLE `workflowrequestobjects` ENABLE KEYS */;
UNLOCK TABLES;

--
-- Table structure for table `workflows`
--

DROP TABLE IF EXISTS `workflows`;
/*!40101 SET @saved_cs_client     = @@character_set_client */;
/*!40101 SET character_set_client = utf8 */;
CREATE TABLE `workflows` (
  `wfID` int(10) unsigned NOT NULL AUTO_INCREMENT,
  `wfName` varchar(255) COLLATE utf8_unicode_ci DEFAULT NULL,
  `wftID` int(10) unsigned NOT NULL DEFAULT '0',
  PRIMARY KEY (`wfID`),
  UNIQUE KEY `wfName` (`wfName`),
  KEY `wftID` (`wftID`,`wfID`)
) ENGINE=InnoDB AUTO_INCREMENT=2 DEFAULT CHARSET=utf8 COLLATE=utf8_unicode_ci;
/*!40101 SET character_set_client = @saved_cs_client */;

--
-- Dumping data for table `workflows`
--

LOCK TABLES `workflows` WRITE;
/*!40000 ALTER TABLE `workflows` DISABLE KEYS */;
INSERT INTO `workflows` VALUES (1,'Page Approvals',1);
/*!40000 ALTER TABLE `workflows` ENABLE KEYS */;
UNLOCK TABLES;

--
-- Table structure for table `workflowtypes`
--

DROP TABLE IF EXISTS `workflowtypes`;
/*!40101 SET @saved_cs_client     = @@character_set_client */;
/*!40101 SET character_set_client = utf8 */;
CREATE TABLE `workflowtypes` (
  `wftID` int(10) unsigned NOT NULL AUTO_INCREMENT,
  `wftHandle` varchar(64) COLLATE utf8_unicode_ci NOT NULL,
  `wftName` varchar(128) COLLATE utf8_unicode_ci NOT NULL,
  `pkgID` int(10) unsigned NOT NULL DEFAULT '0',
  PRIMARY KEY (`wftID`),
  UNIQUE KEY `wftHandle` (`wftHandle`),
  KEY `pkgID` (`pkgID`)
) ENGINE=InnoDB AUTO_INCREMENT=2 DEFAULT CHARSET=utf8 COLLATE=utf8_unicode_ci;
/*!40101 SET character_set_client = @saved_cs_client */;

--
-- Dumping data for table `workflowtypes`
--

LOCK TABLES `workflowtypes` WRITE;
/*!40000 ALTER TABLE `workflowtypes` DISABLE KEYS */;
INSERT INTO `workflowtypes` VALUES (1,'basic','Basic Workflow',0);
/*!40000 ALTER TABLE `workflowtypes` ENABLE KEYS */;
UNLOCK TABLES;
/*!40103 SET TIME_ZONE=@OLD_TIME_ZONE */;

/*!40101 SET SQL_MODE=@OLD_SQL_MODE */;
/*!40014 SET FOREIGN_KEY_CHECKS=@OLD_FOREIGN_KEY_CHECKS */;
/*!40014 SET UNIQUE_CHECKS=@OLD_UNIQUE_CHECKS */;
/*!40101 SET CHARACTER_SET_CLIENT=@OLD_CHARACTER_SET_CLIENT */;
/*!40101 SET CHARACTER_SET_RESULTS=@OLD_CHARACTER_SET_RESULTS */;
/*!40101 SET COLLATION_CONNECTION=@OLD_COLLATION_CONNECTION */;
/*!40111 SET SQL_NOTES=@OLD_SQL_NOTES */;

-- Dump completed on 2019-03-04 12:06:01
INSERT INTO configoverrides VALUES ('','concrete','seo.tracking.piwik.siteid','1','string') ON DUPLICATE KEY UPDATE configValue='1',valueType='string';
INSERT INTO configoverrides VALUES ('','concrete','seo.tracking.piwik.siteid','1','string') ON DUPLICATE KEY UPDATE configValue='1',valueType='string';
